date_key,date,calendar_year,calendar_month,calendar_month_name,calendar_day,calendar_quarter,day_of_week,day_of_week_name,iso_year,iso_week_number,month_start_date,month_end_date,is_month_end,is_business_day,day_of_year,is_leap_year,month_year,quarter_year
20130101,2013-01-01,2013,1,January,1,1,1,Tuesday,2013,1,2013-01-01,2013-01-31,False,True,1,False,Jan 2013,Q1 2013
20130102,2013-01-02,2013,1,January,2,1,2,Wednesday,2013,1,2013-01-01,2013-01-31,False,True,2,False,Jan 2013,Q1 2013
20130103,2013-01-03,2013,1,January,3,1,3,Thursday,2013,1,2013-01-01,2013-01-31,False,True,3,False,Jan 2013,Q1 2013
20130104,2013-01-04,2013,1,January,4,1,4,Friday,2013,1,2013-01-01,2013-01-31,False,True,4,False,Jan 2013,Q1 2013
20130105,2013-01-05,2013,1,January,5,1,5,Saturday,2013,1,2013-01-01,2013-01-31,False,False,5,False,Jan 2013,Q1 2013
20130106,2013-01-06,2013,1,January,6,1,6,Sunday,2013,1,2013-01-01,2013-01-31,False,False,6,False,Jan 2013,Q1 2013
20130107,2013-01-07,2013,1,January,7,1,0,Monday,2013,2,2013-01-01,2013-01-31,False,True,7,False,Jan 2013,Q1 2013
20130108,2013-01-08,2013,1,January,8,1,1,Tuesday,2013,2,2013-01-01,2013-01-31,False,True,8,False,Jan 2013,Q1 2013
20130109,2013-01-09,2013,1,January,9,1,2,Wednesday,2013,2,2013-01-01,2013-01-31,False,True,9,False,Jan 2013,Q1 2013
20130110,2013-01-10,2013,1,January,10,1,3,Thursday,2013,2,2013-01-01,2013-01-31,False,True,10,False,Jan 2013,Q1 2013
20130111,2013-01-11,2013,1,January,11,1,4,Friday,2013,2,2013-01-01,2013-01-31,False,True,11,False,Jan 2013,Q1 2013
20130112,2013-01-12,2013,1,January,12,1,5,Saturday,2013,2,2013-01-01,2013-01-31,False,False,12,False,Jan 2013,Q1 2013
20130113,2013-01-13,2013,1,January,13,1,6,Sunday,2013,2,2013-01-01,2013-01-31,False,False,13,False,Jan 2013,Q1 2013
20130114,2013-01-14,2013,1,January,14,1,0,Monday,2013,3,2013-01-01,2013-01-31,False,True,14,False,Jan 2013,Q1 2013
20130115,2013-01-15,2013,1,January,15,1,1,Tuesday,2013,3,2013-01-01,2013-01-31,False,True,15,False,Jan 2013,Q1 2013
20130116,2013-01-16,2013,1,January,16,1,2,Wednesday,2013,3,2013-01-01,2013-01-31,False,True,16,False,Jan 2013,Q1 2013
20130117,2013-01-17,2013,1,January,17,1,3,Thursday,2013,3,2013-01-01,2013-01-31,False,True,17,False,Jan 2013,Q1 2013
20130118,2013-01-18,2013,1,January,18,1,4,Friday,2013,3,2013-01-01,2013-01-31,False,True,18,False,Jan 2013,Q1 2013
20130119,2013-01-19,2013,1,January,19,1,5,Saturday,2013,3,2013-01-01,2013-01-31,False,False,19,False,Jan 2013,Q1 2013
20130120,2013-01-20,2013,1,January,20,1,6,Sunday,2013,3,2013-01-01,2013-01-31,False,False,20,False,Jan 2013,Q1 2013
20130121,2013-01-21,2013,1,January,21,1,0,Monday,2013,4,2013-01-01,2013-01-31,False,True,21,False,Jan 2013,Q1 2013
20130122,2013-01-22,2013,1,January,22,1,1,Tuesday,2013,4,2013-01-01,2013-01-31,False,True,22,False,Jan 2013,Q1 2013
20130123,2013-01-23,2013,1,January,23,1,2,Wednesday,2013,4,2013-01-01,2013-01-31,False,True,23,False,Jan 2013,Q1 2013
20130124,2013-01-24,2013,1,January,24,1,3,Thursday,2013,4,2013-01-01,2013-01-31,False,True,24,False,Jan 2013,Q1 2013
20130125,2013-01-25,2013,1,January,25,1,4,Friday,2013,4,2013-01-01,2013-01-31,False,True,25,False,Jan 2013,Q1 2013
20130126,2013-01-26,2013,1,January,26,1,5,Saturday,2013,4,2013-01-01,2013-01-31,False,False,26,False,Jan 2013,Q1 2013
20130127,2013-01-27,2013,1,January,27,1,6,Sunday,2013,4,2013-01-01,2013-01-31,False,False,27,False,Jan 2013,Q1 2013
20130128,2013-01-28,2013,1,January,28,1,0,Monday,2013,5,2013-01-01,2013-01-31,False,True,28,False,Jan 2013,Q1 2013
20130129,2013-01-29,2013,1,January,29,1,1,Tuesday,2013,5,2013-01-01,2013-01-31,False,True,29,False,Jan 2013,Q1 2013
20130130,2013-01-30,2013,1,January,30,1,2,Wednesday,2013,5,2013-01-01,2013-01-31,False,True,30,False,Jan 2013,Q1 2013
20130131,2013-01-31,2013,1,January,31,1,3,Thursday,2013,5,2013-01-01,2013-01-31,True,True,31,False,Jan 2013,Q1 2013
20130201,2013-02-01,2013,2,February,1,1,4,Friday,2013,5,2013-02-01,2013-02-28,False,True,32,False,Feb 2013,Q1 2013
20130202,2013-02-02,2013,2,February,2,1,5,Saturday,2013,5,2013-02-01,2013-02-28,False,False,33,False,Feb 2013,Q1 2013
20130203,2013-02-03,2013,2,February,3,1,6,Sunday,2013,5,2013-02-01,2013-02-28,False,False,34,False,Feb 2013,Q1 2013
20130204,2013-02-04,2013,2,February,4,1,0,Monday,2013,6,2013-02-01,2013-02-28,False,True,35,False,Feb 2013,Q1 2013
20130205,2013-02-05,2013,2,February,5,1,1,Tuesday,2013,6,2013-02-01,2013-02-28,False,True,36,False,Feb 2013,Q1 2013
20130206,2013-02-06,2013,2,February,6,1,2,Wednesday,2013,6,2013-02-01,2013-02-28,False,True,37,False,Feb 2013,Q1 2013
20130207,2013-02-07,2013,2,February,7,1,3,Thursday,2013,6,2013-02-01,2013-02-28,False,True,38,False,Feb 2013,Q1 2013
20130208,2013-02-08,2013,2,February,8,1,4,Friday,2013,6,2013-02-01,2013-02-28,False,True,39,False,Feb 2013,Q1 2013
20130209,2013-02-09,2013,2,February,9,1,5,Saturday,2013,6,2013-02-01,2013-02-28,False,False,40,False,Feb 2013,Q1 2013
20130210,2013-02-10,2013,2,February,10,1,6,Sunday,2013,6,2013-02-01,2013-02-28,False,False,41,False,Feb 2013,Q1 2013
20130211,2013-02-11,2013,2,February,11,1,0,Monday,2013,7,2013-02-01,2013-02-28,False,True,42,False,Feb 2013,Q1 2013
20130212,2013-02-12,2013,2,February,12,1,1,Tuesday,2013,7,2013-02-01,2013-02-28,False,True,43,False,Feb 2013,Q1 2013
20130213,2013-02-13,2013,2,February,13,1,2,Wednesday,2013,7,2013-02-01,2013-02-28,False,True,44,False,Feb 2013,Q1 2013
20130214,2013-02-14,2013,2,February,14,1,3,Thursday,2013,7,2013-02-01,2013-02-28,False,True,45,False,Feb 2013,Q1 2013
20130215,2013-02-15,2013,2,February,15,1,4,Friday,2013,7,2013-02-01,2013-02-28,False,True,46,False,Feb 2013,Q1 2013
20130216,2013-02-16,2013,2,February,16,1,5,Saturday,2013,7,2013-02-01,2013-02-28,False,False,47,False,Feb 2013,Q1 2013
20130217,2013-02-17,2013,2,February,17,1,6,Sunday,2013,7,2013-02-01,2013-02-28,False,False,48,False,Feb 2013,Q1 2013
20130218,2013-02-18,2013,2,February,18,1,0,Monday,2013,8,2013-02-01,2013-02-28,False,True,49,False,Feb 2013,Q1 2013
20130219,2013-02-19,2013,2,February,19,1,1,Tuesday,2013,8,2013-02-01,2013-02-28,False,True,50,False,Feb 2013,Q1 2013
20130220,2013-02-20,2013,2,February,20,1,2,Wednesday,2013,8,2013-02-01,2013-02-28,False,True,51,False,Feb 2013,Q1 2013
20130221,2013-02-21,2013,2,February,21,1,3,Thursday,2013,8,2013-02-01,2013-02-28,False,True,52,False,Feb 2013,Q1 2013
20130222,2013-02-22,2013,2,February,22,1,4,Friday,2013,8,2013-02-01,2013-02-28,False,True,53,False,Feb 2013,Q1 2013
20130223,2013-02-23,2013,2,February,23,1,5,Saturday,2013,8,2013-02-01,2013-02-28,False,False,54,False,Feb 2013,Q1 2013
20130224,2013-02-24,2013,2,February,24,1,6,Sunday,2013,8,2013-02-01,2013-02-28,False,False,55,False,Feb 2013,Q1 2013
20130225,2013-02-25,2013,2,February,25,1,0,Monday,2013,9,2013-02-01,2013-02-28,False,True,56,False,Feb 2013,Q1 2013
20130226,2013-02-26,2013,2,February,26,1,1,Tuesday,2013,9,2013-02-01,2013-02-28,False,True,57,False,Feb 2013,Q1 2013
20130227,2013-02-27,2013,2,February,27,1,2,Wednesday,2013,9,2013-02-01,2013-02-28,False,True,58,False,Feb 2013,Q1 2013
20130228,2013-02-28,2013,2,February,28,1,3,Thursday,2013,9,2013-02-01,2013-02-28,True,True,59,False,Feb 2013,Q1 2013
20130301,2013-03-01,2013,3,March,1,1,4,Friday,2013,9,2013-03-01,2013-03-31,False,True,60,False,Mar 2013,Q1 2013
20130302,2013-03-02,2013,3,March,2,1,5,Saturday,2013,9,2013-03-01,2013-03-31,False,False,61,False,Mar 2013,Q1 2013
20130303,2013-03-03,2013,3,March,3,1,6,Sunday,2013,9,2013-03-01,2013-03-31,False,False,62,False,Mar 2013,Q1 2013
20130304,2013-03-04,2013,3,March,4,1,0,Monday,2013,10,2013-03-01,2013-03-31,False,True,63,False,Mar 2013,Q1 2013
20130305,2013-03-05,2013,3,March,5,1,1,Tuesday,2013,10,2013-03-01,2013-03-31,False,True,64,False,Mar 2013,Q1 2013
20130306,2013-03-06,2013,3,March,6,1,2,Wednesday,2013,10,2013-03-01,2013-03-31,False,True,65,False,Mar 2013,Q1 2013
20130307,2013-03-07,2013,3,March,7,1,3,Thursday,2013,10,2013-03-01,2013-03-31,False,True,66,False,Mar 2013,Q1 2013
20130308,2013-03-08,2013,3,March,8,1,4,Friday,2013,10,2013-03-01,2013-03-31,False,True,67,False,Mar 2013,Q1 2013
20130309,2013-03-09,2013,3,March,9,1,5,Saturday,2013,10,2013-03-01,2013-03-31,False,False,68,False,Mar 2013,Q1 2013
20130310,2013-03-10,2013,3,March,10,1,6,Sunday,2013,10,2013-03-01,2013-03-31,False,False,69,False,Mar 2013,Q1 2013
20130311,2013-03-11,2013,3,March,11,1,0,Monday,2013,11,2013-03-01,2013-03-31,False,True,70,False,Mar 2013,Q1 2013
20130312,2013-03-12,2013,3,March,12,1,1,Tuesday,2013,11,2013-03-01,2013-03-31,False,True,71,False,Mar 2013,Q1 2013
20130313,2013-03-13,2013,3,March,13,1,2,Wednesday,2013,11,2013-03-01,2013-03-31,False,True,72,False,Mar 2013,Q1 2013
20130314,2013-03-14,2013,3,March,14,1,3,Thursday,2013,11,2013-03-01,2013-03-31,False,True,73,False,Mar 2013,Q1 2013
20130315,2013-03-15,2013,3,March,15,1,4,Friday,2013,11,2013-03-01,2013-03-31,False,True,74,False,Mar 2013,Q1 2013
20130316,2013-03-16,2013,3,March,16,1,5,Saturday,2013,11,2013-03-01,2013-03-31,False,False,75,False,Mar 2013,Q1 2013
20130317,2013-03-17,2013,3,March,17,1,6,Sunday,2013,11,2013-03-01,2013-03-31,False,False,76,False,Mar 2013,Q1 2013
20130318,2013-03-18,2013,3,March,18,1,0,Monday,2013,12,2013-03-01,2013-03-31,False,True,77,False,Mar 2013,Q1 2013
20130319,2013-03-19,2013,3,March,19,1,1,Tuesday,2013,12,2013-03-01,2013-03-31,False,True,78,False,Mar 2013,Q1 2013
20130320,2013-03-20,2013,3,March,20,1,2,Wednesday,2013,12,2013-03-01,2013-03-31,False,True,79,False,Mar 2013,Q1 2013
20130321,2013-03-21,2013,3,March,21,1,3,Thursday,2013,12,2013-03-01,2013-03-31,False,True,80,False,Mar 2013,Q1 2013
20130322,2013-03-22,2013,3,March,22,1,4,Friday,2013,12,2013-03-01,2013-03-31,False,True,81,False,Mar 2013,Q1 2013
20130323,2013-03-23,2013,3,March,23,1,5,Saturday,2013,12,2013-03-01,2013-03-31,False,False,82,False,Mar 2013,Q1 2013
20130324,2013-03-24,2013,3,March,24,1,6,Sunday,2013,12,2013-03-01,2013-03-31,False,False,83,False,Mar 2013,Q1 2013
20130325,2013-03-25,2013,3,March,25,1,0,Monday,2013,13,2013-03-01,2013-03-31,False,True,84,False,Mar 2013,Q1 2013
20130326,2013-03-26,2013,3,March,26,1,1,Tuesday,2013,13,2013-03-01,2013-03-31,False,True,85,False,Mar 2013,Q1 2013
20130327,2013-03-27,2013,3,March,27,1,2,Wednesday,2013,13,2013-03-01,2013-03-31,False,True,86,False,Mar 2013,Q1 2013
20130328,2013-03-28,2013,3,March,28,1,3,Thursday,2013,13,2013-03-01,2013-03-31,False,True,87,False,Mar 2013,Q1 2013
20130329,2013-03-29,2013,3,March,29,1,4,Friday,2013,13,2013-03-01,2013-03-31,False,True,88,False,Mar 2013,Q1 2013
20130330,2013-03-30,2013,3,March,30,1,5,Saturday,2013,13,2013-03-01,2013-03-31,False,False,89,False,Mar 2013,Q1 2013
20130331,2013-03-31,2013,3,March,31,1,6,Sunday,2013,13,2013-03-01,2013-03-31,True,False,90,False,Mar 2013,Q1 2013
20130401,2013-04-01,2013,4,April,1,2,0,Monday,2013,14,2013-04-01,2013-04-30,False,True,91,False,Apr 2013,Q2 2013
20130402,2013-04-02,2013,4,April,2,2,1,Tuesday,2013,14,2013-04-01,2013-04-30,False,True,92,False,Apr 2013,Q2 2013
20130403,2013-04-03,2013,4,April,3,2,2,Wednesday,2013,14,2013-04-01,2013-04-30,False,True,93,False,Apr 2013,Q2 2013
20130404,2013-04-04,2013,4,April,4,2,3,Thursday,2013,14,2013-04-01,2013-04-30,False,True,94,False,Apr 2013,Q2 2013
20130405,2013-04-05,2013,4,April,5,2,4,Friday,2013,14,2013-04-01,2013-04-30,False,True,95,False,Apr 2013,Q2 2013
20130406,2013-04-06,2013,4,April,6,2,5,Saturday,2013,14,2013-04-01,2013-04-30,False,False,96,False,Apr 2013,Q2 2013
20130407,2013-04-07,2013,4,April,7,2,6,Sunday,2013,14,2013-04-01,2013-04-30,False,False,97,False,Apr 2013,Q2 2013
20130408,2013-04-08,2013,4,April,8,2,0,Monday,2013,15,2013-04-01,2013-04-30,False,True,98,False,Apr 2013,Q2 2013
20130409,2013-04-09,2013,4,April,9,2,1,Tuesday,2013,15,2013-04-01,2013-04-30,False,True,99,False,Apr 2013,Q2 2013
20130410,2013-04-10,2013,4,April,10,2,2,Wednesday,2013,15,2013-04-01,2013-04-30,False,True,100,False,Apr 2013,Q2 2013
20130411,2013-04-11,2013,4,April,11,2,3,Thursday,2013,15,2013-04-01,2013-04-30,False,True,101,False,Apr 2013,Q2 2013
20130412,2013-04-12,2013,4,April,12,2,4,Friday,2013,15,2013-04-01,2013-04-30,False,True,102,False,Apr 2013,Q2 2013
20130413,2013-04-13,2013,4,April,13,2,5,Saturday,2013,15,2013-04-01,2013-04-30,False,False,103,False,Apr 2013,Q2 2013
20130414,2013-04-14,2013,4,April,14,2,6,Sunday,2013,15,2013-04-01,2013-04-30,False,False,104,False,Apr 2013,Q2 2013
20130415,2013-04-15,2013,4,April,15,2,0,Monday,2013,16,2013-04-01,2013-04-30,False,True,105,False,Apr 2013,Q2 2013
20130416,2013-04-16,2013,4,April,16,2,1,Tuesday,2013,16,2013-04-01,2013-04-30,False,True,106,False,Apr 2013,Q2 2013
20130417,2013-04-17,2013,4,April,17,2,2,Wednesday,2013,16,2013-04-01,2013-04-30,False,True,107,False,Apr 2013,Q2 2013
20130418,2013-04-18,2013,4,April,18,2,3,Thursday,2013,16,2013-04-01,2013-04-30,False,True,108,False,Apr 2013,Q2 2013
20130419,2013-04-19,2013,4,April,19,2,4,Friday,2013,16,2013-04-01,2013-04-30,False,True,109,False,Apr 2013,Q2 2013
20130420,2013-04-20,2013,4,April,20,2,5,Saturday,2013,16,2013-04-01,2013-04-30,False,False,110,False,Apr 2013,Q2 2013
20130421,2013-04-21,2013,4,April,21,2,6,Sunday,2013,16,2013-04-01,2013-04-30,False,False,111,False,Apr 2013,Q2 2013
20130422,2013-04-22,2013,4,April,22,2,0,Monday,2013,17,2013-04-01,2013-04-30,False,True,112,False,Apr 2013,Q2 2013
20130423,2013-04-23,2013,4,April,23,2,1,Tuesday,2013,17,2013-04-01,2013-04-30,False,True,113,False,Apr 2013,Q2 2013
20130424,2013-04-24,2013,4,April,24,2,2,Wednesday,2013,17,2013-04-01,2013-04-30,False,True,114,False,Apr 2013,Q2 2013
20130425,2013-04-25,2013,4,April,25,2,3,Thursday,2013,17,2013-04-01,2013-04-30,False,True,115,False,Apr 2013,Q2 2013
20130426,2013-04-26,2013,4,April,26,2,4,Friday,2013,17,2013-04-01,2013-04-30,False,True,116,False,Apr 2013,Q2 2013
20130427,2013-04-27,2013,4,April,27,2,5,Saturday,2013,17,2013-04-01,2013-04-30,False,False,117,False,Apr 2013,Q2 2013
20130428,2013-04-28,2013,4,April,28,2,6,Sunday,2013,17,2013-04-01,2013-04-30,False,False,118,False,Apr 2013,Q2 2013
20130429,2013-04-29,2013,4,April,29,2,0,Monday,2013,18,2013-04-01,2013-04-30,False,True,119,False,Apr 2013,Q2 2013
20130430,2013-04-30,2013,4,April,30,2,1,Tuesday,2013,18,2013-04-01,2013-04-30,True,True,120,False,Apr 2013,Q2 2013
20130501,2013-05-01,2013,5,May,1,2,2,Wednesday,2013,18,2013-05-01,2013-05-31,False,True,121,False,May 2013,Q2 2013
20130502,2013-05-02,2013,5,May,2,2,3,Thursday,2013,18,2013-05-01,2013-05-31,False,True,122,False,May 2013,Q2 2013
20130503,2013-05-03,2013,5,May,3,2,4,Friday,2013,18,2013-05-01,2013-05-31,False,True,123,False,May 2013,Q2 2013
20130504,2013-05-04,2013,5,May,4,2,5,Saturday,2013,18,2013-05-01,2013-05-31,False,False,124,False,May 2013,Q2 2013
20130505,2013-05-05,2013,5,May,5,2,6,Sunday,2013,18,2013-05-01,2013-05-31,False,False,125,False,May 2013,Q2 2013
20130506,2013-05-06,2013,5,May,6,2,0,Monday,2013,19,2013-05-01,2013-05-31,False,True,126,False,May 2013,Q2 2013
20130507,2013-05-07,2013,5,May,7,2,1,Tuesday,2013,19,2013-05-01,2013-05-31,False,True,127,False,May 2013,Q2 2013
20130508,2013-05-08,2013,5,May,8,2,2,Wednesday,2013,19,2013-05-01,2013-05-31,False,True,128,False,May 2013,Q2 2013
20130509,2013-05-09,2013,5,May,9,2,3,Thursday,2013,19,2013-05-01,2013-05-31,False,True,129,False,May 2013,Q2 2013
20130510,2013-05-10,2013,5,May,10,2,4,Friday,2013,19,2013-05-01,2013-05-31,False,True,130,False,May 2013,Q2 2013
20130511,2013-05-11,2013,5,May,11,2,5,Saturday,2013,19,2013-05-01,2013-05-31,False,False,131,False,May 2013,Q2 2013
20130512,2013-05-12,2013,5,May,12,2,6,Sunday,2013,19,2013-05-01,2013-05-31,False,False,132,False,May 2013,Q2 2013
20130513,2013-05-13,2013,5,May,13,2,0,Monday,2013,20,2013-05-01,2013-05-31,False,True,133,False,May 2013,Q2 2013
20130514,2013-05-14,2013,5,May,14,2,1,Tuesday,2013,20,2013-05-01,2013-05-31,False,True,134,False,May 2013,Q2 2013
20130515,2013-05-15,2013,5,May,15,2,2,Wednesday,2013,20,2013-05-01,2013-05-31,False,True,135,False,May 2013,Q2 2013
20130516,2013-05-16,2013,5,May,16,2,3,Thursday,2013,20,2013-05-01,2013-05-31,False,True,136,False,May 2013,Q2 2013
20130517,2013-05-17,2013,5,May,17,2,4,Friday,2013,20,2013-05-01,2013-05-31,False,True,137,False,May 2013,Q2 2013
20130518,2013-05-18,2013,5,May,18,2,5,Saturday,2013,20,2013-05-01,2013-05-31,False,False,138,False,May 2013,Q2 2013
20130519,2013-05-19,2013,5,May,19,2,6,Sunday,2013,20,2013-05-01,2013-05-31,False,False,139,False,May 2013,Q2 2013
20130520,2013-05-20,2013,5,May,20,2,0,Monday,2013,21,2013-05-01,2013-05-31,False,True,140,False,May 2013,Q2 2013
20130521,2013-05-21,2013,5,May,21,2,1,Tuesday,2013,21,2013-05-01,2013-05-31,False,True,141,False,May 2013,Q2 2013
20130522,2013-05-22,2013,5,May,22,2,2,Wednesday,2013,21,2013-05-01,2013-05-31,False,True,142,False,May 2013,Q2 2013
20130523,2013-05-23,2013,5,May,23,2,3,Thursday,2013,21,2013-05-01,2013-05-31,False,True,143,False,May 2013,Q2 2013
20130524,2013-05-24,2013,5,May,24,2,4,Friday,2013,21,2013-05-01,2013-05-31,False,True,144,False,May 2013,Q2 2013
20130525,2013-05-25,2013,5,May,25,2,5,Saturday,2013,21,2013-05-01,2013-05-31,False,False,145,False,May 2013,Q2 2013
20130526,2013-05-26,2013,5,May,26,2,6,Sunday,2013,21,2013-05-01,2013-05-31,False,False,146,False,May 2013,Q2 2013
20130527,2013-05-27,2013,5,May,27,2,0,Monday,2013,22,2013-05-01,2013-05-31,False,True,147,False,May 2013,Q2 2013
20130528,2013-05-28,2013,5,May,28,2,1,Tuesday,2013,22,2013-05-01,2013-05-31,False,True,148,False,May 2013,Q2 2013
20130529,2013-05-29,2013,5,May,29,2,2,Wednesday,2013,22,2013-05-01,2013-05-31,False,True,149,False,May 2013,Q2 2013
20130530,2013-05-30,2013,5,May,30,2,3,Thursday,2013,22,2013-05-01,2013-05-31,False,True,150,False,May 2013,Q2 2013
20130531,2013-05-31,2013,5,May,31,2,4,Friday,2013,22,2013-05-01,2013-05-31,True,True,151,False,May 2013,Q2 2013
20130601,2013-06-01,2013,6,June,1,2,5,Saturday,2013,22,2013-06-01,2013-06-30,False,False,152,False,Jun 2013,Q2 2013
20130602,2013-06-02,2013,6,June,2,2,6,Sunday,2013,22,2013-06-01,2013-06-30,False,False,153,False,Jun 2013,Q2 2013
20130603,2013-06-03,2013,6,June,3,2,0,Monday,2013,23,2013-06-01,2013-06-30,False,True,154,False,Jun 2013,Q2 2013
20130604,2013-06-04,2013,6,June,4,2,1,Tuesday,2013,23,2013-06-01,2013-06-30,False,True,155,False,Jun 2013,Q2 2013
20130605,2013-06-05,2013,6,June,5,2,2,Wednesday,2013,23,2013-06-01,2013-06-30,False,True,156,False,Jun 2013,Q2 2013
20130606,2013-06-06,2013,6,June,6,2,3,Thursday,2013,23,2013-06-01,2013-06-30,False,True,157,False,Jun 2013,Q2 2013
20130607,2013-06-07,2013,6,June,7,2,4,Friday,2013,23,2013-06-01,2013-06-30,False,True,158,False,Jun 2013,Q2 2013
20130608,2013-06-08,2013,6,June,8,2,5,Saturday,2013,23,2013-06-01,2013-06-30,False,False,159,False,Jun 2013,Q2 2013
20130609,2013-06-09,2013,6,June,9,2,6,Sunday,2013,23,2013-06-01,2013-06-30,False,False,160,False,Jun 2013,Q2 2013
20130610,2013-06-10,2013,6,June,10,2,0,Monday,2013,24,2013-06-01,2013-06-30,False,True,161,False,Jun 2013,Q2 2013
20130611,2013-06-11,2013,6,June,11,2,1,Tuesday,2013,24,2013-06-01,2013-06-30,False,True,162,False,Jun 2013,Q2 2013
20130612,2013-06-12,2013,6,June,12,2,2,Wednesday,2013,24,2013-06-01,2013-06-30,False,True,163,False,Jun 2013,Q2 2013
20130613,2013-06-13,2013,6,June,13,2,3,Thursday,2013,24,2013-06-01,2013-06-30,False,True,164,False,Jun 2013,Q2 2013
20130614,2013-06-14,2013,6,June,14,2,4,Friday,2013,24,2013-06-01,2013-06-30,False,True,165,False,Jun 2013,Q2 2013
20130615,2013-06-15,2013,6,June,15,2,5,Saturday,2013,24,2013-06-01,2013-06-30,False,False,166,False,Jun 2013,Q2 2013
20130616,2013-06-16,2013,6,June,16,2,6,Sunday,2013,24,2013-06-01,2013-06-30,False,False,167,False,Jun 2013,Q2 2013
20130617,2013-06-17,2013,6,June,17,2,0,Monday,2013,25,2013-06-01,2013-06-30,False,True,168,False,Jun 2013,Q2 2013
20130618,2013-06-18,2013,6,June,18,2,1,Tuesday,2013,25,2013-06-01,2013-06-30,False,True,169,False,Jun 2013,Q2 2013
20130619,2013-06-19,2013,6,June,19,2,2,Wednesday,2013,25,2013-06-01,2013-06-30,False,True,170,False,Jun 2013,Q2 2013
20130620,2013-06-20,2013,6,June,20,2,3,Thursday,2013,25,2013-06-01,2013-06-30,False,True,171,False,Jun 2013,Q2 2013
20130621,2013-06-21,2013,6,June,21,2,4,Friday,2013,25,2013-06-01,2013-06-30,False,True,172,False,Jun 2013,Q2 2013
20130622,2013-06-22,2013,6,June,22,2,5,Saturday,2013,25,2013-06-01,2013-06-30,False,False,173,False,Jun 2013,Q2 2013
20130623,2013-06-23,2013,6,June,23,2,6,Sunday,2013,25,2013-06-01,2013-06-30,False,False,174,False,Jun 2013,Q2 2013
20130624,2013-06-24,2013,6,June,24,2,0,Monday,2013,26,2013-06-01,2013-06-30,False,True,175,False,Jun 2013,Q2 2013
20130625,2013-06-25,2013,6,June,25,2,1,Tuesday,2013,26,2013-06-01,2013-06-30,False,True,176,False,Jun 2013,Q2 2013
20130626,2013-06-26,2013,6,June,26,2,2,Wednesday,2013,26,2013-06-01,2013-06-30,False,True,177,False,Jun 2013,Q2 2013
20130627,2013-06-27,2013,6,June,27,2,3,Thursday,2013,26,2013-06-01,2013-06-30,False,True,178,False,Jun 2013,Q2 2013
20130628,2013-06-28,2013,6,June,28,2,4,Friday,2013,26,2013-06-01,2013-06-30,False,True,179,False,Jun 2013,Q2 2013
20130629,2013-06-29,2013,6,June,29,2,5,Saturday,2013,26,2013-06-01,2013-06-30,False,False,180,False,Jun 2013,Q2 2013
20130630,2013-06-30,2013,6,June,30,2,6,Sunday,2013,26,2013-06-01,2013-06-30,True,False,181,False,Jun 2013,Q2 2013
20130701,2013-07-01,2013,7,July,1,3,0,Monday,2013,27,2013-07-01,2013-07-31,False,True,182,False,Jul 2013,Q3 2013
20130702,2013-07-02,2013,7,July,2,3,1,Tuesday,2013,27,2013-07-01,2013-07-31,False,True,183,False,Jul 2013,Q3 2013
20130703,2013-07-03,2013,7,July,3,3,2,Wednesday,2013,27,2013-07-01,2013-07-31,False,True,184,False,Jul 2013,Q3 2013
20130704,2013-07-04,2013,7,July,4,3,3,Thursday,2013,27,2013-07-01,2013-07-31,False,True,185,False,Jul 2013,Q3 2013
20130705,2013-07-05,2013,7,July,5,3,4,Friday,2013,27,2013-07-01,2013-07-31,False,True,186,False,Jul 2013,Q3 2013
20130706,2013-07-06,2013,7,July,6,3,5,Saturday,2013,27,2013-07-01,2013-07-31,False,False,187,False,Jul 2013,Q3 2013
20130707,2013-07-07,2013,7,July,7,3,6,Sunday,2013,27,2013-07-01,2013-07-31,False,False,188,False,Jul 2013,Q3 2013
20130708,2013-07-08,2013,7,July,8,3,0,Monday,2013,28,2013-07-01,2013-07-31,False,True,189,False,Jul 2013,Q3 2013
20130709,2013-07-09,2013,7,July,9,3,1,Tuesday,2013,28,2013-07-01,2013-07-31,False,True,190,False,Jul 2013,Q3 2013
20130710,2013-07-10,2013,7,July,10,3,2,Wednesday,2013,28,2013-07-01,2013-07-31,False,True,191,False,Jul 2013,Q3 2013
20130711,2013-07-11,2013,7,July,11,3,3,Thursday,2013,28,2013-07-01,2013-07-31,False,True,192,False,Jul 2013,Q3 2013
20130712,2013-07-12,2013,7,July,12,3,4,Friday,2013,28,2013-07-01,2013-07-31,False,True,193,False,Jul 2013,Q3 2013
20130713,2013-07-13,2013,7,July,13,3,5,Saturday,2013,28,2013-07-01,2013-07-31,False,False,194,False,Jul 2013,Q3 2013
20130714,2013-07-14,2013,7,July,14,3,6,Sunday,2013,28,2013-07-01,2013-07-31,False,False,195,False,Jul 2013,Q3 2013
20130715,2013-07-15,2013,7,July,15,3,0,Monday,2013,29,2013-07-01,2013-07-31,False,True,196,False,Jul 2013,Q3 2013
20130716,2013-07-16,2013,7,July,16,3,1,Tuesday,2013,29,2013-07-01,2013-07-31,False,True,197,False,Jul 2013,Q3 2013
20130717,2013-07-17,2013,7,July,17,3,2,Wednesday,2013,29,2013-07-01,2013-07-31,False,True,198,False,Jul 2013,Q3 2013
20130718,2013-07-18,2013,7,July,18,3,3,Thursday,2013,29,2013-07-01,2013-07-31,False,True,199,False,Jul 2013,Q3 2013
20130719,2013-07-19,2013,7,July,19,3,4,Friday,2013,29,2013-07-01,2013-07-31,False,True,200,False,Jul 2013,Q3 2013
20130720,2013-07-20,2013,7,July,20,3,5,Saturday,2013,29,2013-07-01,2013-07-31,False,False,201,False,Jul 2013,Q3 2013
20130721,2013-07-21,2013,7,July,21,3,6,Sunday,2013,29,2013-07-01,2013-07-31,False,False,202,False,Jul 2013,Q3 2013
20130722,2013-07-22,2013,7,July,22,3,0,Monday,2013,30,2013-07-01,2013-07-31,False,True,203,False,Jul 2013,Q3 2013
20130723,2013-07-23,2013,7,July,23,3,1,Tuesday,2013,30,2013-07-01,2013-07-31,False,True,204,False,Jul 2013,Q3 2013
20130724,2013-07-24,2013,7,July,24,3,2,Wednesday,2013,30,2013-07-01,2013-07-31,False,True,205,False,Jul 2013,Q3 2013
20130725,2013-07-25,2013,7,July,25,3,3,Thursday,2013,30,2013-07-01,2013-07-31,False,True,206,False,Jul 2013,Q3 2013
20130726,2013-07-26,2013,7,July,26,3,4,Friday,2013,30,2013-07-01,2013-07-31,False,True,207,False,Jul 2013,Q3 2013
20130727,2013-07-27,2013,7,July,27,3,5,Saturday,2013,30,2013-07-01,2013-07-31,False,False,208,False,Jul 2013,Q3 2013
20130728,2013-07-28,2013,7,July,28,3,6,Sunday,2013,30,2013-07-01,2013-07-31,False,False,209,False,Jul 2013,Q3 2013
20130729,2013-07-29,2013,7,July,29,3,0,Monday,2013,31,2013-07-01,2013-07-31,False,True,210,False,Jul 2013,Q3 2013
20130730,2013-07-30,2013,7,July,30,3,1,Tuesday,2013,31,2013-07-01,2013-07-31,False,True,211,False,Jul 2013,Q3 2013
20130731,2013-07-31,2013,7,July,31,3,2,Wednesday,2013,31,2013-07-01,2013-07-31,True,True,212,False,Jul 2013,Q3 2013
20130801,2013-08-01,2013,8,August,1,3,3,Thursday,2013,31,2013-08-01,2013-08-31,False,True,213,False,Aug 2013,Q3 2013
20130802,2013-08-02,2013,8,August,2,3,4,Friday,2013,31,2013-08-01,2013-08-31,False,True,214,False,Aug 2013,Q3 2013
20130803,2013-08-03,2013,8,August,3,3,5,Saturday,2013,31,2013-08-01,2013-08-31,False,False,215,False,Aug 2013,Q3 2013
20130804,2013-08-04,2013,8,August,4,3,6,Sunday,2013,31,2013-08-01,2013-08-31,False,False,216,False,Aug 2013,Q3 2013
20130805,2013-08-05,2013,8,August,5,3,0,Monday,2013,32,2013-08-01,2013-08-31,False,True,217,False,Aug 2013,Q3 2013
20130806,2013-08-06,2013,8,August,6,3,1,Tuesday,2013,32,2013-08-01,2013-08-31,False,True,218,False,Aug 2013,Q3 2013
20130807,2013-08-07,2013,8,August,7,3,2,Wednesday,2013,32,2013-08-01,2013-08-31,False,True,219,False,Aug 2013,Q3 2013
20130808,2013-08-08,2013,8,August,8,3,3,Thursday,2013,32,2013-08-01,2013-08-31,False,True,220,False,Aug 2013,Q3 2013
20130809,2013-08-09,2013,8,August,9,3,4,Friday,2013,32,2013-08-01,2013-08-31,False,True,221,False,Aug 2013,Q3 2013
20130810,2013-08-10,2013,8,August,10,3,5,Saturday,2013,32,2013-08-01,2013-08-31,False,False,222,False,Aug 2013,Q3 2013
20130811,2013-08-11,2013,8,August,11,3,6,Sunday,2013,32,2013-08-01,2013-08-31,False,False,223,False,Aug 2013,Q3 2013
20130812,2013-08-12,2013,8,August,12,3,0,Monday,2013,33,2013-08-01,2013-08-31,False,True,224,False,Aug 2013,Q3 2013
20130813,2013-08-13,2013,8,August,13,3,1,Tuesday,2013,33,2013-08-01,2013-08-31,False,True,225,False,Aug 2013,Q3 2013
20130814,2013-08-14,2013,8,August,14,3,2,Wednesday,2013,33,2013-08-01,2013-08-31,False,True,226,False,Aug 2013,Q3 2013
20130815,2013-08-15,2013,8,August,15,3,3,Thursday,2013,33,2013-08-01,2013-08-31,False,True,227,False,Aug 2013,Q3 2013
20130816,2013-08-16,2013,8,August,16,3,4,Friday,2013,33,2013-08-01,2013-08-31,False,True,228,False,Aug 2013,Q3 2013
20130817,2013-08-17,2013,8,August,17,3,5,Saturday,2013,33,2013-08-01,2013-08-31,False,False,229,False,Aug 2013,Q3 2013
20130818,2013-08-18,2013,8,August,18,3,6,Sunday,2013,33,2013-08-01,2013-08-31,False,False,230,False,Aug 2013,Q3 2013
20130819,2013-08-19,2013,8,August,19,3,0,Monday,2013,34,2013-08-01,2013-08-31,False,True,231,False,Aug 2013,Q3 2013
20130820,2013-08-20,2013,8,August,20,3,1,Tuesday,2013,34,2013-08-01,2013-08-31,False,True,232,False,Aug 2013,Q3 2013
20130821,2013-08-21,2013,8,August,21,3,2,Wednesday,2013,34,2013-08-01,2013-08-31,False,True,233,False,Aug 2013,Q3 2013
20130822,2013-08-22,2013,8,August,22,3,3,Thursday,2013,34,2013-08-01,2013-08-31,False,True,234,False,Aug 2013,Q3 2013
20130823,2013-08-23,2013,8,August,23,3,4,Friday,2013,34,2013-08-01,2013-08-31,False,True,235,False,Aug 2013,Q3 2013
20130824,2013-08-24,2013,8,August,24,3,5,Saturday,2013,34,2013-08-01,2013-08-31,False,False,236,False,Aug 2013,Q3 2013
20130825,2013-08-25,2013,8,August,25,3,6,Sunday,2013,34,2013-08-01,2013-08-31,False,False,237,False,Aug 2013,Q3 2013
20130826,2013-08-26,2013,8,August,26,3,0,Monday,2013,35,2013-08-01,2013-08-31,False,True,238,False,Aug 2013,Q3 2013
20130827,2013-08-27,2013,8,August,27,3,1,Tuesday,2013,35,2013-08-01,2013-08-31,False,True,239,False,Aug 2013,Q3 2013
20130828,2013-08-28,2013,8,August,28,3,2,Wednesday,2013,35,2013-08-01,2013-08-31,False,True,240,False,Aug 2013,Q3 2013
20130829,2013-08-29,2013,8,August,29,3,3,Thursday,2013,35,2013-08-01,2013-08-31,False,True,241,False,Aug 2013,Q3 2013
20130830,2013-08-30,2013,8,August,30,3,4,Friday,2013,35,2013-08-01,2013-08-31,False,True,242,False,Aug 2013,Q3 2013
20130831,2013-08-31,2013,8,August,31,3,5,Saturday,2013,35,2013-08-01,2013-08-31,True,False,243,False,Aug 2013,Q3 2013
20130901,2013-09-01,2013,9,September,1,3,6,Sunday,2013,35,2013-09-01,2013-09-30,False,False,244,False,Sep 2013,Q3 2013
20130902,2013-09-02,2013,9,September,2,3,0,Monday,2013,36,2013-09-01,2013-09-30,False,True,245,False,Sep 2013,Q3 2013
20130903,2013-09-03,2013,9,September,3,3,1,Tuesday,2013,36,2013-09-01,2013-09-30,False,True,246,False,Sep 2013,Q3 2013
20130904,2013-09-04,2013,9,September,4,3,2,Wednesday,2013,36,2013-09-01,2013-09-30,False,True,247,False,Sep 2013,Q3 2013
20130905,2013-09-05,2013,9,September,5,3,3,Thursday,2013,36,2013-09-01,2013-09-30,False,True,248,False,Sep 2013,Q3 2013
20130906,2013-09-06,2013,9,September,6,3,4,Friday,2013,36,2013-09-01,2013-09-30,False,True,249,False,Sep 2013,Q3 2013
20130907,2013-09-07,2013,9,September,7,3,5,Saturday,2013,36,2013-09-01,2013-09-30,False,False,250,False,Sep 2013,Q3 2013
20130908,2013-09-08,2013,9,September,8,3,6,Sunday,2013,36,2013-09-01,2013-09-30,False,False,251,False,Sep 2013,Q3 2013
20130909,2013-09-09,2013,9,September,9,3,0,Monday,2013,37,2013-09-01,2013-09-30,False,True,252,False,Sep 2013,Q3 2013
20130910,2013-09-10,2013,9,September,10,3,1,Tuesday,2013,37,2013-09-01,2013-09-30,False,True,253,False,Sep 2013,Q3 2013
20130911,2013-09-11,2013,9,September,11,3,2,Wednesday,2013,37,2013-09-01,2013-09-30,False,True,254,False,Sep 2013,Q3 2013
20130912,2013-09-12,2013,9,September,12,3,3,Thursday,2013,37,2013-09-01,2013-09-30,False,True,255,False,Sep 2013,Q3 2013
20130913,2013-09-13,2013,9,September,13,3,4,Friday,2013,37,2013-09-01,2013-09-30,False,True,256,False,Sep 2013,Q3 2013
20130914,2013-09-14,2013,9,September,14,3,5,Saturday,2013,37,2013-09-01,2013-09-30,False,False,257,False,Sep 2013,Q3 2013
20130915,2013-09-15,2013,9,September,15,3,6,Sunday,2013,37,2013-09-01,2013-09-30,False,False,258,False,Sep 2013,Q3 2013
20130916,2013-09-16,2013,9,September,16,3,0,Monday,2013,38,2013-09-01,2013-09-30,False,True,259,False,Sep 2013,Q3 2013
20130917,2013-09-17,2013,9,September,17,3,1,Tuesday,2013,38,2013-09-01,2013-09-30,False,True,260,False,Sep 2013,Q3 2013
20130918,2013-09-18,2013,9,September,18,3,2,Wednesday,2013,38,2013-09-01,2013-09-30,False,True,261,False,Sep 2013,Q3 2013
20130919,2013-09-19,2013,9,September,19,3,3,Thursday,2013,38,2013-09-01,2013-09-30,False,True,262,False,Sep 2013,Q3 2013
20130920,2013-09-20,2013,9,September,20,3,4,Friday,2013,38,2013-09-01,2013-09-30,False,True,263,False,Sep 2013,Q3 2013
20130921,2013-09-21,2013,9,September,21,3,5,Saturday,2013,38,2013-09-01,2013-09-30,False,False,264,False,Sep 2013,Q3 2013
20130922,2013-09-22,2013,9,September,22,3,6,Sunday,2013,38,2013-09-01,2013-09-30,False,False,265,False,Sep 2013,Q3 2013
20130923,2013-09-23,2013,9,September,23,3,0,Monday,2013,39,2013-09-01,2013-09-30,False,True,266,False,Sep 2013,Q3 2013
20130924,2013-09-24,2013,9,September,24,3,1,Tuesday,2013,39,2013-09-01,2013-09-30,False,True,267,False,Sep 2013,Q3 2013
20130925,2013-09-25,2013,9,September,25,3,2,Wednesday,2013,39,2013-09-01,2013-09-30,False,True,268,False,Sep 2013,Q3 2013
20130926,2013-09-26,2013,9,September,26,3,3,Thursday,2013,39,2013-09-01,2013-09-30,False,True,269,False,Sep 2013,Q3 2013
20130927,2013-09-27,2013,9,September,27,3,4,Friday,2013,39,2013-09-01,2013-09-30,False,True,270,False,Sep 2013,Q3 2013
20130928,2013-09-28,2013,9,September,28,3,5,Saturday,2013,39,2013-09-01,2013-09-30,False,False,271,False,Sep 2013,Q3 2013
20130929,2013-09-29,2013,9,September,29,3,6,Sunday,2013,39,2013-09-01,2013-09-30,False,False,272,False,Sep 2013,Q3 2013
20130930,2013-09-30,2013,9,September,30,3,0,Monday,2013,40,2013-09-01,2013-09-30,True,True,273,False,Sep 2013,Q3 2013
20131001,2013-10-01,2013,10,October,1,4,1,Tuesday,2013,40,2013-10-01,2013-10-31,False,True,274,False,Oct 2013,Q4 2013
20131002,2013-10-02,2013,10,October,2,4,2,Wednesday,2013,40,2013-10-01,2013-10-31,False,True,275,False,Oct 2013,Q4 2013
20131003,2013-10-03,2013,10,October,3,4,3,Thursday,2013,40,2013-10-01,2013-10-31,False,True,276,False,Oct 2013,Q4 2013
20131004,2013-10-04,2013,10,October,4,4,4,Friday,2013,40,2013-10-01,2013-10-31,False,True,277,False,Oct 2013,Q4 2013
20131005,2013-10-05,2013,10,October,5,4,5,Saturday,2013,40,2013-10-01,2013-10-31,False,False,278,False,Oct 2013,Q4 2013
20131006,2013-10-06,2013,10,October,6,4,6,Sunday,2013,40,2013-10-01,2013-10-31,False,False,279,False,Oct 2013,Q4 2013
20131007,2013-10-07,2013,10,October,7,4,0,Monday,2013,41,2013-10-01,2013-10-31,False,True,280,False,Oct 2013,Q4 2013
20131008,2013-10-08,2013,10,October,8,4,1,Tuesday,2013,41,2013-10-01,2013-10-31,False,True,281,False,Oct 2013,Q4 2013
20131009,2013-10-09,2013,10,October,9,4,2,Wednesday,2013,41,2013-10-01,2013-10-31,False,True,282,False,Oct 2013,Q4 2013
20131010,2013-10-10,2013,10,October,10,4,3,Thursday,2013,41,2013-10-01,2013-10-31,False,True,283,False,Oct 2013,Q4 2013
20131011,2013-10-11,2013,10,October,11,4,4,Friday,2013,41,2013-10-01,2013-10-31,False,True,284,False,Oct 2013,Q4 2013
20131012,2013-10-12,2013,10,October,12,4,5,Saturday,2013,41,2013-10-01,2013-10-31,False,False,285,False,Oct 2013,Q4 2013
20131013,2013-10-13,2013,10,October,13,4,6,Sunday,2013,41,2013-10-01,2013-10-31,False,False,286,False,Oct 2013,Q4 2013
20131014,2013-10-14,2013,10,October,14,4,0,Monday,2013,42,2013-10-01,2013-10-31,False,True,287,False,Oct 2013,Q4 2013
20131015,2013-10-15,2013,10,October,15,4,1,Tuesday,2013,42,2013-10-01,2013-10-31,False,True,288,False,Oct 2013,Q4 2013
20131016,2013-10-16,2013,10,October,16,4,2,Wednesday,2013,42,2013-10-01,2013-10-31,False,True,289,False,Oct 2013,Q4 2013
20131017,2013-10-17,2013,10,October,17,4,3,Thursday,2013,42,2013-10-01,2013-10-31,False,True,290,False,Oct 2013,Q4 2013
20131018,2013-10-18,2013,10,October,18,4,4,Friday,2013,42,2013-10-01,2013-10-31,False,True,291,False,Oct 2013,Q4 2013
20131019,2013-10-19,2013,10,October,19,4,5,Saturday,2013,42,2013-10-01,2013-10-31,False,False,292,False,Oct 2013,Q4 2013
20131020,2013-10-20,2013,10,October,20,4,6,Sunday,2013,42,2013-10-01,2013-10-31,False,False,293,False,Oct 2013,Q4 2013
20131021,2013-10-21,2013,10,October,21,4,0,Monday,2013,43,2013-10-01,2013-10-31,False,True,294,False,Oct 2013,Q4 2013
20131022,2013-10-22,2013,10,October,22,4,1,Tuesday,2013,43,2013-10-01,2013-10-31,False,True,295,False,Oct 2013,Q4 2013
20131023,2013-10-23,2013,10,October,23,4,2,Wednesday,2013,43,2013-10-01,2013-10-31,False,True,296,False,Oct 2013,Q4 2013
20131024,2013-10-24,2013,10,October,24,4,3,Thursday,2013,43,2013-10-01,2013-10-31,False,True,297,False,Oct 2013,Q4 2013
20131025,2013-10-25,2013,10,October,25,4,4,Friday,2013,43,2013-10-01,2013-10-31,False,True,298,False,Oct 2013,Q4 2013
20131026,2013-10-26,2013,10,October,26,4,5,Saturday,2013,43,2013-10-01,2013-10-31,False,False,299,False,Oct 2013,Q4 2013
20131027,2013-10-27,2013,10,October,27,4,6,Sunday,2013,43,2013-10-01,2013-10-31,False,False,300,False,Oct 2013,Q4 2013
20131028,2013-10-28,2013,10,October,28,4,0,Monday,2013,44,2013-10-01,2013-10-31,False,True,301,False,Oct 2013,Q4 2013
20131029,2013-10-29,2013,10,October,29,4,1,Tuesday,2013,44,2013-10-01,2013-10-31,False,True,302,False,Oct 2013,Q4 2013
20131030,2013-10-30,2013,10,October,30,4,2,Wednesday,2013,44,2013-10-01,2013-10-31,False,True,303,False,Oct 2013,Q4 2013
20131031,2013-10-31,2013,10,October,31,4,3,Thursday,2013,44,2013-10-01,2013-10-31,True,True,304,False,Oct 2013,Q4 2013
20131101,2013-11-01,2013,11,November,1,4,4,Friday,2013,44,2013-11-01,2013-11-30,False,True,305,False,Nov 2013,Q4 2013
20131102,2013-11-02,2013,11,November,2,4,5,Saturday,2013,44,2013-11-01,2013-11-30,False,False,306,False,Nov 2013,Q4 2013
20131103,2013-11-03,2013,11,November,3,4,6,Sunday,2013,44,2013-11-01,2013-11-30,False,False,307,False,Nov 2013,Q4 2013
20131104,2013-11-04,2013,11,November,4,4,0,Monday,2013,45,2013-11-01,2013-11-30,False,True,308,False,Nov 2013,Q4 2013
20131105,2013-11-05,2013,11,November,5,4,1,Tuesday,2013,45,2013-11-01,2013-11-30,False,True,309,False,Nov 2013,Q4 2013
20131106,2013-11-06,2013,11,November,6,4,2,Wednesday,2013,45,2013-11-01,2013-11-30,False,True,310,False,Nov 2013,Q4 2013
20131107,2013-11-07,2013,11,November,7,4,3,Thursday,2013,45,2013-11-01,2013-11-30,False,True,311,False,Nov 2013,Q4 2013
20131108,2013-11-08,2013,11,November,8,4,4,Friday,2013,45,2013-11-01,2013-11-30,False,True,312,False,Nov 2013,Q4 2013
20131109,2013-11-09,2013,11,November,9,4,5,Saturday,2013,45,2013-11-01,2013-11-30,False,False,313,False,Nov 2013,Q4 2013
20131110,2013-11-10,2013,11,November,10,4,6,Sunday,2013,45,2013-11-01,2013-11-30,False,False,314,False,Nov 2013,Q4 2013
20131111,2013-11-11,2013,11,November,11,4,0,Monday,2013,46,2013-11-01,2013-11-30,False,True,315,False,Nov 2013,Q4 2013
20131112,2013-11-12,2013,11,November,12,4,1,Tuesday,2013,46,2013-11-01,2013-11-30,False,True,316,False,Nov 2013,Q4 2013
20131113,2013-11-13,2013,11,November,13,4,2,Wednesday,2013,46,2013-11-01,2013-11-30,False,True,317,False,Nov 2013,Q4 2013
20131114,2013-11-14,2013,11,November,14,4,3,Thursday,2013,46,2013-11-01,2013-11-30,False,True,318,False,Nov 2013,Q4 2013
20131115,2013-11-15,2013,11,November,15,4,4,Friday,2013,46,2013-11-01,2013-11-30,False,True,319,False,Nov 2013,Q4 2013
20131116,2013-11-16,2013,11,November,16,4,5,Saturday,2013,46,2013-11-01,2013-11-30,False,False,320,False,Nov 2013,Q4 2013
20131117,2013-11-17,2013,11,November,17,4,6,Sunday,2013,46,2013-11-01,2013-11-30,False,False,321,False,Nov 2013,Q4 2013
20131118,2013-11-18,2013,11,November,18,4,0,Monday,2013,47,2013-11-01,2013-11-30,False,True,322,False,Nov 2013,Q4 2013
20131119,2013-11-19,2013,11,November,19,4,1,Tuesday,2013,47,2013-11-01,2013-11-30,False,True,323,False,Nov 2013,Q4 2013
20131120,2013-11-20,2013,11,November,20,4,2,Wednesday,2013,47,2013-11-01,2013-11-30,False,True,324,False,Nov 2013,Q4 2013
20131121,2013-11-21,2013,11,November,21,4,3,Thursday,2013,47,2013-11-01,2013-11-30,False,True,325,False,Nov 2013,Q4 2013
20131122,2013-11-22,2013,11,November,22,4,4,Friday,2013,47,2013-11-01,2013-11-30,False,True,326,False,Nov 2013,Q4 2013
20131123,2013-11-23,2013,11,November,23,4,5,Saturday,2013,47,2013-11-01,2013-11-30,False,False,327,False,Nov 2013,Q4 2013
20131124,2013-11-24,2013,11,November,24,4,6,Sunday,2013,47,2013-11-01,2013-11-30,False,False,328,False,Nov 2013,Q4 2013
20131125,2013-11-25,2013,11,November,25,4,0,Monday,2013,48,2013-11-01,2013-11-30,False,True,329,False,Nov 2013,Q4 2013
20131126,2013-11-26,2013,11,November,26,4,1,Tuesday,2013,48,2013-11-01,2013-11-30,False,True,330,False,Nov 2013,Q4 2013
20131127,2013-11-27,2013,11,November,27,4,2,Wednesday,2013,48,2013-11-01,2013-11-30,False,True,331,False,Nov 2013,Q4 2013
20131128,2013-11-28,2013,11,November,28,4,3,Thursday,2013,48,2013-11-01,2013-11-30,False,True,332,False,Nov 2013,Q4 2013
20131129,2013-11-29,2013,11,November,29,4,4,Friday,2013,48,2013-11-01,2013-11-30,False,True,333,False,Nov 2013,Q4 2013
20131130,2013-11-30,2013,11,November,30,4,5,Saturday,2013,48,2013-11-01,2013-11-30,True,False,334,False,Nov 2013,Q4 2013
20131201,2013-12-01,2013,12,December,1,4,6,Sunday,2013,48,2013-12-01,2013-12-31,False,False,335,False,Dec 2013,Q4 2013
20131202,2013-12-02,2013,12,December,2,4,0,Monday,2013,49,2013-12-01,2013-12-31,False,True,336,False,Dec 2013,Q4 2013
20131203,2013-12-03,2013,12,December,3,4,1,Tuesday,2013,49,2013-12-01,2013-12-31,False,True,337,False,Dec 2013,Q4 2013
20131204,2013-12-04,2013,12,December,4,4,2,Wednesday,2013,49,2013-12-01,2013-12-31,False,True,338,False,Dec 2013,Q4 2013
20131205,2013-12-05,2013,12,December,5,4,3,Thursday,2013,49,2013-12-01,2013-12-31,False,True,339,False,Dec 2013,Q4 2013
20131206,2013-12-06,2013,12,December,6,4,4,Friday,2013,49,2013-12-01,2013-12-31,False,True,340,False,Dec 2013,Q4 2013
20131207,2013-12-07,2013,12,December,7,4,5,Saturday,2013,49,2013-12-01,2013-12-31,False,False,341,False,Dec 2013,Q4 2013
20131208,2013-12-08,2013,12,December,8,4,6,Sunday,2013,49,2013-12-01,2013-12-31,False,False,342,False,Dec 2013,Q4 2013
20131209,2013-12-09,2013,12,December,9,4,0,Monday,2013,50,2013-12-01,2013-12-31,False,True,343,False,Dec 2013,Q4 2013
20131210,2013-12-10,2013,12,December,10,4,1,Tuesday,2013,50,2013-12-01,2013-12-31,False,True,344,False,Dec 2013,Q4 2013
20131211,2013-12-11,2013,12,December,11,4,2,Wednesday,2013,50,2013-12-01,2013-12-31,False,True,345,False,Dec 2013,Q4 2013
20131212,2013-12-12,2013,12,December,12,4,3,Thursday,2013,50,2013-12-01,2013-12-31,False,True,346,False,Dec 2013,Q4 2013
20131213,2013-12-13,2013,12,December,13,4,4,Friday,2013,50,2013-12-01,2013-12-31,False,True,347,False,Dec 2013,Q4 2013
20131214,2013-12-14,2013,12,December,14,4,5,Saturday,2013,50,2013-12-01,2013-12-31,False,False,348,False,Dec 2013,Q4 2013
20131215,2013-12-15,2013,12,December,15,4,6,Sunday,2013,50,2013-12-01,2013-12-31,False,False,349,False,Dec 2013,Q4 2013
20131216,2013-12-16,2013,12,December,16,4,0,Monday,2013,51,2013-12-01,2013-12-31,False,True,350,False,Dec 2013,Q4 2013
20131217,2013-12-17,2013,12,December,17,4,1,Tuesday,2013,51,2013-12-01,2013-12-31,False,True,351,False,Dec 2013,Q4 2013
20131218,2013-12-18,2013,12,December,18,4,2,Wednesday,2013,51,2013-12-01,2013-12-31,False,True,352,False,Dec 2013,Q4 2013
20131219,2013-12-19,2013,12,December,19,4,3,Thursday,2013,51,2013-12-01,2013-12-31,False,True,353,False,Dec 2013,Q4 2013
20131220,2013-12-20,2013,12,December,20,4,4,Friday,2013,51,2013-12-01,2013-12-31,False,True,354,False,Dec 2013,Q4 2013
20131221,2013-12-21,2013,12,December,21,4,5,Saturday,2013,51,2013-12-01,2013-12-31,False,False,355,False,Dec 2013,Q4 2013
20131222,2013-12-22,2013,12,December,22,4,6,Sunday,2013,51,2013-12-01,2013-12-31,False,False,356,False,Dec 2013,Q4 2013
20131223,2013-12-23,2013,12,December,23,4,0,Monday,2013,52,2013-12-01,2013-12-31,False,True,357,False,Dec 2013,Q4 2013
20131224,2013-12-24,2013,12,December,24,4,1,Tuesday,2013,52,2013-12-01,2013-12-31,False,True,358,False,Dec 2013,Q4 2013
20131225,2013-12-25,2013,12,December,25,4,2,Wednesday,2013,52,2013-12-01,2013-12-31,False,True,359,False,Dec 2013,Q4 2013
20131226,2013-12-26,2013,12,December,26,4,3,Thursday,2013,52,2013-12-01,2013-12-31,False,True,360,False,Dec 2013,Q4 2013
20131227,2013-12-27,2013,12,December,27,4,4,Friday,2013,52,2013-12-01,2013-12-31,False,True,361,False,Dec 2013,Q4 2013
20131228,2013-12-28,2013,12,December,28,4,5,Saturday,2013,52,2013-12-01,2013-12-31,False,False,362,False,Dec 2013,Q4 2013
20131229,2013-12-29,2013,12,December,29,4,6,Sunday,2013,52,2013-12-01,2013-12-31,False,False,363,False,Dec 2013,Q4 2013
20131230,2013-12-30,2013,12,December,30,4,0,Monday,2014,1,2013-12-01,2013-12-31,False,True,364,False,Dec 2013,Q4 2013
20131231,2013-12-31,2013,12,December,31,4,1,Tuesday,2014,1,2013-12-01,2013-12-31,True,True,365,False,Dec 2013,Q4 2013
20140101,2014-01-01,2014,1,January,1,1,2,Wednesday,2014,1,2014-01-01,2014-01-31,False,True,1,False,Jan 2014,Q1 2014
20140102,2014-01-02,2014,1,January,2,1,3,Thursday,2014,1,2014-01-01,2014-01-31,False,True,2,False,Jan 2014,Q1 2014
20140103,2014-01-03,2014,1,January,3,1,4,Friday,2014,1,2014-01-01,2014-01-31,False,True,3,False,Jan 2014,Q1 2014
20140104,2014-01-04,2014,1,January,4,1,5,Saturday,2014,1,2014-01-01,2014-01-31,False,False,4,False,Jan 2014,Q1 2014
20140105,2014-01-05,2014,1,January,5,1,6,Sunday,2014,1,2014-01-01,2014-01-31,False,False,5,False,Jan 2014,Q1 2014
20140106,2014-01-06,2014,1,January,6,1,0,Monday,2014,2,2014-01-01,2014-01-31,False,True,6,False,Jan 2014,Q1 2014
20140107,2014-01-07,2014,1,January,7,1,1,Tuesday,2014,2,2014-01-01,2014-01-31,False,True,7,False,Jan 2014,Q1 2014
20140108,2014-01-08,2014,1,January,8,1,2,Wednesday,2014,2,2014-01-01,2014-01-31,False,True,8,False,Jan 2014,Q1 2014
20140109,2014-01-09,2014,1,January,9,1,3,Thursday,2014,2,2014-01-01,2014-01-31,False,True,9,False,Jan 2014,Q1 2014
20140110,2014-01-10,2014,1,January,10,1,4,Friday,2014,2,2014-01-01,2014-01-31,False,True,10,False,Jan 2014,Q1 2014
20140111,2014-01-11,2014,1,January,11,1,5,Saturday,2014,2,2014-01-01,2014-01-31,False,False,11,False,Jan 2014,Q1 2014
20140112,2014-01-12,2014,1,January,12,1,6,Sunday,2014,2,2014-01-01,2014-01-31,False,False,12,False,Jan 2014,Q1 2014
20140113,2014-01-13,2014,1,January,13,1,0,Monday,2014,3,2014-01-01,2014-01-31,False,True,13,False,Jan 2014,Q1 2014
20140114,2014-01-14,2014,1,January,14,1,1,Tuesday,2014,3,2014-01-01,2014-01-31,False,True,14,False,Jan 2014,Q1 2014
20140115,2014-01-15,2014,1,January,15,1,2,Wednesday,2014,3,2014-01-01,2014-01-31,False,True,15,False,Jan 2014,Q1 2014
20140116,2014-01-16,2014,1,January,16,1,3,Thursday,2014,3,2014-01-01,2014-01-31,False,True,16,False,Jan 2014,Q1 2014
20140117,2014-01-17,2014,1,January,17,1,4,Friday,2014,3,2014-01-01,2014-01-31,False,True,17,False,Jan 2014,Q1 2014
20140118,2014-01-18,2014,1,January,18,1,5,Saturday,2014,3,2014-01-01,2014-01-31,False,False,18,False,Jan 2014,Q1 2014
20140119,2014-01-19,2014,1,January,19,1,6,Sunday,2014,3,2014-01-01,2014-01-31,False,False,19,False,Jan 2014,Q1 2014
20140120,2014-01-20,2014,1,January,20,1,0,Monday,2014,4,2014-01-01,2014-01-31,False,True,20,False,Jan 2014,Q1 2014
20140121,2014-01-21,2014,1,January,21,1,1,Tuesday,2014,4,2014-01-01,2014-01-31,False,True,21,False,Jan 2014,Q1 2014
20140122,2014-01-22,2014,1,January,22,1,2,Wednesday,2014,4,2014-01-01,2014-01-31,False,True,22,False,Jan 2014,Q1 2014
20140123,2014-01-23,2014,1,January,23,1,3,Thursday,2014,4,2014-01-01,2014-01-31,False,True,23,False,Jan 2014,Q1 2014
20140124,2014-01-24,2014,1,January,24,1,4,Friday,2014,4,2014-01-01,2014-01-31,False,True,24,False,Jan 2014,Q1 2014
20140125,2014-01-25,2014,1,January,25,1,5,Saturday,2014,4,2014-01-01,2014-01-31,False,False,25,False,Jan 2014,Q1 2014
20140126,2014-01-26,2014,1,January,26,1,6,Sunday,2014,4,2014-01-01,2014-01-31,False,False,26,False,Jan 2014,Q1 2014
20140127,2014-01-27,2014,1,January,27,1,0,Monday,2014,5,2014-01-01,2014-01-31,False,True,27,False,Jan 2014,Q1 2014
20140128,2014-01-28,2014,1,January,28,1,1,Tuesday,2014,5,2014-01-01,2014-01-31,False,True,28,False,Jan 2014,Q1 2014
20140129,2014-01-29,2014,1,January,29,1,2,Wednesday,2014,5,2014-01-01,2014-01-31,False,True,29,False,Jan 2014,Q1 2014
20140130,2014-01-30,2014,1,January,30,1,3,Thursday,2014,5,2014-01-01,2014-01-31,False,True,30,False,Jan 2014,Q1 2014
20140131,2014-01-31,2014,1,January,31,1,4,Friday,2014,5,2014-01-01,2014-01-31,True,True,31,False,Jan 2014,Q1 2014
20140201,2014-02-01,2014,2,February,1,1,5,Saturday,2014,5,2014-02-01,2014-02-28,False,False,32,False,Feb 2014,Q1 2014
20140202,2014-02-02,2014,2,February,2,1,6,Sunday,2014,5,2014-02-01,2014-02-28,False,False,33,False,Feb 2014,Q1 2014
20140203,2014-02-03,2014,2,February,3,1,0,Monday,2014,6,2014-02-01,2014-02-28,False,True,34,False,Feb 2014,Q1 2014
20140204,2014-02-04,2014,2,February,4,1,1,Tuesday,2014,6,2014-02-01,2014-02-28,False,True,35,False,Feb 2014,Q1 2014
20140205,2014-02-05,2014,2,February,5,1,2,Wednesday,2014,6,2014-02-01,2014-02-28,False,True,36,False,Feb 2014,Q1 2014
20140206,2014-02-06,2014,2,February,6,1,3,Thursday,2014,6,2014-02-01,2014-02-28,False,True,37,False,Feb 2014,Q1 2014
20140207,2014-02-07,2014,2,February,7,1,4,Friday,2014,6,2014-02-01,2014-02-28,False,True,38,False,Feb 2014,Q1 2014
20140208,2014-02-08,2014,2,February,8,1,5,Saturday,2014,6,2014-02-01,2014-02-28,False,False,39,False,Feb 2014,Q1 2014
20140209,2014-02-09,2014,2,February,9,1,6,Sunday,2014,6,2014-02-01,2014-02-28,False,False,40,False,Feb 2014,Q1 2014
20140210,2014-02-10,2014,2,February,10,1,0,Monday,2014,7,2014-02-01,2014-02-28,False,True,41,False,Feb 2014,Q1 2014
20140211,2014-02-11,2014,2,February,11,1,1,Tuesday,2014,7,2014-02-01,2014-02-28,False,True,42,False,Feb 2014,Q1 2014
20140212,2014-02-12,2014,2,February,12,1,2,Wednesday,2014,7,2014-02-01,2014-02-28,False,True,43,False,Feb 2014,Q1 2014
20140213,2014-02-13,2014,2,February,13,1,3,Thursday,2014,7,2014-02-01,2014-02-28,False,True,44,False,Feb 2014,Q1 2014
20140214,2014-02-14,2014,2,February,14,1,4,Friday,2014,7,2014-02-01,2014-02-28,False,True,45,False,Feb 2014,Q1 2014
20140215,2014-02-15,2014,2,February,15,1,5,Saturday,2014,7,2014-02-01,2014-02-28,False,False,46,False,Feb 2014,Q1 2014
20140216,2014-02-16,2014,2,February,16,1,6,Sunday,2014,7,2014-02-01,2014-02-28,False,False,47,False,Feb 2014,Q1 2014
20140217,2014-02-17,2014,2,February,17,1,0,Monday,2014,8,2014-02-01,2014-02-28,False,True,48,False,Feb 2014,Q1 2014
20140218,2014-02-18,2014,2,February,18,1,1,Tuesday,2014,8,2014-02-01,2014-02-28,False,True,49,False,Feb 2014,Q1 2014
20140219,2014-02-19,2014,2,February,19,1,2,Wednesday,2014,8,2014-02-01,2014-02-28,False,True,50,False,Feb 2014,Q1 2014
20140220,2014-02-20,2014,2,February,20,1,3,Thursday,2014,8,2014-02-01,2014-02-28,False,True,51,False,Feb 2014,Q1 2014
20140221,2014-02-21,2014,2,February,21,1,4,Friday,2014,8,2014-02-01,2014-02-28,False,True,52,False,Feb 2014,Q1 2014
20140222,2014-02-22,2014,2,February,22,1,5,Saturday,2014,8,2014-02-01,2014-02-28,False,False,53,False,Feb 2014,Q1 2014
20140223,2014-02-23,2014,2,February,23,1,6,Sunday,2014,8,2014-02-01,2014-02-28,False,False,54,False,Feb 2014,Q1 2014
20140224,2014-02-24,2014,2,February,24,1,0,Monday,2014,9,2014-02-01,2014-02-28,False,True,55,False,Feb 2014,Q1 2014
20140225,2014-02-25,2014,2,February,25,1,1,Tuesday,2014,9,2014-02-01,2014-02-28,False,True,56,False,Feb 2014,Q1 2014
20140226,2014-02-26,2014,2,February,26,1,2,Wednesday,2014,9,2014-02-01,2014-02-28,False,True,57,False,Feb 2014,Q1 2014
20140227,2014-02-27,2014,2,February,27,1,3,Thursday,2014,9,2014-02-01,2014-02-28,False,True,58,False,Feb 2014,Q1 2014
20140228,2014-02-28,2014,2,February,28,1,4,Friday,2014,9,2014-02-01,2014-02-28,True,True,59,False,Feb 2014,Q1 2014
20140301,2014-03-01,2014,3,March,1,1,5,Saturday,2014,9,2014-03-01,2014-03-31,False,False,60,False,Mar 2014,Q1 2014
20140302,2014-03-02,2014,3,March,2,1,6,Sunday,2014,9,2014-03-01,2014-03-31,False,False,61,False,Mar 2014,Q1 2014
20140303,2014-03-03,2014,3,March,3,1,0,Monday,2014,10,2014-03-01,2014-03-31,False,True,62,False,Mar 2014,Q1 2014
20140304,2014-03-04,2014,3,March,4,1,1,Tuesday,2014,10,2014-03-01,2014-03-31,False,True,63,False,Mar 2014,Q1 2014
20140305,2014-03-05,2014,3,March,5,1,2,Wednesday,2014,10,2014-03-01,2014-03-31,False,True,64,False,Mar 2014,Q1 2014
20140306,2014-03-06,2014,3,March,6,1,3,Thursday,2014,10,2014-03-01,2014-03-31,False,True,65,False,Mar 2014,Q1 2014
20140307,2014-03-07,2014,3,March,7,1,4,Friday,2014,10,2014-03-01,2014-03-31,False,True,66,False,Mar 2014,Q1 2014
20140308,2014-03-08,2014,3,March,8,1,5,Saturday,2014,10,2014-03-01,2014-03-31,False,False,67,False,Mar 2014,Q1 2014
20140309,2014-03-09,2014,3,March,9,1,6,Sunday,2014,10,2014-03-01,2014-03-31,False,False,68,False,Mar 2014,Q1 2014
20140310,2014-03-10,2014,3,March,10,1,0,Monday,2014,11,2014-03-01,2014-03-31,False,True,69,False,Mar 2014,Q1 2014
20140311,2014-03-11,2014,3,March,11,1,1,Tuesday,2014,11,2014-03-01,2014-03-31,False,True,70,False,Mar 2014,Q1 2014
20140312,2014-03-12,2014,3,March,12,1,2,Wednesday,2014,11,2014-03-01,2014-03-31,False,True,71,False,Mar 2014,Q1 2014
20140313,2014-03-13,2014,3,March,13,1,3,Thursday,2014,11,2014-03-01,2014-03-31,False,True,72,False,Mar 2014,Q1 2014
20140314,2014-03-14,2014,3,March,14,1,4,Friday,2014,11,2014-03-01,2014-03-31,False,True,73,False,Mar 2014,Q1 2014
20140315,2014-03-15,2014,3,March,15,1,5,Saturday,2014,11,2014-03-01,2014-03-31,False,False,74,False,Mar 2014,Q1 2014
20140316,2014-03-16,2014,3,March,16,1,6,Sunday,2014,11,2014-03-01,2014-03-31,False,False,75,False,Mar 2014,Q1 2014
20140317,2014-03-17,2014,3,March,17,1,0,Monday,2014,12,2014-03-01,2014-03-31,False,True,76,False,Mar 2014,Q1 2014
20140318,2014-03-18,2014,3,March,18,1,1,Tuesday,2014,12,2014-03-01,2014-03-31,False,True,77,False,Mar 2014,Q1 2014
20140319,2014-03-19,2014,3,March,19,1,2,Wednesday,2014,12,2014-03-01,2014-03-31,False,True,78,False,Mar 2014,Q1 2014
20140320,2014-03-20,2014,3,March,20,1,3,Thursday,2014,12,2014-03-01,2014-03-31,False,True,79,False,Mar 2014,Q1 2014
20140321,2014-03-21,2014,3,March,21,1,4,Friday,2014,12,2014-03-01,2014-03-31,False,True,80,False,Mar 2014,Q1 2014
20140322,2014-03-22,2014,3,March,22,1,5,Saturday,2014,12,2014-03-01,2014-03-31,False,False,81,False,Mar 2014,Q1 2014
20140323,2014-03-23,2014,3,March,23,1,6,Sunday,2014,12,2014-03-01,2014-03-31,False,False,82,False,Mar 2014,Q1 2014
20140324,2014-03-24,2014,3,March,24,1,0,Monday,2014,13,2014-03-01,2014-03-31,False,True,83,False,Mar 2014,Q1 2014
20140325,2014-03-25,2014,3,March,25,1,1,Tuesday,2014,13,2014-03-01,2014-03-31,False,True,84,False,Mar 2014,Q1 2014
20140326,2014-03-26,2014,3,March,26,1,2,Wednesday,2014,13,2014-03-01,2014-03-31,False,True,85,False,Mar 2014,Q1 2014
20140327,2014-03-27,2014,3,March,27,1,3,Thursday,2014,13,2014-03-01,2014-03-31,False,True,86,False,Mar 2014,Q1 2014
20140328,2014-03-28,2014,3,March,28,1,4,Friday,2014,13,2014-03-01,2014-03-31,False,True,87,False,Mar 2014,Q1 2014
20140329,2014-03-29,2014,3,March,29,1,5,Saturday,2014,13,2014-03-01,2014-03-31,False,False,88,False,Mar 2014,Q1 2014
20140330,2014-03-30,2014,3,March,30,1,6,Sunday,2014,13,2014-03-01,2014-03-31,False,False,89,False,Mar 2014,Q1 2014
20140331,2014-03-31,2014,3,March,31,1,0,Monday,2014,14,2014-03-01,2014-03-31,True,True,90,False,Mar 2014,Q1 2014
20140401,2014-04-01,2014,4,April,1,2,1,Tuesday,2014,14,2014-04-01,2014-04-30,False,True,91,False,Apr 2014,Q2 2014
20140402,2014-04-02,2014,4,April,2,2,2,Wednesday,2014,14,2014-04-01,2014-04-30,False,True,92,False,Apr 2014,Q2 2014
20140403,2014-04-03,2014,4,April,3,2,3,Thursday,2014,14,2014-04-01,2014-04-30,False,True,93,False,Apr 2014,Q2 2014
20140404,2014-04-04,2014,4,April,4,2,4,Friday,2014,14,2014-04-01,2014-04-30,False,True,94,False,Apr 2014,Q2 2014
20140405,2014-04-05,2014,4,April,5,2,5,Saturday,2014,14,2014-04-01,2014-04-30,False,False,95,False,Apr 2014,Q2 2014
20140406,2014-04-06,2014,4,April,6,2,6,Sunday,2014,14,2014-04-01,2014-04-30,False,False,96,False,Apr 2014,Q2 2014
20140407,2014-04-07,2014,4,April,7,2,0,Monday,2014,15,2014-04-01,2014-04-30,False,True,97,False,Apr 2014,Q2 2014
20140408,2014-04-08,2014,4,April,8,2,1,Tuesday,2014,15,2014-04-01,2014-04-30,False,True,98,False,Apr 2014,Q2 2014
20140409,2014-04-09,2014,4,April,9,2,2,Wednesday,2014,15,2014-04-01,2014-04-30,False,True,99,False,Apr 2014,Q2 2014
20140410,2014-04-10,2014,4,April,10,2,3,Thursday,2014,15,2014-04-01,2014-04-30,False,True,100,False,Apr 2014,Q2 2014
20140411,2014-04-11,2014,4,April,11,2,4,Friday,2014,15,2014-04-01,2014-04-30,False,True,101,False,Apr 2014,Q2 2014
20140412,2014-04-12,2014,4,April,12,2,5,Saturday,2014,15,2014-04-01,2014-04-30,False,False,102,False,Apr 2014,Q2 2014
20140413,2014-04-13,2014,4,April,13,2,6,Sunday,2014,15,2014-04-01,2014-04-30,False,False,103,False,Apr 2014,Q2 2014
20140414,2014-04-14,2014,4,April,14,2,0,Monday,2014,16,2014-04-01,2014-04-30,False,True,104,False,Apr 2014,Q2 2014
20140415,2014-04-15,2014,4,April,15,2,1,Tuesday,2014,16,2014-04-01,2014-04-30,False,True,105,False,Apr 2014,Q2 2014
20140416,2014-04-16,2014,4,April,16,2,2,Wednesday,2014,16,2014-04-01,2014-04-30,False,True,106,False,Apr 2014,Q2 2014
20140417,2014-04-17,2014,4,April,17,2,3,Thursday,2014,16,2014-04-01,2014-04-30,False,True,107,False,Apr 2014,Q2 2014
20140418,2014-04-18,2014,4,April,18,2,4,Friday,2014,16,2014-04-01,2014-04-30,False,True,108,False,Apr 2014,Q2 2014
20140419,2014-04-19,2014,4,April,19,2,5,Saturday,2014,16,2014-04-01,2014-04-30,False,False,109,False,Apr 2014,Q2 2014
20140420,2014-04-20,2014,4,April,20,2,6,Sunday,2014,16,2014-04-01,2014-04-30,False,False,110,False,Apr 2014,Q2 2014
20140421,2014-04-21,2014,4,April,21,2,0,Monday,2014,17,2014-04-01,2014-04-30,False,True,111,False,Apr 2014,Q2 2014
20140422,2014-04-22,2014,4,April,22,2,1,Tuesday,2014,17,2014-04-01,2014-04-30,False,True,112,False,Apr 2014,Q2 2014
20140423,2014-04-23,2014,4,April,23,2,2,Wednesday,2014,17,2014-04-01,2014-04-30,False,True,113,False,Apr 2014,Q2 2014
20140424,2014-04-24,2014,4,April,24,2,3,Thursday,2014,17,2014-04-01,2014-04-30,False,True,114,False,Apr 2014,Q2 2014
20140425,2014-04-25,2014,4,April,25,2,4,Friday,2014,17,2014-04-01,2014-04-30,False,True,115,False,Apr 2014,Q2 2014
20140426,2014-04-26,2014,4,April,26,2,5,Saturday,2014,17,2014-04-01,2014-04-30,False,False,116,False,Apr 2014,Q2 2014
20140427,2014-04-27,2014,4,April,27,2,6,Sunday,2014,17,2014-04-01,2014-04-30,False,False,117,False,Apr 2014,Q2 2014
20140428,2014-04-28,2014,4,April,28,2,0,Monday,2014,18,2014-04-01,2014-04-30,False,True,118,False,Apr 2014,Q2 2014
20140429,2014-04-29,2014,4,April,29,2,1,Tuesday,2014,18,2014-04-01,2014-04-30,False,True,119,False,Apr 2014,Q2 2014
20140430,2014-04-30,2014,4,April,30,2,2,Wednesday,2014,18,2014-04-01,2014-04-30,True,True,120,False,Apr 2014,Q2 2014
20140501,2014-05-01,2014,5,May,1,2,3,Thursday,2014,18,2014-05-01,2014-05-31,False,True,121,False,May 2014,Q2 2014
20140502,2014-05-02,2014,5,May,2,2,4,Friday,2014,18,2014-05-01,2014-05-31,False,True,122,False,May 2014,Q2 2014
20140503,2014-05-03,2014,5,May,3,2,5,Saturday,2014,18,2014-05-01,2014-05-31,False,False,123,False,May 2014,Q2 2014
20140504,2014-05-04,2014,5,May,4,2,6,Sunday,2014,18,2014-05-01,2014-05-31,False,False,124,False,May 2014,Q2 2014
20140505,2014-05-05,2014,5,May,5,2,0,Monday,2014,19,2014-05-01,2014-05-31,False,True,125,False,May 2014,Q2 2014
20140506,2014-05-06,2014,5,May,6,2,1,Tuesday,2014,19,2014-05-01,2014-05-31,False,True,126,False,May 2014,Q2 2014
20140507,2014-05-07,2014,5,May,7,2,2,Wednesday,2014,19,2014-05-01,2014-05-31,False,True,127,False,May 2014,Q2 2014
20140508,2014-05-08,2014,5,May,8,2,3,Thursday,2014,19,2014-05-01,2014-05-31,False,True,128,False,May 2014,Q2 2014
20140509,2014-05-09,2014,5,May,9,2,4,Friday,2014,19,2014-05-01,2014-05-31,False,True,129,False,May 2014,Q2 2014
20140510,2014-05-10,2014,5,May,10,2,5,Saturday,2014,19,2014-05-01,2014-05-31,False,False,130,False,May 2014,Q2 2014
20140511,2014-05-11,2014,5,May,11,2,6,Sunday,2014,19,2014-05-01,2014-05-31,False,False,131,False,May 2014,Q2 2014
20140512,2014-05-12,2014,5,May,12,2,0,Monday,2014,20,2014-05-01,2014-05-31,False,True,132,False,May 2014,Q2 2014
20140513,2014-05-13,2014,5,May,13,2,1,Tuesday,2014,20,2014-05-01,2014-05-31,False,True,133,False,May 2014,Q2 2014
20140514,2014-05-14,2014,5,May,14,2,2,Wednesday,2014,20,2014-05-01,2014-05-31,False,True,134,False,May 2014,Q2 2014
20140515,2014-05-15,2014,5,May,15,2,3,Thursday,2014,20,2014-05-01,2014-05-31,False,True,135,False,May 2014,Q2 2014
20140516,2014-05-16,2014,5,May,16,2,4,Friday,2014,20,2014-05-01,2014-05-31,False,True,136,False,May 2014,Q2 2014
20140517,2014-05-17,2014,5,May,17,2,5,Saturday,2014,20,2014-05-01,2014-05-31,False,False,137,False,May 2014,Q2 2014
20140518,2014-05-18,2014,5,May,18,2,6,Sunday,2014,20,2014-05-01,2014-05-31,False,False,138,False,May 2014,Q2 2014
20140519,2014-05-19,2014,5,May,19,2,0,Monday,2014,21,2014-05-01,2014-05-31,False,True,139,False,May 2014,Q2 2014
20140520,2014-05-20,2014,5,May,20,2,1,Tuesday,2014,21,2014-05-01,2014-05-31,False,True,140,False,May 2014,Q2 2014
20140521,2014-05-21,2014,5,May,21,2,2,Wednesday,2014,21,2014-05-01,2014-05-31,False,True,141,False,May 2014,Q2 2014
20140522,2014-05-22,2014,5,May,22,2,3,Thursday,2014,21,2014-05-01,2014-05-31,False,True,142,False,May 2014,Q2 2014
20140523,2014-05-23,2014,5,May,23,2,4,Friday,2014,21,2014-05-01,2014-05-31,False,True,143,False,May 2014,Q2 2014
20140524,2014-05-24,2014,5,May,24,2,5,Saturday,2014,21,2014-05-01,2014-05-31,False,False,144,False,May 2014,Q2 2014
20140525,2014-05-25,2014,5,May,25,2,6,Sunday,2014,21,2014-05-01,2014-05-31,False,False,145,False,May 2014,Q2 2014
20140526,2014-05-26,2014,5,May,26,2,0,Monday,2014,22,2014-05-01,2014-05-31,False,True,146,False,May 2014,Q2 2014
20140527,2014-05-27,2014,5,May,27,2,1,Tuesday,2014,22,2014-05-01,2014-05-31,False,True,147,False,May 2014,Q2 2014
20140528,2014-05-28,2014,5,May,28,2,2,Wednesday,2014,22,2014-05-01,2014-05-31,False,True,148,False,May 2014,Q2 2014
20140529,2014-05-29,2014,5,May,29,2,3,Thursday,2014,22,2014-05-01,2014-05-31,False,True,149,False,May 2014,Q2 2014
20140530,2014-05-30,2014,5,May,30,2,4,Friday,2014,22,2014-05-01,2014-05-31,False,True,150,False,May 2014,Q2 2014
20140531,2014-05-31,2014,5,May,31,2,5,Saturday,2014,22,2014-05-01,2014-05-31,True,False,151,False,May 2014,Q2 2014
20140601,2014-06-01,2014,6,June,1,2,6,Sunday,2014,22,2014-06-01,2014-06-30,False,False,152,False,Jun 2014,Q2 2014
20140602,2014-06-02,2014,6,June,2,2,0,Monday,2014,23,2014-06-01,2014-06-30,False,True,153,False,Jun 2014,Q2 2014
20140603,2014-06-03,2014,6,June,3,2,1,Tuesday,2014,23,2014-06-01,2014-06-30,False,True,154,False,Jun 2014,Q2 2014
20140604,2014-06-04,2014,6,June,4,2,2,Wednesday,2014,23,2014-06-01,2014-06-30,False,True,155,False,Jun 2014,Q2 2014
20140605,2014-06-05,2014,6,June,5,2,3,Thursday,2014,23,2014-06-01,2014-06-30,False,True,156,False,Jun 2014,Q2 2014
20140606,2014-06-06,2014,6,June,6,2,4,Friday,2014,23,2014-06-01,2014-06-30,False,True,157,False,Jun 2014,Q2 2014
20140607,2014-06-07,2014,6,June,7,2,5,Saturday,2014,23,2014-06-01,2014-06-30,False,False,158,False,Jun 2014,Q2 2014
20140608,2014-06-08,2014,6,June,8,2,6,Sunday,2014,23,2014-06-01,2014-06-30,False,False,159,False,Jun 2014,Q2 2014
20140609,2014-06-09,2014,6,June,9,2,0,Monday,2014,24,2014-06-01,2014-06-30,False,True,160,False,Jun 2014,Q2 2014
20140610,2014-06-10,2014,6,June,10,2,1,Tuesday,2014,24,2014-06-01,2014-06-30,False,True,161,False,Jun 2014,Q2 2014
20140611,2014-06-11,2014,6,June,11,2,2,Wednesday,2014,24,2014-06-01,2014-06-30,False,True,162,False,Jun 2014,Q2 2014
20140612,2014-06-12,2014,6,June,12,2,3,Thursday,2014,24,2014-06-01,2014-06-30,False,True,163,False,Jun 2014,Q2 2014
20140613,2014-06-13,2014,6,June,13,2,4,Friday,2014,24,2014-06-01,2014-06-30,False,True,164,False,Jun 2014,Q2 2014
20140614,2014-06-14,2014,6,June,14,2,5,Saturday,2014,24,2014-06-01,2014-06-30,False,False,165,False,Jun 2014,Q2 2014
20140615,2014-06-15,2014,6,June,15,2,6,Sunday,2014,24,2014-06-01,2014-06-30,False,False,166,False,Jun 2014,Q2 2014
20140616,2014-06-16,2014,6,June,16,2,0,Monday,2014,25,2014-06-01,2014-06-30,False,True,167,False,Jun 2014,Q2 2014
20140617,2014-06-17,2014,6,June,17,2,1,Tuesday,2014,25,2014-06-01,2014-06-30,False,True,168,False,Jun 2014,Q2 2014
20140618,2014-06-18,2014,6,June,18,2,2,Wednesday,2014,25,2014-06-01,2014-06-30,False,True,169,False,Jun 2014,Q2 2014
20140619,2014-06-19,2014,6,June,19,2,3,Thursday,2014,25,2014-06-01,2014-06-30,False,True,170,False,Jun 2014,Q2 2014
20140620,2014-06-20,2014,6,June,20,2,4,Friday,2014,25,2014-06-01,2014-06-30,False,True,171,False,Jun 2014,Q2 2014
20140621,2014-06-21,2014,6,June,21,2,5,Saturday,2014,25,2014-06-01,2014-06-30,False,False,172,False,Jun 2014,Q2 2014
20140622,2014-06-22,2014,6,June,22,2,6,Sunday,2014,25,2014-06-01,2014-06-30,False,False,173,False,Jun 2014,Q2 2014
20140623,2014-06-23,2014,6,June,23,2,0,Monday,2014,26,2014-06-01,2014-06-30,False,True,174,False,Jun 2014,Q2 2014
20140624,2014-06-24,2014,6,June,24,2,1,Tuesday,2014,26,2014-06-01,2014-06-30,False,True,175,False,Jun 2014,Q2 2014
20140625,2014-06-25,2014,6,June,25,2,2,Wednesday,2014,26,2014-06-01,2014-06-30,False,True,176,False,Jun 2014,Q2 2014
20140626,2014-06-26,2014,6,June,26,2,3,Thursday,2014,26,2014-06-01,2014-06-30,False,True,177,False,Jun 2014,Q2 2014
20140627,2014-06-27,2014,6,June,27,2,4,Friday,2014,26,2014-06-01,2014-06-30,False,True,178,False,Jun 2014,Q2 2014
20140628,2014-06-28,2014,6,June,28,2,5,Saturday,2014,26,2014-06-01,2014-06-30,False,False,179,False,Jun 2014,Q2 2014
20140629,2014-06-29,2014,6,June,29,2,6,Sunday,2014,26,2014-06-01,2014-06-30,False,False,180,False,Jun 2014,Q2 2014
20140630,2014-06-30,2014,6,June,30,2,0,Monday,2014,27,2014-06-01,2014-06-30,True,True,181,False,Jun 2014,Q2 2014
20140701,2014-07-01,2014,7,July,1,3,1,Tuesday,2014,27,2014-07-01,2014-07-31,False,True,182,False,Jul 2014,Q3 2014
20140702,2014-07-02,2014,7,July,2,3,2,Wednesday,2014,27,2014-07-01,2014-07-31,False,True,183,False,Jul 2014,Q3 2014
20140703,2014-07-03,2014,7,July,3,3,3,Thursday,2014,27,2014-07-01,2014-07-31,False,True,184,False,Jul 2014,Q3 2014
20140704,2014-07-04,2014,7,July,4,3,4,Friday,2014,27,2014-07-01,2014-07-31,False,True,185,False,Jul 2014,Q3 2014
20140705,2014-07-05,2014,7,July,5,3,5,Saturday,2014,27,2014-07-01,2014-07-31,False,False,186,False,Jul 2014,Q3 2014
20140706,2014-07-06,2014,7,July,6,3,6,Sunday,2014,27,2014-07-01,2014-07-31,False,False,187,False,Jul 2014,Q3 2014
20140707,2014-07-07,2014,7,July,7,3,0,Monday,2014,28,2014-07-01,2014-07-31,False,True,188,False,Jul 2014,Q3 2014
20140708,2014-07-08,2014,7,July,8,3,1,Tuesday,2014,28,2014-07-01,2014-07-31,False,True,189,False,Jul 2014,Q3 2014
20140709,2014-07-09,2014,7,July,9,3,2,Wednesday,2014,28,2014-07-01,2014-07-31,False,True,190,False,Jul 2014,Q3 2014
20140710,2014-07-10,2014,7,July,10,3,3,Thursday,2014,28,2014-07-01,2014-07-31,False,True,191,False,Jul 2014,Q3 2014
20140711,2014-07-11,2014,7,July,11,3,4,Friday,2014,28,2014-07-01,2014-07-31,False,True,192,False,Jul 2014,Q3 2014
20140712,2014-07-12,2014,7,July,12,3,5,Saturday,2014,28,2014-07-01,2014-07-31,False,False,193,False,Jul 2014,Q3 2014
20140713,2014-07-13,2014,7,July,13,3,6,Sunday,2014,28,2014-07-01,2014-07-31,False,False,194,False,Jul 2014,Q3 2014
20140714,2014-07-14,2014,7,July,14,3,0,Monday,2014,29,2014-07-01,2014-07-31,False,True,195,False,Jul 2014,Q3 2014
20140715,2014-07-15,2014,7,July,15,3,1,Tuesday,2014,29,2014-07-01,2014-07-31,False,True,196,False,Jul 2014,Q3 2014
20140716,2014-07-16,2014,7,July,16,3,2,Wednesday,2014,29,2014-07-01,2014-07-31,False,True,197,False,Jul 2014,Q3 2014
20140717,2014-07-17,2014,7,July,17,3,3,Thursday,2014,29,2014-07-01,2014-07-31,False,True,198,False,Jul 2014,Q3 2014
20140718,2014-07-18,2014,7,July,18,3,4,Friday,2014,29,2014-07-01,2014-07-31,False,True,199,False,Jul 2014,Q3 2014
20140719,2014-07-19,2014,7,July,19,3,5,Saturday,2014,29,2014-07-01,2014-07-31,False,False,200,False,Jul 2014,Q3 2014
20140720,2014-07-20,2014,7,July,20,3,6,Sunday,2014,29,2014-07-01,2014-07-31,False,False,201,False,Jul 2014,Q3 2014
20140721,2014-07-21,2014,7,July,21,3,0,Monday,2014,30,2014-07-01,2014-07-31,False,True,202,False,Jul 2014,Q3 2014
20140722,2014-07-22,2014,7,July,22,3,1,Tuesday,2014,30,2014-07-01,2014-07-31,False,True,203,False,Jul 2014,Q3 2014
20140723,2014-07-23,2014,7,July,23,3,2,Wednesday,2014,30,2014-07-01,2014-07-31,False,True,204,False,Jul 2014,Q3 2014
20140724,2014-07-24,2014,7,July,24,3,3,Thursday,2014,30,2014-07-01,2014-07-31,False,True,205,False,Jul 2014,Q3 2014
20140725,2014-07-25,2014,7,July,25,3,4,Friday,2014,30,2014-07-01,2014-07-31,False,True,206,False,Jul 2014,Q3 2014
20140726,2014-07-26,2014,7,July,26,3,5,Saturday,2014,30,2014-07-01,2014-07-31,False,False,207,False,Jul 2014,Q3 2014
20140727,2014-07-27,2014,7,July,27,3,6,Sunday,2014,30,2014-07-01,2014-07-31,False,False,208,False,Jul 2014,Q3 2014
20140728,2014-07-28,2014,7,July,28,3,0,Monday,2014,31,2014-07-01,2014-07-31,False,True,209,False,Jul 2014,Q3 2014
20140729,2014-07-29,2014,7,July,29,3,1,Tuesday,2014,31,2014-07-01,2014-07-31,False,True,210,False,Jul 2014,Q3 2014
20140730,2014-07-30,2014,7,July,30,3,2,Wednesday,2014,31,2014-07-01,2014-07-31,False,True,211,False,Jul 2014,Q3 2014
20140731,2014-07-31,2014,7,July,31,3,3,Thursday,2014,31,2014-07-01,2014-07-31,True,True,212,False,Jul 2014,Q3 2014
20140801,2014-08-01,2014,8,August,1,3,4,Friday,2014,31,2014-08-01,2014-08-31,False,True,213,False,Aug 2014,Q3 2014
20140802,2014-08-02,2014,8,August,2,3,5,Saturday,2014,31,2014-08-01,2014-08-31,False,False,214,False,Aug 2014,Q3 2014
20140803,2014-08-03,2014,8,August,3,3,6,Sunday,2014,31,2014-08-01,2014-08-31,False,False,215,False,Aug 2014,Q3 2014
20140804,2014-08-04,2014,8,August,4,3,0,Monday,2014,32,2014-08-01,2014-08-31,False,True,216,False,Aug 2014,Q3 2014
20140805,2014-08-05,2014,8,August,5,3,1,Tuesday,2014,32,2014-08-01,2014-08-31,False,True,217,False,Aug 2014,Q3 2014
20140806,2014-08-06,2014,8,August,6,3,2,Wednesday,2014,32,2014-08-01,2014-08-31,False,True,218,False,Aug 2014,Q3 2014
20140807,2014-08-07,2014,8,August,7,3,3,Thursday,2014,32,2014-08-01,2014-08-31,False,True,219,False,Aug 2014,Q3 2014
20140808,2014-08-08,2014,8,August,8,3,4,Friday,2014,32,2014-08-01,2014-08-31,False,True,220,False,Aug 2014,Q3 2014
20140809,2014-08-09,2014,8,August,9,3,5,Saturday,2014,32,2014-08-01,2014-08-31,False,False,221,False,Aug 2014,Q3 2014
20140810,2014-08-10,2014,8,August,10,3,6,Sunday,2014,32,2014-08-01,2014-08-31,False,False,222,False,Aug 2014,Q3 2014
20140811,2014-08-11,2014,8,August,11,3,0,Monday,2014,33,2014-08-01,2014-08-31,False,True,223,False,Aug 2014,Q3 2014
20140812,2014-08-12,2014,8,August,12,3,1,Tuesday,2014,33,2014-08-01,2014-08-31,False,True,224,False,Aug 2014,Q3 2014
20140813,2014-08-13,2014,8,August,13,3,2,Wednesday,2014,33,2014-08-01,2014-08-31,False,True,225,False,Aug 2014,Q3 2014
20140814,2014-08-14,2014,8,August,14,3,3,Thursday,2014,33,2014-08-01,2014-08-31,False,True,226,False,Aug 2014,Q3 2014
20140815,2014-08-15,2014,8,August,15,3,4,Friday,2014,33,2014-08-01,2014-08-31,False,True,227,False,Aug 2014,Q3 2014
20140816,2014-08-16,2014,8,August,16,3,5,Saturday,2014,33,2014-08-01,2014-08-31,False,False,228,False,Aug 2014,Q3 2014
20140817,2014-08-17,2014,8,August,17,3,6,Sunday,2014,33,2014-08-01,2014-08-31,False,False,229,False,Aug 2014,Q3 2014
20140818,2014-08-18,2014,8,August,18,3,0,Monday,2014,34,2014-08-01,2014-08-31,False,True,230,False,Aug 2014,Q3 2014
20140819,2014-08-19,2014,8,August,19,3,1,Tuesday,2014,34,2014-08-01,2014-08-31,False,True,231,False,Aug 2014,Q3 2014
20140820,2014-08-20,2014,8,August,20,3,2,Wednesday,2014,34,2014-08-01,2014-08-31,False,True,232,False,Aug 2014,Q3 2014
20140821,2014-08-21,2014,8,August,21,3,3,Thursday,2014,34,2014-08-01,2014-08-31,False,True,233,False,Aug 2014,Q3 2014
20140822,2014-08-22,2014,8,August,22,3,4,Friday,2014,34,2014-08-01,2014-08-31,False,True,234,False,Aug 2014,Q3 2014
20140823,2014-08-23,2014,8,August,23,3,5,Saturday,2014,34,2014-08-01,2014-08-31,False,False,235,False,Aug 2014,Q3 2014
20140824,2014-08-24,2014,8,August,24,3,6,Sunday,2014,34,2014-08-01,2014-08-31,False,False,236,False,Aug 2014,Q3 2014
20140825,2014-08-25,2014,8,August,25,3,0,Monday,2014,35,2014-08-01,2014-08-31,False,True,237,False,Aug 2014,Q3 2014
20140826,2014-08-26,2014,8,August,26,3,1,Tuesday,2014,35,2014-08-01,2014-08-31,False,True,238,False,Aug 2014,Q3 2014
20140827,2014-08-27,2014,8,August,27,3,2,Wednesday,2014,35,2014-08-01,2014-08-31,False,True,239,False,Aug 2014,Q3 2014
20140828,2014-08-28,2014,8,August,28,3,3,Thursday,2014,35,2014-08-01,2014-08-31,False,True,240,False,Aug 2014,Q3 2014
20140829,2014-08-29,2014,8,August,29,3,4,Friday,2014,35,2014-08-01,2014-08-31,False,True,241,False,Aug 2014,Q3 2014
20140830,2014-08-30,2014,8,August,30,3,5,Saturday,2014,35,2014-08-01,2014-08-31,False,False,242,False,Aug 2014,Q3 2014
20140831,2014-08-31,2014,8,August,31,3,6,Sunday,2014,35,2014-08-01,2014-08-31,True,False,243,False,Aug 2014,Q3 2014
20140901,2014-09-01,2014,9,September,1,3,0,Monday,2014,36,2014-09-01,2014-09-30,False,True,244,False,Sep 2014,Q3 2014
20140902,2014-09-02,2014,9,September,2,3,1,Tuesday,2014,36,2014-09-01,2014-09-30,False,True,245,False,Sep 2014,Q3 2014
20140903,2014-09-03,2014,9,September,3,3,2,Wednesday,2014,36,2014-09-01,2014-09-30,False,True,246,False,Sep 2014,Q3 2014
20140904,2014-09-04,2014,9,September,4,3,3,Thursday,2014,36,2014-09-01,2014-09-30,False,True,247,False,Sep 2014,Q3 2014
20140905,2014-09-05,2014,9,September,5,3,4,Friday,2014,36,2014-09-01,2014-09-30,False,True,248,False,Sep 2014,Q3 2014
20140906,2014-09-06,2014,9,September,6,3,5,Saturday,2014,36,2014-09-01,2014-09-30,False,False,249,False,Sep 2014,Q3 2014
20140907,2014-09-07,2014,9,September,7,3,6,Sunday,2014,36,2014-09-01,2014-09-30,False,False,250,False,Sep 2014,Q3 2014
20140908,2014-09-08,2014,9,September,8,3,0,Monday,2014,37,2014-09-01,2014-09-30,False,True,251,False,Sep 2014,Q3 2014
20140909,2014-09-09,2014,9,September,9,3,1,Tuesday,2014,37,2014-09-01,2014-09-30,False,True,252,False,Sep 2014,Q3 2014
20140910,2014-09-10,2014,9,September,10,3,2,Wednesday,2014,37,2014-09-01,2014-09-30,False,True,253,False,Sep 2014,Q3 2014
20140911,2014-09-11,2014,9,September,11,3,3,Thursday,2014,37,2014-09-01,2014-09-30,False,True,254,False,Sep 2014,Q3 2014
20140912,2014-09-12,2014,9,September,12,3,4,Friday,2014,37,2014-09-01,2014-09-30,False,True,255,False,Sep 2014,Q3 2014
20140913,2014-09-13,2014,9,September,13,3,5,Saturday,2014,37,2014-09-01,2014-09-30,False,False,256,False,Sep 2014,Q3 2014
20140914,2014-09-14,2014,9,September,14,3,6,Sunday,2014,37,2014-09-01,2014-09-30,False,False,257,False,Sep 2014,Q3 2014
20140915,2014-09-15,2014,9,September,15,3,0,Monday,2014,38,2014-09-01,2014-09-30,False,True,258,False,Sep 2014,Q3 2014
20140916,2014-09-16,2014,9,September,16,3,1,Tuesday,2014,38,2014-09-01,2014-09-30,False,True,259,False,Sep 2014,Q3 2014
20140917,2014-09-17,2014,9,September,17,3,2,Wednesday,2014,38,2014-09-01,2014-09-30,False,True,260,False,Sep 2014,Q3 2014
20140918,2014-09-18,2014,9,September,18,3,3,Thursday,2014,38,2014-09-01,2014-09-30,False,True,261,False,Sep 2014,Q3 2014
20140919,2014-09-19,2014,9,September,19,3,4,Friday,2014,38,2014-09-01,2014-09-30,False,True,262,False,Sep 2014,Q3 2014
20140920,2014-09-20,2014,9,September,20,3,5,Saturday,2014,38,2014-09-01,2014-09-30,False,False,263,False,Sep 2014,Q3 2014
20140921,2014-09-21,2014,9,September,21,3,6,Sunday,2014,38,2014-09-01,2014-09-30,False,False,264,False,Sep 2014,Q3 2014
20140922,2014-09-22,2014,9,September,22,3,0,Monday,2014,39,2014-09-01,2014-09-30,False,True,265,False,Sep 2014,Q3 2014
20140923,2014-09-23,2014,9,September,23,3,1,Tuesday,2014,39,2014-09-01,2014-09-30,False,True,266,False,Sep 2014,Q3 2014
20140924,2014-09-24,2014,9,September,24,3,2,Wednesday,2014,39,2014-09-01,2014-09-30,False,True,267,False,Sep 2014,Q3 2014
20140925,2014-09-25,2014,9,September,25,3,3,Thursday,2014,39,2014-09-01,2014-09-30,False,True,268,False,Sep 2014,Q3 2014
20140926,2014-09-26,2014,9,September,26,3,4,Friday,2014,39,2014-09-01,2014-09-30,False,True,269,False,Sep 2014,Q3 2014
20140927,2014-09-27,2014,9,September,27,3,5,Saturday,2014,39,2014-09-01,2014-09-30,False,False,270,False,Sep 2014,Q3 2014
20140928,2014-09-28,2014,9,September,28,3,6,Sunday,2014,39,2014-09-01,2014-09-30,False,False,271,False,Sep 2014,Q3 2014
20140929,2014-09-29,2014,9,September,29,3,0,Monday,2014,40,2014-09-01,2014-09-30,False,True,272,False,Sep 2014,Q3 2014
20140930,2014-09-30,2014,9,September,30,3,1,Tuesday,2014,40,2014-09-01,2014-09-30,True,True,273,False,Sep 2014,Q3 2014
20141001,2014-10-01,2014,10,October,1,4,2,Wednesday,2014,40,2014-10-01,2014-10-31,False,True,274,False,Oct 2014,Q4 2014
20141002,2014-10-02,2014,10,October,2,4,3,Thursday,2014,40,2014-10-01,2014-10-31,False,True,275,False,Oct 2014,Q4 2014
20141003,2014-10-03,2014,10,October,3,4,4,Friday,2014,40,2014-10-01,2014-10-31,False,True,276,False,Oct 2014,Q4 2014
20141004,2014-10-04,2014,10,October,4,4,5,Saturday,2014,40,2014-10-01,2014-10-31,False,False,277,False,Oct 2014,Q4 2014
20141005,2014-10-05,2014,10,October,5,4,6,Sunday,2014,40,2014-10-01,2014-10-31,False,False,278,False,Oct 2014,Q4 2014
20141006,2014-10-06,2014,10,October,6,4,0,Monday,2014,41,2014-10-01,2014-10-31,False,True,279,False,Oct 2014,Q4 2014
20141007,2014-10-07,2014,10,October,7,4,1,Tuesday,2014,41,2014-10-01,2014-10-31,False,True,280,False,Oct 2014,Q4 2014
20141008,2014-10-08,2014,10,October,8,4,2,Wednesday,2014,41,2014-10-01,2014-10-31,False,True,281,False,Oct 2014,Q4 2014
20141009,2014-10-09,2014,10,October,9,4,3,Thursday,2014,41,2014-10-01,2014-10-31,False,True,282,False,Oct 2014,Q4 2014
20141010,2014-10-10,2014,10,October,10,4,4,Friday,2014,41,2014-10-01,2014-10-31,False,True,283,False,Oct 2014,Q4 2014
20141011,2014-10-11,2014,10,October,11,4,5,Saturday,2014,41,2014-10-01,2014-10-31,False,False,284,False,Oct 2014,Q4 2014
20141012,2014-10-12,2014,10,October,12,4,6,Sunday,2014,41,2014-10-01,2014-10-31,False,False,285,False,Oct 2014,Q4 2014
20141013,2014-10-13,2014,10,October,13,4,0,Monday,2014,42,2014-10-01,2014-10-31,False,True,286,False,Oct 2014,Q4 2014
20141014,2014-10-14,2014,10,October,14,4,1,Tuesday,2014,42,2014-10-01,2014-10-31,False,True,287,False,Oct 2014,Q4 2014
20141015,2014-10-15,2014,10,October,15,4,2,Wednesday,2014,42,2014-10-01,2014-10-31,False,True,288,False,Oct 2014,Q4 2014
20141016,2014-10-16,2014,10,October,16,4,3,Thursday,2014,42,2014-10-01,2014-10-31,False,True,289,False,Oct 2014,Q4 2014
20141017,2014-10-17,2014,10,October,17,4,4,Friday,2014,42,2014-10-01,2014-10-31,False,True,290,False,Oct 2014,Q4 2014
20141018,2014-10-18,2014,10,October,18,4,5,Saturday,2014,42,2014-10-01,2014-10-31,False,False,291,False,Oct 2014,Q4 2014
20141019,2014-10-19,2014,10,October,19,4,6,Sunday,2014,42,2014-10-01,2014-10-31,False,False,292,False,Oct 2014,Q4 2014
20141020,2014-10-20,2014,10,October,20,4,0,Monday,2014,43,2014-10-01,2014-10-31,False,True,293,False,Oct 2014,Q4 2014
20141021,2014-10-21,2014,10,October,21,4,1,Tuesday,2014,43,2014-10-01,2014-10-31,False,True,294,False,Oct 2014,Q4 2014
20141022,2014-10-22,2014,10,October,22,4,2,Wednesday,2014,43,2014-10-01,2014-10-31,False,True,295,False,Oct 2014,Q4 2014
20141023,2014-10-23,2014,10,October,23,4,3,Thursday,2014,43,2014-10-01,2014-10-31,False,True,296,False,Oct 2014,Q4 2014
20141024,2014-10-24,2014,10,October,24,4,4,Friday,2014,43,2014-10-01,2014-10-31,False,True,297,False,Oct 2014,Q4 2014
20141025,2014-10-25,2014,10,October,25,4,5,Saturday,2014,43,2014-10-01,2014-10-31,False,False,298,False,Oct 2014,Q4 2014
20141026,2014-10-26,2014,10,October,26,4,6,Sunday,2014,43,2014-10-01,2014-10-31,False,False,299,False,Oct 2014,Q4 2014
20141027,2014-10-27,2014,10,October,27,4,0,Monday,2014,44,2014-10-01,2014-10-31,False,True,300,False,Oct 2014,Q4 2014
20141028,2014-10-28,2014,10,October,28,4,1,Tuesday,2014,44,2014-10-01,2014-10-31,False,True,301,False,Oct 2014,Q4 2014
20141029,2014-10-29,2014,10,October,29,4,2,Wednesday,2014,44,2014-10-01,2014-10-31,False,True,302,False,Oct 2014,Q4 2014
20141030,2014-10-30,2014,10,October,30,4,3,Thursday,2014,44,2014-10-01,2014-10-31,False,True,303,False,Oct 2014,Q4 2014
20141031,2014-10-31,2014,10,October,31,4,4,Friday,2014,44,2014-10-01,2014-10-31,True,True,304,False,Oct 2014,Q4 2014
20141101,2014-11-01,2014,11,November,1,4,5,Saturday,2014,44,2014-11-01,2014-11-30,False,False,305,False,Nov 2014,Q4 2014
20141102,2014-11-02,2014,11,November,2,4,6,Sunday,2014,44,2014-11-01,2014-11-30,False,False,306,False,Nov 2014,Q4 2014
20141103,2014-11-03,2014,11,November,3,4,0,Monday,2014,45,2014-11-01,2014-11-30,False,True,307,False,Nov 2014,Q4 2014
20141104,2014-11-04,2014,11,November,4,4,1,Tuesday,2014,45,2014-11-01,2014-11-30,False,True,308,False,Nov 2014,Q4 2014
20141105,2014-11-05,2014,11,November,5,4,2,Wednesday,2014,45,2014-11-01,2014-11-30,False,True,309,False,Nov 2014,Q4 2014
20141106,2014-11-06,2014,11,November,6,4,3,Thursday,2014,45,2014-11-01,2014-11-30,False,True,310,False,Nov 2014,Q4 2014
20141107,2014-11-07,2014,11,November,7,4,4,Friday,2014,45,2014-11-01,2014-11-30,False,True,311,False,Nov 2014,Q4 2014
20141108,2014-11-08,2014,11,November,8,4,5,Saturday,2014,45,2014-11-01,2014-11-30,False,False,312,False,Nov 2014,Q4 2014
20141109,2014-11-09,2014,11,November,9,4,6,Sunday,2014,45,2014-11-01,2014-11-30,False,False,313,False,Nov 2014,Q4 2014
20141110,2014-11-10,2014,11,November,10,4,0,Monday,2014,46,2014-11-01,2014-11-30,False,True,314,False,Nov 2014,Q4 2014
20141111,2014-11-11,2014,11,November,11,4,1,Tuesday,2014,46,2014-11-01,2014-11-30,False,True,315,False,Nov 2014,Q4 2014
20141112,2014-11-12,2014,11,November,12,4,2,Wednesday,2014,46,2014-11-01,2014-11-30,False,True,316,False,Nov 2014,Q4 2014
20141113,2014-11-13,2014,11,November,13,4,3,Thursday,2014,46,2014-11-01,2014-11-30,False,True,317,False,Nov 2014,Q4 2014
20141114,2014-11-14,2014,11,November,14,4,4,Friday,2014,46,2014-11-01,2014-11-30,False,True,318,False,Nov 2014,Q4 2014
20141115,2014-11-15,2014,11,November,15,4,5,Saturday,2014,46,2014-11-01,2014-11-30,False,False,319,False,Nov 2014,Q4 2014
20141116,2014-11-16,2014,11,November,16,4,6,Sunday,2014,46,2014-11-01,2014-11-30,False,False,320,False,Nov 2014,Q4 2014
20141117,2014-11-17,2014,11,November,17,4,0,Monday,2014,47,2014-11-01,2014-11-30,False,True,321,False,Nov 2014,Q4 2014
20141118,2014-11-18,2014,11,November,18,4,1,Tuesday,2014,47,2014-11-01,2014-11-30,False,True,322,False,Nov 2014,Q4 2014
20141119,2014-11-19,2014,11,November,19,4,2,Wednesday,2014,47,2014-11-01,2014-11-30,False,True,323,False,Nov 2014,Q4 2014
20141120,2014-11-20,2014,11,November,20,4,3,Thursday,2014,47,2014-11-01,2014-11-30,False,True,324,False,Nov 2014,Q4 2014
20141121,2014-11-21,2014,11,November,21,4,4,Friday,2014,47,2014-11-01,2014-11-30,False,True,325,False,Nov 2014,Q4 2014
20141122,2014-11-22,2014,11,November,22,4,5,Saturday,2014,47,2014-11-01,2014-11-30,False,False,326,False,Nov 2014,Q4 2014
20141123,2014-11-23,2014,11,November,23,4,6,Sunday,2014,47,2014-11-01,2014-11-30,False,False,327,False,Nov 2014,Q4 2014
20141124,2014-11-24,2014,11,November,24,4,0,Monday,2014,48,2014-11-01,2014-11-30,False,True,328,False,Nov 2014,Q4 2014
20141125,2014-11-25,2014,11,November,25,4,1,Tuesday,2014,48,2014-11-01,2014-11-30,False,True,329,False,Nov 2014,Q4 2014
20141126,2014-11-26,2014,11,November,26,4,2,Wednesday,2014,48,2014-11-01,2014-11-30,False,True,330,False,Nov 2014,Q4 2014
20141127,2014-11-27,2014,11,November,27,4,3,Thursday,2014,48,2014-11-01,2014-11-30,False,True,331,False,Nov 2014,Q4 2014
20141128,2014-11-28,2014,11,November,28,4,4,Friday,2014,48,2014-11-01,2014-11-30,False,True,332,False,Nov 2014,Q4 2014
20141129,2014-11-29,2014,11,November,29,4,5,Saturday,2014,48,2014-11-01,2014-11-30,False,False,333,False,Nov 2014,Q4 2014
20141130,2014-11-30,2014,11,November,30,4,6,Sunday,2014,48,2014-11-01,2014-11-30,True,False,334,False,Nov 2014,Q4 2014
20141201,2014-12-01,2014,12,December,1,4,0,Monday,2014,49,2014-12-01,2014-12-31,False,True,335,False,Dec 2014,Q4 2014
20141202,2014-12-02,2014,12,December,2,4,1,Tuesday,2014,49,2014-12-01,2014-12-31,False,True,336,False,Dec 2014,Q4 2014
20141203,2014-12-03,2014,12,December,3,4,2,Wednesday,2014,49,2014-12-01,2014-12-31,False,True,337,False,Dec 2014,Q4 2014
20141204,2014-12-04,2014,12,December,4,4,3,Thursday,2014,49,2014-12-01,2014-12-31,False,True,338,False,Dec 2014,Q4 2014
20141205,2014-12-05,2014,12,December,5,4,4,Friday,2014,49,2014-12-01,2014-12-31,False,True,339,False,Dec 2014,Q4 2014
20141206,2014-12-06,2014,12,December,6,4,5,Saturday,2014,49,2014-12-01,2014-12-31,False,False,340,False,Dec 2014,Q4 2014
20141207,2014-12-07,2014,12,December,7,4,6,Sunday,2014,49,2014-12-01,2014-12-31,False,False,341,False,Dec 2014,Q4 2014
20141208,2014-12-08,2014,12,December,8,4,0,Monday,2014,50,2014-12-01,2014-12-31,False,True,342,False,Dec 2014,Q4 2014
20141209,2014-12-09,2014,12,December,9,4,1,Tuesday,2014,50,2014-12-01,2014-12-31,False,True,343,False,Dec 2014,Q4 2014
20141210,2014-12-10,2014,12,December,10,4,2,Wednesday,2014,50,2014-12-01,2014-12-31,False,True,344,False,Dec 2014,Q4 2014
20141211,2014-12-11,2014,12,December,11,4,3,Thursday,2014,50,2014-12-01,2014-12-31,False,True,345,False,Dec 2014,Q4 2014
20141212,2014-12-12,2014,12,December,12,4,4,Friday,2014,50,2014-12-01,2014-12-31,False,True,346,False,Dec 2014,Q4 2014
20141213,2014-12-13,2014,12,December,13,4,5,Saturday,2014,50,2014-12-01,2014-12-31,False,False,347,False,Dec 2014,Q4 2014
20141214,2014-12-14,2014,12,December,14,4,6,Sunday,2014,50,2014-12-01,2014-12-31,False,False,348,False,Dec 2014,Q4 2014
20141215,2014-12-15,2014,12,December,15,4,0,Monday,2014,51,2014-12-01,2014-12-31,False,True,349,False,Dec 2014,Q4 2014
20141216,2014-12-16,2014,12,December,16,4,1,Tuesday,2014,51,2014-12-01,2014-12-31,False,True,350,False,Dec 2014,Q4 2014
20141217,2014-12-17,2014,12,December,17,4,2,Wednesday,2014,51,2014-12-01,2014-12-31,False,True,351,False,Dec 2014,Q4 2014
20141218,2014-12-18,2014,12,December,18,4,3,Thursday,2014,51,2014-12-01,2014-12-31,False,True,352,False,Dec 2014,Q4 2014
20141219,2014-12-19,2014,12,December,19,4,4,Friday,2014,51,2014-12-01,2014-12-31,False,True,353,False,Dec 2014,Q4 2014
20141220,2014-12-20,2014,12,December,20,4,5,Saturday,2014,51,2014-12-01,2014-12-31,False,False,354,False,Dec 2014,Q4 2014
20141221,2014-12-21,2014,12,December,21,4,6,Sunday,2014,51,2014-12-01,2014-12-31,False,False,355,False,Dec 2014,Q4 2014
20141222,2014-12-22,2014,12,December,22,4,0,Monday,2014,52,2014-12-01,2014-12-31,False,True,356,False,Dec 2014,Q4 2014
20141223,2014-12-23,2014,12,December,23,4,1,Tuesday,2014,52,2014-12-01,2014-12-31,False,True,357,False,Dec 2014,Q4 2014
20141224,2014-12-24,2014,12,December,24,4,2,Wednesday,2014,52,2014-12-01,2014-12-31,False,True,358,False,Dec 2014,Q4 2014
20141225,2014-12-25,2014,12,December,25,4,3,Thursday,2014,52,2014-12-01,2014-12-31,False,True,359,False,Dec 2014,Q4 2014
20141226,2014-12-26,2014,12,December,26,4,4,Friday,2014,52,2014-12-01,2014-12-31,False,True,360,False,Dec 2014,Q4 2014
20141227,2014-12-27,2014,12,December,27,4,5,Saturday,2014,52,2014-12-01,2014-12-31,False,False,361,False,Dec 2014,Q4 2014
20141228,2014-12-28,2014,12,December,28,4,6,Sunday,2014,52,2014-12-01,2014-12-31,False,False,362,False,Dec 2014,Q4 2014
20141229,2014-12-29,2014,12,December,29,4,0,Monday,2015,1,2014-12-01,2014-12-31,False,True,363,False,Dec 2014,Q4 2014
20141230,2014-12-30,2014,12,December,30,4,1,Tuesday,2015,1,2014-12-01,2014-12-31,False,True,364,False,Dec 2014,Q4 2014
20141231,2014-12-31,2014,12,December,31,4,2,Wednesday,2015,1,2014-12-01,2014-12-31,True,True,365,False,Dec 2014,Q4 2014
20150101,2015-01-01,2015,1,January,1,1,3,Thursday,2015,1,2015-01-01,2015-01-31,False,True,1,False,Jan 2015,Q1 2015
20150102,2015-01-02,2015,1,January,2,1,4,Friday,2015,1,2015-01-01,2015-01-31,False,True,2,False,Jan 2015,Q1 2015
20150103,2015-01-03,2015,1,January,3,1,5,Saturday,2015,1,2015-01-01,2015-01-31,False,False,3,False,Jan 2015,Q1 2015
20150104,2015-01-04,2015,1,January,4,1,6,Sunday,2015,1,2015-01-01,2015-01-31,False,False,4,False,Jan 2015,Q1 2015
20150105,2015-01-05,2015,1,January,5,1,0,Monday,2015,2,2015-01-01,2015-01-31,False,True,5,False,Jan 2015,Q1 2015
20150106,2015-01-06,2015,1,January,6,1,1,Tuesday,2015,2,2015-01-01,2015-01-31,False,True,6,False,Jan 2015,Q1 2015
20150107,2015-01-07,2015,1,January,7,1,2,Wednesday,2015,2,2015-01-01,2015-01-31,False,True,7,False,Jan 2015,Q1 2015
20150108,2015-01-08,2015,1,January,8,1,3,Thursday,2015,2,2015-01-01,2015-01-31,False,True,8,False,Jan 2015,Q1 2015
20150109,2015-01-09,2015,1,January,9,1,4,Friday,2015,2,2015-01-01,2015-01-31,False,True,9,False,Jan 2015,Q1 2015
20150110,2015-01-10,2015,1,January,10,1,5,Saturday,2015,2,2015-01-01,2015-01-31,False,False,10,False,Jan 2015,Q1 2015
20150111,2015-01-11,2015,1,January,11,1,6,Sunday,2015,2,2015-01-01,2015-01-31,False,False,11,False,Jan 2015,Q1 2015
20150112,2015-01-12,2015,1,January,12,1,0,Monday,2015,3,2015-01-01,2015-01-31,False,True,12,False,Jan 2015,Q1 2015
20150113,2015-01-13,2015,1,January,13,1,1,Tuesday,2015,3,2015-01-01,2015-01-31,False,True,13,False,Jan 2015,Q1 2015
20150114,2015-01-14,2015,1,January,14,1,2,Wednesday,2015,3,2015-01-01,2015-01-31,False,True,14,False,Jan 2015,Q1 2015
20150115,2015-01-15,2015,1,January,15,1,3,Thursday,2015,3,2015-01-01,2015-01-31,False,True,15,False,Jan 2015,Q1 2015
20150116,2015-01-16,2015,1,January,16,1,4,Friday,2015,3,2015-01-01,2015-01-31,False,True,16,False,Jan 2015,Q1 2015
20150117,2015-01-17,2015,1,January,17,1,5,Saturday,2015,3,2015-01-01,2015-01-31,False,False,17,False,Jan 2015,Q1 2015
20150118,2015-01-18,2015,1,January,18,1,6,Sunday,2015,3,2015-01-01,2015-01-31,False,False,18,False,Jan 2015,Q1 2015
20150119,2015-01-19,2015,1,January,19,1,0,Monday,2015,4,2015-01-01,2015-01-31,False,True,19,False,Jan 2015,Q1 2015
20150120,2015-01-20,2015,1,January,20,1,1,Tuesday,2015,4,2015-01-01,2015-01-31,False,True,20,False,Jan 2015,Q1 2015
20150121,2015-01-21,2015,1,January,21,1,2,Wednesday,2015,4,2015-01-01,2015-01-31,False,True,21,False,Jan 2015,Q1 2015
20150122,2015-01-22,2015,1,January,22,1,3,Thursday,2015,4,2015-01-01,2015-01-31,False,True,22,False,Jan 2015,Q1 2015
20150123,2015-01-23,2015,1,January,23,1,4,Friday,2015,4,2015-01-01,2015-01-31,False,True,23,False,Jan 2015,Q1 2015
20150124,2015-01-24,2015,1,January,24,1,5,Saturday,2015,4,2015-01-01,2015-01-31,False,False,24,False,Jan 2015,Q1 2015
20150125,2015-01-25,2015,1,January,25,1,6,Sunday,2015,4,2015-01-01,2015-01-31,False,False,25,False,Jan 2015,Q1 2015
20150126,2015-01-26,2015,1,January,26,1,0,Monday,2015,5,2015-01-01,2015-01-31,False,True,26,False,Jan 2015,Q1 2015
20150127,2015-01-27,2015,1,January,27,1,1,Tuesday,2015,5,2015-01-01,2015-01-31,False,True,27,False,Jan 2015,Q1 2015
20150128,2015-01-28,2015,1,January,28,1,2,Wednesday,2015,5,2015-01-01,2015-01-31,False,True,28,False,Jan 2015,Q1 2015
20150129,2015-01-29,2015,1,January,29,1,3,Thursday,2015,5,2015-01-01,2015-01-31,False,True,29,False,Jan 2015,Q1 2015
20150130,2015-01-30,2015,1,January,30,1,4,Friday,2015,5,2015-01-01,2015-01-31,False,True,30,False,Jan 2015,Q1 2015
20150131,2015-01-31,2015,1,January,31,1,5,Saturday,2015,5,2015-01-01,2015-01-31,True,False,31,False,Jan 2015,Q1 2015
20150201,2015-02-01,2015,2,February,1,1,6,Sunday,2015,5,2015-02-01,2015-02-28,False,False,32,False,Feb 2015,Q1 2015
20150202,2015-02-02,2015,2,February,2,1,0,Monday,2015,6,2015-02-01,2015-02-28,False,True,33,False,Feb 2015,Q1 2015
20150203,2015-02-03,2015,2,February,3,1,1,Tuesday,2015,6,2015-02-01,2015-02-28,False,True,34,False,Feb 2015,Q1 2015
20150204,2015-02-04,2015,2,February,4,1,2,Wednesday,2015,6,2015-02-01,2015-02-28,False,True,35,False,Feb 2015,Q1 2015
20150205,2015-02-05,2015,2,February,5,1,3,Thursday,2015,6,2015-02-01,2015-02-28,False,True,36,False,Feb 2015,Q1 2015
20150206,2015-02-06,2015,2,February,6,1,4,Friday,2015,6,2015-02-01,2015-02-28,False,True,37,False,Feb 2015,Q1 2015
20150207,2015-02-07,2015,2,February,7,1,5,Saturday,2015,6,2015-02-01,2015-02-28,False,False,38,False,Feb 2015,Q1 2015
20150208,2015-02-08,2015,2,February,8,1,6,Sunday,2015,6,2015-02-01,2015-02-28,False,False,39,False,Feb 2015,Q1 2015
20150209,2015-02-09,2015,2,February,9,1,0,Monday,2015,7,2015-02-01,2015-02-28,False,True,40,False,Feb 2015,Q1 2015
20150210,2015-02-10,2015,2,February,10,1,1,Tuesday,2015,7,2015-02-01,2015-02-28,False,True,41,False,Feb 2015,Q1 2015
20150211,2015-02-11,2015,2,February,11,1,2,Wednesday,2015,7,2015-02-01,2015-02-28,False,True,42,False,Feb 2015,Q1 2015
20150212,2015-02-12,2015,2,February,12,1,3,Thursday,2015,7,2015-02-01,2015-02-28,False,True,43,False,Feb 2015,Q1 2015
20150213,2015-02-13,2015,2,February,13,1,4,Friday,2015,7,2015-02-01,2015-02-28,False,True,44,False,Feb 2015,Q1 2015
20150214,2015-02-14,2015,2,February,14,1,5,Saturday,2015,7,2015-02-01,2015-02-28,False,False,45,False,Feb 2015,Q1 2015
20150215,2015-02-15,2015,2,February,15,1,6,Sunday,2015,7,2015-02-01,2015-02-28,False,False,46,False,Feb 2015,Q1 2015
20150216,2015-02-16,2015,2,February,16,1,0,Monday,2015,8,2015-02-01,2015-02-28,False,True,47,False,Feb 2015,Q1 2015
20150217,2015-02-17,2015,2,February,17,1,1,Tuesday,2015,8,2015-02-01,2015-02-28,False,True,48,False,Feb 2015,Q1 2015
20150218,2015-02-18,2015,2,February,18,1,2,Wednesday,2015,8,2015-02-01,2015-02-28,False,True,49,False,Feb 2015,Q1 2015
20150219,2015-02-19,2015,2,February,19,1,3,Thursday,2015,8,2015-02-01,2015-02-28,False,True,50,False,Feb 2015,Q1 2015
20150220,2015-02-20,2015,2,February,20,1,4,Friday,2015,8,2015-02-01,2015-02-28,False,True,51,False,Feb 2015,Q1 2015
20150221,2015-02-21,2015,2,February,21,1,5,Saturday,2015,8,2015-02-01,2015-02-28,False,False,52,False,Feb 2015,Q1 2015
20150222,2015-02-22,2015,2,February,22,1,6,Sunday,2015,8,2015-02-01,2015-02-28,False,False,53,False,Feb 2015,Q1 2015
20150223,2015-02-23,2015,2,February,23,1,0,Monday,2015,9,2015-02-01,2015-02-28,False,True,54,False,Feb 2015,Q1 2015
20150224,2015-02-24,2015,2,February,24,1,1,Tuesday,2015,9,2015-02-01,2015-02-28,False,True,55,False,Feb 2015,Q1 2015
20150225,2015-02-25,2015,2,February,25,1,2,Wednesday,2015,9,2015-02-01,2015-02-28,False,True,56,False,Feb 2015,Q1 2015
20150226,2015-02-26,2015,2,February,26,1,3,Thursday,2015,9,2015-02-01,2015-02-28,False,True,57,False,Feb 2015,Q1 2015
20150227,2015-02-27,2015,2,February,27,1,4,Friday,2015,9,2015-02-01,2015-02-28,False,True,58,False,Feb 2015,Q1 2015
20150228,2015-02-28,2015,2,February,28,1,5,Saturday,2015,9,2015-02-01,2015-02-28,True,False,59,False,Feb 2015,Q1 2015
20150301,2015-03-01,2015,3,March,1,1,6,Sunday,2015,9,2015-03-01,2015-03-31,False,False,60,False,Mar 2015,Q1 2015
20150302,2015-03-02,2015,3,March,2,1,0,Monday,2015,10,2015-03-01,2015-03-31,False,True,61,False,Mar 2015,Q1 2015
20150303,2015-03-03,2015,3,March,3,1,1,Tuesday,2015,10,2015-03-01,2015-03-31,False,True,62,False,Mar 2015,Q1 2015
20150304,2015-03-04,2015,3,March,4,1,2,Wednesday,2015,10,2015-03-01,2015-03-31,False,True,63,False,Mar 2015,Q1 2015
20150305,2015-03-05,2015,3,March,5,1,3,Thursday,2015,10,2015-03-01,2015-03-31,False,True,64,False,Mar 2015,Q1 2015
20150306,2015-03-06,2015,3,March,6,1,4,Friday,2015,10,2015-03-01,2015-03-31,False,True,65,False,Mar 2015,Q1 2015
20150307,2015-03-07,2015,3,March,7,1,5,Saturday,2015,10,2015-03-01,2015-03-31,False,False,66,False,Mar 2015,Q1 2015
20150308,2015-03-08,2015,3,March,8,1,6,Sunday,2015,10,2015-03-01,2015-03-31,False,False,67,False,Mar 2015,Q1 2015
20150309,2015-03-09,2015,3,March,9,1,0,Monday,2015,11,2015-03-01,2015-03-31,False,True,68,False,Mar 2015,Q1 2015
20150310,2015-03-10,2015,3,March,10,1,1,Tuesday,2015,11,2015-03-01,2015-03-31,False,True,69,False,Mar 2015,Q1 2015
20150311,2015-03-11,2015,3,March,11,1,2,Wednesday,2015,11,2015-03-01,2015-03-31,False,True,70,False,Mar 2015,Q1 2015
20150312,2015-03-12,2015,3,March,12,1,3,Thursday,2015,11,2015-03-01,2015-03-31,False,True,71,False,Mar 2015,Q1 2015
20150313,2015-03-13,2015,3,March,13,1,4,Friday,2015,11,2015-03-01,2015-03-31,False,True,72,False,Mar 2015,Q1 2015
20150314,2015-03-14,2015,3,March,14,1,5,Saturday,2015,11,2015-03-01,2015-03-31,False,False,73,False,Mar 2015,Q1 2015
20150315,2015-03-15,2015,3,March,15,1,6,Sunday,2015,11,2015-03-01,2015-03-31,False,False,74,False,Mar 2015,Q1 2015
20150316,2015-03-16,2015,3,March,16,1,0,Monday,2015,12,2015-03-01,2015-03-31,False,True,75,False,Mar 2015,Q1 2015
20150317,2015-03-17,2015,3,March,17,1,1,Tuesday,2015,12,2015-03-01,2015-03-31,False,True,76,False,Mar 2015,Q1 2015
20150318,2015-03-18,2015,3,March,18,1,2,Wednesday,2015,12,2015-03-01,2015-03-31,False,True,77,False,Mar 2015,Q1 2015
20150319,2015-03-19,2015,3,March,19,1,3,Thursday,2015,12,2015-03-01,2015-03-31,False,True,78,False,Mar 2015,Q1 2015
20150320,2015-03-20,2015,3,March,20,1,4,Friday,2015,12,2015-03-01,2015-03-31,False,True,79,False,Mar 2015,Q1 2015
20150321,2015-03-21,2015,3,March,21,1,5,Saturday,2015,12,2015-03-01,2015-03-31,False,False,80,False,Mar 2015,Q1 2015
20150322,2015-03-22,2015,3,March,22,1,6,Sunday,2015,12,2015-03-01,2015-03-31,False,False,81,False,Mar 2015,Q1 2015
20150323,2015-03-23,2015,3,March,23,1,0,Monday,2015,13,2015-03-01,2015-03-31,False,True,82,False,Mar 2015,Q1 2015
20150324,2015-03-24,2015,3,March,24,1,1,Tuesday,2015,13,2015-03-01,2015-03-31,False,True,83,False,Mar 2015,Q1 2015
20150325,2015-03-25,2015,3,March,25,1,2,Wednesday,2015,13,2015-03-01,2015-03-31,False,True,84,False,Mar 2015,Q1 2015
20150326,2015-03-26,2015,3,March,26,1,3,Thursday,2015,13,2015-03-01,2015-03-31,False,True,85,False,Mar 2015,Q1 2015
20150327,2015-03-27,2015,3,March,27,1,4,Friday,2015,13,2015-03-01,2015-03-31,False,True,86,False,Mar 2015,Q1 2015
20150328,2015-03-28,2015,3,March,28,1,5,Saturday,2015,13,2015-03-01,2015-03-31,False,False,87,False,Mar 2015,Q1 2015
20150329,2015-03-29,2015,3,March,29,1,6,Sunday,2015,13,2015-03-01,2015-03-31,False,False,88,False,Mar 2015,Q1 2015
20150330,2015-03-30,2015,3,March,30,1,0,Monday,2015,14,2015-03-01,2015-03-31,False,True,89,False,Mar 2015,Q1 2015
20150331,2015-03-31,2015,3,March,31,1,1,Tuesday,2015,14,2015-03-01,2015-03-31,True,True,90,False,Mar 2015,Q1 2015
20150401,2015-04-01,2015,4,April,1,2,2,Wednesday,2015,14,2015-04-01,2015-04-30,False,True,91,False,Apr 2015,Q2 2015
20150402,2015-04-02,2015,4,April,2,2,3,Thursday,2015,14,2015-04-01,2015-04-30,False,True,92,False,Apr 2015,Q2 2015
20150403,2015-04-03,2015,4,April,3,2,4,Friday,2015,14,2015-04-01,2015-04-30,False,True,93,False,Apr 2015,Q2 2015
20150404,2015-04-04,2015,4,April,4,2,5,Saturday,2015,14,2015-04-01,2015-04-30,False,False,94,False,Apr 2015,Q2 2015
20150405,2015-04-05,2015,4,April,5,2,6,Sunday,2015,14,2015-04-01,2015-04-30,False,False,95,False,Apr 2015,Q2 2015
20150406,2015-04-06,2015,4,April,6,2,0,Monday,2015,15,2015-04-01,2015-04-30,False,True,96,False,Apr 2015,Q2 2015
20150407,2015-04-07,2015,4,April,7,2,1,Tuesday,2015,15,2015-04-01,2015-04-30,False,True,97,False,Apr 2015,Q2 2015
20150408,2015-04-08,2015,4,April,8,2,2,Wednesday,2015,15,2015-04-01,2015-04-30,False,True,98,False,Apr 2015,Q2 2015
20150409,2015-04-09,2015,4,April,9,2,3,Thursday,2015,15,2015-04-01,2015-04-30,False,True,99,False,Apr 2015,Q2 2015
20150410,2015-04-10,2015,4,April,10,2,4,Friday,2015,15,2015-04-01,2015-04-30,False,True,100,False,Apr 2015,Q2 2015
20150411,2015-04-11,2015,4,April,11,2,5,Saturday,2015,15,2015-04-01,2015-04-30,False,False,101,False,Apr 2015,Q2 2015
20150412,2015-04-12,2015,4,April,12,2,6,Sunday,2015,15,2015-04-01,2015-04-30,False,False,102,False,Apr 2015,Q2 2015
20150413,2015-04-13,2015,4,April,13,2,0,Monday,2015,16,2015-04-01,2015-04-30,False,True,103,False,Apr 2015,Q2 2015
20150414,2015-04-14,2015,4,April,14,2,1,Tuesday,2015,16,2015-04-01,2015-04-30,False,True,104,False,Apr 2015,Q2 2015
20150415,2015-04-15,2015,4,April,15,2,2,Wednesday,2015,16,2015-04-01,2015-04-30,False,True,105,False,Apr 2015,Q2 2015
20150416,2015-04-16,2015,4,April,16,2,3,Thursday,2015,16,2015-04-01,2015-04-30,False,True,106,False,Apr 2015,Q2 2015
20150417,2015-04-17,2015,4,April,17,2,4,Friday,2015,16,2015-04-01,2015-04-30,False,True,107,False,Apr 2015,Q2 2015
20150418,2015-04-18,2015,4,April,18,2,5,Saturday,2015,16,2015-04-01,2015-04-30,False,False,108,False,Apr 2015,Q2 2015
20150419,2015-04-19,2015,4,April,19,2,6,Sunday,2015,16,2015-04-01,2015-04-30,False,False,109,False,Apr 2015,Q2 2015
20150420,2015-04-20,2015,4,April,20,2,0,Monday,2015,17,2015-04-01,2015-04-30,False,True,110,False,Apr 2015,Q2 2015
20150421,2015-04-21,2015,4,April,21,2,1,Tuesday,2015,17,2015-04-01,2015-04-30,False,True,111,False,Apr 2015,Q2 2015
20150422,2015-04-22,2015,4,April,22,2,2,Wednesday,2015,17,2015-04-01,2015-04-30,False,True,112,False,Apr 2015,Q2 2015
20150423,2015-04-23,2015,4,April,23,2,3,Thursday,2015,17,2015-04-01,2015-04-30,False,True,113,False,Apr 2015,Q2 2015
20150424,2015-04-24,2015,4,April,24,2,4,Friday,2015,17,2015-04-01,2015-04-30,False,True,114,False,Apr 2015,Q2 2015
20150425,2015-04-25,2015,4,April,25,2,5,Saturday,2015,17,2015-04-01,2015-04-30,False,False,115,False,Apr 2015,Q2 2015
20150426,2015-04-26,2015,4,April,26,2,6,Sunday,2015,17,2015-04-01,2015-04-30,False,False,116,False,Apr 2015,Q2 2015
20150427,2015-04-27,2015,4,April,27,2,0,Monday,2015,18,2015-04-01,2015-04-30,False,True,117,False,Apr 2015,Q2 2015
20150428,2015-04-28,2015,4,April,28,2,1,Tuesday,2015,18,2015-04-01,2015-04-30,False,True,118,False,Apr 2015,Q2 2015
20150429,2015-04-29,2015,4,April,29,2,2,Wednesday,2015,18,2015-04-01,2015-04-30,False,True,119,False,Apr 2015,Q2 2015
20150430,2015-04-30,2015,4,April,30,2,3,Thursday,2015,18,2015-04-01,2015-04-30,True,True,120,False,Apr 2015,Q2 2015
20150501,2015-05-01,2015,5,May,1,2,4,Friday,2015,18,2015-05-01,2015-05-31,False,True,121,False,May 2015,Q2 2015
20150502,2015-05-02,2015,5,May,2,2,5,Saturday,2015,18,2015-05-01,2015-05-31,False,False,122,False,May 2015,Q2 2015
20150503,2015-05-03,2015,5,May,3,2,6,Sunday,2015,18,2015-05-01,2015-05-31,False,False,123,False,May 2015,Q2 2015
20150504,2015-05-04,2015,5,May,4,2,0,Monday,2015,19,2015-05-01,2015-05-31,False,True,124,False,May 2015,Q2 2015
20150505,2015-05-05,2015,5,May,5,2,1,Tuesday,2015,19,2015-05-01,2015-05-31,False,True,125,False,May 2015,Q2 2015
20150506,2015-05-06,2015,5,May,6,2,2,Wednesday,2015,19,2015-05-01,2015-05-31,False,True,126,False,May 2015,Q2 2015
20150507,2015-05-07,2015,5,May,7,2,3,Thursday,2015,19,2015-05-01,2015-05-31,False,True,127,False,May 2015,Q2 2015
20150508,2015-05-08,2015,5,May,8,2,4,Friday,2015,19,2015-05-01,2015-05-31,False,True,128,False,May 2015,Q2 2015
20150509,2015-05-09,2015,5,May,9,2,5,Saturday,2015,19,2015-05-01,2015-05-31,False,False,129,False,May 2015,Q2 2015
20150510,2015-05-10,2015,5,May,10,2,6,Sunday,2015,19,2015-05-01,2015-05-31,False,False,130,False,May 2015,Q2 2015
20150511,2015-05-11,2015,5,May,11,2,0,Monday,2015,20,2015-05-01,2015-05-31,False,True,131,False,May 2015,Q2 2015
20150512,2015-05-12,2015,5,May,12,2,1,Tuesday,2015,20,2015-05-01,2015-05-31,False,True,132,False,May 2015,Q2 2015
20150513,2015-05-13,2015,5,May,13,2,2,Wednesday,2015,20,2015-05-01,2015-05-31,False,True,133,False,May 2015,Q2 2015
20150514,2015-05-14,2015,5,May,14,2,3,Thursday,2015,20,2015-05-01,2015-05-31,False,True,134,False,May 2015,Q2 2015
20150515,2015-05-15,2015,5,May,15,2,4,Friday,2015,20,2015-05-01,2015-05-31,False,True,135,False,May 2015,Q2 2015
20150516,2015-05-16,2015,5,May,16,2,5,Saturday,2015,20,2015-05-01,2015-05-31,False,False,136,False,May 2015,Q2 2015
20150517,2015-05-17,2015,5,May,17,2,6,Sunday,2015,20,2015-05-01,2015-05-31,False,False,137,False,May 2015,Q2 2015
20150518,2015-05-18,2015,5,May,18,2,0,Monday,2015,21,2015-05-01,2015-05-31,False,True,138,False,May 2015,Q2 2015
20150519,2015-05-19,2015,5,May,19,2,1,Tuesday,2015,21,2015-05-01,2015-05-31,False,True,139,False,May 2015,Q2 2015
20150520,2015-05-20,2015,5,May,20,2,2,Wednesday,2015,21,2015-05-01,2015-05-31,False,True,140,False,May 2015,Q2 2015
20150521,2015-05-21,2015,5,May,21,2,3,Thursday,2015,21,2015-05-01,2015-05-31,False,True,141,False,May 2015,Q2 2015
20150522,2015-05-22,2015,5,May,22,2,4,Friday,2015,21,2015-05-01,2015-05-31,False,True,142,False,May 2015,Q2 2015
20150523,2015-05-23,2015,5,May,23,2,5,Saturday,2015,21,2015-05-01,2015-05-31,False,False,143,False,May 2015,Q2 2015
20150524,2015-05-24,2015,5,May,24,2,6,Sunday,2015,21,2015-05-01,2015-05-31,False,False,144,False,May 2015,Q2 2015
20150525,2015-05-25,2015,5,May,25,2,0,Monday,2015,22,2015-05-01,2015-05-31,False,True,145,False,May 2015,Q2 2015
20150526,2015-05-26,2015,5,May,26,2,1,Tuesday,2015,22,2015-05-01,2015-05-31,False,True,146,False,May 2015,Q2 2015
20150527,2015-05-27,2015,5,May,27,2,2,Wednesday,2015,22,2015-05-01,2015-05-31,False,True,147,False,May 2015,Q2 2015
20150528,2015-05-28,2015,5,May,28,2,3,Thursday,2015,22,2015-05-01,2015-05-31,False,True,148,False,May 2015,Q2 2015
20150529,2015-05-29,2015,5,May,29,2,4,Friday,2015,22,2015-05-01,2015-05-31,False,True,149,False,May 2015,Q2 2015
20150530,2015-05-30,2015,5,May,30,2,5,Saturday,2015,22,2015-05-01,2015-05-31,False,False,150,False,May 2015,Q2 2015
20150531,2015-05-31,2015,5,May,31,2,6,Sunday,2015,22,2015-05-01,2015-05-31,True,False,151,False,May 2015,Q2 2015
20150601,2015-06-01,2015,6,June,1,2,0,Monday,2015,23,2015-06-01,2015-06-30,False,True,152,False,Jun 2015,Q2 2015
20150602,2015-06-02,2015,6,June,2,2,1,Tuesday,2015,23,2015-06-01,2015-06-30,False,True,153,False,Jun 2015,Q2 2015
20150603,2015-06-03,2015,6,June,3,2,2,Wednesday,2015,23,2015-06-01,2015-06-30,False,True,154,False,Jun 2015,Q2 2015
20150604,2015-06-04,2015,6,June,4,2,3,Thursday,2015,23,2015-06-01,2015-06-30,False,True,155,False,Jun 2015,Q2 2015
20150605,2015-06-05,2015,6,June,5,2,4,Friday,2015,23,2015-06-01,2015-06-30,False,True,156,False,Jun 2015,Q2 2015
20150606,2015-06-06,2015,6,June,6,2,5,Saturday,2015,23,2015-06-01,2015-06-30,False,False,157,False,Jun 2015,Q2 2015
20150607,2015-06-07,2015,6,June,7,2,6,Sunday,2015,23,2015-06-01,2015-06-30,False,False,158,False,Jun 2015,Q2 2015
20150608,2015-06-08,2015,6,June,8,2,0,Monday,2015,24,2015-06-01,2015-06-30,False,True,159,False,Jun 2015,Q2 2015
20150609,2015-06-09,2015,6,June,9,2,1,Tuesday,2015,24,2015-06-01,2015-06-30,False,True,160,False,Jun 2015,Q2 2015
20150610,2015-06-10,2015,6,June,10,2,2,Wednesday,2015,24,2015-06-01,2015-06-30,False,True,161,False,Jun 2015,Q2 2015
20150611,2015-06-11,2015,6,June,11,2,3,Thursday,2015,24,2015-06-01,2015-06-30,False,True,162,False,Jun 2015,Q2 2015
20150612,2015-06-12,2015,6,June,12,2,4,Friday,2015,24,2015-06-01,2015-06-30,False,True,163,False,Jun 2015,Q2 2015
20150613,2015-06-13,2015,6,June,13,2,5,Saturday,2015,24,2015-06-01,2015-06-30,False,False,164,False,Jun 2015,Q2 2015
20150614,2015-06-14,2015,6,June,14,2,6,Sunday,2015,24,2015-06-01,2015-06-30,False,False,165,False,Jun 2015,Q2 2015
20150615,2015-06-15,2015,6,June,15,2,0,Monday,2015,25,2015-06-01,2015-06-30,False,True,166,False,Jun 2015,Q2 2015
20150616,2015-06-16,2015,6,June,16,2,1,Tuesday,2015,25,2015-06-01,2015-06-30,False,True,167,False,Jun 2015,Q2 2015
20150617,2015-06-17,2015,6,June,17,2,2,Wednesday,2015,25,2015-06-01,2015-06-30,False,True,168,False,Jun 2015,Q2 2015
20150618,2015-06-18,2015,6,June,18,2,3,Thursday,2015,25,2015-06-01,2015-06-30,False,True,169,False,Jun 2015,Q2 2015
20150619,2015-06-19,2015,6,June,19,2,4,Friday,2015,25,2015-06-01,2015-06-30,False,True,170,False,Jun 2015,Q2 2015
20150620,2015-06-20,2015,6,June,20,2,5,Saturday,2015,25,2015-06-01,2015-06-30,False,False,171,False,Jun 2015,Q2 2015
20150621,2015-06-21,2015,6,June,21,2,6,Sunday,2015,25,2015-06-01,2015-06-30,False,False,172,False,Jun 2015,Q2 2015
20150622,2015-06-22,2015,6,June,22,2,0,Monday,2015,26,2015-06-01,2015-06-30,False,True,173,False,Jun 2015,Q2 2015
20150623,2015-06-23,2015,6,June,23,2,1,Tuesday,2015,26,2015-06-01,2015-06-30,False,True,174,False,Jun 2015,Q2 2015
20150624,2015-06-24,2015,6,June,24,2,2,Wednesday,2015,26,2015-06-01,2015-06-30,False,True,175,False,Jun 2015,Q2 2015
20150625,2015-06-25,2015,6,June,25,2,3,Thursday,2015,26,2015-06-01,2015-06-30,False,True,176,False,Jun 2015,Q2 2015
20150626,2015-06-26,2015,6,June,26,2,4,Friday,2015,26,2015-06-01,2015-06-30,False,True,177,False,Jun 2015,Q2 2015
20150627,2015-06-27,2015,6,June,27,2,5,Saturday,2015,26,2015-06-01,2015-06-30,False,False,178,False,Jun 2015,Q2 2015
20150628,2015-06-28,2015,6,June,28,2,6,Sunday,2015,26,2015-06-01,2015-06-30,False,False,179,False,Jun 2015,Q2 2015
20150629,2015-06-29,2015,6,June,29,2,0,Monday,2015,27,2015-06-01,2015-06-30,False,True,180,False,Jun 2015,Q2 2015
20150630,2015-06-30,2015,6,June,30,2,1,Tuesday,2015,27,2015-06-01,2015-06-30,True,True,181,False,Jun 2015,Q2 2015
20150701,2015-07-01,2015,7,July,1,3,2,Wednesday,2015,27,2015-07-01,2015-07-31,False,True,182,False,Jul 2015,Q3 2015
20150702,2015-07-02,2015,7,July,2,3,3,Thursday,2015,27,2015-07-01,2015-07-31,False,True,183,False,Jul 2015,Q3 2015
20150703,2015-07-03,2015,7,July,3,3,4,Friday,2015,27,2015-07-01,2015-07-31,False,True,184,False,Jul 2015,Q3 2015
20150704,2015-07-04,2015,7,July,4,3,5,Saturday,2015,27,2015-07-01,2015-07-31,False,False,185,False,Jul 2015,Q3 2015
20150705,2015-07-05,2015,7,July,5,3,6,Sunday,2015,27,2015-07-01,2015-07-31,False,False,186,False,Jul 2015,Q3 2015
20150706,2015-07-06,2015,7,July,6,3,0,Monday,2015,28,2015-07-01,2015-07-31,False,True,187,False,Jul 2015,Q3 2015
20150707,2015-07-07,2015,7,July,7,3,1,Tuesday,2015,28,2015-07-01,2015-07-31,False,True,188,False,Jul 2015,Q3 2015
20150708,2015-07-08,2015,7,July,8,3,2,Wednesday,2015,28,2015-07-01,2015-07-31,False,True,189,False,Jul 2015,Q3 2015
20150709,2015-07-09,2015,7,July,9,3,3,Thursday,2015,28,2015-07-01,2015-07-31,False,True,190,False,Jul 2015,Q3 2015
20150710,2015-07-10,2015,7,July,10,3,4,Friday,2015,28,2015-07-01,2015-07-31,False,True,191,False,Jul 2015,Q3 2015
20150711,2015-07-11,2015,7,July,11,3,5,Saturday,2015,28,2015-07-01,2015-07-31,False,False,192,False,Jul 2015,Q3 2015
20150712,2015-07-12,2015,7,July,12,3,6,Sunday,2015,28,2015-07-01,2015-07-31,False,False,193,False,Jul 2015,Q3 2015
20150713,2015-07-13,2015,7,July,13,3,0,Monday,2015,29,2015-07-01,2015-07-31,False,True,194,False,Jul 2015,Q3 2015
20150714,2015-07-14,2015,7,July,14,3,1,Tuesday,2015,29,2015-07-01,2015-07-31,False,True,195,False,Jul 2015,Q3 2015
20150715,2015-07-15,2015,7,July,15,3,2,Wednesday,2015,29,2015-07-01,2015-07-31,False,True,196,False,Jul 2015,Q3 2015
20150716,2015-07-16,2015,7,July,16,3,3,Thursday,2015,29,2015-07-01,2015-07-31,False,True,197,False,Jul 2015,Q3 2015
20150717,2015-07-17,2015,7,July,17,3,4,Friday,2015,29,2015-07-01,2015-07-31,False,True,198,False,Jul 2015,Q3 2015
20150718,2015-07-18,2015,7,July,18,3,5,Saturday,2015,29,2015-07-01,2015-07-31,False,False,199,False,Jul 2015,Q3 2015
20150719,2015-07-19,2015,7,July,19,3,6,Sunday,2015,29,2015-07-01,2015-07-31,False,False,200,False,Jul 2015,Q3 2015
20150720,2015-07-20,2015,7,July,20,3,0,Monday,2015,30,2015-07-01,2015-07-31,False,True,201,False,Jul 2015,Q3 2015
20150721,2015-07-21,2015,7,July,21,3,1,Tuesday,2015,30,2015-07-01,2015-07-31,False,True,202,False,Jul 2015,Q3 2015
20150722,2015-07-22,2015,7,July,22,3,2,Wednesday,2015,30,2015-07-01,2015-07-31,False,True,203,False,Jul 2015,Q3 2015
20150723,2015-07-23,2015,7,July,23,3,3,Thursday,2015,30,2015-07-01,2015-07-31,False,True,204,False,Jul 2015,Q3 2015
20150724,2015-07-24,2015,7,July,24,3,4,Friday,2015,30,2015-07-01,2015-07-31,False,True,205,False,Jul 2015,Q3 2015
20150725,2015-07-25,2015,7,July,25,3,5,Saturday,2015,30,2015-07-01,2015-07-31,False,False,206,False,Jul 2015,Q3 2015
20150726,2015-07-26,2015,7,July,26,3,6,Sunday,2015,30,2015-07-01,2015-07-31,False,False,207,False,Jul 2015,Q3 2015
20150727,2015-07-27,2015,7,July,27,3,0,Monday,2015,31,2015-07-01,2015-07-31,False,True,208,False,Jul 2015,Q3 2015
20150728,2015-07-28,2015,7,July,28,3,1,Tuesday,2015,31,2015-07-01,2015-07-31,False,True,209,False,Jul 2015,Q3 2015
20150729,2015-07-29,2015,7,July,29,3,2,Wednesday,2015,31,2015-07-01,2015-07-31,False,True,210,False,Jul 2015,Q3 2015
20150730,2015-07-30,2015,7,July,30,3,3,Thursday,2015,31,2015-07-01,2015-07-31,False,True,211,False,Jul 2015,Q3 2015
20150731,2015-07-31,2015,7,July,31,3,4,Friday,2015,31,2015-07-01,2015-07-31,True,True,212,False,Jul 2015,Q3 2015
20150801,2015-08-01,2015,8,August,1,3,5,Saturday,2015,31,2015-08-01,2015-08-31,False,False,213,False,Aug 2015,Q3 2015
20150802,2015-08-02,2015,8,August,2,3,6,Sunday,2015,31,2015-08-01,2015-08-31,False,False,214,False,Aug 2015,Q3 2015
20150803,2015-08-03,2015,8,August,3,3,0,Monday,2015,32,2015-08-01,2015-08-31,False,True,215,False,Aug 2015,Q3 2015
20150804,2015-08-04,2015,8,August,4,3,1,Tuesday,2015,32,2015-08-01,2015-08-31,False,True,216,False,Aug 2015,Q3 2015
20150805,2015-08-05,2015,8,August,5,3,2,Wednesday,2015,32,2015-08-01,2015-08-31,False,True,217,False,Aug 2015,Q3 2015
20150806,2015-08-06,2015,8,August,6,3,3,Thursday,2015,32,2015-08-01,2015-08-31,False,True,218,False,Aug 2015,Q3 2015
20150807,2015-08-07,2015,8,August,7,3,4,Friday,2015,32,2015-08-01,2015-08-31,False,True,219,False,Aug 2015,Q3 2015
20150808,2015-08-08,2015,8,August,8,3,5,Saturday,2015,32,2015-08-01,2015-08-31,False,False,220,False,Aug 2015,Q3 2015
20150809,2015-08-09,2015,8,August,9,3,6,Sunday,2015,32,2015-08-01,2015-08-31,False,False,221,False,Aug 2015,Q3 2015
20150810,2015-08-10,2015,8,August,10,3,0,Monday,2015,33,2015-08-01,2015-08-31,False,True,222,False,Aug 2015,Q3 2015
20150811,2015-08-11,2015,8,August,11,3,1,Tuesday,2015,33,2015-08-01,2015-08-31,False,True,223,False,Aug 2015,Q3 2015
20150812,2015-08-12,2015,8,August,12,3,2,Wednesday,2015,33,2015-08-01,2015-08-31,False,True,224,False,Aug 2015,Q3 2015
20150813,2015-08-13,2015,8,August,13,3,3,Thursday,2015,33,2015-08-01,2015-08-31,False,True,225,False,Aug 2015,Q3 2015
20150814,2015-08-14,2015,8,August,14,3,4,Friday,2015,33,2015-08-01,2015-08-31,False,True,226,False,Aug 2015,Q3 2015
20150815,2015-08-15,2015,8,August,15,3,5,Saturday,2015,33,2015-08-01,2015-08-31,False,False,227,False,Aug 2015,Q3 2015
20150816,2015-08-16,2015,8,August,16,3,6,Sunday,2015,33,2015-08-01,2015-08-31,False,False,228,False,Aug 2015,Q3 2015
20150817,2015-08-17,2015,8,August,17,3,0,Monday,2015,34,2015-08-01,2015-08-31,False,True,229,False,Aug 2015,Q3 2015
20150818,2015-08-18,2015,8,August,18,3,1,Tuesday,2015,34,2015-08-01,2015-08-31,False,True,230,False,Aug 2015,Q3 2015
20150819,2015-08-19,2015,8,August,19,3,2,Wednesday,2015,34,2015-08-01,2015-08-31,False,True,231,False,Aug 2015,Q3 2015
20150820,2015-08-20,2015,8,August,20,3,3,Thursday,2015,34,2015-08-01,2015-08-31,False,True,232,False,Aug 2015,Q3 2015
20150821,2015-08-21,2015,8,August,21,3,4,Friday,2015,34,2015-08-01,2015-08-31,False,True,233,False,Aug 2015,Q3 2015
20150822,2015-08-22,2015,8,August,22,3,5,Saturday,2015,34,2015-08-01,2015-08-31,False,False,234,False,Aug 2015,Q3 2015
20150823,2015-08-23,2015,8,August,23,3,6,Sunday,2015,34,2015-08-01,2015-08-31,False,False,235,False,Aug 2015,Q3 2015
20150824,2015-08-24,2015,8,August,24,3,0,Monday,2015,35,2015-08-01,2015-08-31,False,True,236,False,Aug 2015,Q3 2015
20150825,2015-08-25,2015,8,August,25,3,1,Tuesday,2015,35,2015-08-01,2015-08-31,False,True,237,False,Aug 2015,Q3 2015
20150826,2015-08-26,2015,8,August,26,3,2,Wednesday,2015,35,2015-08-01,2015-08-31,False,True,238,False,Aug 2015,Q3 2015
20150827,2015-08-27,2015,8,August,27,3,3,Thursday,2015,35,2015-08-01,2015-08-31,False,True,239,False,Aug 2015,Q3 2015
20150828,2015-08-28,2015,8,August,28,3,4,Friday,2015,35,2015-08-01,2015-08-31,False,True,240,False,Aug 2015,Q3 2015
20150829,2015-08-29,2015,8,August,29,3,5,Saturday,2015,35,2015-08-01,2015-08-31,False,False,241,False,Aug 2015,Q3 2015
20150830,2015-08-30,2015,8,August,30,3,6,Sunday,2015,35,2015-08-01,2015-08-31,False,False,242,False,Aug 2015,Q3 2015
20150831,2015-08-31,2015,8,August,31,3,0,Monday,2015,36,2015-08-01,2015-08-31,True,True,243,False,Aug 2015,Q3 2015
20150901,2015-09-01,2015,9,September,1,3,1,Tuesday,2015,36,2015-09-01,2015-09-30,False,True,244,False,Sep 2015,Q3 2015
20150902,2015-09-02,2015,9,September,2,3,2,Wednesday,2015,36,2015-09-01,2015-09-30,False,True,245,False,Sep 2015,Q3 2015
20150903,2015-09-03,2015,9,September,3,3,3,Thursday,2015,36,2015-09-01,2015-09-30,False,True,246,False,Sep 2015,Q3 2015
20150904,2015-09-04,2015,9,September,4,3,4,Friday,2015,36,2015-09-01,2015-09-30,False,True,247,False,Sep 2015,Q3 2015
20150905,2015-09-05,2015,9,September,5,3,5,Saturday,2015,36,2015-09-01,2015-09-30,False,False,248,False,Sep 2015,Q3 2015
20150906,2015-09-06,2015,9,September,6,3,6,Sunday,2015,36,2015-09-01,2015-09-30,False,False,249,False,Sep 2015,Q3 2015
20150907,2015-09-07,2015,9,September,7,3,0,Monday,2015,37,2015-09-01,2015-09-30,False,True,250,False,Sep 2015,Q3 2015
20150908,2015-09-08,2015,9,September,8,3,1,Tuesday,2015,37,2015-09-01,2015-09-30,False,True,251,False,Sep 2015,Q3 2015
20150909,2015-09-09,2015,9,September,9,3,2,Wednesday,2015,37,2015-09-01,2015-09-30,False,True,252,False,Sep 2015,Q3 2015
20150910,2015-09-10,2015,9,September,10,3,3,Thursday,2015,37,2015-09-01,2015-09-30,False,True,253,False,Sep 2015,Q3 2015
20150911,2015-09-11,2015,9,September,11,3,4,Friday,2015,37,2015-09-01,2015-09-30,False,True,254,False,Sep 2015,Q3 2015
20150912,2015-09-12,2015,9,September,12,3,5,Saturday,2015,37,2015-09-01,2015-09-30,False,False,255,False,Sep 2015,Q3 2015
20150913,2015-09-13,2015,9,September,13,3,6,Sunday,2015,37,2015-09-01,2015-09-30,False,False,256,False,Sep 2015,Q3 2015
20150914,2015-09-14,2015,9,September,14,3,0,Monday,2015,38,2015-09-01,2015-09-30,False,True,257,False,Sep 2015,Q3 2015
20150915,2015-09-15,2015,9,September,15,3,1,Tuesday,2015,38,2015-09-01,2015-09-30,False,True,258,False,Sep 2015,Q3 2015
20150916,2015-09-16,2015,9,September,16,3,2,Wednesday,2015,38,2015-09-01,2015-09-30,False,True,259,False,Sep 2015,Q3 2015
20150917,2015-09-17,2015,9,September,17,3,3,Thursday,2015,38,2015-09-01,2015-09-30,False,True,260,False,Sep 2015,Q3 2015
20150918,2015-09-18,2015,9,September,18,3,4,Friday,2015,38,2015-09-01,2015-09-30,False,True,261,False,Sep 2015,Q3 2015
20150919,2015-09-19,2015,9,September,19,3,5,Saturday,2015,38,2015-09-01,2015-09-30,False,False,262,False,Sep 2015,Q3 2015
20150920,2015-09-20,2015,9,September,20,3,6,Sunday,2015,38,2015-09-01,2015-09-30,False,False,263,False,Sep 2015,Q3 2015
20150921,2015-09-21,2015,9,September,21,3,0,Monday,2015,39,2015-09-01,2015-09-30,False,True,264,False,Sep 2015,Q3 2015
20150922,2015-09-22,2015,9,September,22,3,1,Tuesday,2015,39,2015-09-01,2015-09-30,False,True,265,False,Sep 2015,Q3 2015
20150923,2015-09-23,2015,9,September,23,3,2,Wednesday,2015,39,2015-09-01,2015-09-30,False,True,266,False,Sep 2015,Q3 2015
20150924,2015-09-24,2015,9,September,24,3,3,Thursday,2015,39,2015-09-01,2015-09-30,False,True,267,False,Sep 2015,Q3 2015
20150925,2015-09-25,2015,9,September,25,3,4,Friday,2015,39,2015-09-01,2015-09-30,False,True,268,False,Sep 2015,Q3 2015
20150926,2015-09-26,2015,9,September,26,3,5,Saturday,2015,39,2015-09-01,2015-09-30,False,False,269,False,Sep 2015,Q3 2015
20150927,2015-09-27,2015,9,September,27,3,6,Sunday,2015,39,2015-09-01,2015-09-30,False,False,270,False,Sep 2015,Q3 2015
20150928,2015-09-28,2015,9,September,28,3,0,Monday,2015,40,2015-09-01,2015-09-30,False,True,271,False,Sep 2015,Q3 2015
20150929,2015-09-29,2015,9,September,29,3,1,Tuesday,2015,40,2015-09-01,2015-09-30,False,True,272,False,Sep 2015,Q3 2015
20150930,2015-09-30,2015,9,September,30,3,2,Wednesday,2015,40,2015-09-01,2015-09-30,True,True,273,False,Sep 2015,Q3 2015
20151001,2015-10-01,2015,10,October,1,4,3,Thursday,2015,40,2015-10-01,2015-10-31,False,True,274,False,Oct 2015,Q4 2015
20151002,2015-10-02,2015,10,October,2,4,4,Friday,2015,40,2015-10-01,2015-10-31,False,True,275,False,Oct 2015,Q4 2015
20151003,2015-10-03,2015,10,October,3,4,5,Saturday,2015,40,2015-10-01,2015-10-31,False,False,276,False,Oct 2015,Q4 2015
20151004,2015-10-04,2015,10,October,4,4,6,Sunday,2015,40,2015-10-01,2015-10-31,False,False,277,False,Oct 2015,Q4 2015
20151005,2015-10-05,2015,10,October,5,4,0,Monday,2015,41,2015-10-01,2015-10-31,False,True,278,False,Oct 2015,Q4 2015
20151006,2015-10-06,2015,10,October,6,4,1,Tuesday,2015,41,2015-10-01,2015-10-31,False,True,279,False,Oct 2015,Q4 2015
20151007,2015-10-07,2015,10,October,7,4,2,Wednesday,2015,41,2015-10-01,2015-10-31,False,True,280,False,Oct 2015,Q4 2015
20151008,2015-10-08,2015,10,October,8,4,3,Thursday,2015,41,2015-10-01,2015-10-31,False,True,281,False,Oct 2015,Q4 2015
20151009,2015-10-09,2015,10,October,9,4,4,Friday,2015,41,2015-10-01,2015-10-31,False,True,282,False,Oct 2015,Q4 2015
20151010,2015-10-10,2015,10,October,10,4,5,Saturday,2015,41,2015-10-01,2015-10-31,False,False,283,False,Oct 2015,Q4 2015
20151011,2015-10-11,2015,10,October,11,4,6,Sunday,2015,41,2015-10-01,2015-10-31,False,False,284,False,Oct 2015,Q4 2015
20151012,2015-10-12,2015,10,October,12,4,0,Monday,2015,42,2015-10-01,2015-10-31,False,True,285,False,Oct 2015,Q4 2015
20151013,2015-10-13,2015,10,October,13,4,1,Tuesday,2015,42,2015-10-01,2015-10-31,False,True,286,False,Oct 2015,Q4 2015
20151014,2015-10-14,2015,10,October,14,4,2,Wednesday,2015,42,2015-10-01,2015-10-31,False,True,287,False,Oct 2015,Q4 2015
20151015,2015-10-15,2015,10,October,15,4,3,Thursday,2015,42,2015-10-01,2015-10-31,False,True,288,False,Oct 2015,Q4 2015
20151016,2015-10-16,2015,10,October,16,4,4,Friday,2015,42,2015-10-01,2015-10-31,False,True,289,False,Oct 2015,Q4 2015
20151017,2015-10-17,2015,10,October,17,4,5,Saturday,2015,42,2015-10-01,2015-10-31,False,False,290,False,Oct 2015,Q4 2015
20151018,2015-10-18,2015,10,October,18,4,6,Sunday,2015,42,2015-10-01,2015-10-31,False,False,291,False,Oct 2015,Q4 2015
20151019,2015-10-19,2015,10,October,19,4,0,Monday,2015,43,2015-10-01,2015-10-31,False,True,292,False,Oct 2015,Q4 2015
20151020,2015-10-20,2015,10,October,20,4,1,Tuesday,2015,43,2015-10-01,2015-10-31,False,True,293,False,Oct 2015,Q4 2015
20151021,2015-10-21,2015,10,October,21,4,2,Wednesday,2015,43,2015-10-01,2015-10-31,False,True,294,False,Oct 2015,Q4 2015
20151022,2015-10-22,2015,10,October,22,4,3,Thursday,2015,43,2015-10-01,2015-10-31,False,True,295,False,Oct 2015,Q4 2015
20151023,2015-10-23,2015,10,October,23,4,4,Friday,2015,43,2015-10-01,2015-10-31,False,True,296,False,Oct 2015,Q4 2015
20151024,2015-10-24,2015,10,October,24,4,5,Saturday,2015,43,2015-10-01,2015-10-31,False,False,297,False,Oct 2015,Q4 2015
20151025,2015-10-25,2015,10,October,25,4,6,Sunday,2015,43,2015-10-01,2015-10-31,False,False,298,False,Oct 2015,Q4 2015
20151026,2015-10-26,2015,10,October,26,4,0,Monday,2015,44,2015-10-01,2015-10-31,False,True,299,False,Oct 2015,Q4 2015
20151027,2015-10-27,2015,10,October,27,4,1,Tuesday,2015,44,2015-10-01,2015-10-31,False,True,300,False,Oct 2015,Q4 2015
20151028,2015-10-28,2015,10,October,28,4,2,Wednesday,2015,44,2015-10-01,2015-10-31,False,True,301,False,Oct 2015,Q4 2015
20151029,2015-10-29,2015,10,October,29,4,3,Thursday,2015,44,2015-10-01,2015-10-31,False,True,302,False,Oct 2015,Q4 2015
20151030,2015-10-30,2015,10,October,30,4,4,Friday,2015,44,2015-10-01,2015-10-31,False,True,303,False,Oct 2015,Q4 2015
20151031,2015-10-31,2015,10,October,31,4,5,Saturday,2015,44,2015-10-01,2015-10-31,True,False,304,False,Oct 2015,Q4 2015
20151101,2015-11-01,2015,11,November,1,4,6,Sunday,2015,44,2015-11-01,2015-11-30,False,False,305,False,Nov 2015,Q4 2015
20151102,2015-11-02,2015,11,November,2,4,0,Monday,2015,45,2015-11-01,2015-11-30,False,True,306,False,Nov 2015,Q4 2015
20151103,2015-11-03,2015,11,November,3,4,1,Tuesday,2015,45,2015-11-01,2015-11-30,False,True,307,False,Nov 2015,Q4 2015
20151104,2015-11-04,2015,11,November,4,4,2,Wednesday,2015,45,2015-11-01,2015-11-30,False,True,308,False,Nov 2015,Q4 2015
20151105,2015-11-05,2015,11,November,5,4,3,Thursday,2015,45,2015-11-01,2015-11-30,False,True,309,False,Nov 2015,Q4 2015
20151106,2015-11-06,2015,11,November,6,4,4,Friday,2015,45,2015-11-01,2015-11-30,False,True,310,False,Nov 2015,Q4 2015
20151107,2015-11-07,2015,11,November,7,4,5,Saturday,2015,45,2015-11-01,2015-11-30,False,False,311,False,Nov 2015,Q4 2015
20151108,2015-11-08,2015,11,November,8,4,6,Sunday,2015,45,2015-11-01,2015-11-30,False,False,312,False,Nov 2015,Q4 2015
20151109,2015-11-09,2015,11,November,9,4,0,Monday,2015,46,2015-11-01,2015-11-30,False,True,313,False,Nov 2015,Q4 2015
20151110,2015-11-10,2015,11,November,10,4,1,Tuesday,2015,46,2015-11-01,2015-11-30,False,True,314,False,Nov 2015,Q4 2015
20151111,2015-11-11,2015,11,November,11,4,2,Wednesday,2015,46,2015-11-01,2015-11-30,False,True,315,False,Nov 2015,Q4 2015
20151112,2015-11-12,2015,11,November,12,4,3,Thursday,2015,46,2015-11-01,2015-11-30,False,True,316,False,Nov 2015,Q4 2015
20151113,2015-11-13,2015,11,November,13,4,4,Friday,2015,46,2015-11-01,2015-11-30,False,True,317,False,Nov 2015,Q4 2015
20151114,2015-11-14,2015,11,November,14,4,5,Saturday,2015,46,2015-11-01,2015-11-30,False,False,318,False,Nov 2015,Q4 2015
20151115,2015-11-15,2015,11,November,15,4,6,Sunday,2015,46,2015-11-01,2015-11-30,False,False,319,False,Nov 2015,Q4 2015
20151116,2015-11-16,2015,11,November,16,4,0,Monday,2015,47,2015-11-01,2015-11-30,False,True,320,False,Nov 2015,Q4 2015
20151117,2015-11-17,2015,11,November,17,4,1,Tuesday,2015,47,2015-11-01,2015-11-30,False,True,321,False,Nov 2015,Q4 2015
20151118,2015-11-18,2015,11,November,18,4,2,Wednesday,2015,47,2015-11-01,2015-11-30,False,True,322,False,Nov 2015,Q4 2015
20151119,2015-11-19,2015,11,November,19,4,3,Thursday,2015,47,2015-11-01,2015-11-30,False,True,323,False,Nov 2015,Q4 2015
20151120,2015-11-20,2015,11,November,20,4,4,Friday,2015,47,2015-11-01,2015-11-30,False,True,324,False,Nov 2015,Q4 2015
20151121,2015-11-21,2015,11,November,21,4,5,Saturday,2015,47,2015-11-01,2015-11-30,False,False,325,False,Nov 2015,Q4 2015
20151122,2015-11-22,2015,11,November,22,4,6,Sunday,2015,47,2015-11-01,2015-11-30,False,False,326,False,Nov 2015,Q4 2015
20151123,2015-11-23,2015,11,November,23,4,0,Monday,2015,48,2015-11-01,2015-11-30,False,True,327,False,Nov 2015,Q4 2015
20151124,2015-11-24,2015,11,November,24,4,1,Tuesday,2015,48,2015-11-01,2015-11-30,False,True,328,False,Nov 2015,Q4 2015
20151125,2015-11-25,2015,11,November,25,4,2,Wednesday,2015,48,2015-11-01,2015-11-30,False,True,329,False,Nov 2015,Q4 2015
20151126,2015-11-26,2015,11,November,26,4,3,Thursday,2015,48,2015-11-01,2015-11-30,False,True,330,False,Nov 2015,Q4 2015
20151127,2015-11-27,2015,11,November,27,4,4,Friday,2015,48,2015-11-01,2015-11-30,False,True,331,False,Nov 2015,Q4 2015
20151128,2015-11-28,2015,11,November,28,4,5,Saturday,2015,48,2015-11-01,2015-11-30,False,False,332,False,Nov 2015,Q4 2015
20151129,2015-11-29,2015,11,November,29,4,6,Sunday,2015,48,2015-11-01,2015-11-30,False,False,333,False,Nov 2015,Q4 2015
20151130,2015-11-30,2015,11,November,30,4,0,Monday,2015,49,2015-11-01,2015-11-30,True,True,334,False,Nov 2015,Q4 2015
20151201,2015-12-01,2015,12,December,1,4,1,Tuesday,2015,49,2015-12-01,2015-12-31,False,True,335,False,Dec 2015,Q4 2015
20151202,2015-12-02,2015,12,December,2,4,2,Wednesday,2015,49,2015-12-01,2015-12-31,False,True,336,False,Dec 2015,Q4 2015
20151203,2015-12-03,2015,12,December,3,4,3,Thursday,2015,49,2015-12-01,2015-12-31,False,True,337,False,Dec 2015,Q4 2015
20151204,2015-12-04,2015,12,December,4,4,4,Friday,2015,49,2015-12-01,2015-12-31,False,True,338,False,Dec 2015,Q4 2015
20151205,2015-12-05,2015,12,December,5,4,5,Saturday,2015,49,2015-12-01,2015-12-31,False,False,339,False,Dec 2015,Q4 2015
20151206,2015-12-06,2015,12,December,6,4,6,Sunday,2015,49,2015-12-01,2015-12-31,False,False,340,False,Dec 2015,Q4 2015
20151207,2015-12-07,2015,12,December,7,4,0,Monday,2015,50,2015-12-01,2015-12-31,False,True,341,False,Dec 2015,Q4 2015
20151208,2015-12-08,2015,12,December,8,4,1,Tuesday,2015,50,2015-12-01,2015-12-31,False,True,342,False,Dec 2015,Q4 2015
20151209,2015-12-09,2015,12,December,9,4,2,Wednesday,2015,50,2015-12-01,2015-12-31,False,True,343,False,Dec 2015,Q4 2015
20151210,2015-12-10,2015,12,December,10,4,3,Thursday,2015,50,2015-12-01,2015-12-31,False,True,344,False,Dec 2015,Q4 2015
20151211,2015-12-11,2015,12,December,11,4,4,Friday,2015,50,2015-12-01,2015-12-31,False,True,345,False,Dec 2015,Q4 2015
20151212,2015-12-12,2015,12,December,12,4,5,Saturday,2015,50,2015-12-01,2015-12-31,False,False,346,False,Dec 2015,Q4 2015
20151213,2015-12-13,2015,12,December,13,4,6,Sunday,2015,50,2015-12-01,2015-12-31,False,False,347,False,Dec 2015,Q4 2015
20151214,2015-12-14,2015,12,December,14,4,0,Monday,2015,51,2015-12-01,2015-12-31,False,True,348,False,Dec 2015,Q4 2015
20151215,2015-12-15,2015,12,December,15,4,1,Tuesday,2015,51,2015-12-01,2015-12-31,False,True,349,False,Dec 2015,Q4 2015
20151216,2015-12-16,2015,12,December,16,4,2,Wednesday,2015,51,2015-12-01,2015-12-31,False,True,350,False,Dec 2015,Q4 2015
20151217,2015-12-17,2015,12,December,17,4,3,Thursday,2015,51,2015-12-01,2015-12-31,False,True,351,False,Dec 2015,Q4 2015
20151218,2015-12-18,2015,12,December,18,4,4,Friday,2015,51,2015-12-01,2015-12-31,False,True,352,False,Dec 2015,Q4 2015
20151219,2015-12-19,2015,12,December,19,4,5,Saturday,2015,51,2015-12-01,2015-12-31,False,False,353,False,Dec 2015,Q4 2015
20151220,2015-12-20,2015,12,December,20,4,6,Sunday,2015,51,2015-12-01,2015-12-31,False,False,354,False,Dec 2015,Q4 2015
20151221,2015-12-21,2015,12,December,21,4,0,Monday,2015,52,2015-12-01,2015-12-31,False,True,355,False,Dec 2015,Q4 2015
20151222,2015-12-22,2015,12,December,22,4,1,Tuesday,2015,52,2015-12-01,2015-12-31,False,True,356,False,Dec 2015,Q4 2015
20151223,2015-12-23,2015,12,December,23,4,2,Wednesday,2015,52,2015-12-01,2015-12-31,False,True,357,False,Dec 2015,Q4 2015
20151224,2015-12-24,2015,12,December,24,4,3,Thursday,2015,52,2015-12-01,2015-12-31,False,True,358,False,Dec 2015,Q4 2015
20151225,2015-12-25,2015,12,December,25,4,4,Friday,2015,52,2015-12-01,2015-12-31,False,True,359,False,Dec 2015,Q4 2015
20151226,2015-12-26,2015,12,December,26,4,5,Saturday,2015,52,2015-12-01,2015-12-31,False,False,360,False,Dec 2015,Q4 2015
20151227,2015-12-27,2015,12,December,27,4,6,Sunday,2015,52,2015-12-01,2015-12-31,False,False,361,False,Dec 2015,Q4 2015
20151228,2015-12-28,2015,12,December,28,4,0,Monday,2015,53,2015-12-01,2015-12-31,False,True,362,False,Dec 2015,Q4 2015
20151229,2015-12-29,2015,12,December,29,4,1,Tuesday,2015,53,2015-12-01,2015-12-31,False,True,363,False,Dec 2015,Q4 2015
20151230,2015-12-30,2015,12,December,30,4,2,Wednesday,2015,53,2015-12-01,2015-12-31,False,True,364,False,Dec 2015,Q4 2015
20151231,2015-12-31,2015,12,December,31,4,3,Thursday,2015,53,2015-12-01,2015-12-31,True,True,365,False,Dec 2015,Q4 2015
20160101,2016-01-01,2016,1,January,1,1,4,Friday,2015,53,2016-01-01,2016-01-31,False,True,1,True,Jan 2016,Q1 2016
20160102,2016-01-02,2016,1,January,2,1,5,Saturday,2015,53,2016-01-01,2016-01-31,False,False,2,True,Jan 2016,Q1 2016
20160103,2016-01-03,2016,1,January,3,1,6,Sunday,2015,53,2016-01-01,2016-01-31,False,False,3,True,Jan 2016,Q1 2016
20160104,2016-01-04,2016,1,January,4,1,0,Monday,2016,1,2016-01-01,2016-01-31,False,True,4,True,Jan 2016,Q1 2016
20160105,2016-01-05,2016,1,January,5,1,1,Tuesday,2016,1,2016-01-01,2016-01-31,False,True,5,True,Jan 2016,Q1 2016
20160106,2016-01-06,2016,1,January,6,1,2,Wednesday,2016,1,2016-01-01,2016-01-31,False,True,6,True,Jan 2016,Q1 2016
20160107,2016-01-07,2016,1,January,7,1,3,Thursday,2016,1,2016-01-01,2016-01-31,False,True,7,True,Jan 2016,Q1 2016
20160108,2016-01-08,2016,1,January,8,1,4,Friday,2016,1,2016-01-01,2016-01-31,False,True,8,True,Jan 2016,Q1 2016
20160109,2016-01-09,2016,1,January,9,1,5,Saturday,2016,1,2016-01-01,2016-01-31,False,False,9,True,Jan 2016,Q1 2016
20160110,2016-01-10,2016,1,January,10,1,6,Sunday,2016,1,2016-01-01,2016-01-31,False,False,10,True,Jan 2016,Q1 2016
20160111,2016-01-11,2016,1,January,11,1,0,Monday,2016,2,2016-01-01,2016-01-31,False,True,11,True,Jan 2016,Q1 2016
20160112,2016-01-12,2016,1,January,12,1,1,Tuesday,2016,2,2016-01-01,2016-01-31,False,True,12,True,Jan 2016,Q1 2016
20160113,2016-01-13,2016,1,January,13,1,2,Wednesday,2016,2,2016-01-01,2016-01-31,False,True,13,True,Jan 2016,Q1 2016
20160114,2016-01-14,2016,1,January,14,1,3,Thursday,2016,2,2016-01-01,2016-01-31,False,True,14,True,Jan 2016,Q1 2016
20160115,2016-01-15,2016,1,January,15,1,4,Friday,2016,2,2016-01-01,2016-01-31,False,True,15,True,Jan 2016,Q1 2016
20160116,2016-01-16,2016,1,January,16,1,5,Saturday,2016,2,2016-01-01,2016-01-31,False,False,16,True,Jan 2016,Q1 2016
20160117,2016-01-17,2016,1,January,17,1,6,Sunday,2016,2,2016-01-01,2016-01-31,False,False,17,True,Jan 2016,Q1 2016
20160118,2016-01-18,2016,1,January,18,1,0,Monday,2016,3,2016-01-01,2016-01-31,False,True,18,True,Jan 2016,Q1 2016
20160119,2016-01-19,2016,1,January,19,1,1,Tuesday,2016,3,2016-01-01,2016-01-31,False,True,19,True,Jan 2016,Q1 2016
20160120,2016-01-20,2016,1,January,20,1,2,Wednesday,2016,3,2016-01-01,2016-01-31,False,True,20,True,Jan 2016,Q1 2016
20160121,2016-01-21,2016,1,January,21,1,3,Thursday,2016,3,2016-01-01,2016-01-31,False,True,21,True,Jan 2016,Q1 2016
20160122,2016-01-22,2016,1,January,22,1,4,Friday,2016,3,2016-01-01,2016-01-31,False,True,22,True,Jan 2016,Q1 2016
20160123,2016-01-23,2016,1,January,23,1,5,Saturday,2016,3,2016-01-01,2016-01-31,False,False,23,True,Jan 2016,Q1 2016
20160124,2016-01-24,2016,1,January,24,1,6,Sunday,2016,3,2016-01-01,2016-01-31,False,False,24,True,Jan 2016,Q1 2016
20160125,2016-01-25,2016,1,January,25,1,0,Monday,2016,4,2016-01-01,2016-01-31,False,True,25,True,Jan 2016,Q1 2016
20160126,2016-01-26,2016,1,January,26,1,1,Tuesday,2016,4,2016-01-01,2016-01-31,False,True,26,True,Jan 2016,Q1 2016
20160127,2016-01-27,2016,1,January,27,1,2,Wednesday,2016,4,2016-01-01,2016-01-31,False,True,27,True,Jan 2016,Q1 2016
20160128,2016-01-28,2016,1,January,28,1,3,Thursday,2016,4,2016-01-01,2016-01-31,False,True,28,True,Jan 2016,Q1 2016
20160129,2016-01-29,2016,1,January,29,1,4,Friday,2016,4,2016-01-01,2016-01-31,False,True,29,True,Jan 2016,Q1 2016
20160130,2016-01-30,2016,1,January,30,1,5,Saturday,2016,4,2016-01-01,2016-01-31,False,False,30,True,Jan 2016,Q1 2016
20160131,2016-01-31,2016,1,January,31,1,6,Sunday,2016,4,2016-01-01,2016-01-31,True,False,31,True,Jan 2016,Q1 2016
20160201,2016-02-01,2016,2,February,1,1,0,Monday,2016,5,2016-02-01,2016-02-29,False,True,32,True,Feb 2016,Q1 2016
20160202,2016-02-02,2016,2,February,2,1,1,Tuesday,2016,5,2016-02-01,2016-02-29,False,True,33,True,Feb 2016,Q1 2016
20160203,2016-02-03,2016,2,February,3,1,2,Wednesday,2016,5,2016-02-01,2016-02-29,False,True,34,True,Feb 2016,Q1 2016
20160204,2016-02-04,2016,2,February,4,1,3,Thursday,2016,5,2016-02-01,2016-02-29,False,True,35,True,Feb 2016,Q1 2016
20160205,2016-02-05,2016,2,February,5,1,4,Friday,2016,5,2016-02-01,2016-02-29,False,True,36,True,Feb 2016,Q1 2016
20160206,2016-02-06,2016,2,February,6,1,5,Saturday,2016,5,2016-02-01,2016-02-29,False,False,37,True,Feb 2016,Q1 2016
20160207,2016-02-07,2016,2,February,7,1,6,Sunday,2016,5,2016-02-01,2016-02-29,False,False,38,True,Feb 2016,Q1 2016
20160208,2016-02-08,2016,2,February,8,1,0,Monday,2016,6,2016-02-01,2016-02-29,False,True,39,True,Feb 2016,Q1 2016
20160209,2016-02-09,2016,2,February,9,1,1,Tuesday,2016,6,2016-02-01,2016-02-29,False,True,40,True,Feb 2016,Q1 2016
20160210,2016-02-10,2016,2,February,10,1,2,Wednesday,2016,6,2016-02-01,2016-02-29,False,True,41,True,Feb 2016,Q1 2016
20160211,2016-02-11,2016,2,February,11,1,3,Thursday,2016,6,2016-02-01,2016-02-29,False,True,42,True,Feb 2016,Q1 2016
20160212,2016-02-12,2016,2,February,12,1,4,Friday,2016,6,2016-02-01,2016-02-29,False,True,43,True,Feb 2016,Q1 2016
20160213,2016-02-13,2016,2,February,13,1,5,Saturday,2016,6,2016-02-01,2016-02-29,False,False,44,True,Feb 2016,Q1 2016
20160214,2016-02-14,2016,2,February,14,1,6,Sunday,2016,6,2016-02-01,2016-02-29,False,False,45,True,Feb 2016,Q1 2016
20160215,2016-02-15,2016,2,February,15,1,0,Monday,2016,7,2016-02-01,2016-02-29,False,True,46,True,Feb 2016,Q1 2016
20160216,2016-02-16,2016,2,February,16,1,1,Tuesday,2016,7,2016-02-01,2016-02-29,False,True,47,True,Feb 2016,Q1 2016
20160217,2016-02-17,2016,2,February,17,1,2,Wednesday,2016,7,2016-02-01,2016-02-29,False,True,48,True,Feb 2016,Q1 2016
20160218,2016-02-18,2016,2,February,18,1,3,Thursday,2016,7,2016-02-01,2016-02-29,False,True,49,True,Feb 2016,Q1 2016
20160219,2016-02-19,2016,2,February,19,1,4,Friday,2016,7,2016-02-01,2016-02-29,False,True,50,True,Feb 2016,Q1 2016
20160220,2016-02-20,2016,2,February,20,1,5,Saturday,2016,7,2016-02-01,2016-02-29,False,False,51,True,Feb 2016,Q1 2016
20160221,2016-02-21,2016,2,February,21,1,6,Sunday,2016,7,2016-02-01,2016-02-29,False,False,52,True,Feb 2016,Q1 2016
20160222,2016-02-22,2016,2,February,22,1,0,Monday,2016,8,2016-02-01,2016-02-29,False,True,53,True,Feb 2016,Q1 2016
20160223,2016-02-23,2016,2,February,23,1,1,Tuesday,2016,8,2016-02-01,2016-02-29,False,True,54,True,Feb 2016,Q1 2016
20160224,2016-02-24,2016,2,February,24,1,2,Wednesday,2016,8,2016-02-01,2016-02-29,False,True,55,True,Feb 2016,Q1 2016
20160225,2016-02-25,2016,2,February,25,1,3,Thursday,2016,8,2016-02-01,2016-02-29,False,True,56,True,Feb 2016,Q1 2016
20160226,2016-02-26,2016,2,February,26,1,4,Friday,2016,8,2016-02-01,2016-02-29,False,True,57,True,Feb 2016,Q1 2016
20160227,2016-02-27,2016,2,February,27,1,5,Saturday,2016,8,2016-02-01,2016-02-29,False,False,58,True,Feb 2016,Q1 2016
20160228,2016-02-28,2016,2,February,28,1,6,Sunday,2016,8,2016-02-01,2016-02-29,False,False,59,True,Feb 2016,Q1 2016
20160229,2016-02-29,2016,2,February,29,1,0,Monday,2016,9,2016-02-01,2016-02-29,True,True,60,True,Feb 2016,Q1 2016
20160301,2016-03-01,2016,3,March,1,1,1,Tuesday,2016,9,2016-03-01,2016-03-31,False,True,61,True,Mar 2016,Q1 2016
20160302,2016-03-02,2016,3,March,2,1,2,Wednesday,2016,9,2016-03-01,2016-03-31,False,True,62,True,Mar 2016,Q1 2016
20160303,2016-03-03,2016,3,March,3,1,3,Thursday,2016,9,2016-03-01,2016-03-31,False,True,63,True,Mar 2016,Q1 2016
20160304,2016-03-04,2016,3,March,4,1,4,Friday,2016,9,2016-03-01,2016-03-31,False,True,64,True,Mar 2016,Q1 2016
20160305,2016-03-05,2016,3,March,5,1,5,Saturday,2016,9,2016-03-01,2016-03-31,False,False,65,True,Mar 2016,Q1 2016
20160306,2016-03-06,2016,3,March,6,1,6,Sunday,2016,9,2016-03-01,2016-03-31,False,False,66,True,Mar 2016,Q1 2016
20160307,2016-03-07,2016,3,March,7,1,0,Monday,2016,10,2016-03-01,2016-03-31,False,True,67,True,Mar 2016,Q1 2016
20160308,2016-03-08,2016,3,March,8,1,1,Tuesday,2016,10,2016-03-01,2016-03-31,False,True,68,True,Mar 2016,Q1 2016
20160309,2016-03-09,2016,3,March,9,1,2,Wednesday,2016,10,2016-03-01,2016-03-31,False,True,69,True,Mar 2016,Q1 2016
20160310,2016-03-10,2016,3,March,10,1,3,Thursday,2016,10,2016-03-01,2016-03-31,False,True,70,True,Mar 2016,Q1 2016
20160311,2016-03-11,2016,3,March,11,1,4,Friday,2016,10,2016-03-01,2016-03-31,False,True,71,True,Mar 2016,Q1 2016
20160312,2016-03-12,2016,3,March,12,1,5,Saturday,2016,10,2016-03-01,2016-03-31,False,False,72,True,Mar 2016,Q1 2016
20160313,2016-03-13,2016,3,March,13,1,6,Sunday,2016,10,2016-03-01,2016-03-31,False,False,73,True,Mar 2016,Q1 2016
20160314,2016-03-14,2016,3,March,14,1,0,Monday,2016,11,2016-03-01,2016-03-31,False,True,74,True,Mar 2016,Q1 2016
20160315,2016-03-15,2016,3,March,15,1,1,Tuesday,2016,11,2016-03-01,2016-03-31,False,True,75,True,Mar 2016,Q1 2016
20160316,2016-03-16,2016,3,March,16,1,2,Wednesday,2016,11,2016-03-01,2016-03-31,False,True,76,True,Mar 2016,Q1 2016
20160317,2016-03-17,2016,3,March,17,1,3,Thursday,2016,11,2016-03-01,2016-03-31,False,True,77,True,Mar 2016,Q1 2016
20160318,2016-03-18,2016,3,March,18,1,4,Friday,2016,11,2016-03-01,2016-03-31,False,True,78,True,Mar 2016,Q1 2016
20160319,2016-03-19,2016,3,March,19,1,5,Saturday,2016,11,2016-03-01,2016-03-31,False,False,79,True,Mar 2016,Q1 2016
20160320,2016-03-20,2016,3,March,20,1,6,Sunday,2016,11,2016-03-01,2016-03-31,False,False,80,True,Mar 2016,Q1 2016
20160321,2016-03-21,2016,3,March,21,1,0,Monday,2016,12,2016-03-01,2016-03-31,False,True,81,True,Mar 2016,Q1 2016
20160322,2016-03-22,2016,3,March,22,1,1,Tuesday,2016,12,2016-03-01,2016-03-31,False,True,82,True,Mar 2016,Q1 2016
20160323,2016-03-23,2016,3,March,23,1,2,Wednesday,2016,12,2016-03-01,2016-03-31,False,True,83,True,Mar 2016,Q1 2016
20160324,2016-03-24,2016,3,March,24,1,3,Thursday,2016,12,2016-03-01,2016-03-31,False,True,84,True,Mar 2016,Q1 2016
20160325,2016-03-25,2016,3,March,25,1,4,Friday,2016,12,2016-03-01,2016-03-31,False,True,85,True,Mar 2016,Q1 2016
20160326,2016-03-26,2016,3,March,26,1,5,Saturday,2016,12,2016-03-01,2016-03-31,False,False,86,True,Mar 2016,Q1 2016
20160327,2016-03-27,2016,3,March,27,1,6,Sunday,2016,12,2016-03-01,2016-03-31,False,False,87,True,Mar 2016,Q1 2016
20160328,2016-03-28,2016,3,March,28,1,0,Monday,2016,13,2016-03-01,2016-03-31,False,True,88,True,Mar 2016,Q1 2016
20160329,2016-03-29,2016,3,March,29,1,1,Tuesday,2016,13,2016-03-01,2016-03-31,False,True,89,True,Mar 2016,Q1 2016
20160330,2016-03-30,2016,3,March,30,1,2,Wednesday,2016,13,2016-03-01,2016-03-31,False,True,90,True,Mar 2016,Q1 2016
20160331,2016-03-31,2016,3,March,31,1,3,Thursday,2016,13,2016-03-01,2016-03-31,True,True,91,True,Mar 2016,Q1 2016
20160401,2016-04-01,2016,4,April,1,2,4,Friday,2016,13,2016-04-01,2016-04-30,False,True,92,True,Apr 2016,Q2 2016
20160402,2016-04-02,2016,4,April,2,2,5,Saturday,2016,13,2016-04-01,2016-04-30,False,False,93,True,Apr 2016,Q2 2016
20160403,2016-04-03,2016,4,April,3,2,6,Sunday,2016,13,2016-04-01,2016-04-30,False,False,94,True,Apr 2016,Q2 2016
20160404,2016-04-04,2016,4,April,4,2,0,Monday,2016,14,2016-04-01,2016-04-30,False,True,95,True,Apr 2016,Q2 2016
20160405,2016-04-05,2016,4,April,5,2,1,Tuesday,2016,14,2016-04-01,2016-04-30,False,True,96,True,Apr 2016,Q2 2016
20160406,2016-04-06,2016,4,April,6,2,2,Wednesday,2016,14,2016-04-01,2016-04-30,False,True,97,True,Apr 2016,Q2 2016
20160407,2016-04-07,2016,4,April,7,2,3,Thursday,2016,14,2016-04-01,2016-04-30,False,True,98,True,Apr 2016,Q2 2016
20160408,2016-04-08,2016,4,April,8,2,4,Friday,2016,14,2016-04-01,2016-04-30,False,True,99,True,Apr 2016,Q2 2016
20160409,2016-04-09,2016,4,April,9,2,5,Saturday,2016,14,2016-04-01,2016-04-30,False,False,100,True,Apr 2016,Q2 2016
20160410,2016-04-10,2016,4,April,10,2,6,Sunday,2016,14,2016-04-01,2016-04-30,False,False,101,True,Apr 2016,Q2 2016
20160411,2016-04-11,2016,4,April,11,2,0,Monday,2016,15,2016-04-01,2016-04-30,False,True,102,True,Apr 2016,Q2 2016
20160412,2016-04-12,2016,4,April,12,2,1,Tuesday,2016,15,2016-04-01,2016-04-30,False,True,103,True,Apr 2016,Q2 2016
20160413,2016-04-13,2016,4,April,13,2,2,Wednesday,2016,15,2016-04-01,2016-04-30,False,True,104,True,Apr 2016,Q2 2016
20160414,2016-04-14,2016,4,April,14,2,3,Thursday,2016,15,2016-04-01,2016-04-30,False,True,105,True,Apr 2016,Q2 2016
20160415,2016-04-15,2016,4,April,15,2,4,Friday,2016,15,2016-04-01,2016-04-30,False,True,106,True,Apr 2016,Q2 2016
20160416,2016-04-16,2016,4,April,16,2,5,Saturday,2016,15,2016-04-01,2016-04-30,False,False,107,True,Apr 2016,Q2 2016
20160417,2016-04-17,2016,4,April,17,2,6,Sunday,2016,15,2016-04-01,2016-04-30,False,False,108,True,Apr 2016,Q2 2016
20160418,2016-04-18,2016,4,April,18,2,0,Monday,2016,16,2016-04-01,2016-04-30,False,True,109,True,Apr 2016,Q2 2016
20160419,2016-04-19,2016,4,April,19,2,1,Tuesday,2016,16,2016-04-01,2016-04-30,False,True,110,True,Apr 2016,Q2 2016
20160420,2016-04-20,2016,4,April,20,2,2,Wednesday,2016,16,2016-04-01,2016-04-30,False,True,111,True,Apr 2016,Q2 2016
20160421,2016-04-21,2016,4,April,21,2,3,Thursday,2016,16,2016-04-01,2016-04-30,False,True,112,True,Apr 2016,Q2 2016
20160422,2016-04-22,2016,4,April,22,2,4,Friday,2016,16,2016-04-01,2016-04-30,False,True,113,True,Apr 2016,Q2 2016
20160423,2016-04-23,2016,4,April,23,2,5,Saturday,2016,16,2016-04-01,2016-04-30,False,False,114,True,Apr 2016,Q2 2016
20160424,2016-04-24,2016,4,April,24,2,6,Sunday,2016,16,2016-04-01,2016-04-30,False,False,115,True,Apr 2016,Q2 2016
20160425,2016-04-25,2016,4,April,25,2,0,Monday,2016,17,2016-04-01,2016-04-30,False,True,116,True,Apr 2016,Q2 2016
20160426,2016-04-26,2016,4,April,26,2,1,Tuesday,2016,17,2016-04-01,2016-04-30,False,True,117,True,Apr 2016,Q2 2016
20160427,2016-04-27,2016,4,April,27,2,2,Wednesday,2016,17,2016-04-01,2016-04-30,False,True,118,True,Apr 2016,Q2 2016
20160428,2016-04-28,2016,4,April,28,2,3,Thursday,2016,17,2016-04-01,2016-04-30,False,True,119,True,Apr 2016,Q2 2016
20160429,2016-04-29,2016,4,April,29,2,4,Friday,2016,17,2016-04-01,2016-04-30,False,True,120,True,Apr 2016,Q2 2016
20160430,2016-04-30,2016,4,April,30,2,5,Saturday,2016,17,2016-04-01,2016-04-30,True,False,121,True,Apr 2016,Q2 2016
20160501,2016-05-01,2016,5,May,1,2,6,Sunday,2016,17,2016-05-01,2016-05-31,False,False,122,True,May 2016,Q2 2016
20160502,2016-05-02,2016,5,May,2,2,0,Monday,2016,18,2016-05-01,2016-05-31,False,True,123,True,May 2016,Q2 2016
20160503,2016-05-03,2016,5,May,3,2,1,Tuesday,2016,18,2016-05-01,2016-05-31,False,True,124,True,May 2016,Q2 2016
20160504,2016-05-04,2016,5,May,4,2,2,Wednesday,2016,18,2016-05-01,2016-05-31,False,True,125,True,May 2016,Q2 2016
20160505,2016-05-05,2016,5,May,5,2,3,Thursday,2016,18,2016-05-01,2016-05-31,False,True,126,True,May 2016,Q2 2016
20160506,2016-05-06,2016,5,May,6,2,4,Friday,2016,18,2016-05-01,2016-05-31,False,True,127,True,May 2016,Q2 2016
20160507,2016-05-07,2016,5,May,7,2,5,Saturday,2016,18,2016-05-01,2016-05-31,False,False,128,True,May 2016,Q2 2016
20160508,2016-05-08,2016,5,May,8,2,6,Sunday,2016,18,2016-05-01,2016-05-31,False,False,129,True,May 2016,Q2 2016
20160509,2016-05-09,2016,5,May,9,2,0,Monday,2016,19,2016-05-01,2016-05-31,False,True,130,True,May 2016,Q2 2016
20160510,2016-05-10,2016,5,May,10,2,1,Tuesday,2016,19,2016-05-01,2016-05-31,False,True,131,True,May 2016,Q2 2016
20160511,2016-05-11,2016,5,May,11,2,2,Wednesday,2016,19,2016-05-01,2016-05-31,False,True,132,True,May 2016,Q2 2016
20160512,2016-05-12,2016,5,May,12,2,3,Thursday,2016,19,2016-05-01,2016-05-31,False,True,133,True,May 2016,Q2 2016
20160513,2016-05-13,2016,5,May,13,2,4,Friday,2016,19,2016-05-01,2016-05-31,False,True,134,True,May 2016,Q2 2016
20160514,2016-05-14,2016,5,May,14,2,5,Saturday,2016,19,2016-05-01,2016-05-31,False,False,135,True,May 2016,Q2 2016
20160515,2016-05-15,2016,5,May,15,2,6,Sunday,2016,19,2016-05-01,2016-05-31,False,False,136,True,May 2016,Q2 2016
20160516,2016-05-16,2016,5,May,16,2,0,Monday,2016,20,2016-05-01,2016-05-31,False,True,137,True,May 2016,Q2 2016
20160517,2016-05-17,2016,5,May,17,2,1,Tuesday,2016,20,2016-05-01,2016-05-31,False,True,138,True,May 2016,Q2 2016
20160518,2016-05-18,2016,5,May,18,2,2,Wednesday,2016,20,2016-05-01,2016-05-31,False,True,139,True,May 2016,Q2 2016
20160519,2016-05-19,2016,5,May,19,2,3,Thursday,2016,20,2016-05-01,2016-05-31,False,True,140,True,May 2016,Q2 2016
20160520,2016-05-20,2016,5,May,20,2,4,Friday,2016,20,2016-05-01,2016-05-31,False,True,141,True,May 2016,Q2 2016
20160521,2016-05-21,2016,5,May,21,2,5,Saturday,2016,20,2016-05-01,2016-05-31,False,False,142,True,May 2016,Q2 2016
20160522,2016-05-22,2016,5,May,22,2,6,Sunday,2016,20,2016-05-01,2016-05-31,False,False,143,True,May 2016,Q2 2016
20160523,2016-05-23,2016,5,May,23,2,0,Monday,2016,21,2016-05-01,2016-05-31,False,True,144,True,May 2016,Q2 2016
20160524,2016-05-24,2016,5,May,24,2,1,Tuesday,2016,21,2016-05-01,2016-05-31,False,True,145,True,May 2016,Q2 2016
20160525,2016-05-25,2016,5,May,25,2,2,Wednesday,2016,21,2016-05-01,2016-05-31,False,True,146,True,May 2016,Q2 2016
20160526,2016-05-26,2016,5,May,26,2,3,Thursday,2016,21,2016-05-01,2016-05-31,False,True,147,True,May 2016,Q2 2016
20160527,2016-05-27,2016,5,May,27,2,4,Friday,2016,21,2016-05-01,2016-05-31,False,True,148,True,May 2016,Q2 2016
20160528,2016-05-28,2016,5,May,28,2,5,Saturday,2016,21,2016-05-01,2016-05-31,False,False,149,True,May 2016,Q2 2016
20160529,2016-05-29,2016,5,May,29,2,6,Sunday,2016,21,2016-05-01,2016-05-31,False,False,150,True,May 2016,Q2 2016
20160530,2016-05-30,2016,5,May,30,2,0,Monday,2016,22,2016-05-01,2016-05-31,False,True,151,True,May 2016,Q2 2016
20160531,2016-05-31,2016,5,May,31,2,1,Tuesday,2016,22,2016-05-01,2016-05-31,True,True,152,True,May 2016,Q2 2016
20160601,2016-06-01,2016,6,June,1,2,2,Wednesday,2016,22,2016-06-01,2016-06-30,False,True,153,True,Jun 2016,Q2 2016
20160602,2016-06-02,2016,6,June,2,2,3,Thursday,2016,22,2016-06-01,2016-06-30,False,True,154,True,Jun 2016,Q2 2016
20160603,2016-06-03,2016,6,June,3,2,4,Friday,2016,22,2016-06-01,2016-06-30,False,True,155,True,Jun 2016,Q2 2016
20160604,2016-06-04,2016,6,June,4,2,5,Saturday,2016,22,2016-06-01,2016-06-30,False,False,156,True,Jun 2016,Q2 2016
20160605,2016-06-05,2016,6,June,5,2,6,Sunday,2016,22,2016-06-01,2016-06-30,False,False,157,True,Jun 2016,Q2 2016
20160606,2016-06-06,2016,6,June,6,2,0,Monday,2016,23,2016-06-01,2016-06-30,False,True,158,True,Jun 2016,Q2 2016
20160607,2016-06-07,2016,6,June,7,2,1,Tuesday,2016,23,2016-06-01,2016-06-30,False,True,159,True,Jun 2016,Q2 2016
20160608,2016-06-08,2016,6,June,8,2,2,Wednesday,2016,23,2016-06-01,2016-06-30,False,True,160,True,Jun 2016,Q2 2016
20160609,2016-06-09,2016,6,June,9,2,3,Thursday,2016,23,2016-06-01,2016-06-30,False,True,161,True,Jun 2016,Q2 2016
20160610,2016-06-10,2016,6,June,10,2,4,Friday,2016,23,2016-06-01,2016-06-30,False,True,162,True,Jun 2016,Q2 2016
20160611,2016-06-11,2016,6,June,11,2,5,Saturday,2016,23,2016-06-01,2016-06-30,False,False,163,True,Jun 2016,Q2 2016
20160612,2016-06-12,2016,6,June,12,2,6,Sunday,2016,23,2016-06-01,2016-06-30,False,False,164,True,Jun 2016,Q2 2016
20160613,2016-06-13,2016,6,June,13,2,0,Monday,2016,24,2016-06-01,2016-06-30,False,True,165,True,Jun 2016,Q2 2016
20160614,2016-06-14,2016,6,June,14,2,1,Tuesday,2016,24,2016-06-01,2016-06-30,False,True,166,True,Jun 2016,Q2 2016
20160615,2016-06-15,2016,6,June,15,2,2,Wednesday,2016,24,2016-06-01,2016-06-30,False,True,167,True,Jun 2016,Q2 2016
20160616,2016-06-16,2016,6,June,16,2,3,Thursday,2016,24,2016-06-01,2016-06-30,False,True,168,True,Jun 2016,Q2 2016
20160617,2016-06-17,2016,6,June,17,2,4,Friday,2016,24,2016-06-01,2016-06-30,False,True,169,True,Jun 2016,Q2 2016
20160618,2016-06-18,2016,6,June,18,2,5,Saturday,2016,24,2016-06-01,2016-06-30,False,False,170,True,Jun 2016,Q2 2016
20160619,2016-06-19,2016,6,June,19,2,6,Sunday,2016,24,2016-06-01,2016-06-30,False,False,171,True,Jun 2016,Q2 2016
20160620,2016-06-20,2016,6,June,20,2,0,Monday,2016,25,2016-06-01,2016-06-30,False,True,172,True,Jun 2016,Q2 2016
20160621,2016-06-21,2016,6,June,21,2,1,Tuesday,2016,25,2016-06-01,2016-06-30,False,True,173,True,Jun 2016,Q2 2016
20160622,2016-06-22,2016,6,June,22,2,2,Wednesday,2016,25,2016-06-01,2016-06-30,False,True,174,True,Jun 2016,Q2 2016
20160623,2016-06-23,2016,6,June,23,2,3,Thursday,2016,25,2016-06-01,2016-06-30,False,True,175,True,Jun 2016,Q2 2016
20160624,2016-06-24,2016,6,June,24,2,4,Friday,2016,25,2016-06-01,2016-06-30,False,True,176,True,Jun 2016,Q2 2016
20160625,2016-06-25,2016,6,June,25,2,5,Saturday,2016,25,2016-06-01,2016-06-30,False,False,177,True,Jun 2016,Q2 2016
20160626,2016-06-26,2016,6,June,26,2,6,Sunday,2016,25,2016-06-01,2016-06-30,False,False,178,True,Jun 2016,Q2 2016
20160627,2016-06-27,2016,6,June,27,2,0,Monday,2016,26,2016-06-01,2016-06-30,False,True,179,True,Jun 2016,Q2 2016
20160628,2016-06-28,2016,6,June,28,2,1,Tuesday,2016,26,2016-06-01,2016-06-30,False,True,180,True,Jun 2016,Q2 2016
20160629,2016-06-29,2016,6,June,29,2,2,Wednesday,2016,26,2016-06-01,2016-06-30,False,True,181,True,Jun 2016,Q2 2016
20160630,2016-06-30,2016,6,June,30,2,3,Thursday,2016,26,2016-06-01,2016-06-30,True,True,182,True,Jun 2016,Q2 2016
20160701,2016-07-01,2016,7,July,1,3,4,Friday,2016,26,2016-07-01,2016-07-31,False,True,183,True,Jul 2016,Q3 2016
20160702,2016-07-02,2016,7,July,2,3,5,Saturday,2016,26,2016-07-01,2016-07-31,False,False,184,True,Jul 2016,Q3 2016
20160703,2016-07-03,2016,7,July,3,3,6,Sunday,2016,26,2016-07-01,2016-07-31,False,False,185,True,Jul 2016,Q3 2016
20160704,2016-07-04,2016,7,July,4,3,0,Monday,2016,27,2016-07-01,2016-07-31,False,True,186,True,Jul 2016,Q3 2016
20160705,2016-07-05,2016,7,July,5,3,1,Tuesday,2016,27,2016-07-01,2016-07-31,False,True,187,True,Jul 2016,Q3 2016
20160706,2016-07-06,2016,7,July,6,3,2,Wednesday,2016,27,2016-07-01,2016-07-31,False,True,188,True,Jul 2016,Q3 2016
20160707,2016-07-07,2016,7,July,7,3,3,Thursday,2016,27,2016-07-01,2016-07-31,False,True,189,True,Jul 2016,Q3 2016
20160708,2016-07-08,2016,7,July,8,3,4,Friday,2016,27,2016-07-01,2016-07-31,False,True,190,True,Jul 2016,Q3 2016
20160709,2016-07-09,2016,7,July,9,3,5,Saturday,2016,27,2016-07-01,2016-07-31,False,False,191,True,Jul 2016,Q3 2016
20160710,2016-07-10,2016,7,July,10,3,6,Sunday,2016,27,2016-07-01,2016-07-31,False,False,192,True,Jul 2016,Q3 2016
20160711,2016-07-11,2016,7,July,11,3,0,Monday,2016,28,2016-07-01,2016-07-31,False,True,193,True,Jul 2016,Q3 2016
20160712,2016-07-12,2016,7,July,12,3,1,Tuesday,2016,28,2016-07-01,2016-07-31,False,True,194,True,Jul 2016,Q3 2016
20160713,2016-07-13,2016,7,July,13,3,2,Wednesday,2016,28,2016-07-01,2016-07-31,False,True,195,True,Jul 2016,Q3 2016
20160714,2016-07-14,2016,7,July,14,3,3,Thursday,2016,28,2016-07-01,2016-07-31,False,True,196,True,Jul 2016,Q3 2016
20160715,2016-07-15,2016,7,July,15,3,4,Friday,2016,28,2016-07-01,2016-07-31,False,True,197,True,Jul 2016,Q3 2016
20160716,2016-07-16,2016,7,July,16,3,5,Saturday,2016,28,2016-07-01,2016-07-31,False,False,198,True,Jul 2016,Q3 2016
20160717,2016-07-17,2016,7,July,17,3,6,Sunday,2016,28,2016-07-01,2016-07-31,False,False,199,True,Jul 2016,Q3 2016
20160718,2016-07-18,2016,7,July,18,3,0,Monday,2016,29,2016-07-01,2016-07-31,False,True,200,True,Jul 2016,Q3 2016
20160719,2016-07-19,2016,7,July,19,3,1,Tuesday,2016,29,2016-07-01,2016-07-31,False,True,201,True,Jul 2016,Q3 2016
20160720,2016-07-20,2016,7,July,20,3,2,Wednesday,2016,29,2016-07-01,2016-07-31,False,True,202,True,Jul 2016,Q3 2016
20160721,2016-07-21,2016,7,July,21,3,3,Thursday,2016,29,2016-07-01,2016-07-31,False,True,203,True,Jul 2016,Q3 2016
20160722,2016-07-22,2016,7,July,22,3,4,Friday,2016,29,2016-07-01,2016-07-31,False,True,204,True,Jul 2016,Q3 2016
20160723,2016-07-23,2016,7,July,23,3,5,Saturday,2016,29,2016-07-01,2016-07-31,False,False,205,True,Jul 2016,Q3 2016
20160724,2016-07-24,2016,7,July,24,3,6,Sunday,2016,29,2016-07-01,2016-07-31,False,False,206,True,Jul 2016,Q3 2016
20160725,2016-07-25,2016,7,July,25,3,0,Monday,2016,30,2016-07-01,2016-07-31,False,True,207,True,Jul 2016,Q3 2016
20160726,2016-07-26,2016,7,July,26,3,1,Tuesday,2016,30,2016-07-01,2016-07-31,False,True,208,True,Jul 2016,Q3 2016
20160727,2016-07-27,2016,7,July,27,3,2,Wednesday,2016,30,2016-07-01,2016-07-31,False,True,209,True,Jul 2016,Q3 2016
20160728,2016-07-28,2016,7,July,28,3,3,Thursday,2016,30,2016-07-01,2016-07-31,False,True,210,True,Jul 2016,Q3 2016
20160729,2016-07-29,2016,7,July,29,3,4,Friday,2016,30,2016-07-01,2016-07-31,False,True,211,True,Jul 2016,Q3 2016
20160730,2016-07-30,2016,7,July,30,3,5,Saturday,2016,30,2016-07-01,2016-07-31,False,False,212,True,Jul 2016,Q3 2016
20160731,2016-07-31,2016,7,July,31,3,6,Sunday,2016,30,2016-07-01,2016-07-31,True,False,213,True,Jul 2016,Q3 2016
20160801,2016-08-01,2016,8,August,1,3,0,Monday,2016,31,2016-08-01,2016-08-31,False,True,214,True,Aug 2016,Q3 2016
20160802,2016-08-02,2016,8,August,2,3,1,Tuesday,2016,31,2016-08-01,2016-08-31,False,True,215,True,Aug 2016,Q3 2016
20160803,2016-08-03,2016,8,August,3,3,2,Wednesday,2016,31,2016-08-01,2016-08-31,False,True,216,True,Aug 2016,Q3 2016
20160804,2016-08-04,2016,8,August,4,3,3,Thursday,2016,31,2016-08-01,2016-08-31,False,True,217,True,Aug 2016,Q3 2016
20160805,2016-08-05,2016,8,August,5,3,4,Friday,2016,31,2016-08-01,2016-08-31,False,True,218,True,Aug 2016,Q3 2016
20160806,2016-08-06,2016,8,August,6,3,5,Saturday,2016,31,2016-08-01,2016-08-31,False,False,219,True,Aug 2016,Q3 2016
20160807,2016-08-07,2016,8,August,7,3,6,Sunday,2016,31,2016-08-01,2016-08-31,False,False,220,True,Aug 2016,Q3 2016
20160808,2016-08-08,2016,8,August,8,3,0,Monday,2016,32,2016-08-01,2016-08-31,False,True,221,True,Aug 2016,Q3 2016
20160809,2016-08-09,2016,8,August,9,3,1,Tuesday,2016,32,2016-08-01,2016-08-31,False,True,222,True,Aug 2016,Q3 2016
20160810,2016-08-10,2016,8,August,10,3,2,Wednesday,2016,32,2016-08-01,2016-08-31,False,True,223,True,Aug 2016,Q3 2016
20160811,2016-08-11,2016,8,August,11,3,3,Thursday,2016,32,2016-08-01,2016-08-31,False,True,224,True,Aug 2016,Q3 2016
20160812,2016-08-12,2016,8,August,12,3,4,Friday,2016,32,2016-08-01,2016-08-31,False,True,225,True,Aug 2016,Q3 2016
20160813,2016-08-13,2016,8,August,13,3,5,Saturday,2016,32,2016-08-01,2016-08-31,False,False,226,True,Aug 2016,Q3 2016
20160814,2016-08-14,2016,8,August,14,3,6,Sunday,2016,32,2016-08-01,2016-08-31,False,False,227,True,Aug 2016,Q3 2016
20160815,2016-08-15,2016,8,August,15,3,0,Monday,2016,33,2016-08-01,2016-08-31,False,True,228,True,Aug 2016,Q3 2016
20160816,2016-08-16,2016,8,August,16,3,1,Tuesday,2016,33,2016-08-01,2016-08-31,False,True,229,True,Aug 2016,Q3 2016
20160817,2016-08-17,2016,8,August,17,3,2,Wednesday,2016,33,2016-08-01,2016-08-31,False,True,230,True,Aug 2016,Q3 2016
20160818,2016-08-18,2016,8,August,18,3,3,Thursday,2016,33,2016-08-01,2016-08-31,False,True,231,True,Aug 2016,Q3 2016
20160819,2016-08-19,2016,8,August,19,3,4,Friday,2016,33,2016-08-01,2016-08-31,False,True,232,True,Aug 2016,Q3 2016
20160820,2016-08-20,2016,8,August,20,3,5,Saturday,2016,33,2016-08-01,2016-08-31,False,False,233,True,Aug 2016,Q3 2016
20160821,2016-08-21,2016,8,August,21,3,6,Sunday,2016,33,2016-08-01,2016-08-31,False,False,234,True,Aug 2016,Q3 2016
20160822,2016-08-22,2016,8,August,22,3,0,Monday,2016,34,2016-08-01,2016-08-31,False,True,235,True,Aug 2016,Q3 2016
20160823,2016-08-23,2016,8,August,23,3,1,Tuesday,2016,34,2016-08-01,2016-08-31,False,True,236,True,Aug 2016,Q3 2016
20160824,2016-08-24,2016,8,August,24,3,2,Wednesday,2016,34,2016-08-01,2016-08-31,False,True,237,True,Aug 2016,Q3 2016
20160825,2016-08-25,2016,8,August,25,3,3,Thursday,2016,34,2016-08-01,2016-08-31,False,True,238,True,Aug 2016,Q3 2016
20160826,2016-08-26,2016,8,August,26,3,4,Friday,2016,34,2016-08-01,2016-08-31,False,True,239,True,Aug 2016,Q3 2016
20160827,2016-08-27,2016,8,August,27,3,5,Saturday,2016,34,2016-08-01,2016-08-31,False,False,240,True,Aug 2016,Q3 2016
20160828,2016-08-28,2016,8,August,28,3,6,Sunday,2016,34,2016-08-01,2016-08-31,False,False,241,True,Aug 2016,Q3 2016
20160829,2016-08-29,2016,8,August,29,3,0,Monday,2016,35,2016-08-01,2016-08-31,False,True,242,True,Aug 2016,Q3 2016
20160830,2016-08-30,2016,8,August,30,3,1,Tuesday,2016,35,2016-08-01,2016-08-31,False,True,243,True,Aug 2016,Q3 2016
20160831,2016-08-31,2016,8,August,31,3,2,Wednesday,2016,35,2016-08-01,2016-08-31,True,True,244,True,Aug 2016,Q3 2016
20160901,2016-09-01,2016,9,September,1,3,3,Thursday,2016,35,2016-09-01,2016-09-30,False,True,245,True,Sep 2016,Q3 2016
20160902,2016-09-02,2016,9,September,2,3,4,Friday,2016,35,2016-09-01,2016-09-30,False,True,246,True,Sep 2016,Q3 2016
20160903,2016-09-03,2016,9,September,3,3,5,Saturday,2016,35,2016-09-01,2016-09-30,False,False,247,True,Sep 2016,Q3 2016
20160904,2016-09-04,2016,9,September,4,3,6,Sunday,2016,35,2016-09-01,2016-09-30,False,False,248,True,Sep 2016,Q3 2016
20160905,2016-09-05,2016,9,September,5,3,0,Monday,2016,36,2016-09-01,2016-09-30,False,True,249,True,Sep 2016,Q3 2016
20160906,2016-09-06,2016,9,September,6,3,1,Tuesday,2016,36,2016-09-01,2016-09-30,False,True,250,True,Sep 2016,Q3 2016
20160907,2016-09-07,2016,9,September,7,3,2,Wednesday,2016,36,2016-09-01,2016-09-30,False,True,251,True,Sep 2016,Q3 2016
20160908,2016-09-08,2016,9,September,8,3,3,Thursday,2016,36,2016-09-01,2016-09-30,False,True,252,True,Sep 2016,Q3 2016
20160909,2016-09-09,2016,9,September,9,3,4,Friday,2016,36,2016-09-01,2016-09-30,False,True,253,True,Sep 2016,Q3 2016
20160910,2016-09-10,2016,9,September,10,3,5,Saturday,2016,36,2016-09-01,2016-09-30,False,False,254,True,Sep 2016,Q3 2016
20160911,2016-09-11,2016,9,September,11,3,6,Sunday,2016,36,2016-09-01,2016-09-30,False,False,255,True,Sep 2016,Q3 2016
20160912,2016-09-12,2016,9,September,12,3,0,Monday,2016,37,2016-09-01,2016-09-30,False,True,256,True,Sep 2016,Q3 2016
20160913,2016-09-13,2016,9,September,13,3,1,Tuesday,2016,37,2016-09-01,2016-09-30,False,True,257,True,Sep 2016,Q3 2016
20160914,2016-09-14,2016,9,September,14,3,2,Wednesday,2016,37,2016-09-01,2016-09-30,False,True,258,True,Sep 2016,Q3 2016
20160915,2016-09-15,2016,9,September,15,3,3,Thursday,2016,37,2016-09-01,2016-09-30,False,True,259,True,Sep 2016,Q3 2016
20160916,2016-09-16,2016,9,September,16,3,4,Friday,2016,37,2016-09-01,2016-09-30,False,True,260,True,Sep 2016,Q3 2016
20160917,2016-09-17,2016,9,September,17,3,5,Saturday,2016,37,2016-09-01,2016-09-30,False,False,261,True,Sep 2016,Q3 2016
20160918,2016-09-18,2016,9,September,18,3,6,Sunday,2016,37,2016-09-01,2016-09-30,False,False,262,True,Sep 2016,Q3 2016
20160919,2016-09-19,2016,9,September,19,3,0,Monday,2016,38,2016-09-01,2016-09-30,False,True,263,True,Sep 2016,Q3 2016
20160920,2016-09-20,2016,9,September,20,3,1,Tuesday,2016,38,2016-09-01,2016-09-30,False,True,264,True,Sep 2016,Q3 2016
20160921,2016-09-21,2016,9,September,21,3,2,Wednesday,2016,38,2016-09-01,2016-09-30,False,True,265,True,Sep 2016,Q3 2016
20160922,2016-09-22,2016,9,September,22,3,3,Thursday,2016,38,2016-09-01,2016-09-30,False,True,266,True,Sep 2016,Q3 2016
20160923,2016-09-23,2016,9,September,23,3,4,Friday,2016,38,2016-09-01,2016-09-30,False,True,267,True,Sep 2016,Q3 2016
20160924,2016-09-24,2016,9,September,24,3,5,Saturday,2016,38,2016-09-01,2016-09-30,False,False,268,True,Sep 2016,Q3 2016
20160925,2016-09-25,2016,9,September,25,3,6,Sunday,2016,38,2016-09-01,2016-09-30,False,False,269,True,Sep 2016,Q3 2016
20160926,2016-09-26,2016,9,September,26,3,0,Monday,2016,39,2016-09-01,2016-09-30,False,True,270,True,Sep 2016,Q3 2016
20160927,2016-09-27,2016,9,September,27,3,1,Tuesday,2016,39,2016-09-01,2016-09-30,False,True,271,True,Sep 2016,Q3 2016
20160928,2016-09-28,2016,9,September,28,3,2,Wednesday,2016,39,2016-09-01,2016-09-30,False,True,272,True,Sep 2016,Q3 2016
20160929,2016-09-29,2016,9,September,29,3,3,Thursday,2016,39,2016-09-01,2016-09-30,False,True,273,True,Sep 2016,Q3 2016
20160930,2016-09-30,2016,9,September,30,3,4,Friday,2016,39,2016-09-01,2016-09-30,True,True,274,True,Sep 2016,Q3 2016
20161001,2016-10-01,2016,10,October,1,4,5,Saturday,2016,39,2016-10-01,2016-10-31,False,False,275,True,Oct 2016,Q4 2016
20161002,2016-10-02,2016,10,October,2,4,6,Sunday,2016,39,2016-10-01,2016-10-31,False,False,276,True,Oct 2016,Q4 2016
20161003,2016-10-03,2016,10,October,3,4,0,Monday,2016,40,2016-10-01,2016-10-31,False,True,277,True,Oct 2016,Q4 2016
20161004,2016-10-04,2016,10,October,4,4,1,Tuesday,2016,40,2016-10-01,2016-10-31,False,True,278,True,Oct 2016,Q4 2016
20161005,2016-10-05,2016,10,October,5,4,2,Wednesday,2016,40,2016-10-01,2016-10-31,False,True,279,True,Oct 2016,Q4 2016
20161006,2016-10-06,2016,10,October,6,4,3,Thursday,2016,40,2016-10-01,2016-10-31,False,True,280,True,Oct 2016,Q4 2016
20161007,2016-10-07,2016,10,October,7,4,4,Friday,2016,40,2016-10-01,2016-10-31,False,True,281,True,Oct 2016,Q4 2016
20161008,2016-10-08,2016,10,October,8,4,5,Saturday,2016,40,2016-10-01,2016-10-31,False,False,282,True,Oct 2016,Q4 2016
20161009,2016-10-09,2016,10,October,9,4,6,Sunday,2016,40,2016-10-01,2016-10-31,False,False,283,True,Oct 2016,Q4 2016
20161010,2016-10-10,2016,10,October,10,4,0,Monday,2016,41,2016-10-01,2016-10-31,False,True,284,True,Oct 2016,Q4 2016
20161011,2016-10-11,2016,10,October,11,4,1,Tuesday,2016,41,2016-10-01,2016-10-31,False,True,285,True,Oct 2016,Q4 2016
20161012,2016-10-12,2016,10,October,12,4,2,Wednesday,2016,41,2016-10-01,2016-10-31,False,True,286,True,Oct 2016,Q4 2016
20161013,2016-10-13,2016,10,October,13,4,3,Thursday,2016,41,2016-10-01,2016-10-31,False,True,287,True,Oct 2016,Q4 2016
20161014,2016-10-14,2016,10,October,14,4,4,Friday,2016,41,2016-10-01,2016-10-31,False,True,288,True,Oct 2016,Q4 2016
20161015,2016-10-15,2016,10,October,15,4,5,Saturday,2016,41,2016-10-01,2016-10-31,False,False,289,True,Oct 2016,Q4 2016
20161016,2016-10-16,2016,10,October,16,4,6,Sunday,2016,41,2016-10-01,2016-10-31,False,False,290,True,Oct 2016,Q4 2016
20161017,2016-10-17,2016,10,October,17,4,0,Monday,2016,42,2016-10-01,2016-10-31,False,True,291,True,Oct 2016,Q4 2016
20161018,2016-10-18,2016,10,October,18,4,1,Tuesday,2016,42,2016-10-01,2016-10-31,False,True,292,True,Oct 2016,Q4 2016
20161019,2016-10-19,2016,10,October,19,4,2,Wednesday,2016,42,2016-10-01,2016-10-31,False,True,293,True,Oct 2016,Q4 2016
20161020,2016-10-20,2016,10,October,20,4,3,Thursday,2016,42,2016-10-01,2016-10-31,False,True,294,True,Oct 2016,Q4 2016
20161021,2016-10-21,2016,10,October,21,4,4,Friday,2016,42,2016-10-01,2016-10-31,False,True,295,True,Oct 2016,Q4 2016
20161022,2016-10-22,2016,10,October,22,4,5,Saturday,2016,42,2016-10-01,2016-10-31,False,False,296,True,Oct 2016,Q4 2016
20161023,2016-10-23,2016,10,October,23,4,6,Sunday,2016,42,2016-10-01,2016-10-31,False,False,297,True,Oct 2016,Q4 2016
20161024,2016-10-24,2016,10,October,24,4,0,Monday,2016,43,2016-10-01,2016-10-31,False,True,298,True,Oct 2016,Q4 2016
20161025,2016-10-25,2016,10,October,25,4,1,Tuesday,2016,43,2016-10-01,2016-10-31,False,True,299,True,Oct 2016,Q4 2016
20161026,2016-10-26,2016,10,October,26,4,2,Wednesday,2016,43,2016-10-01,2016-10-31,False,True,300,True,Oct 2016,Q4 2016
20161027,2016-10-27,2016,10,October,27,4,3,Thursday,2016,43,2016-10-01,2016-10-31,False,True,301,True,Oct 2016,Q4 2016
20161028,2016-10-28,2016,10,October,28,4,4,Friday,2016,43,2016-10-01,2016-10-31,False,True,302,True,Oct 2016,Q4 2016
20161029,2016-10-29,2016,10,October,29,4,5,Saturday,2016,43,2016-10-01,2016-10-31,False,False,303,True,Oct 2016,Q4 2016
20161030,2016-10-30,2016,10,October,30,4,6,Sunday,2016,43,2016-10-01,2016-10-31,False,False,304,True,Oct 2016,Q4 2016
20161031,2016-10-31,2016,10,October,31,4,0,Monday,2016,44,2016-10-01,2016-10-31,True,True,305,True,Oct 2016,Q4 2016
20161101,2016-11-01,2016,11,November,1,4,1,Tuesday,2016,44,2016-11-01,2016-11-30,False,True,306,True,Nov 2016,Q4 2016
20161102,2016-11-02,2016,11,November,2,4,2,Wednesday,2016,44,2016-11-01,2016-11-30,False,True,307,True,Nov 2016,Q4 2016
20161103,2016-11-03,2016,11,November,3,4,3,Thursday,2016,44,2016-11-01,2016-11-30,False,True,308,True,Nov 2016,Q4 2016
20161104,2016-11-04,2016,11,November,4,4,4,Friday,2016,44,2016-11-01,2016-11-30,False,True,309,True,Nov 2016,Q4 2016
20161105,2016-11-05,2016,11,November,5,4,5,Saturday,2016,44,2016-11-01,2016-11-30,False,False,310,True,Nov 2016,Q4 2016
20161106,2016-11-06,2016,11,November,6,4,6,Sunday,2016,44,2016-11-01,2016-11-30,False,False,311,True,Nov 2016,Q4 2016
20161107,2016-11-07,2016,11,November,7,4,0,Monday,2016,45,2016-11-01,2016-11-30,False,True,312,True,Nov 2016,Q4 2016
20161108,2016-11-08,2016,11,November,8,4,1,Tuesday,2016,45,2016-11-01,2016-11-30,False,True,313,True,Nov 2016,Q4 2016
20161109,2016-11-09,2016,11,November,9,4,2,Wednesday,2016,45,2016-11-01,2016-11-30,False,True,314,True,Nov 2016,Q4 2016
20161110,2016-11-10,2016,11,November,10,4,3,Thursday,2016,45,2016-11-01,2016-11-30,False,True,315,True,Nov 2016,Q4 2016
20161111,2016-11-11,2016,11,November,11,4,4,Friday,2016,45,2016-11-01,2016-11-30,False,True,316,True,Nov 2016,Q4 2016
20161112,2016-11-12,2016,11,November,12,4,5,Saturday,2016,45,2016-11-01,2016-11-30,False,False,317,True,Nov 2016,Q4 2016
20161113,2016-11-13,2016,11,November,13,4,6,Sunday,2016,45,2016-11-01,2016-11-30,False,False,318,True,Nov 2016,Q4 2016
20161114,2016-11-14,2016,11,November,14,4,0,Monday,2016,46,2016-11-01,2016-11-30,False,True,319,True,Nov 2016,Q4 2016
20161115,2016-11-15,2016,11,November,15,4,1,Tuesday,2016,46,2016-11-01,2016-11-30,False,True,320,True,Nov 2016,Q4 2016
20161116,2016-11-16,2016,11,November,16,4,2,Wednesday,2016,46,2016-11-01,2016-11-30,False,True,321,True,Nov 2016,Q4 2016
20161117,2016-11-17,2016,11,November,17,4,3,Thursday,2016,46,2016-11-01,2016-11-30,False,True,322,True,Nov 2016,Q4 2016
20161118,2016-11-18,2016,11,November,18,4,4,Friday,2016,46,2016-11-01,2016-11-30,False,True,323,True,Nov 2016,Q4 2016
20161119,2016-11-19,2016,11,November,19,4,5,Saturday,2016,46,2016-11-01,2016-11-30,False,False,324,True,Nov 2016,Q4 2016
20161120,2016-11-20,2016,11,November,20,4,6,Sunday,2016,46,2016-11-01,2016-11-30,False,False,325,True,Nov 2016,Q4 2016
20161121,2016-11-21,2016,11,November,21,4,0,Monday,2016,47,2016-11-01,2016-11-30,False,True,326,True,Nov 2016,Q4 2016
20161122,2016-11-22,2016,11,November,22,4,1,Tuesday,2016,47,2016-11-01,2016-11-30,False,True,327,True,Nov 2016,Q4 2016
20161123,2016-11-23,2016,11,November,23,4,2,Wednesday,2016,47,2016-11-01,2016-11-30,False,True,328,True,Nov 2016,Q4 2016
20161124,2016-11-24,2016,11,November,24,4,3,Thursday,2016,47,2016-11-01,2016-11-30,False,True,329,True,Nov 2016,Q4 2016
20161125,2016-11-25,2016,11,November,25,4,4,Friday,2016,47,2016-11-01,2016-11-30,False,True,330,True,Nov 2016,Q4 2016
20161126,2016-11-26,2016,11,November,26,4,5,Saturday,2016,47,2016-11-01,2016-11-30,False,False,331,True,Nov 2016,Q4 2016
20161127,2016-11-27,2016,11,November,27,4,6,Sunday,2016,47,2016-11-01,2016-11-30,False,False,332,True,Nov 2016,Q4 2016
20161128,2016-11-28,2016,11,November,28,4,0,Monday,2016,48,2016-11-01,2016-11-30,False,True,333,True,Nov 2016,Q4 2016
20161129,2016-11-29,2016,11,November,29,4,1,Tuesday,2016,48,2016-11-01,2016-11-30,False,True,334,True,Nov 2016,Q4 2016
20161130,2016-11-30,2016,11,November,30,4,2,Wednesday,2016,48,2016-11-01,2016-11-30,True,True,335,True,Nov 2016,Q4 2016
20161201,2016-12-01,2016,12,December,1,4,3,Thursday,2016,48,2016-12-01,2016-12-31,False,True,336,True,Dec 2016,Q4 2016
20161202,2016-12-02,2016,12,December,2,4,4,Friday,2016,48,2016-12-01,2016-12-31,False,True,337,True,Dec 2016,Q4 2016
20161203,2016-12-03,2016,12,December,3,4,5,Saturday,2016,48,2016-12-01,2016-12-31,False,False,338,True,Dec 2016,Q4 2016
20161204,2016-12-04,2016,12,December,4,4,6,Sunday,2016,48,2016-12-01,2016-12-31,False,False,339,True,Dec 2016,Q4 2016
20161205,2016-12-05,2016,12,December,5,4,0,Monday,2016,49,2016-12-01,2016-12-31,False,True,340,True,Dec 2016,Q4 2016
20161206,2016-12-06,2016,12,December,6,4,1,Tuesday,2016,49,2016-12-01,2016-12-31,False,True,341,True,Dec 2016,Q4 2016
20161207,2016-12-07,2016,12,December,7,4,2,Wednesday,2016,49,2016-12-01,2016-12-31,False,True,342,True,Dec 2016,Q4 2016
20161208,2016-12-08,2016,12,December,8,4,3,Thursday,2016,49,2016-12-01,2016-12-31,False,True,343,True,Dec 2016,Q4 2016
20161209,2016-12-09,2016,12,December,9,4,4,Friday,2016,49,2016-12-01,2016-12-31,False,True,344,True,Dec 2016,Q4 2016
20161210,2016-12-10,2016,12,December,10,4,5,Saturday,2016,49,2016-12-01,2016-12-31,False,False,345,True,Dec 2016,Q4 2016
20161211,2016-12-11,2016,12,December,11,4,6,Sunday,2016,49,2016-12-01,2016-12-31,False,False,346,True,Dec 2016,Q4 2016
20161212,2016-12-12,2016,12,December,12,4,0,Monday,2016,50,2016-12-01,2016-12-31,False,True,347,True,Dec 2016,Q4 2016
20161213,2016-12-13,2016,12,December,13,4,1,Tuesday,2016,50,2016-12-01,2016-12-31,False,True,348,True,Dec 2016,Q4 2016
20161214,2016-12-14,2016,12,December,14,4,2,Wednesday,2016,50,2016-12-01,2016-12-31,False,True,349,True,Dec 2016,Q4 2016
20161215,2016-12-15,2016,12,December,15,4,3,Thursday,2016,50,2016-12-01,2016-12-31,False,True,350,True,Dec 2016,Q4 2016
20161216,2016-12-16,2016,12,December,16,4,4,Friday,2016,50,2016-12-01,2016-12-31,False,True,351,True,Dec 2016,Q4 2016
20161217,2016-12-17,2016,12,December,17,4,5,Saturday,2016,50,2016-12-01,2016-12-31,False,False,352,True,Dec 2016,Q4 2016
20161218,2016-12-18,2016,12,December,18,4,6,Sunday,2016,50,2016-12-01,2016-12-31,False,False,353,True,Dec 2016,Q4 2016
20161219,2016-12-19,2016,12,December,19,4,0,Monday,2016,51,2016-12-01,2016-12-31,False,True,354,True,Dec 2016,Q4 2016
20161220,2016-12-20,2016,12,December,20,4,1,Tuesday,2016,51,2016-12-01,2016-12-31,False,True,355,True,Dec 2016,Q4 2016
20161221,2016-12-21,2016,12,December,21,4,2,Wednesday,2016,51,2016-12-01,2016-12-31,False,True,356,True,Dec 2016,Q4 2016
20161222,2016-12-22,2016,12,December,22,4,3,Thursday,2016,51,2016-12-01,2016-12-31,False,True,357,True,Dec 2016,Q4 2016
20161223,2016-12-23,2016,12,December,23,4,4,Friday,2016,51,2016-12-01,2016-12-31,False,True,358,True,Dec 2016,Q4 2016
20161224,2016-12-24,2016,12,December,24,4,5,Saturday,2016,51,2016-12-01,2016-12-31,False,False,359,True,Dec 2016,Q4 2016
20161225,2016-12-25,2016,12,December,25,4,6,Sunday,2016,51,2016-12-01,2016-12-31,False,False,360,True,Dec 2016,Q4 2016
20161226,2016-12-26,2016,12,December,26,4,0,Monday,2016,52,2016-12-01,2016-12-31,False,True,361,True,Dec 2016,Q4 2016
20161227,2016-12-27,2016,12,December,27,4,1,Tuesday,2016,52,2016-12-01,2016-12-31,False,True,362,True,Dec 2016,Q4 2016
20161228,2016-12-28,2016,12,December,28,4,2,Wednesday,2016,52,2016-12-01,2016-12-31,False,True,363,True,Dec 2016,Q4 2016
20161229,2016-12-29,2016,12,December,29,4,3,Thursday,2016,52,2016-12-01,2016-12-31,False,True,364,True,Dec 2016,Q4 2016
20161230,2016-12-30,2016,12,December,30,4,4,Friday,2016,52,2016-12-01,2016-12-31,False,True,365,True,Dec 2016,Q4 2016
20161231,2016-12-31,2016,12,December,31,4,5,Saturday,2016,52,2016-12-01,2016-12-31,True,False,366,True,Dec 2016,Q4 2016
20170101,2017-01-01,2017,1,January,1,1,6,Sunday,2016,52,2017-01-01,2017-01-31,False,False,1,False,Jan 2017,Q1 2017
20170102,2017-01-02,2017,1,January,2,1,0,Monday,2017,1,2017-01-01,2017-01-31,False,True,2,False,Jan 2017,Q1 2017
20170103,2017-01-03,2017,1,January,3,1,1,Tuesday,2017,1,2017-01-01,2017-01-31,False,True,3,False,Jan 2017,Q1 2017
20170104,2017-01-04,2017,1,January,4,1,2,Wednesday,2017,1,2017-01-01,2017-01-31,False,True,4,False,Jan 2017,Q1 2017
20170105,2017-01-05,2017,1,January,5,1,3,Thursday,2017,1,2017-01-01,2017-01-31,False,True,5,False,Jan 2017,Q1 2017
20170106,2017-01-06,2017,1,January,6,1,4,Friday,2017,1,2017-01-01,2017-01-31,False,True,6,False,Jan 2017,Q1 2017
20170107,2017-01-07,2017,1,January,7,1,5,Saturday,2017,1,2017-01-01,2017-01-31,False,False,7,False,Jan 2017,Q1 2017
20170108,2017-01-08,2017,1,January,8,1,6,Sunday,2017,1,2017-01-01,2017-01-31,False,False,8,False,Jan 2017,Q1 2017
20170109,2017-01-09,2017,1,January,9,1,0,Monday,2017,2,2017-01-01,2017-01-31,False,True,9,False,Jan 2017,Q1 2017
20170110,2017-01-10,2017,1,January,10,1,1,Tuesday,2017,2,2017-01-01,2017-01-31,False,True,10,False,Jan 2017,Q1 2017
20170111,2017-01-11,2017,1,January,11,1,2,Wednesday,2017,2,2017-01-01,2017-01-31,False,True,11,False,Jan 2017,Q1 2017
20170112,2017-01-12,2017,1,January,12,1,3,Thursday,2017,2,2017-01-01,2017-01-31,False,True,12,False,Jan 2017,Q1 2017
20170113,2017-01-13,2017,1,January,13,1,4,Friday,2017,2,2017-01-01,2017-01-31,False,True,13,False,Jan 2017,Q1 2017
20170114,2017-01-14,2017,1,January,14,1,5,Saturday,2017,2,2017-01-01,2017-01-31,False,False,14,False,Jan 2017,Q1 2017
20170115,2017-01-15,2017,1,January,15,1,6,Sunday,2017,2,2017-01-01,2017-01-31,False,False,15,False,Jan 2017,Q1 2017
20170116,2017-01-16,2017,1,January,16,1,0,Monday,2017,3,2017-01-01,2017-01-31,False,True,16,False,Jan 2017,Q1 2017
20170117,2017-01-17,2017,1,January,17,1,1,Tuesday,2017,3,2017-01-01,2017-01-31,False,True,17,False,Jan 2017,Q1 2017
20170118,2017-01-18,2017,1,January,18,1,2,Wednesday,2017,3,2017-01-01,2017-01-31,False,True,18,False,Jan 2017,Q1 2017
20170119,2017-01-19,2017,1,January,19,1,3,Thursday,2017,3,2017-01-01,2017-01-31,False,True,19,False,Jan 2017,Q1 2017
20170120,2017-01-20,2017,1,January,20,1,4,Friday,2017,3,2017-01-01,2017-01-31,False,True,20,False,Jan 2017,Q1 2017
20170121,2017-01-21,2017,1,January,21,1,5,Saturday,2017,3,2017-01-01,2017-01-31,False,False,21,False,Jan 2017,Q1 2017
20170122,2017-01-22,2017,1,January,22,1,6,Sunday,2017,3,2017-01-01,2017-01-31,False,False,22,False,Jan 2017,Q1 2017
20170123,2017-01-23,2017,1,January,23,1,0,Monday,2017,4,2017-01-01,2017-01-31,False,True,23,False,Jan 2017,Q1 2017
20170124,2017-01-24,2017,1,January,24,1,1,Tuesday,2017,4,2017-01-01,2017-01-31,False,True,24,False,Jan 2017,Q1 2017
20170125,2017-01-25,2017,1,January,25,1,2,Wednesday,2017,4,2017-01-01,2017-01-31,False,True,25,False,Jan 2017,Q1 2017
20170126,2017-01-26,2017,1,January,26,1,3,Thursday,2017,4,2017-01-01,2017-01-31,False,True,26,False,Jan 2017,Q1 2017
20170127,2017-01-27,2017,1,January,27,1,4,Friday,2017,4,2017-01-01,2017-01-31,False,True,27,False,Jan 2017,Q1 2017
20170128,2017-01-28,2017,1,January,28,1,5,Saturday,2017,4,2017-01-01,2017-01-31,False,False,28,False,Jan 2017,Q1 2017
20170129,2017-01-29,2017,1,January,29,1,6,Sunday,2017,4,2017-01-01,2017-01-31,False,False,29,False,Jan 2017,Q1 2017
20170130,2017-01-30,2017,1,January,30,1,0,Monday,2017,5,2017-01-01,2017-01-31,False,True,30,False,Jan 2017,Q1 2017
20170131,2017-01-31,2017,1,January,31,1,1,Tuesday,2017,5,2017-01-01,2017-01-31,True,True,31,False,Jan 2017,Q1 2017
20170201,2017-02-01,2017,2,February,1,1,2,Wednesday,2017,5,2017-02-01,2017-02-28,False,True,32,False,Feb 2017,Q1 2017
20170202,2017-02-02,2017,2,February,2,1,3,Thursday,2017,5,2017-02-01,2017-02-28,False,True,33,False,Feb 2017,Q1 2017
20170203,2017-02-03,2017,2,February,3,1,4,Friday,2017,5,2017-02-01,2017-02-28,False,True,34,False,Feb 2017,Q1 2017
20170204,2017-02-04,2017,2,February,4,1,5,Saturday,2017,5,2017-02-01,2017-02-28,False,False,35,False,Feb 2017,Q1 2017
20170205,2017-02-05,2017,2,February,5,1,6,Sunday,2017,5,2017-02-01,2017-02-28,False,False,36,False,Feb 2017,Q1 2017
20170206,2017-02-06,2017,2,February,6,1,0,Monday,2017,6,2017-02-01,2017-02-28,False,True,37,False,Feb 2017,Q1 2017
20170207,2017-02-07,2017,2,February,7,1,1,Tuesday,2017,6,2017-02-01,2017-02-28,False,True,38,False,Feb 2017,Q1 2017
20170208,2017-02-08,2017,2,February,8,1,2,Wednesday,2017,6,2017-02-01,2017-02-28,False,True,39,False,Feb 2017,Q1 2017
20170209,2017-02-09,2017,2,February,9,1,3,Thursday,2017,6,2017-02-01,2017-02-28,False,True,40,False,Feb 2017,Q1 2017
20170210,2017-02-10,2017,2,February,10,1,4,Friday,2017,6,2017-02-01,2017-02-28,False,True,41,False,Feb 2017,Q1 2017
20170211,2017-02-11,2017,2,February,11,1,5,Saturday,2017,6,2017-02-01,2017-02-28,False,False,42,False,Feb 2017,Q1 2017
20170212,2017-02-12,2017,2,February,12,1,6,Sunday,2017,6,2017-02-01,2017-02-28,False,False,43,False,Feb 2017,Q1 2017
20170213,2017-02-13,2017,2,February,13,1,0,Monday,2017,7,2017-02-01,2017-02-28,False,True,44,False,Feb 2017,Q1 2017
20170214,2017-02-14,2017,2,February,14,1,1,Tuesday,2017,7,2017-02-01,2017-02-28,False,True,45,False,Feb 2017,Q1 2017
20170215,2017-02-15,2017,2,February,15,1,2,Wednesday,2017,7,2017-02-01,2017-02-28,False,True,46,False,Feb 2017,Q1 2017
20170216,2017-02-16,2017,2,February,16,1,3,Thursday,2017,7,2017-02-01,2017-02-28,False,True,47,False,Feb 2017,Q1 2017
20170217,2017-02-17,2017,2,February,17,1,4,Friday,2017,7,2017-02-01,2017-02-28,False,True,48,False,Feb 2017,Q1 2017
20170218,2017-02-18,2017,2,February,18,1,5,Saturday,2017,7,2017-02-01,2017-02-28,False,False,49,False,Feb 2017,Q1 2017
20170219,2017-02-19,2017,2,February,19,1,6,Sunday,2017,7,2017-02-01,2017-02-28,False,False,50,False,Feb 2017,Q1 2017
20170220,2017-02-20,2017,2,February,20,1,0,Monday,2017,8,2017-02-01,2017-02-28,False,True,51,False,Feb 2017,Q1 2017
20170221,2017-02-21,2017,2,February,21,1,1,Tuesday,2017,8,2017-02-01,2017-02-28,False,True,52,False,Feb 2017,Q1 2017
20170222,2017-02-22,2017,2,February,22,1,2,Wednesday,2017,8,2017-02-01,2017-02-28,False,True,53,False,Feb 2017,Q1 2017
20170223,2017-02-23,2017,2,February,23,1,3,Thursday,2017,8,2017-02-01,2017-02-28,False,True,54,False,Feb 2017,Q1 2017
20170224,2017-02-24,2017,2,February,24,1,4,Friday,2017,8,2017-02-01,2017-02-28,False,True,55,False,Feb 2017,Q1 2017
20170225,2017-02-25,2017,2,February,25,1,5,Saturday,2017,8,2017-02-01,2017-02-28,False,False,56,False,Feb 2017,Q1 2017
20170226,2017-02-26,2017,2,February,26,1,6,Sunday,2017,8,2017-02-01,2017-02-28,False,False,57,False,Feb 2017,Q1 2017
20170227,2017-02-27,2017,2,February,27,1,0,Monday,2017,9,2017-02-01,2017-02-28,False,True,58,False,Feb 2017,Q1 2017
20170228,2017-02-28,2017,2,February,28,1,1,Tuesday,2017,9,2017-02-01,2017-02-28,True,True,59,False,Feb 2017,Q1 2017
20170301,2017-03-01,2017,3,March,1,1,2,Wednesday,2017,9,2017-03-01,2017-03-31,False,True,60,False,Mar 2017,Q1 2017
20170302,2017-03-02,2017,3,March,2,1,3,Thursday,2017,9,2017-03-01,2017-03-31,False,True,61,False,Mar 2017,Q1 2017
20170303,2017-03-03,2017,3,March,3,1,4,Friday,2017,9,2017-03-01,2017-03-31,False,True,62,False,Mar 2017,Q1 2017
20170304,2017-03-04,2017,3,March,4,1,5,Saturday,2017,9,2017-03-01,2017-03-31,False,False,63,False,Mar 2017,Q1 2017
20170305,2017-03-05,2017,3,March,5,1,6,Sunday,2017,9,2017-03-01,2017-03-31,False,False,64,False,Mar 2017,Q1 2017
20170306,2017-03-06,2017,3,March,6,1,0,Monday,2017,10,2017-03-01,2017-03-31,False,True,65,False,Mar 2017,Q1 2017
20170307,2017-03-07,2017,3,March,7,1,1,Tuesday,2017,10,2017-03-01,2017-03-31,False,True,66,False,Mar 2017,Q1 2017
20170308,2017-03-08,2017,3,March,8,1,2,Wednesday,2017,10,2017-03-01,2017-03-31,False,True,67,False,Mar 2017,Q1 2017
20170309,2017-03-09,2017,3,March,9,1,3,Thursday,2017,10,2017-03-01,2017-03-31,False,True,68,False,Mar 2017,Q1 2017
20170310,2017-03-10,2017,3,March,10,1,4,Friday,2017,10,2017-03-01,2017-03-31,False,True,69,False,Mar 2017,Q1 2017
20170311,2017-03-11,2017,3,March,11,1,5,Saturday,2017,10,2017-03-01,2017-03-31,False,False,70,False,Mar 2017,Q1 2017
20170312,2017-03-12,2017,3,March,12,1,6,Sunday,2017,10,2017-03-01,2017-03-31,False,False,71,False,Mar 2017,Q1 2017
20170313,2017-03-13,2017,3,March,13,1,0,Monday,2017,11,2017-03-01,2017-03-31,False,True,72,False,Mar 2017,Q1 2017
20170314,2017-03-14,2017,3,March,14,1,1,Tuesday,2017,11,2017-03-01,2017-03-31,False,True,73,False,Mar 2017,Q1 2017
20170315,2017-03-15,2017,3,March,15,1,2,Wednesday,2017,11,2017-03-01,2017-03-31,False,True,74,False,Mar 2017,Q1 2017
20170316,2017-03-16,2017,3,March,16,1,3,Thursday,2017,11,2017-03-01,2017-03-31,False,True,75,False,Mar 2017,Q1 2017
20170317,2017-03-17,2017,3,March,17,1,4,Friday,2017,11,2017-03-01,2017-03-31,False,True,76,False,Mar 2017,Q1 2017
20170318,2017-03-18,2017,3,March,18,1,5,Saturday,2017,11,2017-03-01,2017-03-31,False,False,77,False,Mar 2017,Q1 2017
20170319,2017-03-19,2017,3,March,19,1,6,Sunday,2017,11,2017-03-01,2017-03-31,False,False,78,False,Mar 2017,Q1 2017
20170320,2017-03-20,2017,3,March,20,1,0,Monday,2017,12,2017-03-01,2017-03-31,False,True,79,False,Mar 2017,Q1 2017
20170321,2017-03-21,2017,3,March,21,1,1,Tuesday,2017,12,2017-03-01,2017-03-31,False,True,80,False,Mar 2017,Q1 2017
20170322,2017-03-22,2017,3,March,22,1,2,Wednesday,2017,12,2017-03-01,2017-03-31,False,True,81,False,Mar 2017,Q1 2017
20170323,2017-03-23,2017,3,March,23,1,3,Thursday,2017,12,2017-03-01,2017-03-31,False,True,82,False,Mar 2017,Q1 2017
20170324,2017-03-24,2017,3,March,24,1,4,Friday,2017,12,2017-03-01,2017-03-31,False,True,83,False,Mar 2017,Q1 2017
20170325,2017-03-25,2017,3,March,25,1,5,Saturday,2017,12,2017-03-01,2017-03-31,False,False,84,False,Mar 2017,Q1 2017
20170326,2017-03-26,2017,3,March,26,1,6,Sunday,2017,12,2017-03-01,2017-03-31,False,False,85,False,Mar 2017,Q1 2017
20170327,2017-03-27,2017,3,March,27,1,0,Monday,2017,13,2017-03-01,2017-03-31,False,True,86,False,Mar 2017,Q1 2017
20170328,2017-03-28,2017,3,March,28,1,1,Tuesday,2017,13,2017-03-01,2017-03-31,False,True,87,False,Mar 2017,Q1 2017
20170329,2017-03-29,2017,3,March,29,1,2,Wednesday,2017,13,2017-03-01,2017-03-31,False,True,88,False,Mar 2017,Q1 2017
20170330,2017-03-30,2017,3,March,30,1,3,Thursday,2017,13,2017-03-01,2017-03-31,False,True,89,False,Mar 2017,Q1 2017
20170331,2017-03-31,2017,3,March,31,1,4,Friday,2017,13,2017-03-01,2017-03-31,True,True,90,False,Mar 2017,Q1 2017
20170401,2017-04-01,2017,4,April,1,2,5,Saturday,2017,13,2017-04-01,2017-04-30,False,False,91,False,Apr 2017,Q2 2017
20170402,2017-04-02,2017,4,April,2,2,6,Sunday,2017,13,2017-04-01,2017-04-30,False,False,92,False,Apr 2017,Q2 2017
20170403,2017-04-03,2017,4,April,3,2,0,Monday,2017,14,2017-04-01,2017-04-30,False,True,93,False,Apr 2017,Q2 2017
20170404,2017-04-04,2017,4,April,4,2,1,Tuesday,2017,14,2017-04-01,2017-04-30,False,True,94,False,Apr 2017,Q2 2017
20170405,2017-04-05,2017,4,April,5,2,2,Wednesday,2017,14,2017-04-01,2017-04-30,False,True,95,False,Apr 2017,Q2 2017
20170406,2017-04-06,2017,4,April,6,2,3,Thursday,2017,14,2017-04-01,2017-04-30,False,True,96,False,Apr 2017,Q2 2017
20170407,2017-04-07,2017,4,April,7,2,4,Friday,2017,14,2017-04-01,2017-04-30,False,True,97,False,Apr 2017,Q2 2017
20170408,2017-04-08,2017,4,April,8,2,5,Saturday,2017,14,2017-04-01,2017-04-30,False,False,98,False,Apr 2017,Q2 2017
20170409,2017-04-09,2017,4,April,9,2,6,Sunday,2017,14,2017-04-01,2017-04-30,False,False,99,False,Apr 2017,Q2 2017
20170410,2017-04-10,2017,4,April,10,2,0,Monday,2017,15,2017-04-01,2017-04-30,False,True,100,False,Apr 2017,Q2 2017
20170411,2017-04-11,2017,4,April,11,2,1,Tuesday,2017,15,2017-04-01,2017-04-30,False,True,101,False,Apr 2017,Q2 2017
20170412,2017-04-12,2017,4,April,12,2,2,Wednesday,2017,15,2017-04-01,2017-04-30,False,True,102,False,Apr 2017,Q2 2017
20170413,2017-04-13,2017,4,April,13,2,3,Thursday,2017,15,2017-04-01,2017-04-30,False,True,103,False,Apr 2017,Q2 2017
20170414,2017-04-14,2017,4,April,14,2,4,Friday,2017,15,2017-04-01,2017-04-30,False,True,104,False,Apr 2017,Q2 2017
20170415,2017-04-15,2017,4,April,15,2,5,Saturday,2017,15,2017-04-01,2017-04-30,False,False,105,False,Apr 2017,Q2 2017
20170416,2017-04-16,2017,4,April,16,2,6,Sunday,2017,15,2017-04-01,2017-04-30,False,False,106,False,Apr 2017,Q2 2017
20170417,2017-04-17,2017,4,April,17,2,0,Monday,2017,16,2017-04-01,2017-04-30,False,True,107,False,Apr 2017,Q2 2017
20170418,2017-04-18,2017,4,April,18,2,1,Tuesday,2017,16,2017-04-01,2017-04-30,False,True,108,False,Apr 2017,Q2 2017
20170419,2017-04-19,2017,4,April,19,2,2,Wednesday,2017,16,2017-04-01,2017-04-30,False,True,109,False,Apr 2017,Q2 2017
20170420,2017-04-20,2017,4,April,20,2,3,Thursday,2017,16,2017-04-01,2017-04-30,False,True,110,False,Apr 2017,Q2 2017
20170421,2017-04-21,2017,4,April,21,2,4,Friday,2017,16,2017-04-01,2017-04-30,False,True,111,False,Apr 2017,Q2 2017
20170422,2017-04-22,2017,4,April,22,2,5,Saturday,2017,16,2017-04-01,2017-04-30,False,False,112,False,Apr 2017,Q2 2017
20170423,2017-04-23,2017,4,April,23,2,6,Sunday,2017,16,2017-04-01,2017-04-30,False,False,113,False,Apr 2017,Q2 2017
20170424,2017-04-24,2017,4,April,24,2,0,Monday,2017,17,2017-04-01,2017-04-30,False,True,114,False,Apr 2017,Q2 2017
20170425,2017-04-25,2017,4,April,25,2,1,Tuesday,2017,17,2017-04-01,2017-04-30,False,True,115,False,Apr 2017,Q2 2017
20170426,2017-04-26,2017,4,April,26,2,2,Wednesday,2017,17,2017-04-01,2017-04-30,False,True,116,False,Apr 2017,Q2 2017
20170427,2017-04-27,2017,4,April,27,2,3,Thursday,2017,17,2017-04-01,2017-04-30,False,True,117,False,Apr 2017,Q2 2017
20170428,2017-04-28,2017,4,April,28,2,4,Friday,2017,17,2017-04-01,2017-04-30,False,True,118,False,Apr 2017,Q2 2017
20170429,2017-04-29,2017,4,April,29,2,5,Saturday,2017,17,2017-04-01,2017-04-30,False,False,119,False,Apr 2017,Q2 2017
20170430,2017-04-30,2017,4,April,30,2,6,Sunday,2017,17,2017-04-01,2017-04-30,True,False,120,False,Apr 2017,Q2 2017
20170501,2017-05-01,2017,5,May,1,2,0,Monday,2017,18,2017-05-01,2017-05-31,False,True,121,False,May 2017,Q2 2017
20170502,2017-05-02,2017,5,May,2,2,1,Tuesday,2017,18,2017-05-01,2017-05-31,False,True,122,False,May 2017,Q2 2017
20170503,2017-05-03,2017,5,May,3,2,2,Wednesday,2017,18,2017-05-01,2017-05-31,False,True,123,False,May 2017,Q2 2017
20170504,2017-05-04,2017,5,May,4,2,3,Thursday,2017,18,2017-05-01,2017-05-31,False,True,124,False,May 2017,Q2 2017
20170505,2017-05-05,2017,5,May,5,2,4,Friday,2017,18,2017-05-01,2017-05-31,False,True,125,False,May 2017,Q2 2017
20170506,2017-05-06,2017,5,May,6,2,5,Saturday,2017,18,2017-05-01,2017-05-31,False,False,126,False,May 2017,Q2 2017
20170507,2017-05-07,2017,5,May,7,2,6,Sunday,2017,18,2017-05-01,2017-05-31,False,False,127,False,May 2017,Q2 2017
20170508,2017-05-08,2017,5,May,8,2,0,Monday,2017,19,2017-05-01,2017-05-31,False,True,128,False,May 2017,Q2 2017
20170509,2017-05-09,2017,5,May,9,2,1,Tuesday,2017,19,2017-05-01,2017-05-31,False,True,129,False,May 2017,Q2 2017
20170510,2017-05-10,2017,5,May,10,2,2,Wednesday,2017,19,2017-05-01,2017-05-31,False,True,130,False,May 2017,Q2 2017
20170511,2017-05-11,2017,5,May,11,2,3,Thursday,2017,19,2017-05-01,2017-05-31,False,True,131,False,May 2017,Q2 2017
20170512,2017-05-12,2017,5,May,12,2,4,Friday,2017,19,2017-05-01,2017-05-31,False,True,132,False,May 2017,Q2 2017
20170513,2017-05-13,2017,5,May,13,2,5,Saturday,2017,19,2017-05-01,2017-05-31,False,False,133,False,May 2017,Q2 2017
20170514,2017-05-14,2017,5,May,14,2,6,Sunday,2017,19,2017-05-01,2017-05-31,False,False,134,False,May 2017,Q2 2017
20170515,2017-05-15,2017,5,May,15,2,0,Monday,2017,20,2017-05-01,2017-05-31,False,True,135,False,May 2017,Q2 2017
20170516,2017-05-16,2017,5,May,16,2,1,Tuesday,2017,20,2017-05-01,2017-05-31,False,True,136,False,May 2017,Q2 2017
20170517,2017-05-17,2017,5,May,17,2,2,Wednesday,2017,20,2017-05-01,2017-05-31,False,True,137,False,May 2017,Q2 2017
20170518,2017-05-18,2017,5,May,18,2,3,Thursday,2017,20,2017-05-01,2017-05-31,False,True,138,False,May 2017,Q2 2017
20170519,2017-05-19,2017,5,May,19,2,4,Friday,2017,20,2017-05-01,2017-05-31,False,True,139,False,May 2017,Q2 2017
20170520,2017-05-20,2017,5,May,20,2,5,Saturday,2017,20,2017-05-01,2017-05-31,False,False,140,False,May 2017,Q2 2017
20170521,2017-05-21,2017,5,May,21,2,6,Sunday,2017,20,2017-05-01,2017-05-31,False,False,141,False,May 2017,Q2 2017
20170522,2017-05-22,2017,5,May,22,2,0,Monday,2017,21,2017-05-01,2017-05-31,False,True,142,False,May 2017,Q2 2017
20170523,2017-05-23,2017,5,May,23,2,1,Tuesday,2017,21,2017-05-01,2017-05-31,False,True,143,False,May 2017,Q2 2017
20170524,2017-05-24,2017,5,May,24,2,2,Wednesday,2017,21,2017-05-01,2017-05-31,False,True,144,False,May 2017,Q2 2017
20170525,2017-05-25,2017,5,May,25,2,3,Thursday,2017,21,2017-05-01,2017-05-31,False,True,145,False,May 2017,Q2 2017
20170526,2017-05-26,2017,5,May,26,2,4,Friday,2017,21,2017-05-01,2017-05-31,False,True,146,False,May 2017,Q2 2017
20170527,2017-05-27,2017,5,May,27,2,5,Saturday,2017,21,2017-05-01,2017-05-31,False,False,147,False,May 2017,Q2 2017
20170528,2017-05-28,2017,5,May,28,2,6,Sunday,2017,21,2017-05-01,2017-05-31,False,False,148,False,May 2017,Q2 2017
20170529,2017-05-29,2017,5,May,29,2,0,Monday,2017,22,2017-05-01,2017-05-31,False,True,149,False,May 2017,Q2 2017
20170530,2017-05-30,2017,5,May,30,2,1,Tuesday,2017,22,2017-05-01,2017-05-31,False,True,150,False,May 2017,Q2 2017
20170531,2017-05-31,2017,5,May,31,2,2,Wednesday,2017,22,2017-05-01,2017-05-31,True,True,151,False,May 2017,Q2 2017
20170601,2017-06-01,2017,6,June,1,2,3,Thursday,2017,22,2017-06-01,2017-06-30,False,True,152,False,Jun 2017,Q2 2017
20170602,2017-06-02,2017,6,June,2,2,4,Friday,2017,22,2017-06-01,2017-06-30,False,True,153,False,Jun 2017,Q2 2017
20170603,2017-06-03,2017,6,June,3,2,5,Saturday,2017,22,2017-06-01,2017-06-30,False,False,154,False,Jun 2017,Q2 2017
20170604,2017-06-04,2017,6,June,4,2,6,Sunday,2017,22,2017-06-01,2017-06-30,False,False,155,False,Jun 2017,Q2 2017
20170605,2017-06-05,2017,6,June,5,2,0,Monday,2017,23,2017-06-01,2017-06-30,False,True,156,False,Jun 2017,Q2 2017
20170606,2017-06-06,2017,6,June,6,2,1,Tuesday,2017,23,2017-06-01,2017-06-30,False,True,157,False,Jun 2017,Q2 2017
20170607,2017-06-07,2017,6,June,7,2,2,Wednesday,2017,23,2017-06-01,2017-06-30,False,True,158,False,Jun 2017,Q2 2017
20170608,2017-06-08,2017,6,June,8,2,3,Thursday,2017,23,2017-06-01,2017-06-30,False,True,159,False,Jun 2017,Q2 2017
20170609,2017-06-09,2017,6,June,9,2,4,Friday,2017,23,2017-06-01,2017-06-30,False,True,160,False,Jun 2017,Q2 2017
20170610,2017-06-10,2017,6,June,10,2,5,Saturday,2017,23,2017-06-01,2017-06-30,False,False,161,False,Jun 2017,Q2 2017
20170611,2017-06-11,2017,6,June,11,2,6,Sunday,2017,23,2017-06-01,2017-06-30,False,False,162,False,Jun 2017,Q2 2017
20170612,2017-06-12,2017,6,June,12,2,0,Monday,2017,24,2017-06-01,2017-06-30,False,True,163,False,Jun 2017,Q2 2017
20170613,2017-06-13,2017,6,June,13,2,1,Tuesday,2017,24,2017-06-01,2017-06-30,False,True,164,False,Jun 2017,Q2 2017
20170614,2017-06-14,2017,6,June,14,2,2,Wednesday,2017,24,2017-06-01,2017-06-30,False,True,165,False,Jun 2017,Q2 2017
20170615,2017-06-15,2017,6,June,15,2,3,Thursday,2017,24,2017-06-01,2017-06-30,False,True,166,False,Jun 2017,Q2 2017
20170616,2017-06-16,2017,6,June,16,2,4,Friday,2017,24,2017-06-01,2017-06-30,False,True,167,False,Jun 2017,Q2 2017
20170617,2017-06-17,2017,6,June,17,2,5,Saturday,2017,24,2017-06-01,2017-06-30,False,False,168,False,Jun 2017,Q2 2017
20170618,2017-06-18,2017,6,June,18,2,6,Sunday,2017,24,2017-06-01,2017-06-30,False,False,169,False,Jun 2017,Q2 2017
20170619,2017-06-19,2017,6,June,19,2,0,Monday,2017,25,2017-06-01,2017-06-30,False,True,170,False,Jun 2017,Q2 2017
20170620,2017-06-20,2017,6,June,20,2,1,Tuesday,2017,25,2017-06-01,2017-06-30,False,True,171,False,Jun 2017,Q2 2017
20170621,2017-06-21,2017,6,June,21,2,2,Wednesday,2017,25,2017-06-01,2017-06-30,False,True,172,False,Jun 2017,Q2 2017
20170622,2017-06-22,2017,6,June,22,2,3,Thursday,2017,25,2017-06-01,2017-06-30,False,True,173,False,Jun 2017,Q2 2017
20170623,2017-06-23,2017,6,June,23,2,4,Friday,2017,25,2017-06-01,2017-06-30,False,True,174,False,Jun 2017,Q2 2017
20170624,2017-06-24,2017,6,June,24,2,5,Saturday,2017,25,2017-06-01,2017-06-30,False,False,175,False,Jun 2017,Q2 2017
20170625,2017-06-25,2017,6,June,25,2,6,Sunday,2017,25,2017-06-01,2017-06-30,False,False,176,False,Jun 2017,Q2 2017
20170626,2017-06-26,2017,6,June,26,2,0,Monday,2017,26,2017-06-01,2017-06-30,False,True,177,False,Jun 2017,Q2 2017
20170627,2017-06-27,2017,6,June,27,2,1,Tuesday,2017,26,2017-06-01,2017-06-30,False,True,178,False,Jun 2017,Q2 2017
20170628,2017-06-28,2017,6,June,28,2,2,Wednesday,2017,26,2017-06-01,2017-06-30,False,True,179,False,Jun 2017,Q2 2017
20170629,2017-06-29,2017,6,June,29,2,3,Thursday,2017,26,2017-06-01,2017-06-30,False,True,180,False,Jun 2017,Q2 2017
20170630,2017-06-30,2017,6,June,30,2,4,Friday,2017,26,2017-06-01,2017-06-30,True,True,181,False,Jun 2017,Q2 2017
20170701,2017-07-01,2017,7,July,1,3,5,Saturday,2017,26,2017-07-01,2017-07-31,False,False,182,False,Jul 2017,Q3 2017
20170702,2017-07-02,2017,7,July,2,3,6,Sunday,2017,26,2017-07-01,2017-07-31,False,False,183,False,Jul 2017,Q3 2017
20170703,2017-07-03,2017,7,July,3,3,0,Monday,2017,27,2017-07-01,2017-07-31,False,True,184,False,Jul 2017,Q3 2017
20170704,2017-07-04,2017,7,July,4,3,1,Tuesday,2017,27,2017-07-01,2017-07-31,False,True,185,False,Jul 2017,Q3 2017
20170705,2017-07-05,2017,7,July,5,3,2,Wednesday,2017,27,2017-07-01,2017-07-31,False,True,186,False,Jul 2017,Q3 2017
20170706,2017-07-06,2017,7,July,6,3,3,Thursday,2017,27,2017-07-01,2017-07-31,False,True,187,False,Jul 2017,Q3 2017
20170707,2017-07-07,2017,7,July,7,3,4,Friday,2017,27,2017-07-01,2017-07-31,False,True,188,False,Jul 2017,Q3 2017
20170708,2017-07-08,2017,7,July,8,3,5,Saturday,2017,27,2017-07-01,2017-07-31,False,False,189,False,Jul 2017,Q3 2017
20170709,2017-07-09,2017,7,July,9,3,6,Sunday,2017,27,2017-07-01,2017-07-31,False,False,190,False,Jul 2017,Q3 2017
20170710,2017-07-10,2017,7,July,10,3,0,Monday,2017,28,2017-07-01,2017-07-31,False,True,191,False,Jul 2017,Q3 2017
20170711,2017-07-11,2017,7,July,11,3,1,Tuesday,2017,28,2017-07-01,2017-07-31,False,True,192,False,Jul 2017,Q3 2017
20170712,2017-07-12,2017,7,July,12,3,2,Wednesday,2017,28,2017-07-01,2017-07-31,False,True,193,False,Jul 2017,Q3 2017
20170713,2017-07-13,2017,7,July,13,3,3,Thursday,2017,28,2017-07-01,2017-07-31,False,True,194,False,Jul 2017,Q3 2017
20170714,2017-07-14,2017,7,July,14,3,4,Friday,2017,28,2017-07-01,2017-07-31,False,True,195,False,Jul 2017,Q3 2017
20170715,2017-07-15,2017,7,July,15,3,5,Saturday,2017,28,2017-07-01,2017-07-31,False,False,196,False,Jul 2017,Q3 2017
20170716,2017-07-16,2017,7,July,16,3,6,Sunday,2017,28,2017-07-01,2017-07-31,False,False,197,False,Jul 2017,Q3 2017
20170717,2017-07-17,2017,7,July,17,3,0,Monday,2017,29,2017-07-01,2017-07-31,False,True,198,False,Jul 2017,Q3 2017
20170718,2017-07-18,2017,7,July,18,3,1,Tuesday,2017,29,2017-07-01,2017-07-31,False,True,199,False,Jul 2017,Q3 2017
20170719,2017-07-19,2017,7,July,19,3,2,Wednesday,2017,29,2017-07-01,2017-07-31,False,True,200,False,Jul 2017,Q3 2017
20170720,2017-07-20,2017,7,July,20,3,3,Thursday,2017,29,2017-07-01,2017-07-31,False,True,201,False,Jul 2017,Q3 2017
20170721,2017-07-21,2017,7,July,21,3,4,Friday,2017,29,2017-07-01,2017-07-31,False,True,202,False,Jul 2017,Q3 2017
20170722,2017-07-22,2017,7,July,22,3,5,Saturday,2017,29,2017-07-01,2017-07-31,False,False,203,False,Jul 2017,Q3 2017
20170723,2017-07-23,2017,7,July,23,3,6,Sunday,2017,29,2017-07-01,2017-07-31,False,False,204,False,Jul 2017,Q3 2017
20170724,2017-07-24,2017,7,July,24,3,0,Monday,2017,30,2017-07-01,2017-07-31,False,True,205,False,Jul 2017,Q3 2017
20170725,2017-07-25,2017,7,July,25,3,1,Tuesday,2017,30,2017-07-01,2017-07-31,False,True,206,False,Jul 2017,Q3 2017
20170726,2017-07-26,2017,7,July,26,3,2,Wednesday,2017,30,2017-07-01,2017-07-31,False,True,207,False,Jul 2017,Q3 2017
20170727,2017-07-27,2017,7,July,27,3,3,Thursday,2017,30,2017-07-01,2017-07-31,False,True,208,False,Jul 2017,Q3 2017
20170728,2017-07-28,2017,7,July,28,3,4,Friday,2017,30,2017-07-01,2017-07-31,False,True,209,False,Jul 2017,Q3 2017
20170729,2017-07-29,2017,7,July,29,3,5,Saturday,2017,30,2017-07-01,2017-07-31,False,False,210,False,Jul 2017,Q3 2017
20170730,2017-07-30,2017,7,July,30,3,6,Sunday,2017,30,2017-07-01,2017-07-31,False,False,211,False,Jul 2017,Q3 2017
20170731,2017-07-31,2017,7,July,31,3,0,Monday,2017,31,2017-07-01,2017-07-31,True,True,212,False,Jul 2017,Q3 2017
20170801,2017-08-01,2017,8,August,1,3,1,Tuesday,2017,31,2017-08-01,2017-08-31,False,True,213,False,Aug 2017,Q3 2017
20170802,2017-08-02,2017,8,August,2,3,2,Wednesday,2017,31,2017-08-01,2017-08-31,False,True,214,False,Aug 2017,Q3 2017
20170803,2017-08-03,2017,8,August,3,3,3,Thursday,2017,31,2017-08-01,2017-08-31,False,True,215,False,Aug 2017,Q3 2017
20170804,2017-08-04,2017,8,August,4,3,4,Friday,2017,31,2017-08-01,2017-08-31,False,True,216,False,Aug 2017,Q3 2017
20170805,2017-08-05,2017,8,August,5,3,5,Saturday,2017,31,2017-08-01,2017-08-31,False,False,217,False,Aug 2017,Q3 2017
20170806,2017-08-06,2017,8,August,6,3,6,Sunday,2017,31,2017-08-01,2017-08-31,False,False,218,False,Aug 2017,Q3 2017
20170807,2017-08-07,2017,8,August,7,3,0,Monday,2017,32,2017-08-01,2017-08-31,False,True,219,False,Aug 2017,Q3 2017
20170808,2017-08-08,2017,8,August,8,3,1,Tuesday,2017,32,2017-08-01,2017-08-31,False,True,220,False,Aug 2017,Q3 2017
20170809,2017-08-09,2017,8,August,9,3,2,Wednesday,2017,32,2017-08-01,2017-08-31,False,True,221,False,Aug 2017,Q3 2017
20170810,2017-08-10,2017,8,August,10,3,3,Thursday,2017,32,2017-08-01,2017-08-31,False,True,222,False,Aug 2017,Q3 2017
20170811,2017-08-11,2017,8,August,11,3,4,Friday,2017,32,2017-08-01,2017-08-31,False,True,223,False,Aug 2017,Q3 2017
20170812,2017-08-12,2017,8,August,12,3,5,Saturday,2017,32,2017-08-01,2017-08-31,False,False,224,False,Aug 2017,Q3 2017
20170813,2017-08-13,2017,8,August,13,3,6,Sunday,2017,32,2017-08-01,2017-08-31,False,False,225,False,Aug 2017,Q3 2017
20170814,2017-08-14,2017,8,August,14,3,0,Monday,2017,33,2017-08-01,2017-08-31,False,True,226,False,Aug 2017,Q3 2017
20170815,2017-08-15,2017,8,August,15,3,1,Tuesday,2017,33,2017-08-01,2017-08-31,False,True,227,False,Aug 2017,Q3 2017
20170816,2017-08-16,2017,8,August,16,3,2,Wednesday,2017,33,2017-08-01,2017-08-31,False,True,228,False,Aug 2017,Q3 2017
20170817,2017-08-17,2017,8,August,17,3,3,Thursday,2017,33,2017-08-01,2017-08-31,False,True,229,False,Aug 2017,Q3 2017
20170818,2017-08-18,2017,8,August,18,3,4,Friday,2017,33,2017-08-01,2017-08-31,False,True,230,False,Aug 2017,Q3 2017
20170819,2017-08-19,2017,8,August,19,3,5,Saturday,2017,33,2017-08-01,2017-08-31,False,False,231,False,Aug 2017,Q3 2017
20170820,2017-08-20,2017,8,August,20,3,6,Sunday,2017,33,2017-08-01,2017-08-31,False,False,232,False,Aug 2017,Q3 2017
20170821,2017-08-21,2017,8,August,21,3,0,Monday,2017,34,2017-08-01,2017-08-31,False,True,233,False,Aug 2017,Q3 2017
20170822,2017-08-22,2017,8,August,22,3,1,Tuesday,2017,34,2017-08-01,2017-08-31,False,True,234,False,Aug 2017,Q3 2017
20170823,2017-08-23,2017,8,August,23,3,2,Wednesday,2017,34,2017-08-01,2017-08-31,False,True,235,False,Aug 2017,Q3 2017
20170824,2017-08-24,2017,8,August,24,3,3,Thursday,2017,34,2017-08-01,2017-08-31,False,True,236,False,Aug 2017,Q3 2017
20170825,2017-08-25,2017,8,August,25,3,4,Friday,2017,34,2017-08-01,2017-08-31,False,True,237,False,Aug 2017,Q3 2017
20170826,2017-08-26,2017,8,August,26,3,5,Saturday,2017,34,2017-08-01,2017-08-31,False,False,238,False,Aug 2017,Q3 2017
20170827,2017-08-27,2017,8,August,27,3,6,Sunday,2017,34,2017-08-01,2017-08-31,False,False,239,False,Aug 2017,Q3 2017
20170828,2017-08-28,2017,8,August,28,3,0,Monday,2017,35,2017-08-01,2017-08-31,False,True,240,False,Aug 2017,Q3 2017
20170829,2017-08-29,2017,8,August,29,3,1,Tuesday,2017,35,2017-08-01,2017-08-31,False,True,241,False,Aug 2017,Q3 2017
20170830,2017-08-30,2017,8,August,30,3,2,Wednesday,2017,35,2017-08-01,2017-08-31,False,True,242,False,Aug 2017,Q3 2017
20170831,2017-08-31,2017,8,August,31,3,3,Thursday,2017,35,2017-08-01,2017-08-31,True,True,243,False,Aug 2017,Q3 2017
20170901,2017-09-01,2017,9,September,1,3,4,Friday,2017,35,2017-09-01,2017-09-30,False,True,244,False,Sep 2017,Q3 2017
20170902,2017-09-02,2017,9,September,2,3,5,Saturday,2017,35,2017-09-01,2017-09-30,False,False,245,False,Sep 2017,Q3 2017
20170903,2017-09-03,2017,9,September,3,3,6,Sunday,2017,35,2017-09-01,2017-09-30,False,False,246,False,Sep 2017,Q3 2017
20170904,2017-09-04,2017,9,September,4,3,0,Monday,2017,36,2017-09-01,2017-09-30,False,True,247,False,Sep 2017,Q3 2017
20170905,2017-09-05,2017,9,September,5,3,1,Tuesday,2017,36,2017-09-01,2017-09-30,False,True,248,False,Sep 2017,Q3 2017
20170906,2017-09-06,2017,9,September,6,3,2,Wednesday,2017,36,2017-09-01,2017-09-30,False,True,249,False,Sep 2017,Q3 2017
20170907,2017-09-07,2017,9,September,7,3,3,Thursday,2017,36,2017-09-01,2017-09-30,False,True,250,False,Sep 2017,Q3 2017
20170908,2017-09-08,2017,9,September,8,3,4,Friday,2017,36,2017-09-01,2017-09-30,False,True,251,False,Sep 2017,Q3 2017
20170909,2017-09-09,2017,9,September,9,3,5,Saturday,2017,36,2017-09-01,2017-09-30,False,False,252,False,Sep 2017,Q3 2017
20170910,2017-09-10,2017,9,September,10,3,6,Sunday,2017,36,2017-09-01,2017-09-30,False,False,253,False,Sep 2017,Q3 2017
20170911,2017-09-11,2017,9,September,11,3,0,Monday,2017,37,2017-09-01,2017-09-30,False,True,254,False,Sep 2017,Q3 2017
20170912,2017-09-12,2017,9,September,12,3,1,Tuesday,2017,37,2017-09-01,2017-09-30,False,True,255,False,Sep 2017,Q3 2017
20170913,2017-09-13,2017,9,September,13,3,2,Wednesday,2017,37,2017-09-01,2017-09-30,False,True,256,False,Sep 2017,Q3 2017
20170914,2017-09-14,2017,9,September,14,3,3,Thursday,2017,37,2017-09-01,2017-09-30,False,True,257,False,Sep 2017,Q3 2017
20170915,2017-09-15,2017,9,September,15,3,4,Friday,2017,37,2017-09-01,2017-09-30,False,True,258,False,Sep 2017,Q3 2017
20170916,2017-09-16,2017,9,September,16,3,5,Saturday,2017,37,2017-09-01,2017-09-30,False,False,259,False,Sep 2017,Q3 2017
20170917,2017-09-17,2017,9,September,17,3,6,Sunday,2017,37,2017-09-01,2017-09-30,False,False,260,False,Sep 2017,Q3 2017
20170918,2017-09-18,2017,9,September,18,3,0,Monday,2017,38,2017-09-01,2017-09-30,False,True,261,False,Sep 2017,Q3 2017
20170919,2017-09-19,2017,9,September,19,3,1,Tuesday,2017,38,2017-09-01,2017-09-30,False,True,262,False,Sep 2017,Q3 2017
20170920,2017-09-20,2017,9,September,20,3,2,Wednesday,2017,38,2017-09-01,2017-09-30,False,True,263,False,Sep 2017,Q3 2017
20170921,2017-09-21,2017,9,September,21,3,3,Thursday,2017,38,2017-09-01,2017-09-30,False,True,264,False,Sep 2017,Q3 2017
20170922,2017-09-22,2017,9,September,22,3,4,Friday,2017,38,2017-09-01,2017-09-30,False,True,265,False,Sep 2017,Q3 2017
20170923,2017-09-23,2017,9,September,23,3,5,Saturday,2017,38,2017-09-01,2017-09-30,False,False,266,False,Sep 2017,Q3 2017
20170924,2017-09-24,2017,9,September,24,3,6,Sunday,2017,38,2017-09-01,2017-09-30,False,False,267,False,Sep 2017,Q3 2017
20170925,2017-09-25,2017,9,September,25,3,0,Monday,2017,39,2017-09-01,2017-09-30,False,True,268,False,Sep 2017,Q3 2017
20170926,2017-09-26,2017,9,September,26,3,1,Tuesday,2017,39,2017-09-01,2017-09-30,False,True,269,False,Sep 2017,Q3 2017
20170927,2017-09-27,2017,9,September,27,3,2,Wednesday,2017,39,2017-09-01,2017-09-30,False,True,270,False,Sep 2017,Q3 2017
20170928,2017-09-28,2017,9,September,28,3,3,Thursday,2017,39,2017-09-01,2017-09-30,False,True,271,False,Sep 2017,Q3 2017
20170929,2017-09-29,2017,9,September,29,3,4,Friday,2017,39,2017-09-01,2017-09-30,False,True,272,False,Sep 2017,Q3 2017
20170930,2017-09-30,2017,9,September,30,3,5,Saturday,2017,39,2017-09-01,2017-09-30,True,False,273,False,Sep 2017,Q3 2017
20171001,2017-10-01,2017,10,October,1,4,6,Sunday,2017,39,2017-10-01,2017-10-31,False,False,274,False,Oct 2017,Q4 2017
20171002,2017-10-02,2017,10,October,2,4,0,Monday,2017,40,2017-10-01,2017-10-31,False,True,275,False,Oct 2017,Q4 2017
20171003,2017-10-03,2017,10,October,3,4,1,Tuesday,2017,40,2017-10-01,2017-10-31,False,True,276,False,Oct 2017,Q4 2017
20171004,2017-10-04,2017,10,October,4,4,2,Wednesday,2017,40,2017-10-01,2017-10-31,False,True,277,False,Oct 2017,Q4 2017
20171005,2017-10-05,2017,10,October,5,4,3,Thursday,2017,40,2017-10-01,2017-10-31,False,True,278,False,Oct 2017,Q4 2017
20171006,2017-10-06,2017,10,October,6,4,4,Friday,2017,40,2017-10-01,2017-10-31,False,True,279,False,Oct 2017,Q4 2017
20171007,2017-10-07,2017,10,October,7,4,5,Saturday,2017,40,2017-10-01,2017-10-31,False,False,280,False,Oct 2017,Q4 2017
20171008,2017-10-08,2017,10,October,8,4,6,Sunday,2017,40,2017-10-01,2017-10-31,False,False,281,False,Oct 2017,Q4 2017
20171009,2017-10-09,2017,10,October,9,4,0,Monday,2017,41,2017-10-01,2017-10-31,False,True,282,False,Oct 2017,Q4 2017
20171010,2017-10-10,2017,10,October,10,4,1,Tuesday,2017,41,2017-10-01,2017-10-31,False,True,283,False,Oct 2017,Q4 2017
20171011,2017-10-11,2017,10,October,11,4,2,Wednesday,2017,41,2017-10-01,2017-10-31,False,True,284,False,Oct 2017,Q4 2017
20171012,2017-10-12,2017,10,October,12,4,3,Thursday,2017,41,2017-10-01,2017-10-31,False,True,285,False,Oct 2017,Q4 2017
20171013,2017-10-13,2017,10,October,13,4,4,Friday,2017,41,2017-10-01,2017-10-31,False,True,286,False,Oct 2017,Q4 2017
20171014,2017-10-14,2017,10,October,14,4,5,Saturday,2017,41,2017-10-01,2017-10-31,False,False,287,False,Oct 2017,Q4 2017
20171015,2017-10-15,2017,10,October,15,4,6,Sunday,2017,41,2017-10-01,2017-10-31,False,False,288,False,Oct 2017,Q4 2017
20171016,2017-10-16,2017,10,October,16,4,0,Monday,2017,42,2017-10-01,2017-10-31,False,True,289,False,Oct 2017,Q4 2017
20171017,2017-10-17,2017,10,October,17,4,1,Tuesday,2017,42,2017-10-01,2017-10-31,False,True,290,False,Oct 2017,Q4 2017
20171018,2017-10-18,2017,10,October,18,4,2,Wednesday,2017,42,2017-10-01,2017-10-31,False,True,291,False,Oct 2017,Q4 2017
20171019,2017-10-19,2017,10,October,19,4,3,Thursday,2017,42,2017-10-01,2017-10-31,False,True,292,False,Oct 2017,Q4 2017
20171020,2017-10-20,2017,10,October,20,4,4,Friday,2017,42,2017-10-01,2017-10-31,False,True,293,False,Oct 2017,Q4 2017
20171021,2017-10-21,2017,10,October,21,4,5,Saturday,2017,42,2017-10-01,2017-10-31,False,False,294,False,Oct 2017,Q4 2017
20171022,2017-10-22,2017,10,October,22,4,6,Sunday,2017,42,2017-10-01,2017-10-31,False,False,295,False,Oct 2017,Q4 2017
20171023,2017-10-23,2017,10,October,23,4,0,Monday,2017,43,2017-10-01,2017-10-31,False,True,296,False,Oct 2017,Q4 2017
20171024,2017-10-24,2017,10,October,24,4,1,Tuesday,2017,43,2017-10-01,2017-10-31,False,True,297,False,Oct 2017,Q4 2017
20171025,2017-10-25,2017,10,October,25,4,2,Wednesday,2017,43,2017-10-01,2017-10-31,False,True,298,False,Oct 2017,Q4 2017
20171026,2017-10-26,2017,10,October,26,4,3,Thursday,2017,43,2017-10-01,2017-10-31,False,True,299,False,Oct 2017,Q4 2017
20171027,2017-10-27,2017,10,October,27,4,4,Friday,2017,43,2017-10-01,2017-10-31,False,True,300,False,Oct 2017,Q4 2017
20171028,2017-10-28,2017,10,October,28,4,5,Saturday,2017,43,2017-10-01,2017-10-31,False,False,301,False,Oct 2017,Q4 2017
20171029,2017-10-29,2017,10,October,29,4,6,Sunday,2017,43,2017-10-01,2017-10-31,False,False,302,False,Oct 2017,Q4 2017
20171030,2017-10-30,2017,10,October,30,4,0,Monday,2017,44,2017-10-01,2017-10-31,False,True,303,False,Oct 2017,Q4 2017
20171031,2017-10-31,2017,10,October,31,4,1,Tuesday,2017,44,2017-10-01,2017-10-31,True,True,304,False,Oct 2017,Q4 2017
20171101,2017-11-01,2017,11,November,1,4,2,Wednesday,2017,44,2017-11-01,2017-11-30,False,True,305,False,Nov 2017,Q4 2017
20171102,2017-11-02,2017,11,November,2,4,3,Thursday,2017,44,2017-11-01,2017-11-30,False,True,306,False,Nov 2017,Q4 2017
20171103,2017-11-03,2017,11,November,3,4,4,Friday,2017,44,2017-11-01,2017-11-30,False,True,307,False,Nov 2017,Q4 2017
20171104,2017-11-04,2017,11,November,4,4,5,Saturday,2017,44,2017-11-01,2017-11-30,False,False,308,False,Nov 2017,Q4 2017
20171105,2017-11-05,2017,11,November,5,4,6,Sunday,2017,44,2017-11-01,2017-11-30,False,False,309,False,Nov 2017,Q4 2017
20171106,2017-11-06,2017,11,November,6,4,0,Monday,2017,45,2017-11-01,2017-11-30,False,True,310,False,Nov 2017,Q4 2017
20171107,2017-11-07,2017,11,November,7,4,1,Tuesday,2017,45,2017-11-01,2017-11-30,False,True,311,False,Nov 2017,Q4 2017
20171108,2017-11-08,2017,11,November,8,4,2,Wednesday,2017,45,2017-11-01,2017-11-30,False,True,312,False,Nov 2017,Q4 2017
20171109,2017-11-09,2017,11,November,9,4,3,Thursday,2017,45,2017-11-01,2017-11-30,False,True,313,False,Nov 2017,Q4 2017
20171110,2017-11-10,2017,11,November,10,4,4,Friday,2017,45,2017-11-01,2017-11-30,False,True,314,False,Nov 2017,Q4 2017
20171111,2017-11-11,2017,11,November,11,4,5,Saturday,2017,45,2017-11-01,2017-11-30,False,False,315,False,Nov 2017,Q4 2017
20171112,2017-11-12,2017,11,November,12,4,6,Sunday,2017,45,2017-11-01,2017-11-30,False,False,316,False,Nov 2017,Q4 2017
20171113,2017-11-13,2017,11,November,13,4,0,Monday,2017,46,2017-11-01,2017-11-30,False,True,317,False,Nov 2017,Q4 2017
20171114,2017-11-14,2017,11,November,14,4,1,Tuesday,2017,46,2017-11-01,2017-11-30,False,True,318,False,Nov 2017,Q4 2017
20171115,2017-11-15,2017,11,November,15,4,2,Wednesday,2017,46,2017-11-01,2017-11-30,False,True,319,False,Nov 2017,Q4 2017
20171116,2017-11-16,2017,11,November,16,4,3,Thursday,2017,46,2017-11-01,2017-11-30,False,True,320,False,Nov 2017,Q4 2017
20171117,2017-11-17,2017,11,November,17,4,4,Friday,2017,46,2017-11-01,2017-11-30,False,True,321,False,Nov 2017,Q4 2017
20171118,2017-11-18,2017,11,November,18,4,5,Saturday,2017,46,2017-11-01,2017-11-30,False,False,322,False,Nov 2017,Q4 2017
20171119,2017-11-19,2017,11,November,19,4,6,Sunday,2017,46,2017-11-01,2017-11-30,False,False,323,False,Nov 2017,Q4 2017
20171120,2017-11-20,2017,11,November,20,4,0,Monday,2017,47,2017-11-01,2017-11-30,False,True,324,False,Nov 2017,Q4 2017
20171121,2017-11-21,2017,11,November,21,4,1,Tuesday,2017,47,2017-11-01,2017-11-30,False,True,325,False,Nov 2017,Q4 2017
20171122,2017-11-22,2017,11,November,22,4,2,Wednesday,2017,47,2017-11-01,2017-11-30,False,True,326,False,Nov 2017,Q4 2017
20171123,2017-11-23,2017,11,November,23,4,3,Thursday,2017,47,2017-11-01,2017-11-30,False,True,327,False,Nov 2017,Q4 2017
20171124,2017-11-24,2017,11,November,24,4,4,Friday,2017,47,2017-11-01,2017-11-30,False,True,328,False,Nov 2017,Q4 2017
20171125,2017-11-25,2017,11,November,25,4,5,Saturday,2017,47,2017-11-01,2017-11-30,False,False,329,False,Nov 2017,Q4 2017
20171126,2017-11-26,2017,11,November,26,4,6,Sunday,2017,47,2017-11-01,2017-11-30,False,False,330,False,Nov 2017,Q4 2017
20171127,2017-11-27,2017,11,November,27,4,0,Monday,2017,48,2017-11-01,2017-11-30,False,True,331,False,Nov 2017,Q4 2017
20171128,2017-11-28,2017,11,November,28,4,1,Tuesday,2017,48,2017-11-01,2017-11-30,False,True,332,False,Nov 2017,Q4 2017
20171129,2017-11-29,2017,11,November,29,4,2,Wednesday,2017,48,2017-11-01,2017-11-30,False,True,333,False,Nov 2017,Q4 2017
20171130,2017-11-30,2017,11,November,30,4,3,Thursday,2017,48,2017-11-01,2017-11-30,True,True,334,False,Nov 2017,Q4 2017
20171201,2017-12-01,2017,12,December,1,4,4,Friday,2017,48,2017-12-01,2017-12-31,False,True,335,False,Dec 2017,Q4 2017
20171202,2017-12-02,2017,12,December,2,4,5,Saturday,2017,48,2017-12-01,2017-12-31,False,False,336,False,Dec 2017,Q4 2017
20171203,2017-12-03,2017,12,December,3,4,6,Sunday,2017,48,2017-12-01,2017-12-31,False,False,337,False,Dec 2017,Q4 2017
20171204,2017-12-04,2017,12,December,4,4,0,Monday,2017,49,2017-12-01,2017-12-31,False,True,338,False,Dec 2017,Q4 2017
20171205,2017-12-05,2017,12,December,5,4,1,Tuesday,2017,49,2017-12-01,2017-12-31,False,True,339,False,Dec 2017,Q4 2017
20171206,2017-12-06,2017,12,December,6,4,2,Wednesday,2017,49,2017-12-01,2017-12-31,False,True,340,False,Dec 2017,Q4 2017
20171207,2017-12-07,2017,12,December,7,4,3,Thursday,2017,49,2017-12-01,2017-12-31,False,True,341,False,Dec 2017,Q4 2017
20171208,2017-12-08,2017,12,December,8,4,4,Friday,2017,49,2017-12-01,2017-12-31,False,True,342,False,Dec 2017,Q4 2017
20171209,2017-12-09,2017,12,December,9,4,5,Saturday,2017,49,2017-12-01,2017-12-31,False,False,343,False,Dec 2017,Q4 2017
20171210,2017-12-10,2017,12,December,10,4,6,Sunday,2017,49,2017-12-01,2017-12-31,False,False,344,False,Dec 2017,Q4 2017
20171211,2017-12-11,2017,12,December,11,4,0,Monday,2017,50,2017-12-01,2017-12-31,False,True,345,False,Dec 2017,Q4 2017
20171212,2017-12-12,2017,12,December,12,4,1,Tuesday,2017,50,2017-12-01,2017-12-31,False,True,346,False,Dec 2017,Q4 2017
20171213,2017-12-13,2017,12,December,13,4,2,Wednesday,2017,50,2017-12-01,2017-12-31,False,True,347,False,Dec 2017,Q4 2017
20171214,2017-12-14,2017,12,December,14,4,3,Thursday,2017,50,2017-12-01,2017-12-31,False,True,348,False,Dec 2017,Q4 2017
20171215,2017-12-15,2017,12,December,15,4,4,Friday,2017,50,2017-12-01,2017-12-31,False,True,349,False,Dec 2017,Q4 2017
20171216,2017-12-16,2017,12,December,16,4,5,Saturday,2017,50,2017-12-01,2017-12-31,False,False,350,False,Dec 2017,Q4 2017
20171217,2017-12-17,2017,12,December,17,4,6,Sunday,2017,50,2017-12-01,2017-12-31,False,False,351,False,Dec 2017,Q4 2017
20171218,2017-12-18,2017,12,December,18,4,0,Monday,2017,51,2017-12-01,2017-12-31,False,True,352,False,Dec 2017,Q4 2017
20171219,2017-12-19,2017,12,December,19,4,1,Tuesday,2017,51,2017-12-01,2017-12-31,False,True,353,False,Dec 2017,Q4 2017
20171220,2017-12-20,2017,12,December,20,4,2,Wednesday,2017,51,2017-12-01,2017-12-31,False,True,354,False,Dec 2017,Q4 2017
20171221,2017-12-21,2017,12,December,21,4,3,Thursday,2017,51,2017-12-01,2017-12-31,False,True,355,False,Dec 2017,Q4 2017
20171222,2017-12-22,2017,12,December,22,4,4,Friday,2017,51,2017-12-01,2017-12-31,False,True,356,False,Dec 2017,Q4 2017
20171223,2017-12-23,2017,12,December,23,4,5,Saturday,2017,51,2017-12-01,2017-12-31,False,False,357,False,Dec 2017,Q4 2017
20171224,2017-12-24,2017,12,December,24,4,6,Sunday,2017,51,2017-12-01,2017-12-31,False,False,358,False,Dec 2017,Q4 2017
20171225,2017-12-25,2017,12,December,25,4,0,Monday,2017,52,2017-12-01,2017-12-31,False,True,359,False,Dec 2017,Q4 2017
20171226,2017-12-26,2017,12,December,26,4,1,Tuesday,2017,52,2017-12-01,2017-12-31,False,True,360,False,Dec 2017,Q4 2017
20171227,2017-12-27,2017,12,December,27,4,2,Wednesday,2017,52,2017-12-01,2017-12-31,False,True,361,False,Dec 2017,Q4 2017
20171228,2017-12-28,2017,12,December,28,4,3,Thursday,2017,52,2017-12-01,2017-12-31,False,True,362,False,Dec 2017,Q4 2017
20171229,2017-12-29,2017,12,December,29,4,4,Friday,2017,52,2017-12-01,2017-12-31,False,True,363,False,Dec 2017,Q4 2017
20171230,2017-12-30,2017,12,December,30,4,5,Saturday,2017,52,2017-12-01,2017-12-31,False,False,364,False,Dec 2017,Q4 2017
20171231,2017-12-31,2017,12,December,31,4,6,Sunday,2017,52,2017-12-01,2017-12-31,True,False,365,False,Dec 2017,Q4 2017
20180101,2018-01-01,2018,1,January,1,1,0,Monday,2018,1,2018-01-01,2018-01-31,False,True,1,False,Jan 2018,Q1 2018
20180102,2018-01-02,2018,1,January,2,1,1,Tuesday,2018,1,2018-01-01,2018-01-31,False,True,2,False,Jan 2018,Q1 2018
20180103,2018-01-03,2018,1,January,3,1,2,Wednesday,2018,1,2018-01-01,2018-01-31,False,True,3,False,Jan 2018,Q1 2018
20180104,2018-01-04,2018,1,January,4,1,3,Thursday,2018,1,2018-01-01,2018-01-31,False,True,4,False,Jan 2018,Q1 2018
20180105,2018-01-05,2018,1,January,5,1,4,Friday,2018,1,2018-01-01,2018-01-31,False,True,5,False,Jan 2018,Q1 2018
20180106,2018-01-06,2018,1,January,6,1,5,Saturday,2018,1,2018-01-01,2018-01-31,False,False,6,False,Jan 2018,Q1 2018
20180107,2018-01-07,2018,1,January,7,1,6,Sunday,2018,1,2018-01-01,2018-01-31,False,False,7,False,Jan 2018,Q1 2018
20180108,2018-01-08,2018,1,January,8,1,0,Monday,2018,2,2018-01-01,2018-01-31,False,True,8,False,Jan 2018,Q1 2018
20180109,2018-01-09,2018,1,January,9,1,1,Tuesday,2018,2,2018-01-01,2018-01-31,False,True,9,False,Jan 2018,Q1 2018
20180110,2018-01-10,2018,1,January,10,1,2,Wednesday,2018,2,2018-01-01,2018-01-31,False,True,10,False,Jan 2018,Q1 2018
20180111,2018-01-11,2018,1,January,11,1,3,Thursday,2018,2,2018-01-01,2018-01-31,False,True,11,False,Jan 2018,Q1 2018
20180112,2018-01-12,2018,1,January,12,1,4,Friday,2018,2,2018-01-01,2018-01-31,False,True,12,False,Jan 2018,Q1 2018
20180113,2018-01-13,2018,1,January,13,1,5,Saturday,2018,2,2018-01-01,2018-01-31,False,False,13,False,Jan 2018,Q1 2018
20180114,2018-01-14,2018,1,January,14,1,6,Sunday,2018,2,2018-01-01,2018-01-31,False,False,14,False,Jan 2018,Q1 2018
20180115,2018-01-15,2018,1,January,15,1,0,Monday,2018,3,2018-01-01,2018-01-31,False,True,15,False,Jan 2018,Q1 2018
20180116,2018-01-16,2018,1,January,16,1,1,Tuesday,2018,3,2018-01-01,2018-01-31,False,True,16,False,Jan 2018,Q1 2018
20180117,2018-01-17,2018,1,January,17,1,2,Wednesday,2018,3,2018-01-01,2018-01-31,False,True,17,False,Jan 2018,Q1 2018
20180118,2018-01-18,2018,1,January,18,1,3,Thursday,2018,3,2018-01-01,2018-01-31,False,True,18,False,Jan 2018,Q1 2018
20180119,2018-01-19,2018,1,January,19,1,4,Friday,2018,3,2018-01-01,2018-01-31,False,True,19,False,Jan 2018,Q1 2018
20180120,2018-01-20,2018,1,January,20,1,5,Saturday,2018,3,2018-01-01,2018-01-31,False,False,20,False,Jan 2018,Q1 2018
20180121,2018-01-21,2018,1,January,21,1,6,Sunday,2018,3,2018-01-01,2018-01-31,False,False,21,False,Jan 2018,Q1 2018
20180122,2018-01-22,2018,1,January,22,1,0,Monday,2018,4,2018-01-01,2018-01-31,False,True,22,False,Jan 2018,Q1 2018
20180123,2018-01-23,2018,1,January,23,1,1,Tuesday,2018,4,2018-01-01,2018-01-31,False,True,23,False,Jan 2018,Q1 2018
20180124,2018-01-24,2018,1,January,24,1,2,Wednesday,2018,4,2018-01-01,2018-01-31,False,True,24,False,Jan 2018,Q1 2018
20180125,2018-01-25,2018,1,January,25,1,3,Thursday,2018,4,2018-01-01,2018-01-31,False,True,25,False,Jan 2018,Q1 2018
20180126,2018-01-26,2018,1,January,26,1,4,Friday,2018,4,2018-01-01,2018-01-31,False,True,26,False,Jan 2018,Q1 2018
20180127,2018-01-27,2018,1,January,27,1,5,Saturday,2018,4,2018-01-01,2018-01-31,False,False,27,False,Jan 2018,Q1 2018
20180128,2018-01-28,2018,1,January,28,1,6,Sunday,2018,4,2018-01-01,2018-01-31,False,False,28,False,Jan 2018,Q1 2018
20180129,2018-01-29,2018,1,January,29,1,0,Monday,2018,5,2018-01-01,2018-01-31,False,True,29,False,Jan 2018,Q1 2018
20180130,2018-01-30,2018,1,January,30,1,1,Tuesday,2018,5,2018-01-01,2018-01-31,False,True,30,False,Jan 2018,Q1 2018
20180131,2018-01-31,2018,1,January,31,1,2,Wednesday,2018,5,2018-01-01,2018-01-31,True,True,31,False,Jan 2018,Q1 2018
20180201,2018-02-01,2018,2,February,1,1,3,Thursday,2018,5,2018-02-01,2018-02-28,False,True,32,False,Feb 2018,Q1 2018
20180202,2018-02-02,2018,2,February,2,1,4,Friday,2018,5,2018-02-01,2018-02-28,False,True,33,False,Feb 2018,Q1 2018
20180203,2018-02-03,2018,2,February,3,1,5,Saturday,2018,5,2018-02-01,2018-02-28,False,False,34,False,Feb 2018,Q1 2018
20180204,2018-02-04,2018,2,February,4,1,6,Sunday,2018,5,2018-02-01,2018-02-28,False,False,35,False,Feb 2018,Q1 2018
20180205,2018-02-05,2018,2,February,5,1,0,Monday,2018,6,2018-02-01,2018-02-28,False,True,36,False,Feb 2018,Q1 2018
20180206,2018-02-06,2018,2,February,6,1,1,Tuesday,2018,6,2018-02-01,2018-02-28,False,True,37,False,Feb 2018,Q1 2018
20180207,2018-02-07,2018,2,February,7,1,2,Wednesday,2018,6,2018-02-01,2018-02-28,False,True,38,False,Feb 2018,Q1 2018
20180208,2018-02-08,2018,2,February,8,1,3,Thursday,2018,6,2018-02-01,2018-02-28,False,True,39,False,Feb 2018,Q1 2018
20180209,2018-02-09,2018,2,February,9,1,4,Friday,2018,6,2018-02-01,2018-02-28,False,True,40,False,Feb 2018,Q1 2018
20180210,2018-02-10,2018,2,February,10,1,5,Saturday,2018,6,2018-02-01,2018-02-28,False,False,41,False,Feb 2018,Q1 2018
20180211,2018-02-11,2018,2,February,11,1,6,Sunday,2018,6,2018-02-01,2018-02-28,False,False,42,False,Feb 2018,Q1 2018
20180212,2018-02-12,2018,2,February,12,1,0,Monday,2018,7,2018-02-01,2018-02-28,False,True,43,False,Feb 2018,Q1 2018
20180213,2018-02-13,2018,2,February,13,1,1,Tuesday,2018,7,2018-02-01,2018-02-28,False,True,44,False,Feb 2018,Q1 2018
20180214,2018-02-14,2018,2,February,14,1,2,Wednesday,2018,7,2018-02-01,2018-02-28,False,True,45,False,Feb 2018,Q1 2018
20180215,2018-02-15,2018,2,February,15,1,3,Thursday,2018,7,2018-02-01,2018-02-28,False,True,46,False,Feb 2018,Q1 2018
20180216,2018-02-16,2018,2,February,16,1,4,Friday,2018,7,2018-02-01,2018-02-28,False,True,47,False,Feb 2018,Q1 2018
20180217,2018-02-17,2018,2,February,17,1,5,Saturday,2018,7,2018-02-01,2018-02-28,False,False,48,False,Feb 2018,Q1 2018
20180218,2018-02-18,2018,2,February,18,1,6,Sunday,2018,7,2018-02-01,2018-02-28,False,False,49,False,Feb 2018,Q1 2018
20180219,2018-02-19,2018,2,February,19,1,0,Monday,2018,8,2018-02-01,2018-02-28,False,True,50,False,Feb 2018,Q1 2018
20180220,2018-02-20,2018,2,February,20,1,1,Tuesday,2018,8,2018-02-01,2018-02-28,False,True,51,False,Feb 2018,Q1 2018
20180221,2018-02-21,2018,2,February,21,1,2,Wednesday,2018,8,2018-02-01,2018-02-28,False,True,52,False,Feb 2018,Q1 2018
20180222,2018-02-22,2018,2,February,22,1,3,Thursday,2018,8,2018-02-01,2018-02-28,False,True,53,False,Feb 2018,Q1 2018
20180223,2018-02-23,2018,2,February,23,1,4,Friday,2018,8,2018-02-01,2018-02-28,False,True,54,False,Feb 2018,Q1 2018
20180224,2018-02-24,2018,2,February,24,1,5,Saturday,2018,8,2018-02-01,2018-02-28,False,False,55,False,Feb 2018,Q1 2018
20180225,2018-02-25,2018,2,February,25,1,6,Sunday,2018,8,2018-02-01,2018-02-28,False,False,56,False,Feb 2018,Q1 2018
20180226,2018-02-26,2018,2,February,26,1,0,Monday,2018,9,2018-02-01,2018-02-28,False,True,57,False,Feb 2018,Q1 2018
20180227,2018-02-27,2018,2,February,27,1,1,Tuesday,2018,9,2018-02-01,2018-02-28,False,True,58,False,Feb 2018,Q1 2018
20180228,2018-02-28,2018,2,February,28,1,2,Wednesday,2018,9,2018-02-01,2018-02-28,True,True,59,False,Feb 2018,Q1 2018
20180301,2018-03-01,2018,3,March,1,1,3,Thursday,2018,9,2018-03-01,2018-03-31,False,True,60,False,Mar 2018,Q1 2018
20180302,2018-03-02,2018,3,March,2,1,4,Friday,2018,9,2018-03-01,2018-03-31,False,True,61,False,Mar 2018,Q1 2018
20180303,2018-03-03,2018,3,March,3,1,5,Saturday,2018,9,2018-03-01,2018-03-31,False,False,62,False,Mar 2018,Q1 2018
20180304,2018-03-04,2018,3,March,4,1,6,Sunday,2018,9,2018-03-01,2018-03-31,False,False,63,False,Mar 2018,Q1 2018
20180305,2018-03-05,2018,3,March,5,1,0,Monday,2018,10,2018-03-01,2018-03-31,False,True,64,False,Mar 2018,Q1 2018
20180306,2018-03-06,2018,3,March,6,1,1,Tuesday,2018,10,2018-03-01,2018-03-31,False,True,65,False,Mar 2018,Q1 2018
20180307,2018-03-07,2018,3,March,7,1,2,Wednesday,2018,10,2018-03-01,2018-03-31,False,True,66,False,Mar 2018,Q1 2018
20180308,2018-03-08,2018,3,March,8,1,3,Thursday,2018,10,2018-03-01,2018-03-31,False,True,67,False,Mar 2018,Q1 2018
20180309,2018-03-09,2018,3,March,9,1,4,Friday,2018,10,2018-03-01,2018-03-31,False,True,68,False,Mar 2018,Q1 2018
20180310,2018-03-10,2018,3,March,10,1,5,Saturday,2018,10,2018-03-01,2018-03-31,False,False,69,False,Mar 2018,Q1 2018
20180311,2018-03-11,2018,3,March,11,1,6,Sunday,2018,10,2018-03-01,2018-03-31,False,False,70,False,Mar 2018,Q1 2018
20180312,2018-03-12,2018,3,March,12,1,0,Monday,2018,11,2018-03-01,2018-03-31,False,True,71,False,Mar 2018,Q1 2018
20180313,2018-03-13,2018,3,March,13,1,1,Tuesday,2018,11,2018-03-01,2018-03-31,False,True,72,False,Mar 2018,Q1 2018
20180314,2018-03-14,2018,3,March,14,1,2,Wednesday,2018,11,2018-03-01,2018-03-31,False,True,73,False,Mar 2018,Q1 2018
20180315,2018-03-15,2018,3,March,15,1,3,Thursday,2018,11,2018-03-01,2018-03-31,False,True,74,False,Mar 2018,Q1 2018
20180316,2018-03-16,2018,3,March,16,1,4,Friday,2018,11,2018-03-01,2018-03-31,False,True,75,False,Mar 2018,Q1 2018
20180317,2018-03-17,2018,3,March,17,1,5,Saturday,2018,11,2018-03-01,2018-03-31,False,False,76,False,Mar 2018,Q1 2018
20180318,2018-03-18,2018,3,March,18,1,6,Sunday,2018,11,2018-03-01,2018-03-31,False,False,77,False,Mar 2018,Q1 2018
20180319,2018-03-19,2018,3,March,19,1,0,Monday,2018,12,2018-03-01,2018-03-31,False,True,78,False,Mar 2018,Q1 2018
20180320,2018-03-20,2018,3,March,20,1,1,Tuesday,2018,12,2018-03-01,2018-03-31,False,True,79,False,Mar 2018,Q1 2018
20180321,2018-03-21,2018,3,March,21,1,2,Wednesday,2018,12,2018-03-01,2018-03-31,False,True,80,False,Mar 2018,Q1 2018
20180322,2018-03-22,2018,3,March,22,1,3,Thursday,2018,12,2018-03-01,2018-03-31,False,True,81,False,Mar 2018,Q1 2018
20180323,2018-03-23,2018,3,March,23,1,4,Friday,2018,12,2018-03-01,2018-03-31,False,True,82,False,Mar 2018,Q1 2018
20180324,2018-03-24,2018,3,March,24,1,5,Saturday,2018,12,2018-03-01,2018-03-31,False,False,83,False,Mar 2018,Q1 2018
20180325,2018-03-25,2018,3,March,25,1,6,Sunday,2018,12,2018-03-01,2018-03-31,False,False,84,False,Mar 2018,Q1 2018
20180326,2018-03-26,2018,3,March,26,1,0,Monday,2018,13,2018-03-01,2018-03-31,False,True,85,False,Mar 2018,Q1 2018
20180327,2018-03-27,2018,3,March,27,1,1,Tuesday,2018,13,2018-03-01,2018-03-31,False,True,86,False,Mar 2018,Q1 2018
20180328,2018-03-28,2018,3,March,28,1,2,Wednesday,2018,13,2018-03-01,2018-03-31,False,True,87,False,Mar 2018,Q1 2018
20180329,2018-03-29,2018,3,March,29,1,3,Thursday,2018,13,2018-03-01,2018-03-31,False,True,88,False,Mar 2018,Q1 2018
20180330,2018-03-30,2018,3,March,30,1,4,Friday,2018,13,2018-03-01,2018-03-31,False,True,89,False,Mar 2018,Q1 2018
20180331,2018-03-31,2018,3,March,31,1,5,Saturday,2018,13,2018-03-01,2018-03-31,True,False,90,False,Mar 2018,Q1 2018
20180401,2018-04-01,2018,4,April,1,2,6,Sunday,2018,13,2018-04-01,2018-04-30,False,False,91,False,Apr 2018,Q2 2018
20180402,2018-04-02,2018,4,April,2,2,0,Monday,2018,14,2018-04-01,2018-04-30,False,True,92,False,Apr 2018,Q2 2018
20180403,2018-04-03,2018,4,April,3,2,1,Tuesday,2018,14,2018-04-01,2018-04-30,False,True,93,False,Apr 2018,Q2 2018
20180404,2018-04-04,2018,4,April,4,2,2,Wednesday,2018,14,2018-04-01,2018-04-30,False,True,94,False,Apr 2018,Q2 2018
20180405,2018-04-05,2018,4,April,5,2,3,Thursday,2018,14,2018-04-01,2018-04-30,False,True,95,False,Apr 2018,Q2 2018
20180406,2018-04-06,2018,4,April,6,2,4,Friday,2018,14,2018-04-01,2018-04-30,False,True,96,False,Apr 2018,Q2 2018
20180407,2018-04-07,2018,4,April,7,2,5,Saturday,2018,14,2018-04-01,2018-04-30,False,False,97,False,Apr 2018,Q2 2018
20180408,2018-04-08,2018,4,April,8,2,6,Sunday,2018,14,2018-04-01,2018-04-30,False,False,98,False,Apr 2018,Q2 2018
20180409,2018-04-09,2018,4,April,9,2,0,Monday,2018,15,2018-04-01,2018-04-30,False,True,99,False,Apr 2018,Q2 2018
20180410,2018-04-10,2018,4,April,10,2,1,Tuesday,2018,15,2018-04-01,2018-04-30,False,True,100,False,Apr 2018,Q2 2018
20180411,2018-04-11,2018,4,April,11,2,2,Wednesday,2018,15,2018-04-01,2018-04-30,False,True,101,False,Apr 2018,Q2 2018
20180412,2018-04-12,2018,4,April,12,2,3,Thursday,2018,15,2018-04-01,2018-04-30,False,True,102,False,Apr 2018,Q2 2018
20180413,2018-04-13,2018,4,April,13,2,4,Friday,2018,15,2018-04-01,2018-04-30,False,True,103,False,Apr 2018,Q2 2018
20180414,2018-04-14,2018,4,April,14,2,5,Saturday,2018,15,2018-04-01,2018-04-30,False,False,104,False,Apr 2018,Q2 2018
20180415,2018-04-15,2018,4,April,15,2,6,Sunday,2018,15,2018-04-01,2018-04-30,False,False,105,False,Apr 2018,Q2 2018
20180416,2018-04-16,2018,4,April,16,2,0,Monday,2018,16,2018-04-01,2018-04-30,False,True,106,False,Apr 2018,Q2 2018
20180417,2018-04-17,2018,4,April,17,2,1,Tuesday,2018,16,2018-04-01,2018-04-30,False,True,107,False,Apr 2018,Q2 2018
20180418,2018-04-18,2018,4,April,18,2,2,Wednesday,2018,16,2018-04-01,2018-04-30,False,True,108,False,Apr 2018,Q2 2018
20180419,2018-04-19,2018,4,April,19,2,3,Thursday,2018,16,2018-04-01,2018-04-30,False,True,109,False,Apr 2018,Q2 2018
20180420,2018-04-20,2018,4,April,20,2,4,Friday,2018,16,2018-04-01,2018-04-30,False,True,110,False,Apr 2018,Q2 2018
20180421,2018-04-21,2018,4,April,21,2,5,Saturday,2018,16,2018-04-01,2018-04-30,False,False,111,False,Apr 2018,Q2 2018
20180422,2018-04-22,2018,4,April,22,2,6,Sunday,2018,16,2018-04-01,2018-04-30,False,False,112,False,Apr 2018,Q2 2018
20180423,2018-04-23,2018,4,April,23,2,0,Monday,2018,17,2018-04-01,2018-04-30,False,True,113,False,Apr 2018,Q2 2018
20180424,2018-04-24,2018,4,April,24,2,1,Tuesday,2018,17,2018-04-01,2018-04-30,False,True,114,False,Apr 2018,Q2 2018
20180425,2018-04-25,2018,4,April,25,2,2,Wednesday,2018,17,2018-04-01,2018-04-30,False,True,115,False,Apr 2018,Q2 2018
20180426,2018-04-26,2018,4,April,26,2,3,Thursday,2018,17,2018-04-01,2018-04-30,False,True,116,False,Apr 2018,Q2 2018
20180427,2018-04-27,2018,4,April,27,2,4,Friday,2018,17,2018-04-01,2018-04-30,False,True,117,False,Apr 2018,Q2 2018
20180428,2018-04-28,2018,4,April,28,2,5,Saturday,2018,17,2018-04-01,2018-04-30,False,False,118,False,Apr 2018,Q2 2018
20180429,2018-04-29,2018,4,April,29,2,6,Sunday,2018,17,2018-04-01,2018-04-30,False,False,119,False,Apr 2018,Q2 2018
20180430,2018-04-30,2018,4,April,30,2,0,Monday,2018,18,2018-04-01,2018-04-30,True,True,120,False,Apr 2018,Q2 2018
20180501,2018-05-01,2018,5,May,1,2,1,Tuesday,2018,18,2018-05-01,2018-05-31,False,True,121,False,May 2018,Q2 2018
20180502,2018-05-02,2018,5,May,2,2,2,Wednesday,2018,18,2018-05-01,2018-05-31,False,True,122,False,May 2018,Q2 2018
20180503,2018-05-03,2018,5,May,3,2,3,Thursday,2018,18,2018-05-01,2018-05-31,False,True,123,False,May 2018,Q2 2018
20180504,2018-05-04,2018,5,May,4,2,4,Friday,2018,18,2018-05-01,2018-05-31,False,True,124,False,May 2018,Q2 2018
20180505,2018-05-05,2018,5,May,5,2,5,Saturday,2018,18,2018-05-01,2018-05-31,False,False,125,False,May 2018,Q2 2018
20180506,2018-05-06,2018,5,May,6,2,6,Sunday,2018,18,2018-05-01,2018-05-31,False,False,126,False,May 2018,Q2 2018
20180507,2018-05-07,2018,5,May,7,2,0,Monday,2018,19,2018-05-01,2018-05-31,False,True,127,False,May 2018,Q2 2018
20180508,2018-05-08,2018,5,May,8,2,1,Tuesday,2018,19,2018-05-01,2018-05-31,False,True,128,False,May 2018,Q2 2018
20180509,2018-05-09,2018,5,May,9,2,2,Wednesday,2018,19,2018-05-01,2018-05-31,False,True,129,False,May 2018,Q2 2018
20180510,2018-05-10,2018,5,May,10,2,3,Thursday,2018,19,2018-05-01,2018-05-31,False,True,130,False,May 2018,Q2 2018
20180511,2018-05-11,2018,5,May,11,2,4,Friday,2018,19,2018-05-01,2018-05-31,False,True,131,False,May 2018,Q2 2018
20180512,2018-05-12,2018,5,May,12,2,5,Saturday,2018,19,2018-05-01,2018-05-31,False,False,132,False,May 2018,Q2 2018
20180513,2018-05-13,2018,5,May,13,2,6,Sunday,2018,19,2018-05-01,2018-05-31,False,False,133,False,May 2018,Q2 2018
20180514,2018-05-14,2018,5,May,14,2,0,Monday,2018,20,2018-05-01,2018-05-31,False,True,134,False,May 2018,Q2 2018
20180515,2018-05-15,2018,5,May,15,2,1,Tuesday,2018,20,2018-05-01,2018-05-31,False,True,135,False,May 2018,Q2 2018
20180516,2018-05-16,2018,5,May,16,2,2,Wednesday,2018,20,2018-05-01,2018-05-31,False,True,136,False,May 2018,Q2 2018
20180517,2018-05-17,2018,5,May,17,2,3,Thursday,2018,20,2018-05-01,2018-05-31,False,True,137,False,May 2018,Q2 2018
20180518,2018-05-18,2018,5,May,18,2,4,Friday,2018,20,2018-05-01,2018-05-31,False,True,138,False,May 2018,Q2 2018
20180519,2018-05-19,2018,5,May,19,2,5,Saturday,2018,20,2018-05-01,2018-05-31,False,False,139,False,May 2018,Q2 2018
20180520,2018-05-20,2018,5,May,20,2,6,Sunday,2018,20,2018-05-01,2018-05-31,False,False,140,False,May 2018,Q2 2018
20180521,2018-05-21,2018,5,May,21,2,0,Monday,2018,21,2018-05-01,2018-05-31,False,True,141,False,May 2018,Q2 2018
20180522,2018-05-22,2018,5,May,22,2,1,Tuesday,2018,21,2018-05-01,2018-05-31,False,True,142,False,May 2018,Q2 2018
20180523,2018-05-23,2018,5,May,23,2,2,Wednesday,2018,21,2018-05-01,2018-05-31,False,True,143,False,May 2018,Q2 2018
20180524,2018-05-24,2018,5,May,24,2,3,Thursday,2018,21,2018-05-01,2018-05-31,False,True,144,False,May 2018,Q2 2018
20180525,2018-05-25,2018,5,May,25,2,4,Friday,2018,21,2018-05-01,2018-05-31,False,True,145,False,May 2018,Q2 2018
20180526,2018-05-26,2018,5,May,26,2,5,Saturday,2018,21,2018-05-01,2018-05-31,False,False,146,False,May 2018,Q2 2018
20180527,2018-05-27,2018,5,May,27,2,6,Sunday,2018,21,2018-05-01,2018-05-31,False,False,147,False,May 2018,Q2 2018
20180528,2018-05-28,2018,5,May,28,2,0,Monday,2018,22,2018-05-01,2018-05-31,False,True,148,False,May 2018,Q2 2018
20180529,2018-05-29,2018,5,May,29,2,1,Tuesday,2018,22,2018-05-01,2018-05-31,False,True,149,False,May 2018,Q2 2018
20180530,2018-05-30,2018,5,May,30,2,2,Wednesday,2018,22,2018-05-01,2018-05-31,False,True,150,False,May 2018,Q2 2018
20180531,2018-05-31,2018,5,May,31,2,3,Thursday,2018,22,2018-05-01,2018-05-31,True,True,151,False,May 2018,Q2 2018
20180601,2018-06-01,2018,6,June,1,2,4,Friday,2018,22,2018-06-01,2018-06-30,False,True,152,False,Jun 2018,Q2 2018
20180602,2018-06-02,2018,6,June,2,2,5,Saturday,2018,22,2018-06-01,2018-06-30,False,False,153,False,Jun 2018,Q2 2018
20180603,2018-06-03,2018,6,June,3,2,6,Sunday,2018,22,2018-06-01,2018-06-30,False,False,154,False,Jun 2018,Q2 2018
20180604,2018-06-04,2018,6,June,4,2,0,Monday,2018,23,2018-06-01,2018-06-30,False,True,155,False,Jun 2018,Q2 2018
20180605,2018-06-05,2018,6,June,5,2,1,Tuesday,2018,23,2018-06-01,2018-06-30,False,True,156,False,Jun 2018,Q2 2018
20180606,2018-06-06,2018,6,June,6,2,2,Wednesday,2018,23,2018-06-01,2018-06-30,False,True,157,False,Jun 2018,Q2 2018
20180607,2018-06-07,2018,6,June,7,2,3,Thursday,2018,23,2018-06-01,2018-06-30,False,True,158,False,Jun 2018,Q2 2018
20180608,2018-06-08,2018,6,June,8,2,4,Friday,2018,23,2018-06-01,2018-06-30,False,True,159,False,Jun 2018,Q2 2018
20180609,2018-06-09,2018,6,June,9,2,5,Saturday,2018,23,2018-06-01,2018-06-30,False,False,160,False,Jun 2018,Q2 2018
20180610,2018-06-10,2018,6,June,10,2,6,Sunday,2018,23,2018-06-01,2018-06-30,False,False,161,False,Jun 2018,Q2 2018
20180611,2018-06-11,2018,6,June,11,2,0,Monday,2018,24,2018-06-01,2018-06-30,False,True,162,False,Jun 2018,Q2 2018
20180612,2018-06-12,2018,6,June,12,2,1,Tuesday,2018,24,2018-06-01,2018-06-30,False,True,163,False,Jun 2018,Q2 2018
20180613,2018-06-13,2018,6,June,13,2,2,Wednesday,2018,24,2018-06-01,2018-06-30,False,True,164,False,Jun 2018,Q2 2018
20180614,2018-06-14,2018,6,June,14,2,3,Thursday,2018,24,2018-06-01,2018-06-30,False,True,165,False,Jun 2018,Q2 2018
20180615,2018-06-15,2018,6,June,15,2,4,Friday,2018,24,2018-06-01,2018-06-30,False,True,166,False,Jun 2018,Q2 2018
20180616,2018-06-16,2018,6,June,16,2,5,Saturday,2018,24,2018-06-01,2018-06-30,False,False,167,False,Jun 2018,Q2 2018
20180617,2018-06-17,2018,6,June,17,2,6,Sunday,2018,24,2018-06-01,2018-06-30,False,False,168,False,Jun 2018,Q2 2018
20180618,2018-06-18,2018,6,June,18,2,0,Monday,2018,25,2018-06-01,2018-06-30,False,True,169,False,Jun 2018,Q2 2018
20180619,2018-06-19,2018,6,June,19,2,1,Tuesday,2018,25,2018-06-01,2018-06-30,False,True,170,False,Jun 2018,Q2 2018
20180620,2018-06-20,2018,6,June,20,2,2,Wednesday,2018,25,2018-06-01,2018-06-30,False,True,171,False,Jun 2018,Q2 2018
20180621,2018-06-21,2018,6,June,21,2,3,Thursday,2018,25,2018-06-01,2018-06-30,False,True,172,False,Jun 2018,Q2 2018
20180622,2018-06-22,2018,6,June,22,2,4,Friday,2018,25,2018-06-01,2018-06-30,False,True,173,False,Jun 2018,Q2 2018
20180623,2018-06-23,2018,6,June,23,2,5,Saturday,2018,25,2018-06-01,2018-06-30,False,False,174,False,Jun 2018,Q2 2018
20180624,2018-06-24,2018,6,June,24,2,6,Sunday,2018,25,2018-06-01,2018-06-30,False,False,175,False,Jun 2018,Q2 2018
20180625,2018-06-25,2018,6,June,25,2,0,Monday,2018,26,2018-06-01,2018-06-30,False,True,176,False,Jun 2018,Q2 2018
20180626,2018-06-26,2018,6,June,26,2,1,Tuesday,2018,26,2018-06-01,2018-06-30,False,True,177,False,Jun 2018,Q2 2018
20180627,2018-06-27,2018,6,June,27,2,2,Wednesday,2018,26,2018-06-01,2018-06-30,False,True,178,False,Jun 2018,Q2 2018
20180628,2018-06-28,2018,6,June,28,2,3,Thursday,2018,26,2018-06-01,2018-06-30,False,True,179,False,Jun 2018,Q2 2018
20180629,2018-06-29,2018,6,June,29,2,4,Friday,2018,26,2018-06-01,2018-06-30,False,True,180,False,Jun 2018,Q2 2018
20180630,2018-06-30,2018,6,June,30,2,5,Saturday,2018,26,2018-06-01,2018-06-30,True,False,181,False,Jun 2018,Q2 2018
20180701,2018-07-01,2018,7,July,1,3,6,Sunday,2018,26,2018-07-01,2018-07-31,False,False,182,False,Jul 2018,Q3 2018
20180702,2018-07-02,2018,7,July,2,3,0,Monday,2018,27,2018-07-01,2018-07-31,False,True,183,False,Jul 2018,Q3 2018
20180703,2018-07-03,2018,7,July,3,3,1,Tuesday,2018,27,2018-07-01,2018-07-31,False,True,184,False,Jul 2018,Q3 2018
20180704,2018-07-04,2018,7,July,4,3,2,Wednesday,2018,27,2018-07-01,2018-07-31,False,True,185,False,Jul 2018,Q3 2018
20180705,2018-07-05,2018,7,July,5,3,3,Thursday,2018,27,2018-07-01,2018-07-31,False,True,186,False,Jul 2018,Q3 2018
20180706,2018-07-06,2018,7,July,6,3,4,Friday,2018,27,2018-07-01,2018-07-31,False,True,187,False,Jul 2018,Q3 2018
20180707,2018-07-07,2018,7,July,7,3,5,Saturday,2018,27,2018-07-01,2018-07-31,False,False,188,False,Jul 2018,Q3 2018
20180708,2018-07-08,2018,7,July,8,3,6,Sunday,2018,27,2018-07-01,2018-07-31,False,False,189,False,Jul 2018,Q3 2018
20180709,2018-07-09,2018,7,July,9,3,0,Monday,2018,28,2018-07-01,2018-07-31,False,True,190,False,Jul 2018,Q3 2018
20180710,2018-07-10,2018,7,July,10,3,1,Tuesday,2018,28,2018-07-01,2018-07-31,False,True,191,False,Jul 2018,Q3 2018
20180711,2018-07-11,2018,7,July,11,3,2,Wednesday,2018,28,2018-07-01,2018-07-31,False,True,192,False,Jul 2018,Q3 2018
20180712,2018-07-12,2018,7,July,12,3,3,Thursday,2018,28,2018-07-01,2018-07-31,False,True,193,False,Jul 2018,Q3 2018
20180713,2018-07-13,2018,7,July,13,3,4,Friday,2018,28,2018-07-01,2018-07-31,False,True,194,False,Jul 2018,Q3 2018
20180714,2018-07-14,2018,7,July,14,3,5,Saturday,2018,28,2018-07-01,2018-07-31,False,False,195,False,Jul 2018,Q3 2018
20180715,2018-07-15,2018,7,July,15,3,6,Sunday,2018,28,2018-07-01,2018-07-31,False,False,196,False,Jul 2018,Q3 2018
20180716,2018-07-16,2018,7,July,16,3,0,Monday,2018,29,2018-07-01,2018-07-31,False,True,197,False,Jul 2018,Q3 2018
20180717,2018-07-17,2018,7,July,17,3,1,Tuesday,2018,29,2018-07-01,2018-07-31,False,True,198,False,Jul 2018,Q3 2018
20180718,2018-07-18,2018,7,July,18,3,2,Wednesday,2018,29,2018-07-01,2018-07-31,False,True,199,False,Jul 2018,Q3 2018
20180719,2018-07-19,2018,7,July,19,3,3,Thursday,2018,29,2018-07-01,2018-07-31,False,True,200,False,Jul 2018,Q3 2018
20180720,2018-07-20,2018,7,July,20,3,4,Friday,2018,29,2018-07-01,2018-07-31,False,True,201,False,Jul 2018,Q3 2018
20180721,2018-07-21,2018,7,July,21,3,5,Saturday,2018,29,2018-07-01,2018-07-31,False,False,202,False,Jul 2018,Q3 2018
20180722,2018-07-22,2018,7,July,22,3,6,Sunday,2018,29,2018-07-01,2018-07-31,False,False,203,False,Jul 2018,Q3 2018
20180723,2018-07-23,2018,7,July,23,3,0,Monday,2018,30,2018-07-01,2018-07-31,False,True,204,False,Jul 2018,Q3 2018
20180724,2018-07-24,2018,7,July,24,3,1,Tuesday,2018,30,2018-07-01,2018-07-31,False,True,205,False,Jul 2018,Q3 2018
20180725,2018-07-25,2018,7,July,25,3,2,Wednesday,2018,30,2018-07-01,2018-07-31,False,True,206,False,Jul 2018,Q3 2018
20180726,2018-07-26,2018,7,July,26,3,3,Thursday,2018,30,2018-07-01,2018-07-31,False,True,207,False,Jul 2018,Q3 2018
20180727,2018-07-27,2018,7,July,27,3,4,Friday,2018,30,2018-07-01,2018-07-31,False,True,208,False,Jul 2018,Q3 2018
20180728,2018-07-28,2018,7,July,28,3,5,Saturday,2018,30,2018-07-01,2018-07-31,False,False,209,False,Jul 2018,Q3 2018
20180729,2018-07-29,2018,7,July,29,3,6,Sunday,2018,30,2018-07-01,2018-07-31,False,False,210,False,Jul 2018,Q3 2018
20180730,2018-07-30,2018,7,July,30,3,0,Monday,2018,31,2018-07-01,2018-07-31,False,True,211,False,Jul 2018,Q3 2018
20180731,2018-07-31,2018,7,July,31,3,1,Tuesday,2018,31,2018-07-01,2018-07-31,True,True,212,False,Jul 2018,Q3 2018
20180801,2018-08-01,2018,8,August,1,3,2,Wednesday,2018,31,2018-08-01,2018-08-31,False,True,213,False,Aug 2018,Q3 2018
20180802,2018-08-02,2018,8,August,2,3,3,Thursday,2018,31,2018-08-01,2018-08-31,False,True,214,False,Aug 2018,Q3 2018
20180803,2018-08-03,2018,8,August,3,3,4,Friday,2018,31,2018-08-01,2018-08-31,False,True,215,False,Aug 2018,Q3 2018
20180804,2018-08-04,2018,8,August,4,3,5,Saturday,2018,31,2018-08-01,2018-08-31,False,False,216,False,Aug 2018,Q3 2018
20180805,2018-08-05,2018,8,August,5,3,6,Sunday,2018,31,2018-08-01,2018-08-31,False,False,217,False,Aug 2018,Q3 2018
20180806,2018-08-06,2018,8,August,6,3,0,Monday,2018,32,2018-08-01,2018-08-31,False,True,218,False,Aug 2018,Q3 2018
20180807,2018-08-07,2018,8,August,7,3,1,Tuesday,2018,32,2018-08-01,2018-08-31,False,True,219,False,Aug 2018,Q3 2018
20180808,2018-08-08,2018,8,August,8,3,2,Wednesday,2018,32,2018-08-01,2018-08-31,False,True,220,False,Aug 2018,Q3 2018
20180809,2018-08-09,2018,8,August,9,3,3,Thursday,2018,32,2018-08-01,2018-08-31,False,True,221,False,Aug 2018,Q3 2018
20180810,2018-08-10,2018,8,August,10,3,4,Friday,2018,32,2018-08-01,2018-08-31,False,True,222,False,Aug 2018,Q3 2018
20180811,2018-08-11,2018,8,August,11,3,5,Saturday,2018,32,2018-08-01,2018-08-31,False,False,223,False,Aug 2018,Q3 2018
20180812,2018-08-12,2018,8,August,12,3,6,Sunday,2018,32,2018-08-01,2018-08-31,False,False,224,False,Aug 2018,Q3 2018
20180813,2018-08-13,2018,8,August,13,3,0,Monday,2018,33,2018-08-01,2018-08-31,False,True,225,False,Aug 2018,Q3 2018
20180814,2018-08-14,2018,8,August,14,3,1,Tuesday,2018,33,2018-08-01,2018-08-31,False,True,226,False,Aug 2018,Q3 2018
20180815,2018-08-15,2018,8,August,15,3,2,Wednesday,2018,33,2018-08-01,2018-08-31,False,True,227,False,Aug 2018,Q3 2018
20180816,2018-08-16,2018,8,August,16,3,3,Thursday,2018,33,2018-08-01,2018-08-31,False,True,228,False,Aug 2018,Q3 2018
20180817,2018-08-17,2018,8,August,17,3,4,Friday,2018,33,2018-08-01,2018-08-31,False,True,229,False,Aug 2018,Q3 2018
20180818,2018-08-18,2018,8,August,18,3,5,Saturday,2018,33,2018-08-01,2018-08-31,False,False,230,False,Aug 2018,Q3 2018
20180819,2018-08-19,2018,8,August,19,3,6,Sunday,2018,33,2018-08-01,2018-08-31,False,False,231,False,Aug 2018,Q3 2018
20180820,2018-08-20,2018,8,August,20,3,0,Monday,2018,34,2018-08-01,2018-08-31,False,True,232,False,Aug 2018,Q3 2018
20180821,2018-08-21,2018,8,August,21,3,1,Tuesday,2018,34,2018-08-01,2018-08-31,False,True,233,False,Aug 2018,Q3 2018
20180822,2018-08-22,2018,8,August,22,3,2,Wednesday,2018,34,2018-08-01,2018-08-31,False,True,234,False,Aug 2018,Q3 2018
20180823,2018-08-23,2018,8,August,23,3,3,Thursday,2018,34,2018-08-01,2018-08-31,False,True,235,False,Aug 2018,Q3 2018
20180824,2018-08-24,2018,8,August,24,3,4,Friday,2018,34,2018-08-01,2018-08-31,False,True,236,False,Aug 2018,Q3 2018
20180825,2018-08-25,2018,8,August,25,3,5,Saturday,2018,34,2018-08-01,2018-08-31,False,False,237,False,Aug 2018,Q3 2018
20180826,2018-08-26,2018,8,August,26,3,6,Sunday,2018,34,2018-08-01,2018-08-31,False,False,238,False,Aug 2018,Q3 2018
20180827,2018-08-27,2018,8,August,27,3,0,Monday,2018,35,2018-08-01,2018-08-31,False,True,239,False,Aug 2018,Q3 2018
20180828,2018-08-28,2018,8,August,28,3,1,Tuesday,2018,35,2018-08-01,2018-08-31,False,True,240,False,Aug 2018,Q3 2018
20180829,2018-08-29,2018,8,August,29,3,2,Wednesday,2018,35,2018-08-01,2018-08-31,False,True,241,False,Aug 2018,Q3 2018
20180830,2018-08-30,2018,8,August,30,3,3,Thursday,2018,35,2018-08-01,2018-08-31,False,True,242,False,Aug 2018,Q3 2018
20180831,2018-08-31,2018,8,August,31,3,4,Friday,2018,35,2018-08-01,2018-08-31,True,True,243,False,Aug 2018,Q3 2018
20180901,2018-09-01,2018,9,September,1,3,5,Saturday,2018,35,2018-09-01,2018-09-30,False,False,244,False,Sep 2018,Q3 2018
20180902,2018-09-02,2018,9,September,2,3,6,Sunday,2018,35,2018-09-01,2018-09-30,False,False,245,False,Sep 2018,Q3 2018
20180903,2018-09-03,2018,9,September,3,3,0,Monday,2018,36,2018-09-01,2018-09-30,False,True,246,False,Sep 2018,Q3 2018
20180904,2018-09-04,2018,9,September,4,3,1,Tuesday,2018,36,2018-09-01,2018-09-30,False,True,247,False,Sep 2018,Q3 2018
20180905,2018-09-05,2018,9,September,5,3,2,Wednesday,2018,36,2018-09-01,2018-09-30,False,True,248,False,Sep 2018,Q3 2018
20180906,2018-09-06,2018,9,September,6,3,3,Thursday,2018,36,2018-09-01,2018-09-30,False,True,249,False,Sep 2018,Q3 2018
20180907,2018-09-07,2018,9,September,7,3,4,Friday,2018,36,2018-09-01,2018-09-30,False,True,250,False,Sep 2018,Q3 2018
20180908,2018-09-08,2018,9,September,8,3,5,Saturday,2018,36,2018-09-01,2018-09-30,False,False,251,False,Sep 2018,Q3 2018
20180909,2018-09-09,2018,9,September,9,3,6,Sunday,2018,36,2018-09-01,2018-09-30,False,False,252,False,Sep 2018,Q3 2018
20180910,2018-09-10,2018,9,September,10,3,0,Monday,2018,37,2018-09-01,2018-09-30,False,True,253,False,Sep 2018,Q3 2018
20180911,2018-09-11,2018,9,September,11,3,1,Tuesday,2018,37,2018-09-01,2018-09-30,False,True,254,False,Sep 2018,Q3 2018
20180912,2018-09-12,2018,9,September,12,3,2,Wednesday,2018,37,2018-09-01,2018-09-30,False,True,255,False,Sep 2018,Q3 2018
20180913,2018-09-13,2018,9,September,13,3,3,Thursday,2018,37,2018-09-01,2018-09-30,False,True,256,False,Sep 2018,Q3 2018
20180914,2018-09-14,2018,9,September,14,3,4,Friday,2018,37,2018-09-01,2018-09-30,False,True,257,False,Sep 2018,Q3 2018
20180915,2018-09-15,2018,9,September,15,3,5,Saturday,2018,37,2018-09-01,2018-09-30,False,False,258,False,Sep 2018,Q3 2018
20180916,2018-09-16,2018,9,September,16,3,6,Sunday,2018,37,2018-09-01,2018-09-30,False,False,259,False,Sep 2018,Q3 2018
20180917,2018-09-17,2018,9,September,17,3,0,Monday,2018,38,2018-09-01,2018-09-30,False,True,260,False,Sep 2018,Q3 2018
20180918,2018-09-18,2018,9,September,18,3,1,Tuesday,2018,38,2018-09-01,2018-09-30,False,True,261,False,Sep 2018,Q3 2018
20180919,2018-09-19,2018,9,September,19,3,2,Wednesday,2018,38,2018-09-01,2018-09-30,False,True,262,False,Sep 2018,Q3 2018
20180920,2018-09-20,2018,9,September,20,3,3,Thursday,2018,38,2018-09-01,2018-09-30,False,True,263,False,Sep 2018,Q3 2018
20180921,2018-09-21,2018,9,September,21,3,4,Friday,2018,38,2018-09-01,2018-09-30,False,True,264,False,Sep 2018,Q3 2018
20180922,2018-09-22,2018,9,September,22,3,5,Saturday,2018,38,2018-09-01,2018-09-30,False,False,265,False,Sep 2018,Q3 2018
20180923,2018-09-23,2018,9,September,23,3,6,Sunday,2018,38,2018-09-01,2018-09-30,False,False,266,False,Sep 2018,Q3 2018
20180924,2018-09-24,2018,9,September,24,3,0,Monday,2018,39,2018-09-01,2018-09-30,False,True,267,False,Sep 2018,Q3 2018
20180925,2018-09-25,2018,9,September,25,3,1,Tuesday,2018,39,2018-09-01,2018-09-30,False,True,268,False,Sep 2018,Q3 2018
20180926,2018-09-26,2018,9,September,26,3,2,Wednesday,2018,39,2018-09-01,2018-09-30,False,True,269,False,Sep 2018,Q3 2018
20180927,2018-09-27,2018,9,September,27,3,3,Thursday,2018,39,2018-09-01,2018-09-30,False,True,270,False,Sep 2018,Q3 2018
20180928,2018-09-28,2018,9,September,28,3,4,Friday,2018,39,2018-09-01,2018-09-30,False,True,271,False,Sep 2018,Q3 2018
20180929,2018-09-29,2018,9,September,29,3,5,Saturday,2018,39,2018-09-01,2018-09-30,False,False,272,False,Sep 2018,Q3 2018
20180930,2018-09-30,2018,9,September,30,3,6,Sunday,2018,39,2018-09-01,2018-09-30,True,False,273,False,Sep 2018,Q3 2018
20181001,2018-10-01,2018,10,October,1,4,0,Monday,2018,40,2018-10-01,2018-10-31,False,True,274,False,Oct 2018,Q4 2018
20181002,2018-10-02,2018,10,October,2,4,1,Tuesday,2018,40,2018-10-01,2018-10-31,False,True,275,False,Oct 2018,Q4 2018
20181003,2018-10-03,2018,10,October,3,4,2,Wednesday,2018,40,2018-10-01,2018-10-31,False,True,276,False,Oct 2018,Q4 2018
20181004,2018-10-04,2018,10,October,4,4,3,Thursday,2018,40,2018-10-01,2018-10-31,False,True,277,False,Oct 2018,Q4 2018
20181005,2018-10-05,2018,10,October,5,4,4,Friday,2018,40,2018-10-01,2018-10-31,False,True,278,False,Oct 2018,Q4 2018
20181006,2018-10-06,2018,10,October,6,4,5,Saturday,2018,40,2018-10-01,2018-10-31,False,False,279,False,Oct 2018,Q4 2018
20181007,2018-10-07,2018,10,October,7,4,6,Sunday,2018,40,2018-10-01,2018-10-31,False,False,280,False,Oct 2018,Q4 2018
20181008,2018-10-08,2018,10,October,8,4,0,Monday,2018,41,2018-10-01,2018-10-31,False,True,281,False,Oct 2018,Q4 2018
20181009,2018-10-09,2018,10,October,9,4,1,Tuesday,2018,41,2018-10-01,2018-10-31,False,True,282,False,Oct 2018,Q4 2018
20181010,2018-10-10,2018,10,October,10,4,2,Wednesday,2018,41,2018-10-01,2018-10-31,False,True,283,False,Oct 2018,Q4 2018
20181011,2018-10-11,2018,10,October,11,4,3,Thursday,2018,41,2018-10-01,2018-10-31,False,True,284,False,Oct 2018,Q4 2018
20181012,2018-10-12,2018,10,October,12,4,4,Friday,2018,41,2018-10-01,2018-10-31,False,True,285,False,Oct 2018,Q4 2018
20181013,2018-10-13,2018,10,October,13,4,5,Saturday,2018,41,2018-10-01,2018-10-31,False,False,286,False,Oct 2018,Q4 2018
20181014,2018-10-14,2018,10,October,14,4,6,Sunday,2018,41,2018-10-01,2018-10-31,False,False,287,False,Oct 2018,Q4 2018
20181015,2018-10-15,2018,10,October,15,4,0,Monday,2018,42,2018-10-01,2018-10-31,False,True,288,False,Oct 2018,Q4 2018
20181016,2018-10-16,2018,10,October,16,4,1,Tuesday,2018,42,2018-10-01,2018-10-31,False,True,289,False,Oct 2018,Q4 2018
20181017,2018-10-17,2018,10,October,17,4,2,Wednesday,2018,42,2018-10-01,2018-10-31,False,True,290,False,Oct 2018,Q4 2018
20181018,2018-10-18,2018,10,October,18,4,3,Thursday,2018,42,2018-10-01,2018-10-31,False,True,291,False,Oct 2018,Q4 2018
20181019,2018-10-19,2018,10,October,19,4,4,Friday,2018,42,2018-10-01,2018-10-31,False,True,292,False,Oct 2018,Q4 2018
20181020,2018-10-20,2018,10,October,20,4,5,Saturday,2018,42,2018-10-01,2018-10-31,False,False,293,False,Oct 2018,Q4 2018
20181021,2018-10-21,2018,10,October,21,4,6,Sunday,2018,42,2018-10-01,2018-10-31,False,False,294,False,Oct 2018,Q4 2018
20181022,2018-10-22,2018,10,October,22,4,0,Monday,2018,43,2018-10-01,2018-10-31,False,True,295,False,Oct 2018,Q4 2018
20181023,2018-10-23,2018,10,October,23,4,1,Tuesday,2018,43,2018-10-01,2018-10-31,False,True,296,False,Oct 2018,Q4 2018
20181024,2018-10-24,2018,10,October,24,4,2,Wednesday,2018,43,2018-10-01,2018-10-31,False,True,297,False,Oct 2018,Q4 2018
20181025,2018-10-25,2018,10,October,25,4,3,Thursday,2018,43,2018-10-01,2018-10-31,False,True,298,False,Oct 2018,Q4 2018
20181026,2018-10-26,2018,10,October,26,4,4,Friday,2018,43,2018-10-01,2018-10-31,False,True,299,False,Oct 2018,Q4 2018
20181027,2018-10-27,2018,10,October,27,4,5,Saturday,2018,43,2018-10-01,2018-10-31,False,False,300,False,Oct 2018,Q4 2018
20181028,2018-10-28,2018,10,October,28,4,6,Sunday,2018,43,2018-10-01,2018-10-31,False,False,301,False,Oct 2018,Q4 2018
20181029,2018-10-29,2018,10,October,29,4,0,Monday,2018,44,2018-10-01,2018-10-31,False,True,302,False,Oct 2018,Q4 2018
20181030,2018-10-30,2018,10,October,30,4,1,Tuesday,2018,44,2018-10-01,2018-10-31,False,True,303,False,Oct 2018,Q4 2018
20181031,2018-10-31,2018,10,October,31,4,2,Wednesday,2018,44,2018-10-01,2018-10-31,True,True,304,False,Oct 2018,Q4 2018
20181101,2018-11-01,2018,11,November,1,4,3,Thursday,2018,44,2018-11-01,2018-11-30,False,True,305,False,Nov 2018,Q4 2018
20181102,2018-11-02,2018,11,November,2,4,4,Friday,2018,44,2018-11-01,2018-11-30,False,True,306,False,Nov 2018,Q4 2018
20181103,2018-11-03,2018,11,November,3,4,5,Saturday,2018,44,2018-11-01,2018-11-30,False,False,307,False,Nov 2018,Q4 2018
20181104,2018-11-04,2018,11,November,4,4,6,Sunday,2018,44,2018-11-01,2018-11-30,False,False,308,False,Nov 2018,Q4 2018
20181105,2018-11-05,2018,11,November,5,4,0,Monday,2018,45,2018-11-01,2018-11-30,False,True,309,False,Nov 2018,Q4 2018
20181106,2018-11-06,2018,11,November,6,4,1,Tuesday,2018,45,2018-11-01,2018-11-30,False,True,310,False,Nov 2018,Q4 2018
20181107,2018-11-07,2018,11,November,7,4,2,Wednesday,2018,45,2018-11-01,2018-11-30,False,True,311,False,Nov 2018,Q4 2018
20181108,2018-11-08,2018,11,November,8,4,3,Thursday,2018,45,2018-11-01,2018-11-30,False,True,312,False,Nov 2018,Q4 2018
20181109,2018-11-09,2018,11,November,9,4,4,Friday,2018,45,2018-11-01,2018-11-30,False,True,313,False,Nov 2018,Q4 2018
20181110,2018-11-10,2018,11,November,10,4,5,Saturday,2018,45,2018-11-01,2018-11-30,False,False,314,False,Nov 2018,Q4 2018
20181111,2018-11-11,2018,11,November,11,4,6,Sunday,2018,45,2018-11-01,2018-11-30,False,False,315,False,Nov 2018,Q4 2018
20181112,2018-11-12,2018,11,November,12,4,0,Monday,2018,46,2018-11-01,2018-11-30,False,True,316,False,Nov 2018,Q4 2018
20181113,2018-11-13,2018,11,November,13,4,1,Tuesday,2018,46,2018-11-01,2018-11-30,False,True,317,False,Nov 2018,Q4 2018
20181114,2018-11-14,2018,11,November,14,4,2,Wednesday,2018,46,2018-11-01,2018-11-30,False,True,318,False,Nov 2018,Q4 2018
20181115,2018-11-15,2018,11,November,15,4,3,Thursday,2018,46,2018-11-01,2018-11-30,False,True,319,False,Nov 2018,Q4 2018
20181116,2018-11-16,2018,11,November,16,4,4,Friday,2018,46,2018-11-01,2018-11-30,False,True,320,False,Nov 2018,Q4 2018
20181117,2018-11-17,2018,11,November,17,4,5,Saturday,2018,46,2018-11-01,2018-11-30,False,False,321,False,Nov 2018,Q4 2018
20181118,2018-11-18,2018,11,November,18,4,6,Sunday,2018,46,2018-11-01,2018-11-30,False,False,322,False,Nov 2018,Q4 2018
20181119,2018-11-19,2018,11,November,19,4,0,Monday,2018,47,2018-11-01,2018-11-30,False,True,323,False,Nov 2018,Q4 2018
20181120,2018-11-20,2018,11,November,20,4,1,Tuesday,2018,47,2018-11-01,2018-11-30,False,True,324,False,Nov 2018,Q4 2018
20181121,2018-11-21,2018,11,November,21,4,2,Wednesday,2018,47,2018-11-01,2018-11-30,False,True,325,False,Nov 2018,Q4 2018
20181122,2018-11-22,2018,11,November,22,4,3,Thursday,2018,47,2018-11-01,2018-11-30,False,True,326,False,Nov 2018,Q4 2018
20181123,2018-11-23,2018,11,November,23,4,4,Friday,2018,47,2018-11-01,2018-11-30,False,True,327,False,Nov 2018,Q4 2018
20181124,2018-11-24,2018,11,November,24,4,5,Saturday,2018,47,2018-11-01,2018-11-30,False,False,328,False,Nov 2018,Q4 2018
20181125,2018-11-25,2018,11,November,25,4,6,Sunday,2018,47,2018-11-01,2018-11-30,False,False,329,False,Nov 2018,Q4 2018
20181126,2018-11-26,2018,11,November,26,4,0,Monday,2018,48,2018-11-01,2018-11-30,False,True,330,False,Nov 2018,Q4 2018
20181127,2018-11-27,2018,11,November,27,4,1,Tuesday,2018,48,2018-11-01,2018-11-30,False,True,331,False,Nov 2018,Q4 2018
20181128,2018-11-28,2018,11,November,28,4,2,Wednesday,2018,48,2018-11-01,2018-11-30,False,True,332,False,Nov 2018,Q4 2018
20181129,2018-11-29,2018,11,November,29,4,3,Thursday,2018,48,2018-11-01,2018-11-30,False,True,333,False,Nov 2018,Q4 2018
20181130,2018-11-30,2018,11,November,30,4,4,Friday,2018,48,2018-11-01,2018-11-30,True,True,334,False,Nov 2018,Q4 2018
20181201,2018-12-01,2018,12,December,1,4,5,Saturday,2018,48,2018-12-01,2018-12-31,False,False,335,False,Dec 2018,Q4 2018
20181202,2018-12-02,2018,12,December,2,4,6,Sunday,2018,48,2018-12-01,2018-12-31,False,False,336,False,Dec 2018,Q4 2018
20181203,2018-12-03,2018,12,December,3,4,0,Monday,2018,49,2018-12-01,2018-12-31,False,True,337,False,Dec 2018,Q4 2018
20181204,2018-12-04,2018,12,December,4,4,1,Tuesday,2018,49,2018-12-01,2018-12-31,False,True,338,False,Dec 2018,Q4 2018
20181205,2018-12-05,2018,12,December,5,4,2,Wednesday,2018,49,2018-12-01,2018-12-31,False,True,339,False,Dec 2018,Q4 2018
20181206,2018-12-06,2018,12,December,6,4,3,Thursday,2018,49,2018-12-01,2018-12-31,False,True,340,False,Dec 2018,Q4 2018
20181207,2018-12-07,2018,12,December,7,4,4,Friday,2018,49,2018-12-01,2018-12-31,False,True,341,False,Dec 2018,Q4 2018
20181208,2018-12-08,2018,12,December,8,4,5,Saturday,2018,49,2018-12-01,2018-12-31,False,False,342,False,Dec 2018,Q4 2018
20181209,2018-12-09,2018,12,December,9,4,6,Sunday,2018,49,2018-12-01,2018-12-31,False,False,343,False,Dec 2018,Q4 2018
20181210,2018-12-10,2018,12,December,10,4,0,Monday,2018,50,2018-12-01,2018-12-31,False,True,344,False,Dec 2018,Q4 2018
20181211,2018-12-11,2018,12,December,11,4,1,Tuesday,2018,50,2018-12-01,2018-12-31,False,True,345,False,Dec 2018,Q4 2018
20181212,2018-12-12,2018,12,December,12,4,2,Wednesday,2018,50,2018-12-01,2018-12-31,False,True,346,False,Dec 2018,Q4 2018
20181213,2018-12-13,2018,12,December,13,4,3,Thursday,2018,50,2018-12-01,2018-12-31,False,True,347,False,Dec 2018,Q4 2018
20181214,2018-12-14,2018,12,December,14,4,4,Friday,2018,50,2018-12-01,2018-12-31,False,True,348,False,Dec 2018,Q4 2018
20181215,2018-12-15,2018,12,December,15,4,5,Saturday,2018,50,2018-12-01,2018-12-31,False,False,349,False,Dec 2018,Q4 2018
20181216,2018-12-16,2018,12,December,16,4,6,Sunday,2018,50,2018-12-01,2018-12-31,False,False,350,False,Dec 2018,Q4 2018
20181217,2018-12-17,2018,12,December,17,4,0,Monday,2018,51,2018-12-01,2018-12-31,False,True,351,False,Dec 2018,Q4 2018
20181218,2018-12-18,2018,12,December,18,4,1,Tuesday,2018,51,2018-12-01,2018-12-31,False,True,352,False,Dec 2018,Q4 2018
20181219,2018-12-19,2018,12,December,19,4,2,Wednesday,2018,51,2018-12-01,2018-12-31,False,True,353,False,Dec 2018,Q4 2018
20181220,2018-12-20,2018,12,December,20,4,3,Thursday,2018,51,2018-12-01,2018-12-31,False,True,354,False,Dec 2018,Q4 2018
20181221,2018-12-21,2018,12,December,21,4,4,Friday,2018,51,2018-12-01,2018-12-31,False,True,355,False,Dec 2018,Q4 2018
20181222,2018-12-22,2018,12,December,22,4,5,Saturday,2018,51,2018-12-01,2018-12-31,False,False,356,False,Dec 2018,Q4 2018
20181223,2018-12-23,2018,12,December,23,4,6,Sunday,2018,51,2018-12-01,2018-12-31,False,False,357,False,Dec 2018,Q4 2018
20181224,2018-12-24,2018,12,December,24,4,0,Monday,2018,52,2018-12-01,2018-12-31,False,True,358,False,Dec 2018,Q4 2018
20181225,2018-12-25,2018,12,December,25,4,1,Tuesday,2018,52,2018-12-01,2018-12-31,False,True,359,False,Dec 2018,Q4 2018
20181226,2018-12-26,2018,12,December,26,4,2,Wednesday,2018,52,2018-12-01,2018-12-31,False,True,360,False,Dec 2018,Q4 2018
20181227,2018-12-27,2018,12,December,27,4,3,Thursday,2018,52,2018-12-01,2018-12-31,False,True,361,False,Dec 2018,Q4 2018
20181228,2018-12-28,2018,12,December,28,4,4,Friday,2018,52,2018-12-01,2018-12-31,False,True,362,False,Dec 2018,Q4 2018
20181229,2018-12-29,2018,12,December,29,4,5,Saturday,2018,52,2018-12-01,2018-12-31,False,False,363,False,Dec 2018,Q4 2018
20181230,2018-12-30,2018,12,December,30,4,6,Sunday,2018,52,2018-12-01,2018-12-31,False,False,364,False,Dec 2018,Q4 2018
20181231,2018-12-31,2018,12,December,31,4,0,Monday,2019,1,2018-12-01,2018-12-31,True,True,365,False,Dec 2018,Q4 2018
20190101,2019-01-01,2019,1,January,1,1,1,Tuesday,2019,1,2019-01-01,2019-01-31,False,True,1,False,Jan 2019,Q1 2019
20190102,2019-01-02,2019,1,January,2,1,2,Wednesday,2019,1,2019-01-01,2019-01-31,False,True,2,False,Jan 2019,Q1 2019
20190103,2019-01-03,2019,1,January,3,1,3,Thursday,2019,1,2019-01-01,2019-01-31,False,True,3,False,Jan 2019,Q1 2019
20190104,2019-01-04,2019,1,January,4,1,4,Friday,2019,1,2019-01-01,2019-01-31,False,True,4,False,Jan 2019,Q1 2019
20190105,2019-01-05,2019,1,January,5,1,5,Saturday,2019,1,2019-01-01,2019-01-31,False,False,5,False,Jan 2019,Q1 2019
20190106,2019-01-06,2019,1,January,6,1,6,Sunday,2019,1,2019-01-01,2019-01-31,False,False,6,False,Jan 2019,Q1 2019
20190107,2019-01-07,2019,1,January,7,1,0,Monday,2019,2,2019-01-01,2019-01-31,False,True,7,False,Jan 2019,Q1 2019
20190108,2019-01-08,2019,1,January,8,1,1,Tuesday,2019,2,2019-01-01,2019-01-31,False,True,8,False,Jan 2019,Q1 2019
20190109,2019-01-09,2019,1,January,9,1,2,Wednesday,2019,2,2019-01-01,2019-01-31,False,True,9,False,Jan 2019,Q1 2019
20190110,2019-01-10,2019,1,January,10,1,3,Thursday,2019,2,2019-01-01,2019-01-31,False,True,10,False,Jan 2019,Q1 2019
20190111,2019-01-11,2019,1,January,11,1,4,Friday,2019,2,2019-01-01,2019-01-31,False,True,11,False,Jan 2019,Q1 2019
20190112,2019-01-12,2019,1,January,12,1,5,Saturday,2019,2,2019-01-01,2019-01-31,False,False,12,False,Jan 2019,Q1 2019
20190113,2019-01-13,2019,1,January,13,1,6,Sunday,2019,2,2019-01-01,2019-01-31,False,False,13,False,Jan 2019,Q1 2019
20190114,2019-01-14,2019,1,January,14,1,0,Monday,2019,3,2019-01-01,2019-01-31,False,True,14,False,Jan 2019,Q1 2019
20190115,2019-01-15,2019,1,January,15,1,1,Tuesday,2019,3,2019-01-01,2019-01-31,False,True,15,False,Jan 2019,Q1 2019
20190116,2019-01-16,2019,1,January,16,1,2,Wednesday,2019,3,2019-01-01,2019-01-31,False,True,16,False,Jan 2019,Q1 2019
20190117,2019-01-17,2019,1,January,17,1,3,Thursday,2019,3,2019-01-01,2019-01-31,False,True,17,False,Jan 2019,Q1 2019
20190118,2019-01-18,2019,1,January,18,1,4,Friday,2019,3,2019-01-01,2019-01-31,False,True,18,False,Jan 2019,Q1 2019
20190119,2019-01-19,2019,1,January,19,1,5,Saturday,2019,3,2019-01-01,2019-01-31,False,False,19,False,Jan 2019,Q1 2019
20190120,2019-01-20,2019,1,January,20,1,6,Sunday,2019,3,2019-01-01,2019-01-31,False,False,20,False,Jan 2019,Q1 2019
20190121,2019-01-21,2019,1,January,21,1,0,Monday,2019,4,2019-01-01,2019-01-31,False,True,21,False,Jan 2019,Q1 2019
20190122,2019-01-22,2019,1,January,22,1,1,Tuesday,2019,4,2019-01-01,2019-01-31,False,True,22,False,Jan 2019,Q1 2019
20190123,2019-01-23,2019,1,January,23,1,2,Wednesday,2019,4,2019-01-01,2019-01-31,False,True,23,False,Jan 2019,Q1 2019
20190124,2019-01-24,2019,1,January,24,1,3,Thursday,2019,4,2019-01-01,2019-01-31,False,True,24,False,Jan 2019,Q1 2019
20190125,2019-01-25,2019,1,January,25,1,4,Friday,2019,4,2019-01-01,2019-01-31,False,True,25,False,Jan 2019,Q1 2019
20190126,2019-01-26,2019,1,January,26,1,5,Saturday,2019,4,2019-01-01,2019-01-31,False,False,26,False,Jan 2019,Q1 2019
20190127,2019-01-27,2019,1,January,27,1,6,Sunday,2019,4,2019-01-01,2019-01-31,False,False,27,False,Jan 2019,Q1 2019
20190128,2019-01-28,2019,1,January,28,1,0,Monday,2019,5,2019-01-01,2019-01-31,False,True,28,False,Jan 2019,Q1 2019
20190129,2019-01-29,2019,1,January,29,1,1,Tuesday,2019,5,2019-01-01,2019-01-31,False,True,29,False,Jan 2019,Q1 2019
20190130,2019-01-30,2019,1,January,30,1,2,Wednesday,2019,5,2019-01-01,2019-01-31,False,True,30,False,Jan 2019,Q1 2019
20190131,2019-01-31,2019,1,January,31,1,3,Thursday,2019,5,2019-01-01,2019-01-31,True,True,31,False,Jan 2019,Q1 2019
20190201,2019-02-01,2019,2,February,1,1,4,Friday,2019,5,2019-02-01,2019-02-28,False,True,32,False,Feb 2019,Q1 2019
20190202,2019-02-02,2019,2,February,2,1,5,Saturday,2019,5,2019-02-01,2019-02-28,False,False,33,False,Feb 2019,Q1 2019
20190203,2019-02-03,2019,2,February,3,1,6,Sunday,2019,5,2019-02-01,2019-02-28,False,False,34,False,Feb 2019,Q1 2019
20190204,2019-02-04,2019,2,February,4,1,0,Monday,2019,6,2019-02-01,2019-02-28,False,True,35,False,Feb 2019,Q1 2019
20190205,2019-02-05,2019,2,February,5,1,1,Tuesday,2019,6,2019-02-01,2019-02-28,False,True,36,False,Feb 2019,Q1 2019
20190206,2019-02-06,2019,2,February,6,1,2,Wednesday,2019,6,2019-02-01,2019-02-28,False,True,37,False,Feb 2019,Q1 2019
20190207,2019-02-07,2019,2,February,7,1,3,Thursday,2019,6,2019-02-01,2019-02-28,False,True,38,False,Feb 2019,Q1 2019
20190208,2019-02-08,2019,2,February,8,1,4,Friday,2019,6,2019-02-01,2019-02-28,False,True,39,False,Feb 2019,Q1 2019
20190209,2019-02-09,2019,2,February,9,1,5,Saturday,2019,6,2019-02-01,2019-02-28,False,False,40,False,Feb 2019,Q1 2019
20190210,2019-02-10,2019,2,February,10,1,6,Sunday,2019,6,2019-02-01,2019-02-28,False,False,41,False,Feb 2019,Q1 2019
20190211,2019-02-11,2019,2,February,11,1,0,Monday,2019,7,2019-02-01,2019-02-28,False,True,42,False,Feb 2019,Q1 2019
20190212,2019-02-12,2019,2,February,12,1,1,Tuesday,2019,7,2019-02-01,2019-02-28,False,True,43,False,Feb 2019,Q1 2019
20190213,2019-02-13,2019,2,February,13,1,2,Wednesday,2019,7,2019-02-01,2019-02-28,False,True,44,False,Feb 2019,Q1 2019
20190214,2019-02-14,2019,2,February,14,1,3,Thursday,2019,7,2019-02-01,2019-02-28,False,True,45,False,Feb 2019,Q1 2019
20190215,2019-02-15,2019,2,February,15,1,4,Friday,2019,7,2019-02-01,2019-02-28,False,True,46,False,Feb 2019,Q1 2019
20190216,2019-02-16,2019,2,February,16,1,5,Saturday,2019,7,2019-02-01,2019-02-28,False,False,47,False,Feb 2019,Q1 2019
20190217,2019-02-17,2019,2,February,17,1,6,Sunday,2019,7,2019-02-01,2019-02-28,False,False,48,False,Feb 2019,Q1 2019
20190218,2019-02-18,2019,2,February,18,1,0,Monday,2019,8,2019-02-01,2019-02-28,False,True,49,False,Feb 2019,Q1 2019
20190219,2019-02-19,2019,2,February,19,1,1,Tuesday,2019,8,2019-02-01,2019-02-28,False,True,50,False,Feb 2019,Q1 2019
20190220,2019-02-20,2019,2,February,20,1,2,Wednesday,2019,8,2019-02-01,2019-02-28,False,True,51,False,Feb 2019,Q1 2019
20190221,2019-02-21,2019,2,February,21,1,3,Thursday,2019,8,2019-02-01,2019-02-28,False,True,52,False,Feb 2019,Q1 2019
20190222,2019-02-22,2019,2,February,22,1,4,Friday,2019,8,2019-02-01,2019-02-28,False,True,53,False,Feb 2019,Q1 2019
20190223,2019-02-23,2019,2,February,23,1,5,Saturday,2019,8,2019-02-01,2019-02-28,False,False,54,False,Feb 2019,Q1 2019
20190224,2019-02-24,2019,2,February,24,1,6,Sunday,2019,8,2019-02-01,2019-02-28,False,False,55,False,Feb 2019,Q1 2019
20190225,2019-02-25,2019,2,February,25,1,0,Monday,2019,9,2019-02-01,2019-02-28,False,True,56,False,Feb 2019,Q1 2019
20190226,2019-02-26,2019,2,February,26,1,1,Tuesday,2019,9,2019-02-01,2019-02-28,False,True,57,False,Feb 2019,Q1 2019
20190227,2019-02-27,2019,2,February,27,1,2,Wednesday,2019,9,2019-02-01,2019-02-28,False,True,58,False,Feb 2019,Q1 2019
20190228,2019-02-28,2019,2,February,28,1,3,Thursday,2019,9,2019-02-01,2019-02-28,True,True,59,False,Feb 2019,Q1 2019
20190301,2019-03-01,2019,3,March,1,1,4,Friday,2019,9,2019-03-01,2019-03-31,False,True,60,False,Mar 2019,Q1 2019
20190302,2019-03-02,2019,3,March,2,1,5,Saturday,2019,9,2019-03-01,2019-03-31,False,False,61,False,Mar 2019,Q1 2019
20190303,2019-03-03,2019,3,March,3,1,6,Sunday,2019,9,2019-03-01,2019-03-31,False,False,62,False,Mar 2019,Q1 2019
20190304,2019-03-04,2019,3,March,4,1,0,Monday,2019,10,2019-03-01,2019-03-31,False,True,63,False,Mar 2019,Q1 2019
20190305,2019-03-05,2019,3,March,5,1,1,Tuesday,2019,10,2019-03-01,2019-03-31,False,True,64,False,Mar 2019,Q1 2019
20190306,2019-03-06,2019,3,March,6,1,2,Wednesday,2019,10,2019-03-01,2019-03-31,False,True,65,False,Mar 2019,Q1 2019
20190307,2019-03-07,2019,3,March,7,1,3,Thursday,2019,10,2019-03-01,2019-03-31,False,True,66,False,Mar 2019,Q1 2019
20190308,2019-03-08,2019,3,March,8,1,4,Friday,2019,10,2019-03-01,2019-03-31,False,True,67,False,Mar 2019,Q1 2019
20190309,2019-03-09,2019,3,March,9,1,5,Saturday,2019,10,2019-03-01,2019-03-31,False,False,68,False,Mar 2019,Q1 2019
20190310,2019-03-10,2019,3,March,10,1,6,Sunday,2019,10,2019-03-01,2019-03-31,False,False,69,False,Mar 2019,Q1 2019
20190311,2019-03-11,2019,3,March,11,1,0,Monday,2019,11,2019-03-01,2019-03-31,False,True,70,False,Mar 2019,Q1 2019
20190312,2019-03-12,2019,3,March,12,1,1,Tuesday,2019,11,2019-03-01,2019-03-31,False,True,71,False,Mar 2019,Q1 2019
20190313,2019-03-13,2019,3,March,13,1,2,Wednesday,2019,11,2019-03-01,2019-03-31,False,True,72,False,Mar 2019,Q1 2019
20190314,2019-03-14,2019,3,March,14,1,3,Thursday,2019,11,2019-03-01,2019-03-31,False,True,73,False,Mar 2019,Q1 2019
20190315,2019-03-15,2019,3,March,15,1,4,Friday,2019,11,2019-03-01,2019-03-31,False,True,74,False,Mar 2019,Q1 2019
20190316,2019-03-16,2019,3,March,16,1,5,Saturday,2019,11,2019-03-01,2019-03-31,False,False,75,False,Mar 2019,Q1 2019
20190317,2019-03-17,2019,3,March,17,1,6,Sunday,2019,11,2019-03-01,2019-03-31,False,False,76,False,Mar 2019,Q1 2019
20190318,2019-03-18,2019,3,March,18,1,0,Monday,2019,12,2019-03-01,2019-03-31,False,True,77,False,Mar 2019,Q1 2019
20190319,2019-03-19,2019,3,March,19,1,1,Tuesday,2019,12,2019-03-01,2019-03-31,False,True,78,False,Mar 2019,Q1 2019
20190320,2019-03-20,2019,3,March,20,1,2,Wednesday,2019,12,2019-03-01,2019-03-31,False,True,79,False,Mar 2019,Q1 2019
20190321,2019-03-21,2019,3,March,21,1,3,Thursday,2019,12,2019-03-01,2019-03-31,False,True,80,False,Mar 2019,Q1 2019
20190322,2019-03-22,2019,3,March,22,1,4,Friday,2019,12,2019-03-01,2019-03-31,False,True,81,False,Mar 2019,Q1 2019
20190323,2019-03-23,2019,3,March,23,1,5,Saturday,2019,12,2019-03-01,2019-03-31,False,False,82,False,Mar 2019,Q1 2019
20190324,2019-03-24,2019,3,March,24,1,6,Sunday,2019,12,2019-03-01,2019-03-31,False,False,83,False,Mar 2019,Q1 2019
20190325,2019-03-25,2019,3,March,25,1,0,Monday,2019,13,2019-03-01,2019-03-31,False,True,84,False,Mar 2019,Q1 2019
20190326,2019-03-26,2019,3,March,26,1,1,Tuesday,2019,13,2019-03-01,2019-03-31,False,True,85,False,Mar 2019,Q1 2019
20190327,2019-03-27,2019,3,March,27,1,2,Wednesday,2019,13,2019-03-01,2019-03-31,False,True,86,False,Mar 2019,Q1 2019
20190328,2019-03-28,2019,3,March,28,1,3,Thursday,2019,13,2019-03-01,2019-03-31,False,True,87,False,Mar 2019,Q1 2019
20190329,2019-03-29,2019,3,March,29,1,4,Friday,2019,13,2019-03-01,2019-03-31,False,True,88,False,Mar 2019,Q1 2019
20190330,2019-03-30,2019,3,March,30,1,5,Saturday,2019,13,2019-03-01,2019-03-31,False,False,89,False,Mar 2019,Q1 2019
20190331,2019-03-31,2019,3,March,31,1,6,Sunday,2019,13,2019-03-01,2019-03-31,True,False,90,False,Mar 2019,Q1 2019
20190401,2019-04-01,2019,4,April,1,2,0,Monday,2019,14,2019-04-01,2019-04-30,False,True,91,False,Apr 2019,Q2 2019
20190402,2019-04-02,2019,4,April,2,2,1,Tuesday,2019,14,2019-04-01,2019-04-30,False,True,92,False,Apr 2019,Q2 2019
20190403,2019-04-03,2019,4,April,3,2,2,Wednesday,2019,14,2019-04-01,2019-04-30,False,True,93,False,Apr 2019,Q2 2019
20190404,2019-04-04,2019,4,April,4,2,3,Thursday,2019,14,2019-04-01,2019-04-30,False,True,94,False,Apr 2019,Q2 2019
20190405,2019-04-05,2019,4,April,5,2,4,Friday,2019,14,2019-04-01,2019-04-30,False,True,95,False,Apr 2019,Q2 2019
20190406,2019-04-06,2019,4,April,6,2,5,Saturday,2019,14,2019-04-01,2019-04-30,False,False,96,False,Apr 2019,Q2 2019
20190407,2019-04-07,2019,4,April,7,2,6,Sunday,2019,14,2019-04-01,2019-04-30,False,False,97,False,Apr 2019,Q2 2019
20190408,2019-04-08,2019,4,April,8,2,0,Monday,2019,15,2019-04-01,2019-04-30,False,True,98,False,Apr 2019,Q2 2019
20190409,2019-04-09,2019,4,April,9,2,1,Tuesday,2019,15,2019-04-01,2019-04-30,False,True,99,False,Apr 2019,Q2 2019
20190410,2019-04-10,2019,4,April,10,2,2,Wednesday,2019,15,2019-04-01,2019-04-30,False,True,100,False,Apr 2019,Q2 2019
20190411,2019-04-11,2019,4,April,11,2,3,Thursday,2019,15,2019-04-01,2019-04-30,False,True,101,False,Apr 2019,Q2 2019
20190412,2019-04-12,2019,4,April,12,2,4,Friday,2019,15,2019-04-01,2019-04-30,False,True,102,False,Apr 2019,Q2 2019
20190413,2019-04-13,2019,4,April,13,2,5,Saturday,2019,15,2019-04-01,2019-04-30,False,False,103,False,Apr 2019,Q2 2019
20190414,2019-04-14,2019,4,April,14,2,6,Sunday,2019,15,2019-04-01,2019-04-30,False,False,104,False,Apr 2019,Q2 2019
20190415,2019-04-15,2019,4,April,15,2,0,Monday,2019,16,2019-04-01,2019-04-30,False,True,105,False,Apr 2019,Q2 2019
20190416,2019-04-16,2019,4,April,16,2,1,Tuesday,2019,16,2019-04-01,2019-04-30,False,True,106,False,Apr 2019,Q2 2019
20190417,2019-04-17,2019,4,April,17,2,2,Wednesday,2019,16,2019-04-01,2019-04-30,False,True,107,False,Apr 2019,Q2 2019
20190418,2019-04-18,2019,4,April,18,2,3,Thursday,2019,16,2019-04-01,2019-04-30,False,True,108,False,Apr 2019,Q2 2019
20190419,2019-04-19,2019,4,April,19,2,4,Friday,2019,16,2019-04-01,2019-04-30,False,True,109,False,Apr 2019,Q2 2019
20190420,2019-04-20,2019,4,April,20,2,5,Saturday,2019,16,2019-04-01,2019-04-30,False,False,110,False,Apr 2019,Q2 2019
20190421,2019-04-21,2019,4,April,21,2,6,Sunday,2019,16,2019-04-01,2019-04-30,False,False,111,False,Apr 2019,Q2 2019
20190422,2019-04-22,2019,4,April,22,2,0,Monday,2019,17,2019-04-01,2019-04-30,False,True,112,False,Apr 2019,Q2 2019
20190423,2019-04-23,2019,4,April,23,2,1,Tuesday,2019,17,2019-04-01,2019-04-30,False,True,113,False,Apr 2019,Q2 2019
20190424,2019-04-24,2019,4,April,24,2,2,Wednesday,2019,17,2019-04-01,2019-04-30,False,True,114,False,Apr 2019,Q2 2019
20190425,2019-04-25,2019,4,April,25,2,3,Thursday,2019,17,2019-04-01,2019-04-30,False,True,115,False,Apr 2019,Q2 2019
20190426,2019-04-26,2019,4,April,26,2,4,Friday,2019,17,2019-04-01,2019-04-30,False,True,116,False,Apr 2019,Q2 2019
20190427,2019-04-27,2019,4,April,27,2,5,Saturday,2019,17,2019-04-01,2019-04-30,False,False,117,False,Apr 2019,Q2 2019
20190428,2019-04-28,2019,4,April,28,2,6,Sunday,2019,17,2019-04-01,2019-04-30,False,False,118,False,Apr 2019,Q2 2019
20190429,2019-04-29,2019,4,April,29,2,0,Monday,2019,18,2019-04-01,2019-04-30,False,True,119,False,Apr 2019,Q2 2019
20190430,2019-04-30,2019,4,April,30,2,1,Tuesday,2019,18,2019-04-01,2019-04-30,True,True,120,False,Apr 2019,Q2 2019
20190501,2019-05-01,2019,5,May,1,2,2,Wednesday,2019,18,2019-05-01,2019-05-31,False,True,121,False,May 2019,Q2 2019
20190502,2019-05-02,2019,5,May,2,2,3,Thursday,2019,18,2019-05-01,2019-05-31,False,True,122,False,May 2019,Q2 2019
20190503,2019-05-03,2019,5,May,3,2,4,Friday,2019,18,2019-05-01,2019-05-31,False,True,123,False,May 2019,Q2 2019
20190504,2019-05-04,2019,5,May,4,2,5,Saturday,2019,18,2019-05-01,2019-05-31,False,False,124,False,May 2019,Q2 2019
20190505,2019-05-05,2019,5,May,5,2,6,Sunday,2019,18,2019-05-01,2019-05-31,False,False,125,False,May 2019,Q2 2019
20190506,2019-05-06,2019,5,May,6,2,0,Monday,2019,19,2019-05-01,2019-05-31,False,True,126,False,May 2019,Q2 2019
20190507,2019-05-07,2019,5,May,7,2,1,Tuesday,2019,19,2019-05-01,2019-05-31,False,True,127,False,May 2019,Q2 2019
20190508,2019-05-08,2019,5,May,8,2,2,Wednesday,2019,19,2019-05-01,2019-05-31,False,True,128,False,May 2019,Q2 2019
20190509,2019-05-09,2019,5,May,9,2,3,Thursday,2019,19,2019-05-01,2019-05-31,False,True,129,False,May 2019,Q2 2019
20190510,2019-05-10,2019,5,May,10,2,4,Friday,2019,19,2019-05-01,2019-05-31,False,True,130,False,May 2019,Q2 2019
20190511,2019-05-11,2019,5,May,11,2,5,Saturday,2019,19,2019-05-01,2019-05-31,False,False,131,False,May 2019,Q2 2019
20190512,2019-05-12,2019,5,May,12,2,6,Sunday,2019,19,2019-05-01,2019-05-31,False,False,132,False,May 2019,Q2 2019
20190513,2019-05-13,2019,5,May,13,2,0,Monday,2019,20,2019-05-01,2019-05-31,False,True,133,False,May 2019,Q2 2019
20190514,2019-05-14,2019,5,May,14,2,1,Tuesday,2019,20,2019-05-01,2019-05-31,False,True,134,False,May 2019,Q2 2019
20190515,2019-05-15,2019,5,May,15,2,2,Wednesday,2019,20,2019-05-01,2019-05-31,False,True,135,False,May 2019,Q2 2019
20190516,2019-05-16,2019,5,May,16,2,3,Thursday,2019,20,2019-05-01,2019-05-31,False,True,136,False,May 2019,Q2 2019
20190517,2019-05-17,2019,5,May,17,2,4,Friday,2019,20,2019-05-01,2019-05-31,False,True,137,False,May 2019,Q2 2019
20190518,2019-05-18,2019,5,May,18,2,5,Saturday,2019,20,2019-05-01,2019-05-31,False,False,138,False,May 2019,Q2 2019
20190519,2019-05-19,2019,5,May,19,2,6,Sunday,2019,20,2019-05-01,2019-05-31,False,False,139,False,May 2019,Q2 2019
20190520,2019-05-20,2019,5,May,20,2,0,Monday,2019,21,2019-05-01,2019-05-31,False,True,140,False,May 2019,Q2 2019
20190521,2019-05-21,2019,5,May,21,2,1,Tuesday,2019,21,2019-05-01,2019-05-31,False,True,141,False,May 2019,Q2 2019
20190522,2019-05-22,2019,5,May,22,2,2,Wednesday,2019,21,2019-05-01,2019-05-31,False,True,142,False,May 2019,Q2 2019
20190523,2019-05-23,2019,5,May,23,2,3,Thursday,2019,21,2019-05-01,2019-05-31,False,True,143,False,May 2019,Q2 2019
20190524,2019-05-24,2019,5,May,24,2,4,Friday,2019,21,2019-05-01,2019-05-31,False,True,144,False,May 2019,Q2 2019
20190525,2019-05-25,2019,5,May,25,2,5,Saturday,2019,21,2019-05-01,2019-05-31,False,False,145,False,May 2019,Q2 2019
20190526,2019-05-26,2019,5,May,26,2,6,Sunday,2019,21,2019-05-01,2019-05-31,False,False,146,False,May 2019,Q2 2019
20190527,2019-05-27,2019,5,May,27,2,0,Monday,2019,22,2019-05-01,2019-05-31,False,True,147,False,May 2019,Q2 2019
20190528,2019-05-28,2019,5,May,28,2,1,Tuesday,2019,22,2019-05-01,2019-05-31,False,True,148,False,May 2019,Q2 2019
20190529,2019-05-29,2019,5,May,29,2,2,Wednesday,2019,22,2019-05-01,2019-05-31,False,True,149,False,May 2019,Q2 2019
20190530,2019-05-30,2019,5,May,30,2,3,Thursday,2019,22,2019-05-01,2019-05-31,False,True,150,False,May 2019,Q2 2019
20190531,2019-05-31,2019,5,May,31,2,4,Friday,2019,22,2019-05-01,2019-05-31,True,True,151,False,May 2019,Q2 2019
20190601,2019-06-01,2019,6,June,1,2,5,Saturday,2019,22,2019-06-01,2019-06-30,False,False,152,False,Jun 2019,Q2 2019
20190602,2019-06-02,2019,6,June,2,2,6,Sunday,2019,22,2019-06-01,2019-06-30,False,False,153,False,Jun 2019,Q2 2019
20190603,2019-06-03,2019,6,June,3,2,0,Monday,2019,23,2019-06-01,2019-06-30,False,True,154,False,Jun 2019,Q2 2019
20190604,2019-06-04,2019,6,June,4,2,1,Tuesday,2019,23,2019-06-01,2019-06-30,False,True,155,False,Jun 2019,Q2 2019
20190605,2019-06-05,2019,6,June,5,2,2,Wednesday,2019,23,2019-06-01,2019-06-30,False,True,156,False,Jun 2019,Q2 2019
20190606,2019-06-06,2019,6,June,6,2,3,Thursday,2019,23,2019-06-01,2019-06-30,False,True,157,False,Jun 2019,Q2 2019
20190607,2019-06-07,2019,6,June,7,2,4,Friday,2019,23,2019-06-01,2019-06-30,False,True,158,False,Jun 2019,Q2 2019
20190608,2019-06-08,2019,6,June,8,2,5,Saturday,2019,23,2019-06-01,2019-06-30,False,False,159,False,Jun 2019,Q2 2019
20190609,2019-06-09,2019,6,June,9,2,6,Sunday,2019,23,2019-06-01,2019-06-30,False,False,160,False,Jun 2019,Q2 2019
20190610,2019-06-10,2019,6,June,10,2,0,Monday,2019,24,2019-06-01,2019-06-30,False,True,161,False,Jun 2019,Q2 2019
20190611,2019-06-11,2019,6,June,11,2,1,Tuesday,2019,24,2019-06-01,2019-06-30,False,True,162,False,Jun 2019,Q2 2019
20190612,2019-06-12,2019,6,June,12,2,2,Wednesday,2019,24,2019-06-01,2019-06-30,False,True,163,False,Jun 2019,Q2 2019
20190613,2019-06-13,2019,6,June,13,2,3,Thursday,2019,24,2019-06-01,2019-06-30,False,True,164,False,Jun 2019,Q2 2019
20190614,2019-06-14,2019,6,June,14,2,4,Friday,2019,24,2019-06-01,2019-06-30,False,True,165,False,Jun 2019,Q2 2019
20190615,2019-06-15,2019,6,June,15,2,5,Saturday,2019,24,2019-06-01,2019-06-30,False,False,166,False,Jun 2019,Q2 2019
20190616,2019-06-16,2019,6,June,16,2,6,Sunday,2019,24,2019-06-01,2019-06-30,False,False,167,False,Jun 2019,Q2 2019
20190617,2019-06-17,2019,6,June,17,2,0,Monday,2019,25,2019-06-01,2019-06-30,False,True,168,False,Jun 2019,Q2 2019
20190618,2019-06-18,2019,6,June,18,2,1,Tuesday,2019,25,2019-06-01,2019-06-30,False,True,169,False,Jun 2019,Q2 2019
20190619,2019-06-19,2019,6,June,19,2,2,Wednesday,2019,25,2019-06-01,2019-06-30,False,True,170,False,Jun 2019,Q2 2019
20190620,2019-06-20,2019,6,June,20,2,3,Thursday,2019,25,2019-06-01,2019-06-30,False,True,171,False,Jun 2019,Q2 2019
20190621,2019-06-21,2019,6,June,21,2,4,Friday,2019,25,2019-06-01,2019-06-30,False,True,172,False,Jun 2019,Q2 2019
20190622,2019-06-22,2019,6,June,22,2,5,Saturday,2019,25,2019-06-01,2019-06-30,False,False,173,False,Jun 2019,Q2 2019
20190623,2019-06-23,2019,6,June,23,2,6,Sunday,2019,25,2019-06-01,2019-06-30,False,False,174,False,Jun 2019,Q2 2019
20190624,2019-06-24,2019,6,June,24,2,0,Monday,2019,26,2019-06-01,2019-06-30,False,True,175,False,Jun 2019,Q2 2019
20190625,2019-06-25,2019,6,June,25,2,1,Tuesday,2019,26,2019-06-01,2019-06-30,False,True,176,False,Jun 2019,Q2 2019
20190626,2019-06-26,2019,6,June,26,2,2,Wednesday,2019,26,2019-06-01,2019-06-30,False,True,177,False,Jun 2019,Q2 2019
20190627,2019-06-27,2019,6,June,27,2,3,Thursday,2019,26,2019-06-01,2019-06-30,False,True,178,False,Jun 2019,Q2 2019
20190628,2019-06-28,2019,6,June,28,2,4,Friday,2019,26,2019-06-01,2019-06-30,False,True,179,False,Jun 2019,Q2 2019
20190629,2019-06-29,2019,6,June,29,2,5,Saturday,2019,26,2019-06-01,2019-06-30,False,False,180,False,Jun 2019,Q2 2019
20190630,2019-06-30,2019,6,June,30,2,6,Sunday,2019,26,2019-06-01,2019-06-30,True,False,181,False,Jun 2019,Q2 2019
20190701,2019-07-01,2019,7,July,1,3,0,Monday,2019,27,2019-07-01,2019-07-31,False,True,182,False,Jul 2019,Q3 2019
20190702,2019-07-02,2019,7,July,2,3,1,Tuesday,2019,27,2019-07-01,2019-07-31,False,True,183,False,Jul 2019,Q3 2019
20190703,2019-07-03,2019,7,July,3,3,2,Wednesday,2019,27,2019-07-01,2019-07-31,False,True,184,False,Jul 2019,Q3 2019
20190704,2019-07-04,2019,7,July,4,3,3,Thursday,2019,27,2019-07-01,2019-07-31,False,True,185,False,Jul 2019,Q3 2019
20190705,2019-07-05,2019,7,July,5,3,4,Friday,2019,27,2019-07-01,2019-07-31,False,True,186,False,Jul 2019,Q3 2019
20190706,2019-07-06,2019,7,July,6,3,5,Saturday,2019,27,2019-07-01,2019-07-31,False,False,187,False,Jul 2019,Q3 2019
20190707,2019-07-07,2019,7,July,7,3,6,Sunday,2019,27,2019-07-01,2019-07-31,False,False,188,False,Jul 2019,Q3 2019
20190708,2019-07-08,2019,7,July,8,3,0,Monday,2019,28,2019-07-01,2019-07-31,False,True,189,False,Jul 2019,Q3 2019
20190709,2019-07-09,2019,7,July,9,3,1,Tuesday,2019,28,2019-07-01,2019-07-31,False,True,190,False,Jul 2019,Q3 2019
20190710,2019-07-10,2019,7,July,10,3,2,Wednesday,2019,28,2019-07-01,2019-07-31,False,True,191,False,Jul 2019,Q3 2019
20190711,2019-07-11,2019,7,July,11,3,3,Thursday,2019,28,2019-07-01,2019-07-31,False,True,192,False,Jul 2019,Q3 2019
20190712,2019-07-12,2019,7,July,12,3,4,Friday,2019,28,2019-07-01,2019-07-31,False,True,193,False,Jul 2019,Q3 2019
20190713,2019-07-13,2019,7,July,13,3,5,Saturday,2019,28,2019-07-01,2019-07-31,False,False,194,False,Jul 2019,Q3 2019
20190714,2019-07-14,2019,7,July,14,3,6,Sunday,2019,28,2019-07-01,2019-07-31,False,False,195,False,Jul 2019,Q3 2019
20190715,2019-07-15,2019,7,July,15,3,0,Monday,2019,29,2019-07-01,2019-07-31,False,True,196,False,Jul 2019,Q3 2019
20190716,2019-07-16,2019,7,July,16,3,1,Tuesday,2019,29,2019-07-01,2019-07-31,False,True,197,False,Jul 2019,Q3 2019
20190717,2019-07-17,2019,7,July,17,3,2,Wednesday,2019,29,2019-07-01,2019-07-31,False,True,198,False,Jul 2019,Q3 2019
20190718,2019-07-18,2019,7,July,18,3,3,Thursday,2019,29,2019-07-01,2019-07-31,False,True,199,False,Jul 2019,Q3 2019
20190719,2019-07-19,2019,7,July,19,3,4,Friday,2019,29,2019-07-01,2019-07-31,False,True,200,False,Jul 2019,Q3 2019
20190720,2019-07-20,2019,7,July,20,3,5,Saturday,2019,29,2019-07-01,2019-07-31,False,False,201,False,Jul 2019,Q3 2019
20190721,2019-07-21,2019,7,July,21,3,6,Sunday,2019,29,2019-07-01,2019-07-31,False,False,202,False,Jul 2019,Q3 2019
20190722,2019-07-22,2019,7,July,22,3,0,Monday,2019,30,2019-07-01,2019-07-31,False,True,203,False,Jul 2019,Q3 2019
20190723,2019-07-23,2019,7,July,23,3,1,Tuesday,2019,30,2019-07-01,2019-07-31,False,True,204,False,Jul 2019,Q3 2019
20190724,2019-07-24,2019,7,July,24,3,2,Wednesday,2019,30,2019-07-01,2019-07-31,False,True,205,False,Jul 2019,Q3 2019
20190725,2019-07-25,2019,7,July,25,3,3,Thursday,2019,30,2019-07-01,2019-07-31,False,True,206,False,Jul 2019,Q3 2019
20190726,2019-07-26,2019,7,July,26,3,4,Friday,2019,30,2019-07-01,2019-07-31,False,True,207,False,Jul 2019,Q3 2019
20190727,2019-07-27,2019,7,July,27,3,5,Saturday,2019,30,2019-07-01,2019-07-31,False,False,208,False,Jul 2019,Q3 2019
20190728,2019-07-28,2019,7,July,28,3,6,Sunday,2019,30,2019-07-01,2019-07-31,False,False,209,False,Jul 2019,Q3 2019
20190729,2019-07-29,2019,7,July,29,3,0,Monday,2019,31,2019-07-01,2019-07-31,False,True,210,False,Jul 2019,Q3 2019
20190730,2019-07-30,2019,7,July,30,3,1,Tuesday,2019,31,2019-07-01,2019-07-31,False,True,211,False,Jul 2019,Q3 2019
20190731,2019-07-31,2019,7,July,31,3,2,Wednesday,2019,31,2019-07-01,2019-07-31,True,True,212,False,Jul 2019,Q3 2019
20190801,2019-08-01,2019,8,August,1,3,3,Thursday,2019,31,2019-08-01,2019-08-31,False,True,213,False,Aug 2019,Q3 2019
20190802,2019-08-02,2019,8,August,2,3,4,Friday,2019,31,2019-08-01,2019-08-31,False,True,214,False,Aug 2019,Q3 2019
20190803,2019-08-03,2019,8,August,3,3,5,Saturday,2019,31,2019-08-01,2019-08-31,False,False,215,False,Aug 2019,Q3 2019
20190804,2019-08-04,2019,8,August,4,3,6,Sunday,2019,31,2019-08-01,2019-08-31,False,False,216,False,Aug 2019,Q3 2019
20190805,2019-08-05,2019,8,August,5,3,0,Monday,2019,32,2019-08-01,2019-08-31,False,True,217,False,Aug 2019,Q3 2019
20190806,2019-08-06,2019,8,August,6,3,1,Tuesday,2019,32,2019-08-01,2019-08-31,False,True,218,False,Aug 2019,Q3 2019
20190807,2019-08-07,2019,8,August,7,3,2,Wednesday,2019,32,2019-08-01,2019-08-31,False,True,219,False,Aug 2019,Q3 2019
20190808,2019-08-08,2019,8,August,8,3,3,Thursday,2019,32,2019-08-01,2019-08-31,False,True,220,False,Aug 2019,Q3 2019
20190809,2019-08-09,2019,8,August,9,3,4,Friday,2019,32,2019-08-01,2019-08-31,False,True,221,False,Aug 2019,Q3 2019
20190810,2019-08-10,2019,8,August,10,3,5,Saturday,2019,32,2019-08-01,2019-08-31,False,False,222,False,Aug 2019,Q3 2019
20190811,2019-08-11,2019,8,August,11,3,6,Sunday,2019,32,2019-08-01,2019-08-31,False,False,223,False,Aug 2019,Q3 2019
20190812,2019-08-12,2019,8,August,12,3,0,Monday,2019,33,2019-08-01,2019-08-31,False,True,224,False,Aug 2019,Q3 2019
20190813,2019-08-13,2019,8,August,13,3,1,Tuesday,2019,33,2019-08-01,2019-08-31,False,True,225,False,Aug 2019,Q3 2019
20190814,2019-08-14,2019,8,August,14,3,2,Wednesday,2019,33,2019-08-01,2019-08-31,False,True,226,False,Aug 2019,Q3 2019
20190815,2019-08-15,2019,8,August,15,3,3,Thursday,2019,33,2019-08-01,2019-08-31,False,True,227,False,Aug 2019,Q3 2019
20190816,2019-08-16,2019,8,August,16,3,4,Friday,2019,33,2019-08-01,2019-08-31,False,True,228,False,Aug 2019,Q3 2019
20190817,2019-08-17,2019,8,August,17,3,5,Saturday,2019,33,2019-08-01,2019-08-31,False,False,229,False,Aug 2019,Q3 2019
20190818,2019-08-18,2019,8,August,18,3,6,Sunday,2019,33,2019-08-01,2019-08-31,False,False,230,False,Aug 2019,Q3 2019
20190819,2019-08-19,2019,8,August,19,3,0,Monday,2019,34,2019-08-01,2019-08-31,False,True,231,False,Aug 2019,Q3 2019
20190820,2019-08-20,2019,8,August,20,3,1,Tuesday,2019,34,2019-08-01,2019-08-31,False,True,232,False,Aug 2019,Q3 2019
20190821,2019-08-21,2019,8,August,21,3,2,Wednesday,2019,34,2019-08-01,2019-08-31,False,True,233,False,Aug 2019,Q3 2019
20190822,2019-08-22,2019,8,August,22,3,3,Thursday,2019,34,2019-08-01,2019-08-31,False,True,234,False,Aug 2019,Q3 2019
20190823,2019-08-23,2019,8,August,23,3,4,Friday,2019,34,2019-08-01,2019-08-31,False,True,235,False,Aug 2019,Q3 2019
20190824,2019-08-24,2019,8,August,24,3,5,Saturday,2019,34,2019-08-01,2019-08-31,False,False,236,False,Aug 2019,Q3 2019
20190825,2019-08-25,2019,8,August,25,3,6,Sunday,2019,34,2019-08-01,2019-08-31,False,False,237,False,Aug 2019,Q3 2019
20190826,2019-08-26,2019,8,August,26,3,0,Monday,2019,35,2019-08-01,2019-08-31,False,True,238,False,Aug 2019,Q3 2019
20190827,2019-08-27,2019,8,August,27,3,1,Tuesday,2019,35,2019-08-01,2019-08-31,False,True,239,False,Aug 2019,Q3 2019
20190828,2019-08-28,2019,8,August,28,3,2,Wednesday,2019,35,2019-08-01,2019-08-31,False,True,240,False,Aug 2019,Q3 2019
20190829,2019-08-29,2019,8,August,29,3,3,Thursday,2019,35,2019-08-01,2019-08-31,False,True,241,False,Aug 2019,Q3 2019
20190830,2019-08-30,2019,8,August,30,3,4,Friday,2019,35,2019-08-01,2019-08-31,False,True,242,False,Aug 2019,Q3 2019
20190831,2019-08-31,2019,8,August,31,3,5,Saturday,2019,35,2019-08-01,2019-08-31,True,False,243,False,Aug 2019,Q3 2019
20190901,2019-09-01,2019,9,September,1,3,6,Sunday,2019,35,2019-09-01,2019-09-30,False,False,244,False,Sep 2019,Q3 2019
20190902,2019-09-02,2019,9,September,2,3,0,Monday,2019,36,2019-09-01,2019-09-30,False,True,245,False,Sep 2019,Q3 2019
20190903,2019-09-03,2019,9,September,3,3,1,Tuesday,2019,36,2019-09-01,2019-09-30,False,True,246,False,Sep 2019,Q3 2019
20190904,2019-09-04,2019,9,September,4,3,2,Wednesday,2019,36,2019-09-01,2019-09-30,False,True,247,False,Sep 2019,Q3 2019
20190905,2019-09-05,2019,9,September,5,3,3,Thursday,2019,36,2019-09-01,2019-09-30,False,True,248,False,Sep 2019,Q3 2019
20190906,2019-09-06,2019,9,September,6,3,4,Friday,2019,36,2019-09-01,2019-09-30,False,True,249,False,Sep 2019,Q3 2019
20190907,2019-09-07,2019,9,September,7,3,5,Saturday,2019,36,2019-09-01,2019-09-30,False,False,250,False,Sep 2019,Q3 2019
20190908,2019-09-08,2019,9,September,8,3,6,Sunday,2019,36,2019-09-01,2019-09-30,False,False,251,False,Sep 2019,Q3 2019
20190909,2019-09-09,2019,9,September,9,3,0,Monday,2019,37,2019-09-01,2019-09-30,False,True,252,False,Sep 2019,Q3 2019
20190910,2019-09-10,2019,9,September,10,3,1,Tuesday,2019,37,2019-09-01,2019-09-30,False,True,253,False,Sep 2019,Q3 2019
20190911,2019-09-11,2019,9,September,11,3,2,Wednesday,2019,37,2019-09-01,2019-09-30,False,True,254,False,Sep 2019,Q3 2019
20190912,2019-09-12,2019,9,September,12,3,3,Thursday,2019,37,2019-09-01,2019-09-30,False,True,255,False,Sep 2019,Q3 2019
20190913,2019-09-13,2019,9,September,13,3,4,Friday,2019,37,2019-09-01,2019-09-30,False,True,256,False,Sep 2019,Q3 2019
20190914,2019-09-14,2019,9,September,14,3,5,Saturday,2019,37,2019-09-01,2019-09-30,False,False,257,False,Sep 2019,Q3 2019
20190915,2019-09-15,2019,9,September,15,3,6,Sunday,2019,37,2019-09-01,2019-09-30,False,False,258,False,Sep 2019,Q3 2019
20190916,2019-09-16,2019,9,September,16,3,0,Monday,2019,38,2019-09-01,2019-09-30,False,True,259,False,Sep 2019,Q3 2019
20190917,2019-09-17,2019,9,September,17,3,1,Tuesday,2019,38,2019-09-01,2019-09-30,False,True,260,False,Sep 2019,Q3 2019
20190918,2019-09-18,2019,9,September,18,3,2,Wednesday,2019,38,2019-09-01,2019-09-30,False,True,261,False,Sep 2019,Q3 2019
20190919,2019-09-19,2019,9,September,19,3,3,Thursday,2019,38,2019-09-01,2019-09-30,False,True,262,False,Sep 2019,Q3 2019
20190920,2019-09-20,2019,9,September,20,3,4,Friday,2019,38,2019-09-01,2019-09-30,False,True,263,False,Sep 2019,Q3 2019
20190921,2019-09-21,2019,9,September,21,3,5,Saturday,2019,38,2019-09-01,2019-09-30,False,False,264,False,Sep 2019,Q3 2019
20190922,2019-09-22,2019,9,September,22,3,6,Sunday,2019,38,2019-09-01,2019-09-30,False,False,265,False,Sep 2019,Q3 2019
20190923,2019-09-23,2019,9,September,23,3,0,Monday,2019,39,2019-09-01,2019-09-30,False,True,266,False,Sep 2019,Q3 2019
20190924,2019-09-24,2019,9,September,24,3,1,Tuesday,2019,39,2019-09-01,2019-09-30,False,True,267,False,Sep 2019,Q3 2019
20190925,2019-09-25,2019,9,September,25,3,2,Wednesday,2019,39,2019-09-01,2019-09-30,False,True,268,False,Sep 2019,Q3 2019
20190926,2019-09-26,2019,9,September,26,3,3,Thursday,2019,39,2019-09-01,2019-09-30,False,True,269,False,Sep 2019,Q3 2019
20190927,2019-09-27,2019,9,September,27,3,4,Friday,2019,39,2019-09-01,2019-09-30,False,True,270,False,Sep 2019,Q3 2019
20190928,2019-09-28,2019,9,September,28,3,5,Saturday,2019,39,2019-09-01,2019-09-30,False,False,271,False,Sep 2019,Q3 2019
20190929,2019-09-29,2019,9,September,29,3,6,Sunday,2019,39,2019-09-01,2019-09-30,False,False,272,False,Sep 2019,Q3 2019
20190930,2019-09-30,2019,9,September,30,3,0,Monday,2019,40,2019-09-01,2019-09-30,True,True,273,False,Sep 2019,Q3 2019
20191001,2019-10-01,2019,10,October,1,4,1,Tuesday,2019,40,2019-10-01,2019-10-31,False,True,274,False,Oct 2019,Q4 2019
20191002,2019-10-02,2019,10,October,2,4,2,Wednesday,2019,40,2019-10-01,2019-10-31,False,True,275,False,Oct 2019,Q4 2019
20191003,2019-10-03,2019,10,October,3,4,3,Thursday,2019,40,2019-10-01,2019-10-31,False,True,276,False,Oct 2019,Q4 2019
20191004,2019-10-04,2019,10,October,4,4,4,Friday,2019,40,2019-10-01,2019-10-31,False,True,277,False,Oct 2019,Q4 2019
20191005,2019-10-05,2019,10,October,5,4,5,Saturday,2019,40,2019-10-01,2019-10-31,False,False,278,False,Oct 2019,Q4 2019
20191006,2019-10-06,2019,10,October,6,4,6,Sunday,2019,40,2019-10-01,2019-10-31,False,False,279,False,Oct 2019,Q4 2019
20191007,2019-10-07,2019,10,October,7,4,0,Monday,2019,41,2019-10-01,2019-10-31,False,True,280,False,Oct 2019,Q4 2019
20191008,2019-10-08,2019,10,October,8,4,1,Tuesday,2019,41,2019-10-01,2019-10-31,False,True,281,False,Oct 2019,Q4 2019
20191009,2019-10-09,2019,10,October,9,4,2,Wednesday,2019,41,2019-10-01,2019-10-31,False,True,282,False,Oct 2019,Q4 2019
20191010,2019-10-10,2019,10,October,10,4,3,Thursday,2019,41,2019-10-01,2019-10-31,False,True,283,False,Oct 2019,Q4 2019
20191011,2019-10-11,2019,10,October,11,4,4,Friday,2019,41,2019-10-01,2019-10-31,False,True,284,False,Oct 2019,Q4 2019
20191012,2019-10-12,2019,10,October,12,4,5,Saturday,2019,41,2019-10-01,2019-10-31,False,False,285,False,Oct 2019,Q4 2019
20191013,2019-10-13,2019,10,October,13,4,6,Sunday,2019,41,2019-10-01,2019-10-31,False,False,286,False,Oct 2019,Q4 2019
20191014,2019-10-14,2019,10,October,14,4,0,Monday,2019,42,2019-10-01,2019-10-31,False,True,287,False,Oct 2019,Q4 2019
20191015,2019-10-15,2019,10,October,15,4,1,Tuesday,2019,42,2019-10-01,2019-10-31,False,True,288,False,Oct 2019,Q4 2019
20191016,2019-10-16,2019,10,October,16,4,2,Wednesday,2019,42,2019-10-01,2019-10-31,False,True,289,False,Oct 2019,Q4 2019
20191017,2019-10-17,2019,10,October,17,4,3,Thursday,2019,42,2019-10-01,2019-10-31,False,True,290,False,Oct 2019,Q4 2019
20191018,2019-10-18,2019,10,October,18,4,4,Friday,2019,42,2019-10-01,2019-10-31,False,True,291,False,Oct 2019,Q4 2019
20191019,2019-10-19,2019,10,October,19,4,5,Saturday,2019,42,2019-10-01,2019-10-31,False,False,292,False,Oct 2019,Q4 2019
20191020,2019-10-20,2019,10,October,20,4,6,Sunday,2019,42,2019-10-01,2019-10-31,False,False,293,False,Oct 2019,Q4 2019
20191021,2019-10-21,2019,10,October,21,4,0,Monday,2019,43,2019-10-01,2019-10-31,False,True,294,False,Oct 2019,Q4 2019
20191022,2019-10-22,2019,10,October,22,4,1,Tuesday,2019,43,2019-10-01,2019-10-31,False,True,295,False,Oct 2019,Q4 2019
20191023,2019-10-23,2019,10,October,23,4,2,Wednesday,2019,43,2019-10-01,2019-10-31,False,True,296,False,Oct 2019,Q4 2019
20191024,2019-10-24,2019,10,October,24,4,3,Thursday,2019,43,2019-10-01,2019-10-31,False,True,297,False,Oct 2019,Q4 2019
20191025,2019-10-25,2019,10,October,25,4,4,Friday,2019,43,2019-10-01,2019-10-31,False,True,298,False,Oct 2019,Q4 2019
20191026,2019-10-26,2019,10,October,26,4,5,Saturday,2019,43,2019-10-01,2019-10-31,False,False,299,False,Oct 2019,Q4 2019
20191027,2019-10-27,2019,10,October,27,4,6,Sunday,2019,43,2019-10-01,2019-10-31,False,False,300,False,Oct 2019,Q4 2019
20191028,2019-10-28,2019,10,October,28,4,0,Monday,2019,44,2019-10-01,2019-10-31,False,True,301,False,Oct 2019,Q4 2019
20191029,2019-10-29,2019,10,October,29,4,1,Tuesday,2019,44,2019-10-01,2019-10-31,False,True,302,False,Oct 2019,Q4 2019
20191030,2019-10-30,2019,10,October,30,4,2,Wednesday,2019,44,2019-10-01,2019-10-31,False,True,303,False,Oct 2019,Q4 2019
20191031,2019-10-31,2019,10,October,31,4,3,Thursday,2019,44,2019-10-01,2019-10-31,True,True,304,False,Oct 2019,Q4 2019
20191101,2019-11-01,2019,11,November,1,4,4,Friday,2019,44,2019-11-01,2019-11-30,False,True,305,False,Nov 2019,Q4 2019
20191102,2019-11-02,2019,11,November,2,4,5,Saturday,2019,44,2019-11-01,2019-11-30,False,False,306,False,Nov 2019,Q4 2019
20191103,2019-11-03,2019,11,November,3,4,6,Sunday,2019,44,2019-11-01,2019-11-30,False,False,307,False,Nov 2019,Q4 2019
20191104,2019-11-04,2019,11,November,4,4,0,Monday,2019,45,2019-11-01,2019-11-30,False,True,308,False,Nov 2019,Q4 2019
20191105,2019-11-05,2019,11,November,5,4,1,Tuesday,2019,45,2019-11-01,2019-11-30,False,True,309,False,Nov 2019,Q4 2019
20191106,2019-11-06,2019,11,November,6,4,2,Wednesday,2019,45,2019-11-01,2019-11-30,False,True,310,False,Nov 2019,Q4 2019
20191107,2019-11-07,2019,11,November,7,4,3,Thursday,2019,45,2019-11-01,2019-11-30,False,True,311,False,Nov 2019,Q4 2019
20191108,2019-11-08,2019,11,November,8,4,4,Friday,2019,45,2019-11-01,2019-11-30,False,True,312,False,Nov 2019,Q4 2019
20191109,2019-11-09,2019,11,November,9,4,5,Saturday,2019,45,2019-11-01,2019-11-30,False,False,313,False,Nov 2019,Q4 2019
20191110,2019-11-10,2019,11,November,10,4,6,Sunday,2019,45,2019-11-01,2019-11-30,False,False,314,False,Nov 2019,Q4 2019
20191111,2019-11-11,2019,11,November,11,4,0,Monday,2019,46,2019-11-01,2019-11-30,False,True,315,False,Nov 2019,Q4 2019
20191112,2019-11-12,2019,11,November,12,4,1,Tuesday,2019,46,2019-11-01,2019-11-30,False,True,316,False,Nov 2019,Q4 2019
20191113,2019-11-13,2019,11,November,13,4,2,Wednesday,2019,46,2019-11-01,2019-11-30,False,True,317,False,Nov 2019,Q4 2019
20191114,2019-11-14,2019,11,November,14,4,3,Thursday,2019,46,2019-11-01,2019-11-30,False,True,318,False,Nov 2019,Q4 2019
20191115,2019-11-15,2019,11,November,15,4,4,Friday,2019,46,2019-11-01,2019-11-30,False,True,319,False,Nov 2019,Q4 2019
20191116,2019-11-16,2019,11,November,16,4,5,Saturday,2019,46,2019-11-01,2019-11-30,False,False,320,False,Nov 2019,Q4 2019
20191117,2019-11-17,2019,11,November,17,4,6,Sunday,2019,46,2019-11-01,2019-11-30,False,False,321,False,Nov 2019,Q4 2019
20191118,2019-11-18,2019,11,November,18,4,0,Monday,2019,47,2019-11-01,2019-11-30,False,True,322,False,Nov 2019,Q4 2019
20191119,2019-11-19,2019,11,November,19,4,1,Tuesday,2019,47,2019-11-01,2019-11-30,False,True,323,False,Nov 2019,Q4 2019
20191120,2019-11-20,2019,11,November,20,4,2,Wednesday,2019,47,2019-11-01,2019-11-30,False,True,324,False,Nov 2019,Q4 2019
20191121,2019-11-21,2019,11,November,21,4,3,Thursday,2019,47,2019-11-01,2019-11-30,False,True,325,False,Nov 2019,Q4 2019
20191122,2019-11-22,2019,11,November,22,4,4,Friday,2019,47,2019-11-01,2019-11-30,False,True,326,False,Nov 2019,Q4 2019
20191123,2019-11-23,2019,11,November,23,4,5,Saturday,2019,47,2019-11-01,2019-11-30,False,False,327,False,Nov 2019,Q4 2019
20191124,2019-11-24,2019,11,November,24,4,6,Sunday,2019,47,2019-11-01,2019-11-30,False,False,328,False,Nov 2019,Q4 2019
20191125,2019-11-25,2019,11,November,25,4,0,Monday,2019,48,2019-11-01,2019-11-30,False,True,329,False,Nov 2019,Q4 2019
20191126,2019-11-26,2019,11,November,26,4,1,Tuesday,2019,48,2019-11-01,2019-11-30,False,True,330,False,Nov 2019,Q4 2019
20191127,2019-11-27,2019,11,November,27,4,2,Wednesday,2019,48,2019-11-01,2019-11-30,False,True,331,False,Nov 2019,Q4 2019
20191128,2019-11-28,2019,11,November,28,4,3,Thursday,2019,48,2019-11-01,2019-11-30,False,True,332,False,Nov 2019,Q4 2019
20191129,2019-11-29,2019,11,November,29,4,4,Friday,2019,48,2019-11-01,2019-11-30,False,True,333,False,Nov 2019,Q4 2019
20191130,2019-11-30,2019,11,November,30,4,5,Saturday,2019,48,2019-11-01,2019-11-30,True,False,334,False,Nov 2019,Q4 2019
20191201,2019-12-01,2019,12,December,1,4,6,Sunday,2019,48,2019-12-01,2019-12-31,False,False,335,False,Dec 2019,Q4 2019
20191202,2019-12-02,2019,12,December,2,4,0,Monday,2019,49,2019-12-01,2019-12-31,False,True,336,False,Dec 2019,Q4 2019
20191203,2019-12-03,2019,12,December,3,4,1,Tuesday,2019,49,2019-12-01,2019-12-31,False,True,337,False,Dec 2019,Q4 2019
20191204,2019-12-04,2019,12,December,4,4,2,Wednesday,2019,49,2019-12-01,2019-12-31,False,True,338,False,Dec 2019,Q4 2019
20191205,2019-12-05,2019,12,December,5,4,3,Thursday,2019,49,2019-12-01,2019-12-31,False,True,339,False,Dec 2019,Q4 2019
20191206,2019-12-06,2019,12,December,6,4,4,Friday,2019,49,2019-12-01,2019-12-31,False,True,340,False,Dec 2019,Q4 2019
20191207,2019-12-07,2019,12,December,7,4,5,Saturday,2019,49,2019-12-01,2019-12-31,False,False,341,False,Dec 2019,Q4 2019
20191208,2019-12-08,2019,12,December,8,4,6,Sunday,2019,49,2019-12-01,2019-12-31,False,False,342,False,Dec 2019,Q4 2019
20191209,2019-12-09,2019,12,December,9,4,0,Monday,2019,50,2019-12-01,2019-12-31,False,True,343,False,Dec 2019,Q4 2019
20191210,2019-12-10,2019,12,December,10,4,1,Tuesday,2019,50,2019-12-01,2019-12-31,False,True,344,False,Dec 2019,Q4 2019
20191211,2019-12-11,2019,12,December,11,4,2,Wednesday,2019,50,2019-12-01,2019-12-31,False,True,345,False,Dec 2019,Q4 2019
20191212,2019-12-12,2019,12,December,12,4,3,Thursday,2019,50,2019-12-01,2019-12-31,False,True,346,False,Dec 2019,Q4 2019
20191213,2019-12-13,2019,12,December,13,4,4,Friday,2019,50,2019-12-01,2019-12-31,False,True,347,False,Dec 2019,Q4 2019
20191214,2019-12-14,2019,12,December,14,4,5,Saturday,2019,50,2019-12-01,2019-12-31,False,False,348,False,Dec 2019,Q4 2019
20191215,2019-12-15,2019,12,December,15,4,6,Sunday,2019,50,2019-12-01,2019-12-31,False,False,349,False,Dec 2019,Q4 2019
20191216,2019-12-16,2019,12,December,16,4,0,Monday,2019,51,2019-12-01,2019-12-31,False,True,350,False,Dec 2019,Q4 2019
20191217,2019-12-17,2019,12,December,17,4,1,Tuesday,2019,51,2019-12-01,2019-12-31,False,True,351,False,Dec 2019,Q4 2019
20191218,2019-12-18,2019,12,December,18,4,2,Wednesday,2019,51,2019-12-01,2019-12-31,False,True,352,False,Dec 2019,Q4 2019
20191219,2019-12-19,2019,12,December,19,4,3,Thursday,2019,51,2019-12-01,2019-12-31,False,True,353,False,Dec 2019,Q4 2019
20191220,2019-12-20,2019,12,December,20,4,4,Friday,2019,51,2019-12-01,2019-12-31,False,True,354,False,Dec 2019,Q4 2019
20191221,2019-12-21,2019,12,December,21,4,5,Saturday,2019,51,2019-12-01,2019-12-31,False,False,355,False,Dec 2019,Q4 2019
20191222,2019-12-22,2019,12,December,22,4,6,Sunday,2019,51,2019-12-01,2019-12-31,False,False,356,False,Dec 2019,Q4 2019
20191223,2019-12-23,2019,12,December,23,4,0,Monday,2019,52,2019-12-01,2019-12-31,False,True,357,False,Dec 2019,Q4 2019
20191224,2019-12-24,2019,12,December,24,4,1,Tuesday,2019,52,2019-12-01,2019-12-31,False,True,358,False,Dec 2019,Q4 2019
20191225,2019-12-25,2019,12,December,25,4,2,Wednesday,2019,52,2019-12-01,2019-12-31,False,True,359,False,Dec 2019,Q4 2019
20191226,2019-12-26,2019,12,December,26,4,3,Thursday,2019,52,2019-12-01,2019-12-31,False,True,360,False,Dec 2019,Q4 2019
20191227,2019-12-27,2019,12,December,27,4,4,Friday,2019,52,2019-12-01,2019-12-31,False,True,361,False,Dec 2019,Q4 2019
20191228,2019-12-28,2019,12,December,28,4,5,Saturday,2019,52,2019-12-01,2019-12-31,False,False,362,False,Dec 2019,Q4 2019
20191229,2019-12-29,2019,12,December,29,4,6,Sunday,2019,52,2019-12-01,2019-12-31,False,False,363,False,Dec 2019,Q4 2019
20191230,2019-12-30,2019,12,December,30,4,0,Monday,2020,1,2019-12-01,2019-12-31,False,True,364,False,Dec 2019,Q4 2019
20191231,2019-12-31,2019,12,December,31,4,1,Tuesday,2020,1,2019-12-01,2019-12-31,True,True,365,False,Dec 2019,Q4 2019
20200101,2020-01-01,2020,1,January,1,1,2,Wednesday,2020,1,2020-01-01,2020-01-31,False,True,1,True,Jan 2020,Q1 2020
20200102,2020-01-02,2020,1,January,2,1,3,Thursday,2020,1,2020-01-01,2020-01-31,False,True,2,True,Jan 2020,Q1 2020
20200103,2020-01-03,2020,1,January,3,1,4,Friday,2020,1,2020-01-01,2020-01-31,False,True,3,True,Jan 2020,Q1 2020
20200104,2020-01-04,2020,1,January,4,1,5,Saturday,2020,1,2020-01-01,2020-01-31,False,False,4,True,Jan 2020,Q1 2020
20200105,2020-01-05,2020,1,January,5,1,6,Sunday,2020,1,2020-01-01,2020-01-31,False,False,5,True,Jan 2020,Q1 2020
20200106,2020-01-06,2020,1,January,6,1,0,Monday,2020,2,2020-01-01,2020-01-31,False,True,6,True,Jan 2020,Q1 2020
20200107,2020-01-07,2020,1,January,7,1,1,Tuesday,2020,2,2020-01-01,2020-01-31,False,True,7,True,Jan 2020,Q1 2020
20200108,2020-01-08,2020,1,January,8,1,2,Wednesday,2020,2,2020-01-01,2020-01-31,False,True,8,True,Jan 2020,Q1 2020
20200109,2020-01-09,2020,1,January,9,1,3,Thursday,2020,2,2020-01-01,2020-01-31,False,True,9,True,Jan 2020,Q1 2020
20200110,2020-01-10,2020,1,January,10,1,4,Friday,2020,2,2020-01-01,2020-01-31,False,True,10,True,Jan 2020,Q1 2020
20200111,2020-01-11,2020,1,January,11,1,5,Saturday,2020,2,2020-01-01,2020-01-31,False,False,11,True,Jan 2020,Q1 2020
20200112,2020-01-12,2020,1,January,12,1,6,Sunday,2020,2,2020-01-01,2020-01-31,False,False,12,True,Jan 2020,Q1 2020
20200113,2020-01-13,2020,1,January,13,1,0,Monday,2020,3,2020-01-01,2020-01-31,False,True,13,True,Jan 2020,Q1 2020
20200114,2020-01-14,2020,1,January,14,1,1,Tuesday,2020,3,2020-01-01,2020-01-31,False,True,14,True,Jan 2020,Q1 2020
20200115,2020-01-15,2020,1,January,15,1,2,Wednesday,2020,3,2020-01-01,2020-01-31,False,True,15,True,Jan 2020,Q1 2020
20200116,2020-01-16,2020,1,January,16,1,3,Thursday,2020,3,2020-01-01,2020-01-31,False,True,16,True,Jan 2020,Q1 2020
20200117,2020-01-17,2020,1,January,17,1,4,Friday,2020,3,2020-01-01,2020-01-31,False,True,17,True,Jan 2020,Q1 2020
20200118,2020-01-18,2020,1,January,18,1,5,Saturday,2020,3,2020-01-01,2020-01-31,False,False,18,True,Jan 2020,Q1 2020
20200119,2020-01-19,2020,1,January,19,1,6,Sunday,2020,3,2020-01-01,2020-01-31,False,False,19,True,Jan 2020,Q1 2020
20200120,2020-01-20,2020,1,January,20,1,0,Monday,2020,4,2020-01-01,2020-01-31,False,True,20,True,Jan 2020,Q1 2020
20200121,2020-01-21,2020,1,January,21,1,1,Tuesday,2020,4,2020-01-01,2020-01-31,False,True,21,True,Jan 2020,Q1 2020
20200122,2020-01-22,2020,1,January,22,1,2,Wednesday,2020,4,2020-01-01,2020-01-31,False,True,22,True,Jan 2020,Q1 2020
20200123,2020-01-23,2020,1,January,23,1,3,Thursday,2020,4,2020-01-01,2020-01-31,False,True,23,True,Jan 2020,Q1 2020
20200124,2020-01-24,2020,1,January,24,1,4,Friday,2020,4,2020-01-01,2020-01-31,False,True,24,True,Jan 2020,Q1 2020
20200125,2020-01-25,2020,1,January,25,1,5,Saturday,2020,4,2020-01-01,2020-01-31,False,False,25,True,Jan 2020,Q1 2020
20200126,2020-01-26,2020,1,January,26,1,6,Sunday,2020,4,2020-01-01,2020-01-31,False,False,26,True,Jan 2020,Q1 2020
20200127,2020-01-27,2020,1,January,27,1,0,Monday,2020,5,2020-01-01,2020-01-31,False,True,27,True,Jan 2020,Q1 2020
20200128,2020-01-28,2020,1,January,28,1,1,Tuesday,2020,5,2020-01-01,2020-01-31,False,True,28,True,Jan 2020,Q1 2020
20200129,2020-01-29,2020,1,January,29,1,2,Wednesday,2020,5,2020-01-01,2020-01-31,False,True,29,True,Jan 2020,Q1 2020
20200130,2020-01-30,2020,1,January,30,1,3,Thursday,2020,5,2020-01-01,2020-01-31,False,True,30,True,Jan 2020,Q1 2020
20200131,2020-01-31,2020,1,January,31,1,4,Friday,2020,5,2020-01-01,2020-01-31,True,True,31,True,Jan 2020,Q1 2020
20200201,2020-02-01,2020,2,February,1,1,5,Saturday,2020,5,2020-02-01,2020-02-29,False,False,32,True,Feb 2020,Q1 2020
20200202,2020-02-02,2020,2,February,2,1,6,Sunday,2020,5,2020-02-01,2020-02-29,False,False,33,True,Feb 2020,Q1 2020
20200203,2020-02-03,2020,2,February,3,1,0,Monday,2020,6,2020-02-01,2020-02-29,False,True,34,True,Feb 2020,Q1 2020
20200204,2020-02-04,2020,2,February,4,1,1,Tuesday,2020,6,2020-02-01,2020-02-29,False,True,35,True,Feb 2020,Q1 2020
20200205,2020-02-05,2020,2,February,5,1,2,Wednesday,2020,6,2020-02-01,2020-02-29,False,True,36,True,Feb 2020,Q1 2020
20200206,2020-02-06,2020,2,February,6,1,3,Thursday,2020,6,2020-02-01,2020-02-29,False,True,37,True,Feb 2020,Q1 2020
20200207,2020-02-07,2020,2,February,7,1,4,Friday,2020,6,2020-02-01,2020-02-29,False,True,38,True,Feb 2020,Q1 2020
20200208,2020-02-08,2020,2,February,8,1,5,Saturday,2020,6,2020-02-01,2020-02-29,False,False,39,True,Feb 2020,Q1 2020
20200209,2020-02-09,2020,2,February,9,1,6,Sunday,2020,6,2020-02-01,2020-02-29,False,False,40,True,Feb 2020,Q1 2020
20200210,2020-02-10,2020,2,February,10,1,0,Monday,2020,7,2020-02-01,2020-02-29,False,True,41,True,Feb 2020,Q1 2020
20200211,2020-02-11,2020,2,February,11,1,1,Tuesday,2020,7,2020-02-01,2020-02-29,False,True,42,True,Feb 2020,Q1 2020
20200212,2020-02-12,2020,2,February,12,1,2,Wednesday,2020,7,2020-02-01,2020-02-29,False,True,43,True,Feb 2020,Q1 2020
20200213,2020-02-13,2020,2,February,13,1,3,Thursday,2020,7,2020-02-01,2020-02-29,False,True,44,True,Feb 2020,Q1 2020
20200214,2020-02-14,2020,2,February,14,1,4,Friday,2020,7,2020-02-01,2020-02-29,False,True,45,True,Feb 2020,Q1 2020
20200215,2020-02-15,2020,2,February,15,1,5,Saturday,2020,7,2020-02-01,2020-02-29,False,False,46,True,Feb 2020,Q1 2020
20200216,2020-02-16,2020,2,February,16,1,6,Sunday,2020,7,2020-02-01,2020-02-29,False,False,47,True,Feb 2020,Q1 2020
20200217,2020-02-17,2020,2,February,17,1,0,Monday,2020,8,2020-02-01,2020-02-29,False,True,48,True,Feb 2020,Q1 2020
20200218,2020-02-18,2020,2,February,18,1,1,Tuesday,2020,8,2020-02-01,2020-02-29,False,True,49,True,Feb 2020,Q1 2020
20200219,2020-02-19,2020,2,February,19,1,2,Wednesday,2020,8,2020-02-01,2020-02-29,False,True,50,True,Feb 2020,Q1 2020
20200220,2020-02-20,2020,2,February,20,1,3,Thursday,2020,8,2020-02-01,2020-02-29,False,True,51,True,Feb 2020,Q1 2020
20200221,2020-02-21,2020,2,February,21,1,4,Friday,2020,8,2020-02-01,2020-02-29,False,True,52,True,Feb 2020,Q1 2020
20200222,2020-02-22,2020,2,February,22,1,5,Saturday,2020,8,2020-02-01,2020-02-29,False,False,53,True,Feb 2020,Q1 2020
20200223,2020-02-23,2020,2,February,23,1,6,Sunday,2020,8,2020-02-01,2020-02-29,False,False,54,True,Feb 2020,Q1 2020
20200224,2020-02-24,2020,2,February,24,1,0,Monday,2020,9,2020-02-01,2020-02-29,False,True,55,True,Feb 2020,Q1 2020
20200225,2020-02-25,2020,2,February,25,1,1,Tuesday,2020,9,2020-02-01,2020-02-29,False,True,56,True,Feb 2020,Q1 2020
20200226,2020-02-26,2020,2,February,26,1,2,Wednesday,2020,9,2020-02-01,2020-02-29,False,True,57,True,Feb 2020,Q1 2020
20200227,2020-02-27,2020,2,February,27,1,3,Thursday,2020,9,2020-02-01,2020-02-29,False,True,58,True,Feb 2020,Q1 2020
20200228,2020-02-28,2020,2,February,28,1,4,Friday,2020,9,2020-02-01,2020-02-29,False,True,59,True,Feb 2020,Q1 2020
20200229,2020-02-29,2020,2,February,29,1,5,Saturday,2020,9,2020-02-01,2020-02-29,True,False,60,True,Feb 2020,Q1 2020
20200301,2020-03-01,2020,3,March,1,1,6,Sunday,2020,9,2020-03-01,2020-03-31,False,False,61,True,Mar 2020,Q1 2020
20200302,2020-03-02,2020,3,March,2,1,0,Monday,2020,10,2020-03-01,2020-03-31,False,True,62,True,Mar 2020,Q1 2020
20200303,2020-03-03,2020,3,March,3,1,1,Tuesday,2020,10,2020-03-01,2020-03-31,False,True,63,True,Mar 2020,Q1 2020
20200304,2020-03-04,2020,3,March,4,1,2,Wednesday,2020,10,2020-03-01,2020-03-31,False,True,64,True,Mar 2020,Q1 2020
20200305,2020-03-05,2020,3,March,5,1,3,Thursday,2020,10,2020-03-01,2020-03-31,False,True,65,True,Mar 2020,Q1 2020
20200306,2020-03-06,2020,3,March,6,1,4,Friday,2020,10,2020-03-01,2020-03-31,False,True,66,True,Mar 2020,Q1 2020
20200307,2020-03-07,2020,3,March,7,1,5,Saturday,2020,10,2020-03-01,2020-03-31,False,False,67,True,Mar 2020,Q1 2020
20200308,2020-03-08,2020,3,March,8,1,6,Sunday,2020,10,2020-03-01,2020-03-31,False,False,68,True,Mar 2020,Q1 2020
20200309,2020-03-09,2020,3,March,9,1,0,Monday,2020,11,2020-03-01,2020-03-31,False,True,69,True,Mar 2020,Q1 2020
20200310,2020-03-10,2020,3,March,10,1,1,Tuesday,2020,11,2020-03-01,2020-03-31,False,True,70,True,Mar 2020,Q1 2020
20200311,2020-03-11,2020,3,March,11,1,2,Wednesday,2020,11,2020-03-01,2020-03-31,False,True,71,True,Mar 2020,Q1 2020
20200312,2020-03-12,2020,3,March,12,1,3,Thursday,2020,11,2020-03-01,2020-03-31,False,True,72,True,Mar 2020,Q1 2020
20200313,2020-03-13,2020,3,March,13,1,4,Friday,2020,11,2020-03-01,2020-03-31,False,True,73,True,Mar 2020,Q1 2020
20200314,2020-03-14,2020,3,March,14,1,5,Saturday,2020,11,2020-03-01,2020-03-31,False,False,74,True,Mar 2020,Q1 2020
20200315,2020-03-15,2020,3,March,15,1,6,Sunday,2020,11,2020-03-01,2020-03-31,False,False,75,True,Mar 2020,Q1 2020
20200316,2020-03-16,2020,3,March,16,1,0,Monday,2020,12,2020-03-01,2020-03-31,False,True,76,True,Mar 2020,Q1 2020
20200317,2020-03-17,2020,3,March,17,1,1,Tuesday,2020,12,2020-03-01,2020-03-31,False,True,77,True,Mar 2020,Q1 2020
20200318,2020-03-18,2020,3,March,18,1,2,Wednesday,2020,12,2020-03-01,2020-03-31,False,True,78,True,Mar 2020,Q1 2020
20200319,2020-03-19,2020,3,March,19,1,3,Thursday,2020,12,2020-03-01,2020-03-31,False,True,79,True,Mar 2020,Q1 2020
20200320,2020-03-20,2020,3,March,20,1,4,Friday,2020,12,2020-03-01,2020-03-31,False,True,80,True,Mar 2020,Q1 2020
20200321,2020-03-21,2020,3,March,21,1,5,Saturday,2020,12,2020-03-01,2020-03-31,False,False,81,True,Mar 2020,Q1 2020
20200322,2020-03-22,2020,3,March,22,1,6,Sunday,2020,12,2020-03-01,2020-03-31,False,False,82,True,Mar 2020,Q1 2020
20200323,2020-03-23,2020,3,March,23,1,0,Monday,2020,13,2020-03-01,2020-03-31,False,True,83,True,Mar 2020,Q1 2020
20200324,2020-03-24,2020,3,March,24,1,1,Tuesday,2020,13,2020-03-01,2020-03-31,False,True,84,True,Mar 2020,Q1 2020
20200325,2020-03-25,2020,3,March,25,1,2,Wednesday,2020,13,2020-03-01,2020-03-31,False,True,85,True,Mar 2020,Q1 2020
20200326,2020-03-26,2020,3,March,26,1,3,Thursday,2020,13,2020-03-01,2020-03-31,False,True,86,True,Mar 2020,Q1 2020
20200327,2020-03-27,2020,3,March,27,1,4,Friday,2020,13,2020-03-01,2020-03-31,False,True,87,True,Mar 2020,Q1 2020
20200328,2020-03-28,2020,3,March,28,1,5,Saturday,2020,13,2020-03-01,2020-03-31,False,False,88,True,Mar 2020,Q1 2020
20200329,2020-03-29,2020,3,March,29,1,6,Sunday,2020,13,2020-03-01,2020-03-31,False,False,89,True,Mar 2020,Q1 2020
20200330,2020-03-30,2020,3,March,30,1,0,Monday,2020,14,2020-03-01,2020-03-31,False,True,90,True,Mar 2020,Q1 2020
20200331,2020-03-31,2020,3,March,31,1,1,Tuesday,2020,14,2020-03-01,2020-03-31,True,True,91,True,Mar 2020,Q1 2020
20200401,2020-04-01,2020,4,April,1,2,2,Wednesday,2020,14,2020-04-01,2020-04-30,False,True,92,True,Apr 2020,Q2 2020
20200402,2020-04-02,2020,4,April,2,2,3,Thursday,2020,14,2020-04-01,2020-04-30,False,True,93,True,Apr 2020,Q2 2020
20200403,2020-04-03,2020,4,April,3,2,4,Friday,2020,14,2020-04-01,2020-04-30,False,True,94,True,Apr 2020,Q2 2020
20200404,2020-04-04,2020,4,April,4,2,5,Saturday,2020,14,2020-04-01,2020-04-30,False,False,95,True,Apr 2020,Q2 2020
20200405,2020-04-05,2020,4,April,5,2,6,Sunday,2020,14,2020-04-01,2020-04-30,False,False,96,True,Apr 2020,Q2 2020
20200406,2020-04-06,2020,4,April,6,2,0,Monday,2020,15,2020-04-01,2020-04-30,False,True,97,True,Apr 2020,Q2 2020
20200407,2020-04-07,2020,4,April,7,2,1,Tuesday,2020,15,2020-04-01,2020-04-30,False,True,98,True,Apr 2020,Q2 2020
20200408,2020-04-08,2020,4,April,8,2,2,Wednesday,2020,15,2020-04-01,2020-04-30,False,True,99,True,Apr 2020,Q2 2020
20200409,2020-04-09,2020,4,April,9,2,3,Thursday,2020,15,2020-04-01,2020-04-30,False,True,100,True,Apr 2020,Q2 2020
20200410,2020-04-10,2020,4,April,10,2,4,Friday,2020,15,2020-04-01,2020-04-30,False,True,101,True,Apr 2020,Q2 2020
20200411,2020-04-11,2020,4,April,11,2,5,Saturday,2020,15,2020-04-01,2020-04-30,False,False,102,True,Apr 2020,Q2 2020
20200412,2020-04-12,2020,4,April,12,2,6,Sunday,2020,15,2020-04-01,2020-04-30,False,False,103,True,Apr 2020,Q2 2020
20200413,2020-04-13,2020,4,April,13,2,0,Monday,2020,16,2020-04-01,2020-04-30,False,True,104,True,Apr 2020,Q2 2020
20200414,2020-04-14,2020,4,April,14,2,1,Tuesday,2020,16,2020-04-01,2020-04-30,False,True,105,True,Apr 2020,Q2 2020
20200415,2020-04-15,2020,4,April,15,2,2,Wednesday,2020,16,2020-04-01,2020-04-30,False,True,106,True,Apr 2020,Q2 2020
20200416,2020-04-16,2020,4,April,16,2,3,Thursday,2020,16,2020-04-01,2020-04-30,False,True,107,True,Apr 2020,Q2 2020
20200417,2020-04-17,2020,4,April,17,2,4,Friday,2020,16,2020-04-01,2020-04-30,False,True,108,True,Apr 2020,Q2 2020
20200418,2020-04-18,2020,4,April,18,2,5,Saturday,2020,16,2020-04-01,2020-04-30,False,False,109,True,Apr 2020,Q2 2020
20200419,2020-04-19,2020,4,April,19,2,6,Sunday,2020,16,2020-04-01,2020-04-30,False,False,110,True,Apr 2020,Q2 2020
20200420,2020-04-20,2020,4,April,20,2,0,Monday,2020,17,2020-04-01,2020-04-30,False,True,111,True,Apr 2020,Q2 2020
20200421,2020-04-21,2020,4,April,21,2,1,Tuesday,2020,17,2020-04-01,2020-04-30,False,True,112,True,Apr 2020,Q2 2020
20200422,2020-04-22,2020,4,April,22,2,2,Wednesday,2020,17,2020-04-01,2020-04-30,False,True,113,True,Apr 2020,Q2 2020
20200423,2020-04-23,2020,4,April,23,2,3,Thursday,2020,17,2020-04-01,2020-04-30,False,True,114,True,Apr 2020,Q2 2020
20200424,2020-04-24,2020,4,April,24,2,4,Friday,2020,17,2020-04-01,2020-04-30,False,True,115,True,Apr 2020,Q2 2020
20200425,2020-04-25,2020,4,April,25,2,5,Saturday,2020,17,2020-04-01,2020-04-30,False,False,116,True,Apr 2020,Q2 2020
20200426,2020-04-26,2020,4,April,26,2,6,Sunday,2020,17,2020-04-01,2020-04-30,False,False,117,True,Apr 2020,Q2 2020
20200427,2020-04-27,2020,4,April,27,2,0,Monday,2020,18,2020-04-01,2020-04-30,False,True,118,True,Apr 2020,Q2 2020
20200428,2020-04-28,2020,4,April,28,2,1,Tuesday,2020,18,2020-04-01,2020-04-30,False,True,119,True,Apr 2020,Q2 2020
20200429,2020-04-29,2020,4,April,29,2,2,Wednesday,2020,18,2020-04-01,2020-04-30,False,True,120,True,Apr 2020,Q2 2020
20200430,2020-04-30,2020,4,April,30,2,3,Thursday,2020,18,2020-04-01,2020-04-30,True,True,121,True,Apr 2020,Q2 2020
20200501,2020-05-01,2020,5,May,1,2,4,Friday,2020,18,2020-05-01,2020-05-31,False,True,122,True,May 2020,Q2 2020
20200502,2020-05-02,2020,5,May,2,2,5,Saturday,2020,18,2020-05-01,2020-05-31,False,False,123,True,May 2020,Q2 2020
20200503,2020-05-03,2020,5,May,3,2,6,Sunday,2020,18,2020-05-01,2020-05-31,False,False,124,True,May 2020,Q2 2020
20200504,2020-05-04,2020,5,May,4,2,0,Monday,2020,19,2020-05-01,2020-05-31,False,True,125,True,May 2020,Q2 2020
20200505,2020-05-05,2020,5,May,5,2,1,Tuesday,2020,19,2020-05-01,2020-05-31,False,True,126,True,May 2020,Q2 2020
20200506,2020-05-06,2020,5,May,6,2,2,Wednesday,2020,19,2020-05-01,2020-05-31,False,True,127,True,May 2020,Q2 2020
20200507,2020-05-07,2020,5,May,7,2,3,Thursday,2020,19,2020-05-01,2020-05-31,False,True,128,True,May 2020,Q2 2020
20200508,2020-05-08,2020,5,May,8,2,4,Friday,2020,19,2020-05-01,2020-05-31,False,True,129,True,May 2020,Q2 2020
20200509,2020-05-09,2020,5,May,9,2,5,Saturday,2020,19,2020-05-01,2020-05-31,False,False,130,True,May 2020,Q2 2020
20200510,2020-05-10,2020,5,May,10,2,6,Sunday,2020,19,2020-05-01,2020-05-31,False,False,131,True,May 2020,Q2 2020
20200511,2020-05-11,2020,5,May,11,2,0,Monday,2020,20,2020-05-01,2020-05-31,False,True,132,True,May 2020,Q2 2020
20200512,2020-05-12,2020,5,May,12,2,1,Tuesday,2020,20,2020-05-01,2020-05-31,False,True,133,True,May 2020,Q2 2020
20200513,2020-05-13,2020,5,May,13,2,2,Wednesday,2020,20,2020-05-01,2020-05-31,False,True,134,True,May 2020,Q2 2020
20200514,2020-05-14,2020,5,May,14,2,3,Thursday,2020,20,2020-05-01,2020-05-31,False,True,135,True,May 2020,Q2 2020
20200515,2020-05-15,2020,5,May,15,2,4,Friday,2020,20,2020-05-01,2020-05-31,False,True,136,True,May 2020,Q2 2020
20200516,2020-05-16,2020,5,May,16,2,5,Saturday,2020,20,2020-05-01,2020-05-31,False,False,137,True,May 2020,Q2 2020
20200517,2020-05-17,2020,5,May,17,2,6,Sunday,2020,20,2020-05-01,2020-05-31,False,False,138,True,May 2020,Q2 2020
20200518,2020-05-18,2020,5,May,18,2,0,Monday,2020,21,2020-05-01,2020-05-31,False,True,139,True,May 2020,Q2 2020
20200519,2020-05-19,2020,5,May,19,2,1,Tuesday,2020,21,2020-05-01,2020-05-31,False,True,140,True,May 2020,Q2 2020
20200520,2020-05-20,2020,5,May,20,2,2,Wednesday,2020,21,2020-05-01,2020-05-31,False,True,141,True,May 2020,Q2 2020
20200521,2020-05-21,2020,5,May,21,2,3,Thursday,2020,21,2020-05-01,2020-05-31,False,True,142,True,May 2020,Q2 2020
20200522,2020-05-22,2020,5,May,22,2,4,Friday,2020,21,2020-05-01,2020-05-31,False,True,143,True,May 2020,Q2 2020
20200523,2020-05-23,2020,5,May,23,2,5,Saturday,2020,21,2020-05-01,2020-05-31,False,False,144,True,May 2020,Q2 2020
20200524,2020-05-24,2020,5,May,24,2,6,Sunday,2020,21,2020-05-01,2020-05-31,False,False,145,True,May 2020,Q2 2020
20200525,2020-05-25,2020,5,May,25,2,0,Monday,2020,22,2020-05-01,2020-05-31,False,True,146,True,May 2020,Q2 2020
20200526,2020-05-26,2020,5,May,26,2,1,Tuesday,2020,22,2020-05-01,2020-05-31,False,True,147,True,May 2020,Q2 2020
20200527,2020-05-27,2020,5,May,27,2,2,Wednesday,2020,22,2020-05-01,2020-05-31,False,True,148,True,May 2020,Q2 2020
20200528,2020-05-28,2020,5,May,28,2,3,Thursday,2020,22,2020-05-01,2020-05-31,False,True,149,True,May 2020,Q2 2020
20200529,2020-05-29,2020,5,May,29,2,4,Friday,2020,22,2020-05-01,2020-05-31,False,True,150,True,May 2020,Q2 2020
20200530,2020-05-30,2020,5,May,30,2,5,Saturday,2020,22,2020-05-01,2020-05-31,False,False,151,True,May 2020,Q2 2020
20200531,2020-05-31,2020,5,May,31,2,6,Sunday,2020,22,2020-05-01,2020-05-31,True,False,152,True,May 2020,Q2 2020
20200601,2020-06-01,2020,6,June,1,2,0,Monday,2020,23,2020-06-01,2020-06-30,False,True,153,True,Jun 2020,Q2 2020
20200602,2020-06-02,2020,6,June,2,2,1,Tuesday,2020,23,2020-06-01,2020-06-30,False,True,154,True,Jun 2020,Q2 2020
20200603,2020-06-03,2020,6,June,3,2,2,Wednesday,2020,23,2020-06-01,2020-06-30,False,True,155,True,Jun 2020,Q2 2020
20200604,2020-06-04,2020,6,June,4,2,3,Thursday,2020,23,2020-06-01,2020-06-30,False,True,156,True,Jun 2020,Q2 2020
20200605,2020-06-05,2020,6,June,5,2,4,Friday,2020,23,2020-06-01,2020-06-30,False,True,157,True,Jun 2020,Q2 2020
20200606,2020-06-06,2020,6,June,6,2,5,Saturday,2020,23,2020-06-01,2020-06-30,False,False,158,True,Jun 2020,Q2 2020
20200607,2020-06-07,2020,6,June,7,2,6,Sunday,2020,23,2020-06-01,2020-06-30,False,False,159,True,Jun 2020,Q2 2020
20200608,2020-06-08,2020,6,June,8,2,0,Monday,2020,24,2020-06-01,2020-06-30,False,True,160,True,Jun 2020,Q2 2020
20200609,2020-06-09,2020,6,June,9,2,1,Tuesday,2020,24,2020-06-01,2020-06-30,False,True,161,True,Jun 2020,Q2 2020
20200610,2020-06-10,2020,6,June,10,2,2,Wednesday,2020,24,2020-06-01,2020-06-30,False,True,162,True,Jun 2020,Q2 2020
20200611,2020-06-11,2020,6,June,11,2,3,Thursday,2020,24,2020-06-01,2020-06-30,False,True,163,True,Jun 2020,Q2 2020
20200612,2020-06-12,2020,6,June,12,2,4,Friday,2020,24,2020-06-01,2020-06-30,False,True,164,True,Jun 2020,Q2 2020
20200613,2020-06-13,2020,6,June,13,2,5,Saturday,2020,24,2020-06-01,2020-06-30,False,False,165,True,Jun 2020,Q2 2020
20200614,2020-06-14,2020,6,June,14,2,6,Sunday,2020,24,2020-06-01,2020-06-30,False,False,166,True,Jun 2020,Q2 2020
20200615,2020-06-15,2020,6,June,15,2,0,Monday,2020,25,2020-06-01,2020-06-30,False,True,167,True,Jun 2020,Q2 2020
20200616,2020-06-16,2020,6,June,16,2,1,Tuesday,2020,25,2020-06-01,2020-06-30,False,True,168,True,Jun 2020,Q2 2020
20200617,2020-06-17,2020,6,June,17,2,2,Wednesday,2020,25,2020-06-01,2020-06-30,False,True,169,True,Jun 2020,Q2 2020
20200618,2020-06-18,2020,6,June,18,2,3,Thursday,2020,25,2020-06-01,2020-06-30,False,True,170,True,Jun 2020,Q2 2020
20200619,2020-06-19,2020,6,June,19,2,4,Friday,2020,25,2020-06-01,2020-06-30,False,True,171,True,Jun 2020,Q2 2020
20200620,2020-06-20,2020,6,June,20,2,5,Saturday,2020,25,2020-06-01,2020-06-30,False,False,172,True,Jun 2020,Q2 2020
20200621,2020-06-21,2020,6,June,21,2,6,Sunday,2020,25,2020-06-01,2020-06-30,False,False,173,True,Jun 2020,Q2 2020
20200622,2020-06-22,2020,6,June,22,2,0,Monday,2020,26,2020-06-01,2020-06-30,False,True,174,True,Jun 2020,Q2 2020
20200623,2020-06-23,2020,6,June,23,2,1,Tuesday,2020,26,2020-06-01,2020-06-30,False,True,175,True,Jun 2020,Q2 2020
20200624,2020-06-24,2020,6,June,24,2,2,Wednesday,2020,26,2020-06-01,2020-06-30,False,True,176,True,Jun 2020,Q2 2020
20200625,2020-06-25,2020,6,June,25,2,3,Thursday,2020,26,2020-06-01,2020-06-30,False,True,177,True,Jun 2020,Q2 2020
20200626,2020-06-26,2020,6,June,26,2,4,Friday,2020,26,2020-06-01,2020-06-30,False,True,178,True,Jun 2020,Q2 2020
20200627,2020-06-27,2020,6,June,27,2,5,Saturday,2020,26,2020-06-01,2020-06-30,False,False,179,True,Jun 2020,Q2 2020
20200628,2020-06-28,2020,6,June,28,2,6,Sunday,2020,26,2020-06-01,2020-06-30,False,False,180,True,Jun 2020,Q2 2020
20200629,2020-06-29,2020,6,June,29,2,0,Monday,2020,27,2020-06-01,2020-06-30,False,True,181,True,Jun 2020,Q2 2020
20200630,2020-06-30,2020,6,June,30,2,1,Tuesday,2020,27,2020-06-01,2020-06-30,True,True,182,True,Jun 2020,Q2 2020
20200701,2020-07-01,2020,7,July,1,3,2,Wednesday,2020,27,2020-07-01,2020-07-31,False,True,183,True,Jul 2020,Q3 2020
20200702,2020-07-02,2020,7,July,2,3,3,Thursday,2020,27,2020-07-01,2020-07-31,False,True,184,True,Jul 2020,Q3 2020
20200703,2020-07-03,2020,7,July,3,3,4,Friday,2020,27,2020-07-01,2020-07-31,False,True,185,True,Jul 2020,Q3 2020
20200704,2020-07-04,2020,7,July,4,3,5,Saturday,2020,27,2020-07-01,2020-07-31,False,False,186,True,Jul 2020,Q3 2020
20200705,2020-07-05,2020,7,July,5,3,6,Sunday,2020,27,2020-07-01,2020-07-31,False,False,187,True,Jul 2020,Q3 2020
20200706,2020-07-06,2020,7,July,6,3,0,Monday,2020,28,2020-07-01,2020-07-31,False,True,188,True,Jul 2020,Q3 2020
20200707,2020-07-07,2020,7,July,7,3,1,Tuesday,2020,28,2020-07-01,2020-07-31,False,True,189,True,Jul 2020,Q3 2020
20200708,2020-07-08,2020,7,July,8,3,2,Wednesday,2020,28,2020-07-01,2020-07-31,False,True,190,True,Jul 2020,Q3 2020
20200709,2020-07-09,2020,7,July,9,3,3,Thursday,2020,28,2020-07-01,2020-07-31,False,True,191,True,Jul 2020,Q3 2020
20200710,2020-07-10,2020,7,July,10,3,4,Friday,2020,28,2020-07-01,2020-07-31,False,True,192,True,Jul 2020,Q3 2020
20200711,2020-07-11,2020,7,July,11,3,5,Saturday,2020,28,2020-07-01,2020-07-31,False,False,193,True,Jul 2020,Q3 2020
20200712,2020-07-12,2020,7,July,12,3,6,Sunday,2020,28,2020-07-01,2020-07-31,False,False,194,True,Jul 2020,Q3 2020
20200713,2020-07-13,2020,7,July,13,3,0,Monday,2020,29,2020-07-01,2020-07-31,False,True,195,True,Jul 2020,Q3 2020
20200714,2020-07-14,2020,7,July,14,3,1,Tuesday,2020,29,2020-07-01,2020-07-31,False,True,196,True,Jul 2020,Q3 2020
20200715,2020-07-15,2020,7,July,15,3,2,Wednesday,2020,29,2020-07-01,2020-07-31,False,True,197,True,Jul 2020,Q3 2020
20200716,2020-07-16,2020,7,July,16,3,3,Thursday,2020,29,2020-07-01,2020-07-31,False,True,198,True,Jul 2020,Q3 2020
20200717,2020-07-17,2020,7,July,17,3,4,Friday,2020,29,2020-07-01,2020-07-31,False,True,199,True,Jul 2020,Q3 2020
20200718,2020-07-18,2020,7,July,18,3,5,Saturday,2020,29,2020-07-01,2020-07-31,False,False,200,True,Jul 2020,Q3 2020
20200719,2020-07-19,2020,7,July,19,3,6,Sunday,2020,29,2020-07-01,2020-07-31,False,False,201,True,Jul 2020,Q3 2020
20200720,2020-07-20,2020,7,July,20,3,0,Monday,2020,30,2020-07-01,2020-07-31,False,True,202,True,Jul 2020,Q3 2020
20200721,2020-07-21,2020,7,July,21,3,1,Tuesday,2020,30,2020-07-01,2020-07-31,False,True,203,True,Jul 2020,Q3 2020
20200722,2020-07-22,2020,7,July,22,3,2,Wednesday,2020,30,2020-07-01,2020-07-31,False,True,204,True,Jul 2020,Q3 2020
20200723,2020-07-23,2020,7,July,23,3,3,Thursday,2020,30,2020-07-01,2020-07-31,False,True,205,True,Jul 2020,Q3 2020
20200724,2020-07-24,2020,7,July,24,3,4,Friday,2020,30,2020-07-01,2020-07-31,False,True,206,True,Jul 2020,Q3 2020
20200725,2020-07-25,2020,7,July,25,3,5,Saturday,2020,30,2020-07-01,2020-07-31,False,False,207,True,Jul 2020,Q3 2020
20200726,2020-07-26,2020,7,July,26,3,6,Sunday,2020,30,2020-07-01,2020-07-31,False,False,208,True,Jul 2020,Q3 2020
20200727,2020-07-27,2020,7,July,27,3,0,Monday,2020,31,2020-07-01,2020-07-31,False,True,209,True,Jul 2020,Q3 2020
20200728,2020-07-28,2020,7,July,28,3,1,Tuesday,2020,31,2020-07-01,2020-07-31,False,True,210,True,Jul 2020,Q3 2020
20200729,2020-07-29,2020,7,July,29,3,2,Wednesday,2020,31,2020-07-01,2020-07-31,False,True,211,True,Jul 2020,Q3 2020
20200730,2020-07-30,2020,7,July,30,3,3,Thursday,2020,31,2020-07-01,2020-07-31,False,True,212,True,Jul 2020,Q3 2020
20200731,2020-07-31,2020,7,July,31,3,4,Friday,2020,31,2020-07-01,2020-07-31,True,True,213,True,Jul 2020,Q3 2020
20200801,2020-08-01,2020,8,August,1,3,5,Saturday,2020,31,2020-08-01,2020-08-31,False,False,214,True,Aug 2020,Q3 2020
20200802,2020-08-02,2020,8,August,2,3,6,Sunday,2020,31,2020-08-01,2020-08-31,False,False,215,True,Aug 2020,Q3 2020
20200803,2020-08-03,2020,8,August,3,3,0,Monday,2020,32,2020-08-01,2020-08-31,False,True,216,True,Aug 2020,Q3 2020
20200804,2020-08-04,2020,8,August,4,3,1,Tuesday,2020,32,2020-08-01,2020-08-31,False,True,217,True,Aug 2020,Q3 2020
20200805,2020-08-05,2020,8,August,5,3,2,Wednesday,2020,32,2020-08-01,2020-08-31,False,True,218,True,Aug 2020,Q3 2020
20200806,2020-08-06,2020,8,August,6,3,3,Thursday,2020,32,2020-08-01,2020-08-31,False,True,219,True,Aug 2020,Q3 2020
20200807,2020-08-07,2020,8,August,7,3,4,Friday,2020,32,2020-08-01,2020-08-31,False,True,220,True,Aug 2020,Q3 2020
20200808,2020-08-08,2020,8,August,8,3,5,Saturday,2020,32,2020-08-01,2020-08-31,False,False,221,True,Aug 2020,Q3 2020
20200809,2020-08-09,2020,8,August,9,3,6,Sunday,2020,32,2020-08-01,2020-08-31,False,False,222,True,Aug 2020,Q3 2020
20200810,2020-08-10,2020,8,August,10,3,0,Monday,2020,33,2020-08-01,2020-08-31,False,True,223,True,Aug 2020,Q3 2020
20200811,2020-08-11,2020,8,August,11,3,1,Tuesday,2020,33,2020-08-01,2020-08-31,False,True,224,True,Aug 2020,Q3 2020
20200812,2020-08-12,2020,8,August,12,3,2,Wednesday,2020,33,2020-08-01,2020-08-31,False,True,225,True,Aug 2020,Q3 2020
20200813,2020-08-13,2020,8,August,13,3,3,Thursday,2020,33,2020-08-01,2020-08-31,False,True,226,True,Aug 2020,Q3 2020
20200814,2020-08-14,2020,8,August,14,3,4,Friday,2020,33,2020-08-01,2020-08-31,False,True,227,True,Aug 2020,Q3 2020
20200815,2020-08-15,2020,8,August,15,3,5,Saturday,2020,33,2020-08-01,2020-08-31,False,False,228,True,Aug 2020,Q3 2020
20200816,2020-08-16,2020,8,August,16,3,6,Sunday,2020,33,2020-08-01,2020-08-31,False,False,229,True,Aug 2020,Q3 2020
20200817,2020-08-17,2020,8,August,17,3,0,Monday,2020,34,2020-08-01,2020-08-31,False,True,230,True,Aug 2020,Q3 2020
20200818,2020-08-18,2020,8,August,18,3,1,Tuesday,2020,34,2020-08-01,2020-08-31,False,True,231,True,Aug 2020,Q3 2020
20200819,2020-08-19,2020,8,August,19,3,2,Wednesday,2020,34,2020-08-01,2020-08-31,False,True,232,True,Aug 2020,Q3 2020
20200820,2020-08-20,2020,8,August,20,3,3,Thursday,2020,34,2020-08-01,2020-08-31,False,True,233,True,Aug 2020,Q3 2020
20200821,2020-08-21,2020,8,August,21,3,4,Friday,2020,34,2020-08-01,2020-08-31,False,True,234,True,Aug 2020,Q3 2020
20200822,2020-08-22,2020,8,August,22,3,5,Saturday,2020,34,2020-08-01,2020-08-31,False,False,235,True,Aug 2020,Q3 2020
20200823,2020-08-23,2020,8,August,23,3,6,Sunday,2020,34,2020-08-01,2020-08-31,False,False,236,True,Aug 2020,Q3 2020
20200824,2020-08-24,2020,8,August,24,3,0,Monday,2020,35,2020-08-01,2020-08-31,False,True,237,True,Aug 2020,Q3 2020
20200825,2020-08-25,2020,8,August,25,3,1,Tuesday,2020,35,2020-08-01,2020-08-31,False,True,238,True,Aug 2020,Q3 2020
20200826,2020-08-26,2020,8,August,26,3,2,Wednesday,2020,35,2020-08-01,2020-08-31,False,True,239,True,Aug 2020,Q3 2020
20200827,2020-08-27,2020,8,August,27,3,3,Thursday,2020,35,2020-08-01,2020-08-31,False,True,240,True,Aug 2020,Q3 2020
20200828,2020-08-28,2020,8,August,28,3,4,Friday,2020,35,2020-08-01,2020-08-31,False,True,241,True,Aug 2020,Q3 2020
20200829,2020-08-29,2020,8,August,29,3,5,Saturday,2020,35,2020-08-01,2020-08-31,False,False,242,True,Aug 2020,Q3 2020
20200830,2020-08-30,2020,8,August,30,3,6,Sunday,2020,35,2020-08-01,2020-08-31,False,False,243,True,Aug 2020,Q3 2020
20200831,2020-08-31,2020,8,August,31,3,0,Monday,2020,36,2020-08-01,2020-08-31,True,True,244,True,Aug 2020,Q3 2020
20200901,2020-09-01,2020,9,September,1,3,1,Tuesday,2020,36,2020-09-01,2020-09-30,False,True,245,True,Sep 2020,Q3 2020
20200902,2020-09-02,2020,9,September,2,3,2,Wednesday,2020,36,2020-09-01,2020-09-30,False,True,246,True,Sep 2020,Q3 2020
20200903,2020-09-03,2020,9,September,3,3,3,Thursday,2020,36,2020-09-01,2020-09-30,False,True,247,True,Sep 2020,Q3 2020
20200904,2020-09-04,2020,9,September,4,3,4,Friday,2020,36,2020-09-01,2020-09-30,False,True,248,True,Sep 2020,Q3 2020
20200905,2020-09-05,2020,9,September,5,3,5,Saturday,2020,36,2020-09-01,2020-09-30,False,False,249,True,Sep 2020,Q3 2020
20200906,2020-09-06,2020,9,September,6,3,6,Sunday,2020,36,2020-09-01,2020-09-30,False,False,250,True,Sep 2020,Q3 2020
20200907,2020-09-07,2020,9,September,7,3,0,Monday,2020,37,2020-09-01,2020-09-30,False,True,251,True,Sep 2020,Q3 2020
20200908,2020-09-08,2020,9,September,8,3,1,Tuesday,2020,37,2020-09-01,2020-09-30,False,True,252,True,Sep 2020,Q3 2020
20200909,2020-09-09,2020,9,September,9,3,2,Wednesday,2020,37,2020-09-01,2020-09-30,False,True,253,True,Sep 2020,Q3 2020
20200910,2020-09-10,2020,9,September,10,3,3,Thursday,2020,37,2020-09-01,2020-09-30,False,True,254,True,Sep 2020,Q3 2020
20200911,2020-09-11,2020,9,September,11,3,4,Friday,2020,37,2020-09-01,2020-09-30,False,True,255,True,Sep 2020,Q3 2020
20200912,2020-09-12,2020,9,September,12,3,5,Saturday,2020,37,2020-09-01,2020-09-30,False,False,256,True,Sep 2020,Q3 2020
20200913,2020-09-13,2020,9,September,13,3,6,Sunday,2020,37,2020-09-01,2020-09-30,False,False,257,True,Sep 2020,Q3 2020
20200914,2020-09-14,2020,9,September,14,3,0,Monday,2020,38,2020-09-01,2020-09-30,False,True,258,True,Sep 2020,Q3 2020
20200915,2020-09-15,2020,9,September,15,3,1,Tuesday,2020,38,2020-09-01,2020-09-30,False,True,259,True,Sep 2020,Q3 2020
20200916,2020-09-16,2020,9,September,16,3,2,Wednesday,2020,38,2020-09-01,2020-09-30,False,True,260,True,Sep 2020,Q3 2020
20200917,2020-09-17,2020,9,September,17,3,3,Thursday,2020,38,2020-09-01,2020-09-30,False,True,261,True,Sep 2020,Q3 2020
20200918,2020-09-18,2020,9,September,18,3,4,Friday,2020,38,2020-09-01,2020-09-30,False,True,262,True,Sep 2020,Q3 2020
20200919,2020-09-19,2020,9,September,19,3,5,Saturday,2020,38,2020-09-01,2020-09-30,False,False,263,True,Sep 2020,Q3 2020
20200920,2020-09-20,2020,9,September,20,3,6,Sunday,2020,38,2020-09-01,2020-09-30,False,False,264,True,Sep 2020,Q3 2020
20200921,2020-09-21,2020,9,September,21,3,0,Monday,2020,39,2020-09-01,2020-09-30,False,True,265,True,Sep 2020,Q3 2020
20200922,2020-09-22,2020,9,September,22,3,1,Tuesday,2020,39,2020-09-01,2020-09-30,False,True,266,True,Sep 2020,Q3 2020
20200923,2020-09-23,2020,9,September,23,3,2,Wednesday,2020,39,2020-09-01,2020-09-30,False,True,267,True,Sep 2020,Q3 2020
20200924,2020-09-24,2020,9,September,24,3,3,Thursday,2020,39,2020-09-01,2020-09-30,False,True,268,True,Sep 2020,Q3 2020
20200925,2020-09-25,2020,9,September,25,3,4,Friday,2020,39,2020-09-01,2020-09-30,False,True,269,True,Sep 2020,Q3 2020
20200926,2020-09-26,2020,9,September,26,3,5,Saturday,2020,39,2020-09-01,2020-09-30,False,False,270,True,Sep 2020,Q3 2020
20200927,2020-09-27,2020,9,September,27,3,6,Sunday,2020,39,2020-09-01,2020-09-30,False,False,271,True,Sep 2020,Q3 2020
20200928,2020-09-28,2020,9,September,28,3,0,Monday,2020,40,2020-09-01,2020-09-30,False,True,272,True,Sep 2020,Q3 2020
20200929,2020-09-29,2020,9,September,29,3,1,Tuesday,2020,40,2020-09-01,2020-09-30,False,True,273,True,Sep 2020,Q3 2020
20200930,2020-09-30,2020,9,September,30,3,2,Wednesday,2020,40,2020-09-01,2020-09-30,True,True,274,True,Sep 2020,Q3 2020
20201001,2020-10-01,2020,10,October,1,4,3,Thursday,2020,40,2020-10-01,2020-10-31,False,True,275,True,Oct 2020,Q4 2020
20201002,2020-10-02,2020,10,October,2,4,4,Friday,2020,40,2020-10-01,2020-10-31,False,True,276,True,Oct 2020,Q4 2020
20201003,2020-10-03,2020,10,October,3,4,5,Saturday,2020,40,2020-10-01,2020-10-31,False,False,277,True,Oct 2020,Q4 2020
20201004,2020-10-04,2020,10,October,4,4,6,Sunday,2020,40,2020-10-01,2020-10-31,False,False,278,True,Oct 2020,Q4 2020
20201005,2020-10-05,2020,10,October,5,4,0,Monday,2020,41,2020-10-01,2020-10-31,False,True,279,True,Oct 2020,Q4 2020
20201006,2020-10-06,2020,10,October,6,4,1,Tuesday,2020,41,2020-10-01,2020-10-31,False,True,280,True,Oct 2020,Q4 2020
20201007,2020-10-07,2020,10,October,7,4,2,Wednesday,2020,41,2020-10-01,2020-10-31,False,True,281,True,Oct 2020,Q4 2020
20201008,2020-10-08,2020,10,October,8,4,3,Thursday,2020,41,2020-10-01,2020-10-31,False,True,282,True,Oct 2020,Q4 2020
20201009,2020-10-09,2020,10,October,9,4,4,Friday,2020,41,2020-10-01,2020-10-31,False,True,283,True,Oct 2020,Q4 2020
20201010,2020-10-10,2020,10,October,10,4,5,Saturday,2020,41,2020-10-01,2020-10-31,False,False,284,True,Oct 2020,Q4 2020
20201011,2020-10-11,2020,10,October,11,4,6,Sunday,2020,41,2020-10-01,2020-10-31,False,False,285,True,Oct 2020,Q4 2020
20201012,2020-10-12,2020,10,October,12,4,0,Monday,2020,42,2020-10-01,2020-10-31,False,True,286,True,Oct 2020,Q4 2020
20201013,2020-10-13,2020,10,October,13,4,1,Tuesday,2020,42,2020-10-01,2020-10-31,False,True,287,True,Oct 2020,Q4 2020
20201014,2020-10-14,2020,10,October,14,4,2,Wednesday,2020,42,2020-10-01,2020-10-31,False,True,288,True,Oct 2020,Q4 2020
20201015,2020-10-15,2020,10,October,15,4,3,Thursday,2020,42,2020-10-01,2020-10-31,False,True,289,True,Oct 2020,Q4 2020
20201016,2020-10-16,2020,10,October,16,4,4,Friday,2020,42,2020-10-01,2020-10-31,False,True,290,True,Oct 2020,Q4 2020
20201017,2020-10-17,2020,10,October,17,4,5,Saturday,2020,42,2020-10-01,2020-10-31,False,False,291,True,Oct 2020,Q4 2020
20201018,2020-10-18,2020,10,October,18,4,6,Sunday,2020,42,2020-10-01,2020-10-31,False,False,292,True,Oct 2020,Q4 2020
20201019,2020-10-19,2020,10,October,19,4,0,Monday,2020,43,2020-10-01,2020-10-31,False,True,293,True,Oct 2020,Q4 2020
20201020,2020-10-20,2020,10,October,20,4,1,Tuesday,2020,43,2020-10-01,2020-10-31,False,True,294,True,Oct 2020,Q4 2020
20201021,2020-10-21,2020,10,October,21,4,2,Wednesday,2020,43,2020-10-01,2020-10-31,False,True,295,True,Oct 2020,Q4 2020
20201022,2020-10-22,2020,10,October,22,4,3,Thursday,2020,43,2020-10-01,2020-10-31,False,True,296,True,Oct 2020,Q4 2020
20201023,2020-10-23,2020,10,October,23,4,4,Friday,2020,43,2020-10-01,2020-10-31,False,True,297,True,Oct 2020,Q4 2020
20201024,2020-10-24,2020,10,October,24,4,5,Saturday,2020,43,2020-10-01,2020-10-31,False,False,298,True,Oct 2020,Q4 2020
20201025,2020-10-25,2020,10,October,25,4,6,Sunday,2020,43,2020-10-01,2020-10-31,False,False,299,True,Oct 2020,Q4 2020
20201026,2020-10-26,2020,10,October,26,4,0,Monday,2020,44,2020-10-01,2020-10-31,False,True,300,True,Oct 2020,Q4 2020
20201027,2020-10-27,2020,10,October,27,4,1,Tuesday,2020,44,2020-10-01,2020-10-31,False,True,301,True,Oct 2020,Q4 2020
20201028,2020-10-28,2020,10,October,28,4,2,Wednesday,2020,44,2020-10-01,2020-10-31,False,True,302,True,Oct 2020,Q4 2020
20201029,2020-10-29,2020,10,October,29,4,3,Thursday,2020,44,2020-10-01,2020-10-31,False,True,303,True,Oct 2020,Q4 2020
20201030,2020-10-30,2020,10,October,30,4,4,Friday,2020,44,2020-10-01,2020-10-31,False,True,304,True,Oct 2020,Q4 2020
20201031,2020-10-31,2020,10,October,31,4,5,Saturday,2020,44,2020-10-01,2020-10-31,True,False,305,True,Oct 2020,Q4 2020
20201101,2020-11-01,2020,11,November,1,4,6,Sunday,2020,44,2020-11-01,2020-11-30,False,False,306,True,Nov 2020,Q4 2020
20201102,2020-11-02,2020,11,November,2,4,0,Monday,2020,45,2020-11-01,2020-11-30,False,True,307,True,Nov 2020,Q4 2020
20201103,2020-11-03,2020,11,November,3,4,1,Tuesday,2020,45,2020-11-01,2020-11-30,False,True,308,True,Nov 2020,Q4 2020
20201104,2020-11-04,2020,11,November,4,4,2,Wednesday,2020,45,2020-11-01,2020-11-30,False,True,309,True,Nov 2020,Q4 2020
20201105,2020-11-05,2020,11,November,5,4,3,Thursday,2020,45,2020-11-01,2020-11-30,False,True,310,True,Nov 2020,Q4 2020
20201106,2020-11-06,2020,11,November,6,4,4,Friday,2020,45,2020-11-01,2020-11-30,False,True,311,True,Nov 2020,Q4 2020
20201107,2020-11-07,2020,11,November,7,4,5,Saturday,2020,45,2020-11-01,2020-11-30,False,False,312,True,Nov 2020,Q4 2020
20201108,2020-11-08,2020,11,November,8,4,6,Sunday,2020,45,2020-11-01,2020-11-30,False,False,313,True,Nov 2020,Q4 2020
20201109,2020-11-09,2020,11,November,9,4,0,Monday,2020,46,2020-11-01,2020-11-30,False,True,314,True,Nov 2020,Q4 2020
20201110,2020-11-10,2020,11,November,10,4,1,Tuesday,2020,46,2020-11-01,2020-11-30,False,True,315,True,Nov 2020,Q4 2020
20201111,2020-11-11,2020,11,November,11,4,2,Wednesday,2020,46,2020-11-01,2020-11-30,False,True,316,True,Nov 2020,Q4 2020
20201112,2020-11-12,2020,11,November,12,4,3,Thursday,2020,46,2020-11-01,2020-11-30,False,True,317,True,Nov 2020,Q4 2020
20201113,2020-11-13,2020,11,November,13,4,4,Friday,2020,46,2020-11-01,2020-11-30,False,True,318,True,Nov 2020,Q4 2020
20201114,2020-11-14,2020,11,November,14,4,5,Saturday,2020,46,2020-11-01,2020-11-30,False,False,319,True,Nov 2020,Q4 2020
20201115,2020-11-15,2020,11,November,15,4,6,Sunday,2020,46,2020-11-01,2020-11-30,False,False,320,True,Nov 2020,Q4 2020
20201116,2020-11-16,2020,11,November,16,4,0,Monday,2020,47,2020-11-01,2020-11-30,False,True,321,True,Nov 2020,Q4 2020
20201117,2020-11-17,2020,11,November,17,4,1,Tuesday,2020,47,2020-11-01,2020-11-30,False,True,322,True,Nov 2020,Q4 2020
20201118,2020-11-18,2020,11,November,18,4,2,Wednesday,2020,47,2020-11-01,2020-11-30,False,True,323,True,Nov 2020,Q4 2020
20201119,2020-11-19,2020,11,November,19,4,3,Thursday,2020,47,2020-11-01,2020-11-30,False,True,324,True,Nov 2020,Q4 2020
20201120,2020-11-20,2020,11,November,20,4,4,Friday,2020,47,2020-11-01,2020-11-30,False,True,325,True,Nov 2020,Q4 2020
20201121,2020-11-21,2020,11,November,21,4,5,Saturday,2020,47,2020-11-01,2020-11-30,False,False,326,True,Nov 2020,Q4 2020
20201122,2020-11-22,2020,11,November,22,4,6,Sunday,2020,47,2020-11-01,2020-11-30,False,False,327,True,Nov 2020,Q4 2020
20201123,2020-11-23,2020,11,November,23,4,0,Monday,2020,48,2020-11-01,2020-11-30,False,True,328,True,Nov 2020,Q4 2020
20201124,2020-11-24,2020,11,November,24,4,1,Tuesday,2020,48,2020-11-01,2020-11-30,False,True,329,True,Nov 2020,Q4 2020
20201125,2020-11-25,2020,11,November,25,4,2,Wednesday,2020,48,2020-11-01,2020-11-30,False,True,330,True,Nov 2020,Q4 2020
20201126,2020-11-26,2020,11,November,26,4,3,Thursday,2020,48,2020-11-01,2020-11-30,False,True,331,True,Nov 2020,Q4 2020
20201127,2020-11-27,2020,11,November,27,4,4,Friday,2020,48,2020-11-01,2020-11-30,False,True,332,True,Nov 2020,Q4 2020
20201128,2020-11-28,2020,11,November,28,4,5,Saturday,2020,48,2020-11-01,2020-11-30,False,False,333,True,Nov 2020,Q4 2020
20201129,2020-11-29,2020,11,November,29,4,6,Sunday,2020,48,2020-11-01,2020-11-30,False,False,334,True,Nov 2020,Q4 2020
20201130,2020-11-30,2020,11,November,30,4,0,Monday,2020,49,2020-11-01,2020-11-30,True,True,335,True,Nov 2020,Q4 2020
20201201,2020-12-01,2020,12,December,1,4,1,Tuesday,2020,49,2020-12-01,2020-12-31,False,True,336,True,Dec 2020,Q4 2020
20201202,2020-12-02,2020,12,December,2,4,2,Wednesday,2020,49,2020-12-01,2020-12-31,False,True,337,True,Dec 2020,Q4 2020
20201203,2020-12-03,2020,12,December,3,4,3,Thursday,2020,49,2020-12-01,2020-12-31,False,True,338,True,Dec 2020,Q4 2020
20201204,2020-12-04,2020,12,December,4,4,4,Friday,2020,49,2020-12-01,2020-12-31,False,True,339,True,Dec 2020,Q4 2020
20201205,2020-12-05,2020,12,December,5,4,5,Saturday,2020,49,2020-12-01,2020-12-31,False,False,340,True,Dec 2020,Q4 2020
20201206,2020-12-06,2020,12,December,6,4,6,Sunday,2020,49,2020-12-01,2020-12-31,False,False,341,True,Dec 2020,Q4 2020
20201207,2020-12-07,2020,12,December,7,4,0,Monday,2020,50,2020-12-01,2020-12-31,False,True,342,True,Dec 2020,Q4 2020
20201208,2020-12-08,2020,12,December,8,4,1,Tuesday,2020,50,2020-12-01,2020-12-31,False,True,343,True,Dec 2020,Q4 2020
20201209,2020-12-09,2020,12,December,9,4,2,Wednesday,2020,50,2020-12-01,2020-12-31,False,True,344,True,Dec 2020,Q4 2020
20201210,2020-12-10,2020,12,December,10,4,3,Thursday,2020,50,2020-12-01,2020-12-31,False,True,345,True,Dec 2020,Q4 2020
20201211,2020-12-11,2020,12,December,11,4,4,Friday,2020,50,2020-12-01,2020-12-31,False,True,346,True,Dec 2020,Q4 2020
20201212,2020-12-12,2020,12,December,12,4,5,Saturday,2020,50,2020-12-01,2020-12-31,False,False,347,True,Dec 2020,Q4 2020
20201213,2020-12-13,2020,12,December,13,4,6,Sunday,2020,50,2020-12-01,2020-12-31,False,False,348,True,Dec 2020,Q4 2020
20201214,2020-12-14,2020,12,December,14,4,0,Monday,2020,51,2020-12-01,2020-12-31,False,True,349,True,Dec 2020,Q4 2020
20201215,2020-12-15,2020,12,December,15,4,1,Tuesday,2020,51,2020-12-01,2020-12-31,False,True,350,True,Dec 2020,Q4 2020
20201216,2020-12-16,2020,12,December,16,4,2,Wednesday,2020,51,2020-12-01,2020-12-31,False,True,351,True,Dec 2020,Q4 2020
20201217,2020-12-17,2020,12,December,17,4,3,Thursday,2020,51,2020-12-01,2020-12-31,False,True,352,True,Dec 2020,Q4 2020
20201218,2020-12-18,2020,12,December,18,4,4,Friday,2020,51,2020-12-01,2020-12-31,False,True,353,True,Dec 2020,Q4 2020
20201219,2020-12-19,2020,12,December,19,4,5,Saturday,2020,51,2020-12-01,2020-12-31,False,False,354,True,Dec 2020,Q4 2020
20201220,2020-12-20,2020,12,December,20,4,6,Sunday,2020,51,2020-12-01,2020-12-31,False,False,355,True,Dec 2020,Q4 2020
20201221,2020-12-21,2020,12,December,21,4,0,Monday,2020,52,2020-12-01,2020-12-31,False,True,356,True,Dec 2020,Q4 2020
20201222,2020-12-22,2020,12,December,22,4,1,Tuesday,2020,52,2020-12-01,2020-12-31,False,True,357,True,Dec 2020,Q4 2020
20201223,2020-12-23,2020,12,December,23,4,2,Wednesday,2020,52,2020-12-01,2020-12-31,False,True,358,True,Dec 2020,Q4 2020
20201224,2020-12-24,2020,12,December,24,4,3,Thursday,2020,52,2020-12-01,2020-12-31,False,True,359,True,Dec 2020,Q4 2020
20201225,2020-12-25,2020,12,December,25,4,4,Friday,2020,52,2020-12-01,2020-12-31,False,True,360,True,Dec 2020,Q4 2020
20201226,2020-12-26,2020,12,December,26,4,5,Saturday,2020,52,2020-12-01,2020-12-31,False,False,361,True,Dec 2020,Q4 2020
20201227,2020-12-27,2020,12,December,27,4,6,Sunday,2020,52,2020-12-01,2020-12-31,False,False,362,True,Dec 2020,Q4 2020
20201228,2020-12-28,2020,12,December,28,4,0,Monday,2020,53,2020-12-01,2020-12-31,False,True,363,True,Dec 2020,Q4 2020
20201229,2020-12-29,2020,12,December,29,4,1,Tuesday,2020,53,2020-12-01,2020-12-31,False,True,364,True,Dec 2020,Q4 2020
20201230,2020-12-30,2020,12,December,30,4,2,Wednesday,2020,53,2020-12-01,2020-12-31,False,True,365,True,Dec 2020,Q4 2020
20201231,2020-12-31,2020,12,December,31,4,3,Thursday,2020,53,2020-12-01,2020-12-31,True,True,366,True,Dec 2020,Q4 2020
20210101,2021-01-01,2021,1,January,1,1,4,Friday,2020,53,2021-01-01,2021-01-31,False,True,1,False,Jan 2021,Q1 2021
20210102,2021-01-02,2021,1,January,2,1,5,Saturday,2020,53,2021-01-01,2021-01-31,False,False,2,False,Jan 2021,Q1 2021
20210103,2021-01-03,2021,1,January,3,1,6,Sunday,2020,53,2021-01-01,2021-01-31,False,False,3,False,Jan 2021,Q1 2021
20210104,2021-01-04,2021,1,January,4,1,0,Monday,2021,1,2021-01-01,2021-01-31,False,True,4,False,Jan 2021,Q1 2021
20210105,2021-01-05,2021,1,January,5,1,1,Tuesday,2021,1,2021-01-01,2021-01-31,False,True,5,False,Jan 2021,Q1 2021
20210106,2021-01-06,2021,1,January,6,1,2,Wednesday,2021,1,2021-01-01,2021-01-31,False,True,6,False,Jan 2021,Q1 2021
20210107,2021-01-07,2021,1,January,7,1,3,Thursday,2021,1,2021-01-01,2021-01-31,False,True,7,False,Jan 2021,Q1 2021
20210108,2021-01-08,2021,1,January,8,1,4,Friday,2021,1,2021-01-01,2021-01-31,False,True,8,False,Jan 2021,Q1 2021
20210109,2021-01-09,2021,1,January,9,1,5,Saturday,2021,1,2021-01-01,2021-01-31,False,False,9,False,Jan 2021,Q1 2021
20210110,2021-01-10,2021,1,January,10,1,6,Sunday,2021,1,2021-01-01,2021-01-31,False,False,10,False,Jan 2021,Q1 2021
20210111,2021-01-11,2021,1,January,11,1,0,Monday,2021,2,2021-01-01,2021-01-31,False,True,11,False,Jan 2021,Q1 2021
20210112,2021-01-12,2021,1,January,12,1,1,Tuesday,2021,2,2021-01-01,2021-01-31,False,True,12,False,Jan 2021,Q1 2021
20210113,2021-01-13,2021,1,January,13,1,2,Wednesday,2021,2,2021-01-01,2021-01-31,False,True,13,False,Jan 2021,Q1 2021
20210114,2021-01-14,2021,1,January,14,1,3,Thursday,2021,2,2021-01-01,2021-01-31,False,True,14,False,Jan 2021,Q1 2021
20210115,2021-01-15,2021,1,January,15,1,4,Friday,2021,2,2021-01-01,2021-01-31,False,True,15,False,Jan 2021,Q1 2021
20210116,2021-01-16,2021,1,January,16,1,5,Saturday,2021,2,2021-01-01,2021-01-31,False,False,16,False,Jan 2021,Q1 2021
20210117,2021-01-17,2021,1,January,17,1,6,Sunday,2021,2,2021-01-01,2021-01-31,False,False,17,False,Jan 2021,Q1 2021
20210118,2021-01-18,2021,1,January,18,1,0,Monday,2021,3,2021-01-01,2021-01-31,False,True,18,False,Jan 2021,Q1 2021
20210119,2021-01-19,2021,1,January,19,1,1,Tuesday,2021,3,2021-01-01,2021-01-31,False,True,19,False,Jan 2021,Q1 2021
20210120,2021-01-20,2021,1,January,20,1,2,Wednesday,2021,3,2021-01-01,2021-01-31,False,True,20,False,Jan 2021,Q1 2021
20210121,2021-01-21,2021,1,January,21,1,3,Thursday,2021,3,2021-01-01,2021-01-31,False,True,21,False,Jan 2021,Q1 2021
20210122,2021-01-22,2021,1,January,22,1,4,Friday,2021,3,2021-01-01,2021-01-31,False,True,22,False,Jan 2021,Q1 2021
20210123,2021-01-23,2021,1,January,23,1,5,Saturday,2021,3,2021-01-01,2021-01-31,False,False,23,False,Jan 2021,Q1 2021
20210124,2021-01-24,2021,1,January,24,1,6,Sunday,2021,3,2021-01-01,2021-01-31,False,False,24,False,Jan 2021,Q1 2021
20210125,2021-01-25,2021,1,January,25,1,0,Monday,2021,4,2021-01-01,2021-01-31,False,True,25,False,Jan 2021,Q1 2021
20210126,2021-01-26,2021,1,January,26,1,1,Tuesday,2021,4,2021-01-01,2021-01-31,False,True,26,False,Jan 2021,Q1 2021
20210127,2021-01-27,2021,1,January,27,1,2,Wednesday,2021,4,2021-01-01,2021-01-31,False,True,27,False,Jan 2021,Q1 2021
20210128,2021-01-28,2021,1,January,28,1,3,Thursday,2021,4,2021-01-01,2021-01-31,False,True,28,False,Jan 2021,Q1 2021
20210129,2021-01-29,2021,1,January,29,1,4,Friday,2021,4,2021-01-01,2021-01-31,False,True,29,False,Jan 2021,Q1 2021
20210130,2021-01-30,2021,1,January,30,1,5,Saturday,2021,4,2021-01-01,2021-01-31,False,False,30,False,Jan 2021,Q1 2021
20210131,2021-01-31,2021,1,January,31,1,6,Sunday,2021,4,2021-01-01,2021-01-31,True,False,31,False,Jan 2021,Q1 2021
20210201,2021-02-01,2021,2,February,1,1,0,Monday,2021,5,2021-02-01,2021-02-28,False,True,32,False,Feb 2021,Q1 2021
20210202,2021-02-02,2021,2,February,2,1,1,Tuesday,2021,5,2021-02-01,2021-02-28,False,True,33,False,Feb 2021,Q1 2021
20210203,2021-02-03,2021,2,February,3,1,2,Wednesday,2021,5,2021-02-01,2021-02-28,False,True,34,False,Feb 2021,Q1 2021
20210204,2021-02-04,2021,2,February,4,1,3,Thursday,2021,5,2021-02-01,2021-02-28,False,True,35,False,Feb 2021,Q1 2021
20210205,2021-02-05,2021,2,February,5,1,4,Friday,2021,5,2021-02-01,2021-02-28,False,True,36,False,Feb 2021,Q1 2021
20210206,2021-02-06,2021,2,February,6,1,5,Saturday,2021,5,2021-02-01,2021-02-28,False,False,37,False,Feb 2021,Q1 2021
20210207,2021-02-07,2021,2,February,7,1,6,Sunday,2021,5,2021-02-01,2021-02-28,False,False,38,False,Feb 2021,Q1 2021
20210208,2021-02-08,2021,2,February,8,1,0,Monday,2021,6,2021-02-01,2021-02-28,False,True,39,False,Feb 2021,Q1 2021
20210209,2021-02-09,2021,2,February,9,1,1,Tuesday,2021,6,2021-02-01,2021-02-28,False,True,40,False,Feb 2021,Q1 2021
20210210,2021-02-10,2021,2,February,10,1,2,Wednesday,2021,6,2021-02-01,2021-02-28,False,True,41,False,Feb 2021,Q1 2021
20210211,2021-02-11,2021,2,February,11,1,3,Thursday,2021,6,2021-02-01,2021-02-28,False,True,42,False,Feb 2021,Q1 2021
20210212,2021-02-12,2021,2,February,12,1,4,Friday,2021,6,2021-02-01,2021-02-28,False,True,43,False,Feb 2021,Q1 2021
20210213,2021-02-13,2021,2,February,13,1,5,Saturday,2021,6,2021-02-01,2021-02-28,False,False,44,False,Feb 2021,Q1 2021
20210214,2021-02-14,2021,2,February,14,1,6,Sunday,2021,6,2021-02-01,2021-02-28,False,False,45,False,Feb 2021,Q1 2021
20210215,2021-02-15,2021,2,February,15,1,0,Monday,2021,7,2021-02-01,2021-02-28,False,True,46,False,Feb 2021,Q1 2021
20210216,2021-02-16,2021,2,February,16,1,1,Tuesday,2021,7,2021-02-01,2021-02-28,False,True,47,False,Feb 2021,Q1 2021
20210217,2021-02-17,2021,2,February,17,1,2,Wednesday,2021,7,2021-02-01,2021-02-28,False,True,48,False,Feb 2021,Q1 2021
20210218,2021-02-18,2021,2,February,18,1,3,Thursday,2021,7,2021-02-01,2021-02-28,False,True,49,False,Feb 2021,Q1 2021
20210219,2021-02-19,2021,2,February,19,1,4,Friday,2021,7,2021-02-01,2021-02-28,False,True,50,False,Feb 2021,Q1 2021
20210220,2021-02-20,2021,2,February,20,1,5,Saturday,2021,7,2021-02-01,2021-02-28,False,False,51,False,Feb 2021,Q1 2021
20210221,2021-02-21,2021,2,February,21,1,6,Sunday,2021,7,2021-02-01,2021-02-28,False,False,52,False,Feb 2021,Q1 2021
20210222,2021-02-22,2021,2,February,22,1,0,Monday,2021,8,2021-02-01,2021-02-28,False,True,53,False,Feb 2021,Q1 2021
20210223,2021-02-23,2021,2,February,23,1,1,Tuesday,2021,8,2021-02-01,2021-02-28,False,True,54,False,Feb 2021,Q1 2021
20210224,2021-02-24,2021,2,February,24,1,2,Wednesday,2021,8,2021-02-01,2021-02-28,False,True,55,False,Feb 2021,Q1 2021
20210225,2021-02-25,2021,2,February,25,1,3,Thursday,2021,8,2021-02-01,2021-02-28,False,True,56,False,Feb 2021,Q1 2021
20210226,2021-02-26,2021,2,February,26,1,4,Friday,2021,8,2021-02-01,2021-02-28,False,True,57,False,Feb 2021,Q1 2021
20210227,2021-02-27,2021,2,February,27,1,5,Saturday,2021,8,2021-02-01,2021-02-28,False,False,58,False,Feb 2021,Q1 2021
20210228,2021-02-28,2021,2,February,28,1,6,Sunday,2021,8,2021-02-01,2021-02-28,True,False,59,False,Feb 2021,Q1 2021
20210301,2021-03-01,2021,3,March,1,1,0,Monday,2021,9,2021-03-01,2021-03-31,False,True,60,False,Mar 2021,Q1 2021
20210302,2021-03-02,2021,3,March,2,1,1,Tuesday,2021,9,2021-03-01,2021-03-31,False,True,61,False,Mar 2021,Q1 2021
20210303,2021-03-03,2021,3,March,3,1,2,Wednesday,2021,9,2021-03-01,2021-03-31,False,True,62,False,Mar 2021,Q1 2021
20210304,2021-03-04,2021,3,March,4,1,3,Thursday,2021,9,2021-03-01,2021-03-31,False,True,63,False,Mar 2021,Q1 2021
20210305,2021-03-05,2021,3,March,5,1,4,Friday,2021,9,2021-03-01,2021-03-31,False,True,64,False,Mar 2021,Q1 2021
20210306,2021-03-06,2021,3,March,6,1,5,Saturday,2021,9,2021-03-01,2021-03-31,False,False,65,False,Mar 2021,Q1 2021
20210307,2021-03-07,2021,3,March,7,1,6,Sunday,2021,9,2021-03-01,2021-03-31,False,False,66,False,Mar 2021,Q1 2021
20210308,2021-03-08,2021,3,March,8,1,0,Monday,2021,10,2021-03-01,2021-03-31,False,True,67,False,Mar 2021,Q1 2021
20210309,2021-03-09,2021,3,March,9,1,1,Tuesday,2021,10,2021-03-01,2021-03-31,False,True,68,False,Mar 2021,Q1 2021
20210310,2021-03-10,2021,3,March,10,1,2,Wednesday,2021,10,2021-03-01,2021-03-31,False,True,69,False,Mar 2021,Q1 2021
20210311,2021-03-11,2021,3,March,11,1,3,Thursday,2021,10,2021-03-01,2021-03-31,False,True,70,False,Mar 2021,Q1 2021
20210312,2021-03-12,2021,3,March,12,1,4,Friday,2021,10,2021-03-01,2021-03-31,False,True,71,False,Mar 2021,Q1 2021
20210313,2021-03-13,2021,3,March,13,1,5,Saturday,2021,10,2021-03-01,2021-03-31,False,False,72,False,Mar 2021,Q1 2021
20210314,2021-03-14,2021,3,March,14,1,6,Sunday,2021,10,2021-03-01,2021-03-31,False,False,73,False,Mar 2021,Q1 2021
20210315,2021-03-15,2021,3,March,15,1,0,Monday,2021,11,2021-03-01,2021-03-31,False,True,74,False,Mar 2021,Q1 2021
20210316,2021-03-16,2021,3,March,16,1,1,Tuesday,2021,11,2021-03-01,2021-03-31,False,True,75,False,Mar 2021,Q1 2021
20210317,2021-03-17,2021,3,March,17,1,2,Wednesday,2021,11,2021-03-01,2021-03-31,False,True,76,False,Mar 2021,Q1 2021
20210318,2021-03-18,2021,3,March,18,1,3,Thursday,2021,11,2021-03-01,2021-03-31,False,True,77,False,Mar 2021,Q1 2021
20210319,2021-03-19,2021,3,March,19,1,4,Friday,2021,11,2021-03-01,2021-03-31,False,True,78,False,Mar 2021,Q1 2021
20210320,2021-03-20,2021,3,March,20,1,5,Saturday,2021,11,2021-03-01,2021-03-31,False,False,79,False,Mar 2021,Q1 2021
20210321,2021-03-21,2021,3,March,21,1,6,Sunday,2021,11,2021-03-01,2021-03-31,False,False,80,False,Mar 2021,Q1 2021
20210322,2021-03-22,2021,3,March,22,1,0,Monday,2021,12,2021-03-01,2021-03-31,False,True,81,False,Mar 2021,Q1 2021
20210323,2021-03-23,2021,3,March,23,1,1,Tuesday,2021,12,2021-03-01,2021-03-31,False,True,82,False,Mar 2021,Q1 2021
20210324,2021-03-24,2021,3,March,24,1,2,Wednesday,2021,12,2021-03-01,2021-03-31,False,True,83,False,Mar 2021,Q1 2021
20210325,2021-03-25,2021,3,March,25,1,3,Thursday,2021,12,2021-03-01,2021-03-31,False,True,84,False,Mar 2021,Q1 2021
20210326,2021-03-26,2021,3,March,26,1,4,Friday,2021,12,2021-03-01,2021-03-31,False,True,85,False,Mar 2021,Q1 2021
20210327,2021-03-27,2021,3,March,27,1,5,Saturday,2021,12,2021-03-01,2021-03-31,False,False,86,False,Mar 2021,Q1 2021
20210328,2021-03-28,2021,3,March,28,1,6,Sunday,2021,12,2021-03-01,2021-03-31,False,False,87,False,Mar 2021,Q1 2021
20210329,2021-03-29,2021,3,March,29,1,0,Monday,2021,13,2021-03-01,2021-03-31,False,True,88,False,Mar 2021,Q1 2021
20210330,2021-03-30,2021,3,March,30,1,1,Tuesday,2021,13,2021-03-01,2021-03-31,False,True,89,False,Mar 2021,Q1 2021
20210331,2021-03-31,2021,3,March,31,1,2,Wednesday,2021,13,2021-03-01,2021-03-31,True,True,90,False,Mar 2021,Q1 2021
20210401,2021-04-01,2021,4,April,1,2,3,Thursday,2021,13,2021-04-01,2021-04-30,False,True,91,False,Apr 2021,Q2 2021
20210402,2021-04-02,2021,4,April,2,2,4,Friday,2021,13,2021-04-01,2021-04-30,False,True,92,False,Apr 2021,Q2 2021
20210403,2021-04-03,2021,4,April,3,2,5,Saturday,2021,13,2021-04-01,2021-04-30,False,False,93,False,Apr 2021,Q2 2021
20210404,2021-04-04,2021,4,April,4,2,6,Sunday,2021,13,2021-04-01,2021-04-30,False,False,94,False,Apr 2021,Q2 2021
20210405,2021-04-05,2021,4,April,5,2,0,Monday,2021,14,2021-04-01,2021-04-30,False,True,95,False,Apr 2021,Q2 2021
20210406,2021-04-06,2021,4,April,6,2,1,Tuesday,2021,14,2021-04-01,2021-04-30,False,True,96,False,Apr 2021,Q2 2021
20210407,2021-04-07,2021,4,April,7,2,2,Wednesday,2021,14,2021-04-01,2021-04-30,False,True,97,False,Apr 2021,Q2 2021
20210408,2021-04-08,2021,4,April,8,2,3,Thursday,2021,14,2021-04-01,2021-04-30,False,True,98,False,Apr 2021,Q2 2021
20210409,2021-04-09,2021,4,April,9,2,4,Friday,2021,14,2021-04-01,2021-04-30,False,True,99,False,Apr 2021,Q2 2021
20210410,2021-04-10,2021,4,April,10,2,5,Saturday,2021,14,2021-04-01,2021-04-30,False,False,100,False,Apr 2021,Q2 2021
20210411,2021-04-11,2021,4,April,11,2,6,Sunday,2021,14,2021-04-01,2021-04-30,False,False,101,False,Apr 2021,Q2 2021
20210412,2021-04-12,2021,4,April,12,2,0,Monday,2021,15,2021-04-01,2021-04-30,False,True,102,False,Apr 2021,Q2 2021
20210413,2021-04-13,2021,4,April,13,2,1,Tuesday,2021,15,2021-04-01,2021-04-30,False,True,103,False,Apr 2021,Q2 2021
20210414,2021-04-14,2021,4,April,14,2,2,Wednesday,2021,15,2021-04-01,2021-04-30,False,True,104,False,Apr 2021,Q2 2021
20210415,2021-04-15,2021,4,April,15,2,3,Thursday,2021,15,2021-04-01,2021-04-30,False,True,105,False,Apr 2021,Q2 2021
20210416,2021-04-16,2021,4,April,16,2,4,Friday,2021,15,2021-04-01,2021-04-30,False,True,106,False,Apr 2021,Q2 2021
20210417,2021-04-17,2021,4,April,17,2,5,Saturday,2021,15,2021-04-01,2021-04-30,False,False,107,False,Apr 2021,Q2 2021
20210418,2021-04-18,2021,4,April,18,2,6,Sunday,2021,15,2021-04-01,2021-04-30,False,False,108,False,Apr 2021,Q2 2021
20210419,2021-04-19,2021,4,April,19,2,0,Monday,2021,16,2021-04-01,2021-04-30,False,True,109,False,Apr 2021,Q2 2021
20210420,2021-04-20,2021,4,April,20,2,1,Tuesday,2021,16,2021-04-01,2021-04-30,False,True,110,False,Apr 2021,Q2 2021
20210421,2021-04-21,2021,4,April,21,2,2,Wednesday,2021,16,2021-04-01,2021-04-30,False,True,111,False,Apr 2021,Q2 2021
20210422,2021-04-22,2021,4,April,22,2,3,Thursday,2021,16,2021-04-01,2021-04-30,False,True,112,False,Apr 2021,Q2 2021
20210423,2021-04-23,2021,4,April,23,2,4,Friday,2021,16,2021-04-01,2021-04-30,False,True,113,False,Apr 2021,Q2 2021
20210424,2021-04-24,2021,4,April,24,2,5,Saturday,2021,16,2021-04-01,2021-04-30,False,False,114,False,Apr 2021,Q2 2021
20210425,2021-04-25,2021,4,April,25,2,6,Sunday,2021,16,2021-04-01,2021-04-30,False,False,115,False,Apr 2021,Q2 2021
20210426,2021-04-26,2021,4,April,26,2,0,Monday,2021,17,2021-04-01,2021-04-30,False,True,116,False,Apr 2021,Q2 2021
20210427,2021-04-27,2021,4,April,27,2,1,Tuesday,2021,17,2021-04-01,2021-04-30,False,True,117,False,Apr 2021,Q2 2021
20210428,2021-04-28,2021,4,April,28,2,2,Wednesday,2021,17,2021-04-01,2021-04-30,False,True,118,False,Apr 2021,Q2 2021
20210429,2021-04-29,2021,4,April,29,2,3,Thursday,2021,17,2021-04-01,2021-04-30,False,True,119,False,Apr 2021,Q2 2021
20210430,2021-04-30,2021,4,April,30,2,4,Friday,2021,17,2021-04-01,2021-04-30,True,True,120,False,Apr 2021,Q2 2021
20210501,2021-05-01,2021,5,May,1,2,5,Saturday,2021,17,2021-05-01,2021-05-31,False,False,121,False,May 2021,Q2 2021
20210502,2021-05-02,2021,5,May,2,2,6,Sunday,2021,17,2021-05-01,2021-05-31,False,False,122,False,May 2021,Q2 2021
20210503,2021-05-03,2021,5,May,3,2,0,Monday,2021,18,2021-05-01,2021-05-31,False,True,123,False,May 2021,Q2 2021
20210504,2021-05-04,2021,5,May,4,2,1,Tuesday,2021,18,2021-05-01,2021-05-31,False,True,124,False,May 2021,Q2 2021
20210505,2021-05-05,2021,5,May,5,2,2,Wednesday,2021,18,2021-05-01,2021-05-31,False,True,125,False,May 2021,Q2 2021
20210506,2021-05-06,2021,5,May,6,2,3,Thursday,2021,18,2021-05-01,2021-05-31,False,True,126,False,May 2021,Q2 2021
20210507,2021-05-07,2021,5,May,7,2,4,Friday,2021,18,2021-05-01,2021-05-31,False,True,127,False,May 2021,Q2 2021
20210508,2021-05-08,2021,5,May,8,2,5,Saturday,2021,18,2021-05-01,2021-05-31,False,False,128,False,May 2021,Q2 2021
20210509,2021-05-09,2021,5,May,9,2,6,Sunday,2021,18,2021-05-01,2021-05-31,False,False,129,False,May 2021,Q2 2021
20210510,2021-05-10,2021,5,May,10,2,0,Monday,2021,19,2021-05-01,2021-05-31,False,True,130,False,May 2021,Q2 2021
20210511,2021-05-11,2021,5,May,11,2,1,Tuesday,2021,19,2021-05-01,2021-05-31,False,True,131,False,May 2021,Q2 2021
20210512,2021-05-12,2021,5,May,12,2,2,Wednesday,2021,19,2021-05-01,2021-05-31,False,True,132,False,May 2021,Q2 2021
20210513,2021-05-13,2021,5,May,13,2,3,Thursday,2021,19,2021-05-01,2021-05-31,False,True,133,False,May 2021,Q2 2021
20210514,2021-05-14,2021,5,May,14,2,4,Friday,2021,19,2021-05-01,2021-05-31,False,True,134,False,May 2021,Q2 2021
20210515,2021-05-15,2021,5,May,15,2,5,Saturday,2021,19,2021-05-01,2021-05-31,False,False,135,False,May 2021,Q2 2021
20210516,2021-05-16,2021,5,May,16,2,6,Sunday,2021,19,2021-05-01,2021-05-31,False,False,136,False,May 2021,Q2 2021
20210517,2021-05-17,2021,5,May,17,2,0,Monday,2021,20,2021-05-01,2021-05-31,False,True,137,False,May 2021,Q2 2021
20210518,2021-05-18,2021,5,May,18,2,1,Tuesday,2021,20,2021-05-01,2021-05-31,False,True,138,False,May 2021,Q2 2021
20210519,2021-05-19,2021,5,May,19,2,2,Wednesday,2021,20,2021-05-01,2021-05-31,False,True,139,False,May 2021,Q2 2021
20210520,2021-05-20,2021,5,May,20,2,3,Thursday,2021,20,2021-05-01,2021-05-31,False,True,140,False,May 2021,Q2 2021
20210521,2021-05-21,2021,5,May,21,2,4,Friday,2021,20,2021-05-01,2021-05-31,False,True,141,False,May 2021,Q2 2021
20210522,2021-05-22,2021,5,May,22,2,5,Saturday,2021,20,2021-05-01,2021-05-31,False,False,142,False,May 2021,Q2 2021
20210523,2021-05-23,2021,5,May,23,2,6,Sunday,2021,20,2021-05-01,2021-05-31,False,False,143,False,May 2021,Q2 2021
20210524,2021-05-24,2021,5,May,24,2,0,Monday,2021,21,2021-05-01,2021-05-31,False,True,144,False,May 2021,Q2 2021
20210525,2021-05-25,2021,5,May,25,2,1,Tuesday,2021,21,2021-05-01,2021-05-31,False,True,145,False,May 2021,Q2 2021
20210526,2021-05-26,2021,5,May,26,2,2,Wednesday,2021,21,2021-05-01,2021-05-31,False,True,146,False,May 2021,Q2 2021
20210527,2021-05-27,2021,5,May,27,2,3,Thursday,2021,21,2021-05-01,2021-05-31,False,True,147,False,May 2021,Q2 2021
20210528,2021-05-28,2021,5,May,28,2,4,Friday,2021,21,2021-05-01,2021-05-31,False,True,148,False,May 2021,Q2 2021
20210529,2021-05-29,2021,5,May,29,2,5,Saturday,2021,21,2021-05-01,2021-05-31,False,False,149,False,May 2021,Q2 2021
20210530,2021-05-30,2021,5,May,30,2,6,Sunday,2021,21,2021-05-01,2021-05-31,False,False,150,False,May 2021,Q2 2021
20210531,2021-05-31,2021,5,May,31,2,0,Monday,2021,22,2021-05-01,2021-05-31,True,True,151,False,May 2021,Q2 2021
20210601,2021-06-01,2021,6,June,1,2,1,Tuesday,2021,22,2021-06-01,2021-06-30,False,True,152,False,Jun 2021,Q2 2021
20210602,2021-06-02,2021,6,June,2,2,2,Wednesday,2021,22,2021-06-01,2021-06-30,False,True,153,False,Jun 2021,Q2 2021
20210603,2021-06-03,2021,6,June,3,2,3,Thursday,2021,22,2021-06-01,2021-06-30,False,True,154,False,Jun 2021,Q2 2021
20210604,2021-06-04,2021,6,June,4,2,4,Friday,2021,22,2021-06-01,2021-06-30,False,True,155,False,Jun 2021,Q2 2021
20210605,2021-06-05,2021,6,June,5,2,5,Saturday,2021,22,2021-06-01,2021-06-30,False,False,156,False,Jun 2021,Q2 2021
20210606,2021-06-06,2021,6,June,6,2,6,Sunday,2021,22,2021-06-01,2021-06-30,False,False,157,False,Jun 2021,Q2 2021
20210607,2021-06-07,2021,6,June,7,2,0,Monday,2021,23,2021-06-01,2021-06-30,False,True,158,False,Jun 2021,Q2 2021
20210608,2021-06-08,2021,6,June,8,2,1,Tuesday,2021,23,2021-06-01,2021-06-30,False,True,159,False,Jun 2021,Q2 2021
20210609,2021-06-09,2021,6,June,9,2,2,Wednesday,2021,23,2021-06-01,2021-06-30,False,True,160,False,Jun 2021,Q2 2021
20210610,2021-06-10,2021,6,June,10,2,3,Thursday,2021,23,2021-06-01,2021-06-30,False,True,161,False,Jun 2021,Q2 2021
20210611,2021-06-11,2021,6,June,11,2,4,Friday,2021,23,2021-06-01,2021-06-30,False,True,162,False,Jun 2021,Q2 2021
20210612,2021-06-12,2021,6,June,12,2,5,Saturday,2021,23,2021-06-01,2021-06-30,False,False,163,False,Jun 2021,Q2 2021
20210613,2021-06-13,2021,6,June,13,2,6,Sunday,2021,23,2021-06-01,2021-06-30,False,False,164,False,Jun 2021,Q2 2021
20210614,2021-06-14,2021,6,June,14,2,0,Monday,2021,24,2021-06-01,2021-06-30,False,True,165,False,Jun 2021,Q2 2021
20210615,2021-06-15,2021,6,June,15,2,1,Tuesday,2021,24,2021-06-01,2021-06-30,False,True,166,False,Jun 2021,Q2 2021
20210616,2021-06-16,2021,6,June,16,2,2,Wednesday,2021,24,2021-06-01,2021-06-30,False,True,167,False,Jun 2021,Q2 2021
20210617,2021-06-17,2021,6,June,17,2,3,Thursday,2021,24,2021-06-01,2021-06-30,False,True,168,False,Jun 2021,Q2 2021
20210618,2021-06-18,2021,6,June,18,2,4,Friday,2021,24,2021-06-01,2021-06-30,False,True,169,False,Jun 2021,Q2 2021
20210619,2021-06-19,2021,6,June,19,2,5,Saturday,2021,24,2021-06-01,2021-06-30,False,False,170,False,Jun 2021,Q2 2021
20210620,2021-06-20,2021,6,June,20,2,6,Sunday,2021,24,2021-06-01,2021-06-30,False,False,171,False,Jun 2021,Q2 2021
20210621,2021-06-21,2021,6,June,21,2,0,Monday,2021,25,2021-06-01,2021-06-30,False,True,172,False,Jun 2021,Q2 2021
20210622,2021-06-22,2021,6,June,22,2,1,Tuesday,2021,25,2021-06-01,2021-06-30,False,True,173,False,Jun 2021,Q2 2021
20210623,2021-06-23,2021,6,June,23,2,2,Wednesday,2021,25,2021-06-01,2021-06-30,False,True,174,False,Jun 2021,Q2 2021
20210624,2021-06-24,2021,6,June,24,2,3,Thursday,2021,25,2021-06-01,2021-06-30,False,True,175,False,Jun 2021,Q2 2021
20210625,2021-06-25,2021,6,June,25,2,4,Friday,2021,25,2021-06-01,2021-06-30,False,True,176,False,Jun 2021,Q2 2021
20210626,2021-06-26,2021,6,June,26,2,5,Saturday,2021,25,2021-06-01,2021-06-30,False,False,177,False,Jun 2021,Q2 2021
20210627,2021-06-27,2021,6,June,27,2,6,Sunday,2021,25,2021-06-01,2021-06-30,False,False,178,False,Jun 2021,Q2 2021
20210628,2021-06-28,2021,6,June,28,2,0,Monday,2021,26,2021-06-01,2021-06-30,False,True,179,False,Jun 2021,Q2 2021
20210629,2021-06-29,2021,6,June,29,2,1,Tuesday,2021,26,2021-06-01,2021-06-30,False,True,180,False,Jun 2021,Q2 2021
20210630,2021-06-30,2021,6,June,30,2,2,Wednesday,2021,26,2021-06-01,2021-06-30,True,True,181,False,Jun 2021,Q2 2021
20210701,2021-07-01,2021,7,July,1,3,3,Thursday,2021,26,2021-07-01,2021-07-31,False,True,182,False,Jul 2021,Q3 2021
20210702,2021-07-02,2021,7,July,2,3,4,Friday,2021,26,2021-07-01,2021-07-31,False,True,183,False,Jul 2021,Q3 2021
20210703,2021-07-03,2021,7,July,3,3,5,Saturday,2021,26,2021-07-01,2021-07-31,False,False,184,False,Jul 2021,Q3 2021
20210704,2021-07-04,2021,7,July,4,3,6,Sunday,2021,26,2021-07-01,2021-07-31,False,False,185,False,Jul 2021,Q3 2021
20210705,2021-07-05,2021,7,July,5,3,0,Monday,2021,27,2021-07-01,2021-07-31,False,True,186,False,Jul 2021,Q3 2021
20210706,2021-07-06,2021,7,July,6,3,1,Tuesday,2021,27,2021-07-01,2021-07-31,False,True,187,False,Jul 2021,Q3 2021
20210707,2021-07-07,2021,7,July,7,3,2,Wednesday,2021,27,2021-07-01,2021-07-31,False,True,188,False,Jul 2021,Q3 2021
20210708,2021-07-08,2021,7,July,8,3,3,Thursday,2021,27,2021-07-01,2021-07-31,False,True,189,False,Jul 2021,Q3 2021
20210709,2021-07-09,2021,7,July,9,3,4,Friday,2021,27,2021-07-01,2021-07-31,False,True,190,False,Jul 2021,Q3 2021
20210710,2021-07-10,2021,7,July,10,3,5,Saturday,2021,27,2021-07-01,2021-07-31,False,False,191,False,Jul 2021,Q3 2021
20210711,2021-07-11,2021,7,July,11,3,6,Sunday,2021,27,2021-07-01,2021-07-31,False,False,192,False,Jul 2021,Q3 2021
20210712,2021-07-12,2021,7,July,12,3,0,Monday,2021,28,2021-07-01,2021-07-31,False,True,193,False,Jul 2021,Q3 2021
20210713,2021-07-13,2021,7,July,13,3,1,Tuesday,2021,28,2021-07-01,2021-07-31,False,True,194,False,Jul 2021,Q3 2021
20210714,2021-07-14,2021,7,July,14,3,2,Wednesday,2021,28,2021-07-01,2021-07-31,False,True,195,False,Jul 2021,Q3 2021
20210715,2021-07-15,2021,7,July,15,3,3,Thursday,2021,28,2021-07-01,2021-07-31,False,True,196,False,Jul 2021,Q3 2021
20210716,2021-07-16,2021,7,July,16,3,4,Friday,2021,28,2021-07-01,2021-07-31,False,True,197,False,Jul 2021,Q3 2021
20210717,2021-07-17,2021,7,July,17,3,5,Saturday,2021,28,2021-07-01,2021-07-31,False,False,198,False,Jul 2021,Q3 2021
20210718,2021-07-18,2021,7,July,18,3,6,Sunday,2021,28,2021-07-01,2021-07-31,False,False,199,False,Jul 2021,Q3 2021
20210719,2021-07-19,2021,7,July,19,3,0,Monday,2021,29,2021-07-01,2021-07-31,False,True,200,False,Jul 2021,Q3 2021
20210720,2021-07-20,2021,7,July,20,3,1,Tuesday,2021,29,2021-07-01,2021-07-31,False,True,201,False,Jul 2021,Q3 2021
20210721,2021-07-21,2021,7,July,21,3,2,Wednesday,2021,29,2021-07-01,2021-07-31,False,True,202,False,Jul 2021,Q3 2021
20210722,2021-07-22,2021,7,July,22,3,3,Thursday,2021,29,2021-07-01,2021-07-31,False,True,203,False,Jul 2021,Q3 2021
20210723,2021-07-23,2021,7,July,23,3,4,Friday,2021,29,2021-07-01,2021-07-31,False,True,204,False,Jul 2021,Q3 2021
20210724,2021-07-24,2021,7,July,24,3,5,Saturday,2021,29,2021-07-01,2021-07-31,False,False,205,False,Jul 2021,Q3 2021
20210725,2021-07-25,2021,7,July,25,3,6,Sunday,2021,29,2021-07-01,2021-07-31,False,False,206,False,Jul 2021,Q3 2021
20210726,2021-07-26,2021,7,July,26,3,0,Monday,2021,30,2021-07-01,2021-07-31,False,True,207,False,Jul 2021,Q3 2021
20210727,2021-07-27,2021,7,July,27,3,1,Tuesday,2021,30,2021-07-01,2021-07-31,False,True,208,False,Jul 2021,Q3 2021
20210728,2021-07-28,2021,7,July,28,3,2,Wednesday,2021,30,2021-07-01,2021-07-31,False,True,209,False,Jul 2021,Q3 2021
20210729,2021-07-29,2021,7,July,29,3,3,Thursday,2021,30,2021-07-01,2021-07-31,False,True,210,False,Jul 2021,Q3 2021
20210730,2021-07-30,2021,7,July,30,3,4,Friday,2021,30,2021-07-01,2021-07-31,False,True,211,False,Jul 2021,Q3 2021
20210731,2021-07-31,2021,7,July,31,3,5,Saturday,2021,30,2021-07-01,2021-07-31,True,False,212,False,Jul 2021,Q3 2021
20210801,2021-08-01,2021,8,August,1,3,6,Sunday,2021,30,2021-08-01,2021-08-31,False,False,213,False,Aug 2021,Q3 2021
20210802,2021-08-02,2021,8,August,2,3,0,Monday,2021,31,2021-08-01,2021-08-31,False,True,214,False,Aug 2021,Q3 2021
20210803,2021-08-03,2021,8,August,3,3,1,Tuesday,2021,31,2021-08-01,2021-08-31,False,True,215,False,Aug 2021,Q3 2021
20210804,2021-08-04,2021,8,August,4,3,2,Wednesday,2021,31,2021-08-01,2021-08-31,False,True,216,False,Aug 2021,Q3 2021
20210805,2021-08-05,2021,8,August,5,3,3,Thursday,2021,31,2021-08-01,2021-08-31,False,True,217,False,Aug 2021,Q3 2021
20210806,2021-08-06,2021,8,August,6,3,4,Friday,2021,31,2021-08-01,2021-08-31,False,True,218,False,Aug 2021,Q3 2021
20210807,2021-08-07,2021,8,August,7,3,5,Saturday,2021,31,2021-08-01,2021-08-31,False,False,219,False,Aug 2021,Q3 2021
20210808,2021-08-08,2021,8,August,8,3,6,Sunday,2021,31,2021-08-01,2021-08-31,False,False,220,False,Aug 2021,Q3 2021
20210809,2021-08-09,2021,8,August,9,3,0,Monday,2021,32,2021-08-01,2021-08-31,False,True,221,False,Aug 2021,Q3 2021
20210810,2021-08-10,2021,8,August,10,3,1,Tuesday,2021,32,2021-08-01,2021-08-31,False,True,222,False,Aug 2021,Q3 2021
20210811,2021-08-11,2021,8,August,11,3,2,Wednesday,2021,32,2021-08-01,2021-08-31,False,True,223,False,Aug 2021,Q3 2021
20210812,2021-08-12,2021,8,August,12,3,3,Thursday,2021,32,2021-08-01,2021-08-31,False,True,224,False,Aug 2021,Q3 2021
20210813,2021-08-13,2021,8,August,13,3,4,Friday,2021,32,2021-08-01,2021-08-31,False,True,225,False,Aug 2021,Q3 2021
20210814,2021-08-14,2021,8,August,14,3,5,Saturday,2021,32,2021-08-01,2021-08-31,False,False,226,False,Aug 2021,Q3 2021
20210815,2021-08-15,2021,8,August,15,3,6,Sunday,2021,32,2021-08-01,2021-08-31,False,False,227,False,Aug 2021,Q3 2021
20210816,2021-08-16,2021,8,August,16,3,0,Monday,2021,33,2021-08-01,2021-08-31,False,True,228,False,Aug 2021,Q3 2021
20210817,2021-08-17,2021,8,August,17,3,1,Tuesday,2021,33,2021-08-01,2021-08-31,False,True,229,False,Aug 2021,Q3 2021
20210818,2021-08-18,2021,8,August,18,3,2,Wednesday,2021,33,2021-08-01,2021-08-31,False,True,230,False,Aug 2021,Q3 2021
20210819,2021-08-19,2021,8,August,19,3,3,Thursday,2021,33,2021-08-01,2021-08-31,False,True,231,False,Aug 2021,Q3 2021
20210820,2021-08-20,2021,8,August,20,3,4,Friday,2021,33,2021-08-01,2021-08-31,False,True,232,False,Aug 2021,Q3 2021
20210821,2021-08-21,2021,8,August,21,3,5,Saturday,2021,33,2021-08-01,2021-08-31,False,False,233,False,Aug 2021,Q3 2021
20210822,2021-08-22,2021,8,August,22,3,6,Sunday,2021,33,2021-08-01,2021-08-31,False,False,234,False,Aug 2021,Q3 2021
20210823,2021-08-23,2021,8,August,23,3,0,Monday,2021,34,2021-08-01,2021-08-31,False,True,235,False,Aug 2021,Q3 2021
20210824,2021-08-24,2021,8,August,24,3,1,Tuesday,2021,34,2021-08-01,2021-08-31,False,True,236,False,Aug 2021,Q3 2021
20210825,2021-08-25,2021,8,August,25,3,2,Wednesday,2021,34,2021-08-01,2021-08-31,False,True,237,False,Aug 2021,Q3 2021
20210826,2021-08-26,2021,8,August,26,3,3,Thursday,2021,34,2021-08-01,2021-08-31,False,True,238,False,Aug 2021,Q3 2021
20210827,2021-08-27,2021,8,August,27,3,4,Friday,2021,34,2021-08-01,2021-08-31,False,True,239,False,Aug 2021,Q3 2021
20210828,2021-08-28,2021,8,August,28,3,5,Saturday,2021,34,2021-08-01,2021-08-31,False,False,240,False,Aug 2021,Q3 2021
20210829,2021-08-29,2021,8,August,29,3,6,Sunday,2021,34,2021-08-01,2021-08-31,False,False,241,False,Aug 2021,Q3 2021
20210830,2021-08-30,2021,8,August,30,3,0,Monday,2021,35,2021-08-01,2021-08-31,False,True,242,False,Aug 2021,Q3 2021
20210831,2021-08-31,2021,8,August,31,3,1,Tuesday,2021,35,2021-08-01,2021-08-31,True,True,243,False,Aug 2021,Q3 2021
20210901,2021-09-01,2021,9,September,1,3,2,Wednesday,2021,35,2021-09-01,2021-09-30,False,True,244,False,Sep 2021,Q3 2021
20210902,2021-09-02,2021,9,September,2,3,3,Thursday,2021,35,2021-09-01,2021-09-30,False,True,245,False,Sep 2021,Q3 2021
20210903,2021-09-03,2021,9,September,3,3,4,Friday,2021,35,2021-09-01,2021-09-30,False,True,246,False,Sep 2021,Q3 2021
20210904,2021-09-04,2021,9,September,4,3,5,Saturday,2021,35,2021-09-01,2021-09-30,False,False,247,False,Sep 2021,Q3 2021
20210905,2021-09-05,2021,9,September,5,3,6,Sunday,2021,35,2021-09-01,2021-09-30,False,False,248,False,Sep 2021,Q3 2021
20210906,2021-09-06,2021,9,September,6,3,0,Monday,2021,36,2021-09-01,2021-09-30,False,True,249,False,Sep 2021,Q3 2021
20210907,2021-09-07,2021,9,September,7,3,1,Tuesday,2021,36,2021-09-01,2021-09-30,False,True,250,False,Sep 2021,Q3 2021
20210908,2021-09-08,2021,9,September,8,3,2,Wednesday,2021,36,2021-09-01,2021-09-30,False,True,251,False,Sep 2021,Q3 2021
20210909,2021-09-09,2021,9,September,9,3,3,Thursday,2021,36,2021-09-01,2021-09-30,False,True,252,False,Sep 2021,Q3 2021
20210910,2021-09-10,2021,9,September,10,3,4,Friday,2021,36,2021-09-01,2021-09-30,False,True,253,False,Sep 2021,Q3 2021
20210911,2021-09-11,2021,9,September,11,3,5,Saturday,2021,36,2021-09-01,2021-09-30,False,False,254,False,Sep 2021,Q3 2021
20210912,2021-09-12,2021,9,September,12,3,6,Sunday,2021,36,2021-09-01,2021-09-30,False,False,255,False,Sep 2021,Q3 2021
20210913,2021-09-13,2021,9,September,13,3,0,Monday,2021,37,2021-09-01,2021-09-30,False,True,256,False,Sep 2021,Q3 2021
20210914,2021-09-14,2021,9,September,14,3,1,Tuesday,2021,37,2021-09-01,2021-09-30,False,True,257,False,Sep 2021,Q3 2021
20210915,2021-09-15,2021,9,September,15,3,2,Wednesday,2021,37,2021-09-01,2021-09-30,False,True,258,False,Sep 2021,Q3 2021
20210916,2021-09-16,2021,9,September,16,3,3,Thursday,2021,37,2021-09-01,2021-09-30,False,True,259,False,Sep 2021,Q3 2021
20210917,2021-09-17,2021,9,September,17,3,4,Friday,2021,37,2021-09-01,2021-09-30,False,True,260,False,Sep 2021,Q3 2021
20210918,2021-09-18,2021,9,September,18,3,5,Saturday,2021,37,2021-09-01,2021-09-30,False,False,261,False,Sep 2021,Q3 2021
20210919,2021-09-19,2021,9,September,19,3,6,Sunday,2021,37,2021-09-01,2021-09-30,False,False,262,False,Sep 2021,Q3 2021
20210920,2021-09-20,2021,9,September,20,3,0,Monday,2021,38,2021-09-01,2021-09-30,False,True,263,False,Sep 2021,Q3 2021
20210921,2021-09-21,2021,9,September,21,3,1,Tuesday,2021,38,2021-09-01,2021-09-30,False,True,264,False,Sep 2021,Q3 2021
20210922,2021-09-22,2021,9,September,22,3,2,Wednesday,2021,38,2021-09-01,2021-09-30,False,True,265,False,Sep 2021,Q3 2021
20210923,2021-09-23,2021,9,September,23,3,3,Thursday,2021,38,2021-09-01,2021-09-30,False,True,266,False,Sep 2021,Q3 2021
20210924,2021-09-24,2021,9,September,24,3,4,Friday,2021,38,2021-09-01,2021-09-30,False,True,267,False,Sep 2021,Q3 2021
20210925,2021-09-25,2021,9,September,25,3,5,Saturday,2021,38,2021-09-01,2021-09-30,False,False,268,False,Sep 2021,Q3 2021
20210926,2021-09-26,2021,9,September,26,3,6,Sunday,2021,38,2021-09-01,2021-09-30,False,False,269,False,Sep 2021,Q3 2021
20210927,2021-09-27,2021,9,September,27,3,0,Monday,2021,39,2021-09-01,2021-09-30,False,True,270,False,Sep 2021,Q3 2021
20210928,2021-09-28,2021,9,September,28,3,1,Tuesday,2021,39,2021-09-01,2021-09-30,False,True,271,False,Sep 2021,Q3 2021
20210929,2021-09-29,2021,9,September,29,3,2,Wednesday,2021,39,2021-09-01,2021-09-30,False,True,272,False,Sep 2021,Q3 2021
20210930,2021-09-30,2021,9,September,30,3,3,Thursday,2021,39,2021-09-01,2021-09-30,True,True,273,False,Sep 2021,Q3 2021
20211001,2021-10-01,2021,10,October,1,4,4,Friday,2021,39,2021-10-01,2021-10-31,False,True,274,False,Oct 2021,Q4 2021
20211002,2021-10-02,2021,10,October,2,4,5,Saturday,2021,39,2021-10-01,2021-10-31,False,False,275,False,Oct 2021,Q4 2021
20211003,2021-10-03,2021,10,October,3,4,6,Sunday,2021,39,2021-10-01,2021-10-31,False,False,276,False,Oct 2021,Q4 2021
20211004,2021-10-04,2021,10,October,4,4,0,Monday,2021,40,2021-10-01,2021-10-31,False,True,277,False,Oct 2021,Q4 2021
20211005,2021-10-05,2021,10,October,5,4,1,Tuesday,2021,40,2021-10-01,2021-10-31,False,True,278,False,Oct 2021,Q4 2021
20211006,2021-10-06,2021,10,October,6,4,2,Wednesday,2021,40,2021-10-01,2021-10-31,False,True,279,False,Oct 2021,Q4 2021
20211007,2021-10-07,2021,10,October,7,4,3,Thursday,2021,40,2021-10-01,2021-10-31,False,True,280,False,Oct 2021,Q4 2021
20211008,2021-10-08,2021,10,October,8,4,4,Friday,2021,40,2021-10-01,2021-10-31,False,True,281,False,Oct 2021,Q4 2021
20211009,2021-10-09,2021,10,October,9,4,5,Saturday,2021,40,2021-10-01,2021-10-31,False,False,282,False,Oct 2021,Q4 2021
20211010,2021-10-10,2021,10,October,10,4,6,Sunday,2021,40,2021-10-01,2021-10-31,False,False,283,False,Oct 2021,Q4 2021
20211011,2021-10-11,2021,10,October,11,4,0,Monday,2021,41,2021-10-01,2021-10-31,False,True,284,False,Oct 2021,Q4 2021
20211012,2021-10-12,2021,10,October,12,4,1,Tuesday,2021,41,2021-10-01,2021-10-31,False,True,285,False,Oct 2021,Q4 2021
20211013,2021-10-13,2021,10,October,13,4,2,Wednesday,2021,41,2021-10-01,2021-10-31,False,True,286,False,Oct 2021,Q4 2021
20211014,2021-10-14,2021,10,October,14,4,3,Thursday,2021,41,2021-10-01,2021-10-31,False,True,287,False,Oct 2021,Q4 2021
20211015,2021-10-15,2021,10,October,15,4,4,Friday,2021,41,2021-10-01,2021-10-31,False,True,288,False,Oct 2021,Q4 2021
20211016,2021-10-16,2021,10,October,16,4,5,Saturday,2021,41,2021-10-01,2021-10-31,False,False,289,False,Oct 2021,Q4 2021
20211017,2021-10-17,2021,10,October,17,4,6,Sunday,2021,41,2021-10-01,2021-10-31,False,False,290,False,Oct 2021,Q4 2021
20211018,2021-10-18,2021,10,October,18,4,0,Monday,2021,42,2021-10-01,2021-10-31,False,True,291,False,Oct 2021,Q4 2021
20211019,2021-10-19,2021,10,October,19,4,1,Tuesday,2021,42,2021-10-01,2021-10-31,False,True,292,False,Oct 2021,Q4 2021
20211020,2021-10-20,2021,10,October,20,4,2,Wednesday,2021,42,2021-10-01,2021-10-31,False,True,293,False,Oct 2021,Q4 2021
20211021,2021-10-21,2021,10,October,21,4,3,Thursday,2021,42,2021-10-01,2021-10-31,False,True,294,False,Oct 2021,Q4 2021
20211022,2021-10-22,2021,10,October,22,4,4,Friday,2021,42,2021-10-01,2021-10-31,False,True,295,False,Oct 2021,Q4 2021
20211023,2021-10-23,2021,10,October,23,4,5,Saturday,2021,42,2021-10-01,2021-10-31,False,False,296,False,Oct 2021,Q4 2021
20211024,2021-10-24,2021,10,October,24,4,6,Sunday,2021,42,2021-10-01,2021-10-31,False,False,297,False,Oct 2021,Q4 2021
20211025,2021-10-25,2021,10,October,25,4,0,Monday,2021,43,2021-10-01,2021-10-31,False,True,298,False,Oct 2021,Q4 2021
20211026,2021-10-26,2021,10,October,26,4,1,Tuesday,2021,43,2021-10-01,2021-10-31,False,True,299,False,Oct 2021,Q4 2021
20211027,2021-10-27,2021,10,October,27,4,2,Wednesday,2021,43,2021-10-01,2021-10-31,False,True,300,False,Oct 2021,Q4 2021
20211028,2021-10-28,2021,10,October,28,4,3,Thursday,2021,43,2021-10-01,2021-10-31,False,True,301,False,Oct 2021,Q4 2021
20211029,2021-10-29,2021,10,October,29,4,4,Friday,2021,43,2021-10-01,2021-10-31,False,True,302,False,Oct 2021,Q4 2021
20211030,2021-10-30,2021,10,October,30,4,5,Saturday,2021,43,2021-10-01,2021-10-31,False,False,303,False,Oct 2021,Q4 2021
20211031,2021-10-31,2021,10,October,31,4,6,Sunday,2021,43,2021-10-01,2021-10-31,True,False,304,False,Oct 2021,Q4 2021
20211101,2021-11-01,2021,11,November,1,4,0,Monday,2021,44,2021-11-01,2021-11-30,False,True,305,False,Nov 2021,Q4 2021
20211102,2021-11-02,2021,11,November,2,4,1,Tuesday,2021,44,2021-11-01,2021-11-30,False,True,306,False,Nov 2021,Q4 2021
20211103,2021-11-03,2021,11,November,3,4,2,Wednesday,2021,44,2021-11-01,2021-11-30,False,True,307,False,Nov 2021,Q4 2021
20211104,2021-11-04,2021,11,November,4,4,3,Thursday,2021,44,2021-11-01,2021-11-30,False,True,308,False,Nov 2021,Q4 2021
20211105,2021-11-05,2021,11,November,5,4,4,Friday,2021,44,2021-11-01,2021-11-30,False,True,309,False,Nov 2021,Q4 2021
20211106,2021-11-06,2021,11,November,6,4,5,Saturday,2021,44,2021-11-01,2021-11-30,False,False,310,False,Nov 2021,Q4 2021
20211107,2021-11-07,2021,11,November,7,4,6,Sunday,2021,44,2021-11-01,2021-11-30,False,False,311,False,Nov 2021,Q4 2021
20211108,2021-11-08,2021,11,November,8,4,0,Monday,2021,45,2021-11-01,2021-11-30,False,True,312,False,Nov 2021,Q4 2021
20211109,2021-11-09,2021,11,November,9,4,1,Tuesday,2021,45,2021-11-01,2021-11-30,False,True,313,False,Nov 2021,Q4 2021
20211110,2021-11-10,2021,11,November,10,4,2,Wednesday,2021,45,2021-11-01,2021-11-30,False,True,314,False,Nov 2021,Q4 2021
20211111,2021-11-11,2021,11,November,11,4,3,Thursday,2021,45,2021-11-01,2021-11-30,False,True,315,False,Nov 2021,Q4 2021
20211112,2021-11-12,2021,11,November,12,4,4,Friday,2021,45,2021-11-01,2021-11-30,False,True,316,False,Nov 2021,Q4 2021
20211113,2021-11-13,2021,11,November,13,4,5,Saturday,2021,45,2021-11-01,2021-11-30,False,False,317,False,Nov 2021,Q4 2021
20211114,2021-11-14,2021,11,November,14,4,6,Sunday,2021,45,2021-11-01,2021-11-30,False,False,318,False,Nov 2021,Q4 2021
20211115,2021-11-15,2021,11,November,15,4,0,Monday,2021,46,2021-11-01,2021-11-30,False,True,319,False,Nov 2021,Q4 2021
20211116,2021-11-16,2021,11,November,16,4,1,Tuesday,2021,46,2021-11-01,2021-11-30,False,True,320,False,Nov 2021,Q4 2021
20211117,2021-11-17,2021,11,November,17,4,2,Wednesday,2021,46,2021-11-01,2021-11-30,False,True,321,False,Nov 2021,Q4 2021
20211118,2021-11-18,2021,11,November,18,4,3,Thursday,2021,46,2021-11-01,2021-11-30,False,True,322,False,Nov 2021,Q4 2021
20211119,2021-11-19,2021,11,November,19,4,4,Friday,2021,46,2021-11-01,2021-11-30,False,True,323,False,Nov 2021,Q4 2021
20211120,2021-11-20,2021,11,November,20,4,5,Saturday,2021,46,2021-11-01,2021-11-30,False,False,324,False,Nov 2021,Q4 2021
20211121,2021-11-21,2021,11,November,21,4,6,Sunday,2021,46,2021-11-01,2021-11-30,False,False,325,False,Nov 2021,Q4 2021
20211122,2021-11-22,2021,11,November,22,4,0,Monday,2021,47,2021-11-01,2021-11-30,False,True,326,False,Nov 2021,Q4 2021
20211123,2021-11-23,2021,11,November,23,4,1,Tuesday,2021,47,2021-11-01,2021-11-30,False,True,327,False,Nov 2021,Q4 2021
20211124,2021-11-24,2021,11,November,24,4,2,Wednesday,2021,47,2021-11-01,2021-11-30,False,True,328,False,Nov 2021,Q4 2021
20211125,2021-11-25,2021,11,November,25,4,3,Thursday,2021,47,2021-11-01,2021-11-30,False,True,329,False,Nov 2021,Q4 2021
20211126,2021-11-26,2021,11,November,26,4,4,Friday,2021,47,2021-11-01,2021-11-30,False,True,330,False,Nov 2021,Q4 2021
20211127,2021-11-27,2021,11,November,27,4,5,Saturday,2021,47,2021-11-01,2021-11-30,False,False,331,False,Nov 2021,Q4 2021
20211128,2021-11-28,2021,11,November,28,4,6,Sunday,2021,47,2021-11-01,2021-11-30,False,False,332,False,Nov 2021,Q4 2021
20211129,2021-11-29,2021,11,November,29,4,0,Monday,2021,48,2021-11-01,2021-11-30,False,True,333,False,Nov 2021,Q4 2021
20211130,2021-11-30,2021,11,November,30,4,1,Tuesday,2021,48,2021-11-01,2021-11-30,True,True,334,False,Nov 2021,Q4 2021
20211201,2021-12-01,2021,12,December,1,4,2,Wednesday,2021,48,2021-12-01,2021-12-31,False,True,335,False,Dec 2021,Q4 2021
20211202,2021-12-02,2021,12,December,2,4,3,Thursday,2021,48,2021-12-01,2021-12-31,False,True,336,False,Dec 2021,Q4 2021
20211203,2021-12-03,2021,12,December,3,4,4,Friday,2021,48,2021-12-01,2021-12-31,False,True,337,False,Dec 2021,Q4 2021
20211204,2021-12-04,2021,12,December,4,4,5,Saturday,2021,48,2021-12-01,2021-12-31,False,False,338,False,Dec 2021,Q4 2021
20211205,2021-12-05,2021,12,December,5,4,6,Sunday,2021,48,2021-12-01,2021-12-31,False,False,339,False,Dec 2021,Q4 2021
20211206,2021-12-06,2021,12,December,6,4,0,Monday,2021,49,2021-12-01,2021-12-31,False,True,340,False,Dec 2021,Q4 2021
20211207,2021-12-07,2021,12,December,7,4,1,Tuesday,2021,49,2021-12-01,2021-12-31,False,True,341,False,Dec 2021,Q4 2021
20211208,2021-12-08,2021,12,December,8,4,2,Wednesday,2021,49,2021-12-01,2021-12-31,False,True,342,False,Dec 2021,Q4 2021
20211209,2021-12-09,2021,12,December,9,4,3,Thursday,2021,49,2021-12-01,2021-12-31,False,True,343,False,Dec 2021,Q4 2021
20211210,2021-12-10,2021,12,December,10,4,4,Friday,2021,49,2021-12-01,2021-12-31,False,True,344,False,Dec 2021,Q4 2021
20211211,2021-12-11,2021,12,December,11,4,5,Saturday,2021,49,2021-12-01,2021-12-31,False,False,345,False,Dec 2021,Q4 2021
20211212,2021-12-12,2021,12,December,12,4,6,Sunday,2021,49,2021-12-01,2021-12-31,False,False,346,False,Dec 2021,Q4 2021
20211213,2021-12-13,2021,12,December,13,4,0,Monday,2021,50,2021-12-01,2021-12-31,False,True,347,False,Dec 2021,Q4 2021
20211214,2021-12-14,2021,12,December,14,4,1,Tuesday,2021,50,2021-12-01,2021-12-31,False,True,348,False,Dec 2021,Q4 2021
20211215,2021-12-15,2021,12,December,15,4,2,Wednesday,2021,50,2021-12-01,2021-12-31,False,True,349,False,Dec 2021,Q4 2021
20211216,2021-12-16,2021,12,December,16,4,3,Thursday,2021,50,2021-12-01,2021-12-31,False,True,350,False,Dec 2021,Q4 2021
20211217,2021-12-17,2021,12,December,17,4,4,Friday,2021,50,2021-12-01,2021-12-31,False,True,351,False,Dec 2021,Q4 2021
20211218,2021-12-18,2021,12,December,18,4,5,Saturday,2021,50,2021-12-01,2021-12-31,False,False,352,False,Dec 2021,Q4 2021
20211219,2021-12-19,2021,12,December,19,4,6,Sunday,2021,50,2021-12-01,2021-12-31,False,False,353,False,Dec 2021,Q4 2021
20211220,2021-12-20,2021,12,December,20,4,0,Monday,2021,51,2021-12-01,2021-12-31,False,True,354,False,Dec 2021,Q4 2021
20211221,2021-12-21,2021,12,December,21,4,1,Tuesday,2021,51,2021-12-01,2021-12-31,False,True,355,False,Dec 2021,Q4 2021
20211222,2021-12-22,2021,12,December,22,4,2,Wednesday,2021,51,2021-12-01,2021-12-31,False,True,356,False,Dec 2021,Q4 2021
20211223,2021-12-23,2021,12,December,23,4,3,Thursday,2021,51,2021-12-01,2021-12-31,False,True,357,False,Dec 2021,Q4 2021
20211224,2021-12-24,2021,12,December,24,4,4,Friday,2021,51,2021-12-01,2021-12-31,False,True,358,False,Dec 2021,Q4 2021
20211225,2021-12-25,2021,12,December,25,4,5,Saturday,2021,51,2021-12-01,2021-12-31,False,False,359,False,Dec 2021,Q4 2021
20211226,2021-12-26,2021,12,December,26,4,6,Sunday,2021,51,2021-12-01,2021-12-31,False,False,360,False,Dec 2021,Q4 2021
20211227,2021-12-27,2021,12,December,27,4,0,Monday,2021,52,2021-12-01,2021-12-31,False,True,361,False,Dec 2021,Q4 2021
20211228,2021-12-28,2021,12,December,28,4,1,Tuesday,2021,52,2021-12-01,2021-12-31,False,True,362,False,Dec 2021,Q4 2021
20211229,2021-12-29,2021,12,December,29,4,2,Wednesday,2021,52,2021-12-01,2021-12-31,False,True,363,False,Dec 2021,Q4 2021
20211230,2021-12-30,2021,12,December,30,4,3,Thursday,2021,52,2021-12-01,2021-12-31,False,True,364,False,Dec 2021,Q4 2021
20211231,2021-12-31,2021,12,December,31,4,4,Friday,2021,52,2021-12-01,2021-12-31,True,True,365,False,Dec 2021,Q4 2021
20220101,2022-01-01,2022,1,January,1,1,5,Saturday,2021,52,2022-01-01,2022-01-31,False,False,1,False,Jan 2022,Q1 2022
20220102,2022-01-02,2022,1,January,2,1,6,Sunday,2021,52,2022-01-01,2022-01-31,False,False,2,False,Jan 2022,Q1 2022
20220103,2022-01-03,2022,1,January,3,1,0,Monday,2022,1,2022-01-01,2022-01-31,False,True,3,False,Jan 2022,Q1 2022
20220104,2022-01-04,2022,1,January,4,1,1,Tuesday,2022,1,2022-01-01,2022-01-31,False,True,4,False,Jan 2022,Q1 2022
20220105,2022-01-05,2022,1,January,5,1,2,Wednesday,2022,1,2022-01-01,2022-01-31,False,True,5,False,Jan 2022,Q1 2022
20220106,2022-01-06,2022,1,January,6,1,3,Thursday,2022,1,2022-01-01,2022-01-31,False,True,6,False,Jan 2022,Q1 2022
20220107,2022-01-07,2022,1,January,7,1,4,Friday,2022,1,2022-01-01,2022-01-31,False,True,7,False,Jan 2022,Q1 2022
20220108,2022-01-08,2022,1,January,8,1,5,Saturday,2022,1,2022-01-01,2022-01-31,False,False,8,False,Jan 2022,Q1 2022
20220109,2022-01-09,2022,1,January,9,1,6,Sunday,2022,1,2022-01-01,2022-01-31,False,False,9,False,Jan 2022,Q1 2022
20220110,2022-01-10,2022,1,January,10,1,0,Monday,2022,2,2022-01-01,2022-01-31,False,True,10,False,Jan 2022,Q1 2022
20220111,2022-01-11,2022,1,January,11,1,1,Tuesday,2022,2,2022-01-01,2022-01-31,False,True,11,False,Jan 2022,Q1 2022
20220112,2022-01-12,2022,1,January,12,1,2,Wednesday,2022,2,2022-01-01,2022-01-31,False,True,12,False,Jan 2022,Q1 2022
20220113,2022-01-13,2022,1,January,13,1,3,Thursday,2022,2,2022-01-01,2022-01-31,False,True,13,False,Jan 2022,Q1 2022
20220114,2022-01-14,2022,1,January,14,1,4,Friday,2022,2,2022-01-01,2022-01-31,False,True,14,False,Jan 2022,Q1 2022
20220115,2022-01-15,2022,1,January,15,1,5,Saturday,2022,2,2022-01-01,2022-01-31,False,False,15,False,Jan 2022,Q1 2022
20220116,2022-01-16,2022,1,January,16,1,6,Sunday,2022,2,2022-01-01,2022-01-31,False,False,16,False,Jan 2022,Q1 2022
20220117,2022-01-17,2022,1,January,17,1,0,Monday,2022,3,2022-01-01,2022-01-31,False,True,17,False,Jan 2022,Q1 2022
20220118,2022-01-18,2022,1,January,18,1,1,Tuesday,2022,3,2022-01-01,2022-01-31,False,True,18,False,Jan 2022,Q1 2022
20220119,2022-01-19,2022,1,January,19,1,2,Wednesday,2022,3,2022-01-01,2022-01-31,False,True,19,False,Jan 2022,Q1 2022
20220120,2022-01-20,2022,1,January,20,1,3,Thursday,2022,3,2022-01-01,2022-01-31,False,True,20,False,Jan 2022,Q1 2022
20220121,2022-01-21,2022,1,January,21,1,4,Friday,2022,3,2022-01-01,2022-01-31,False,True,21,False,Jan 2022,Q1 2022
20220122,2022-01-22,2022,1,January,22,1,5,Saturday,2022,3,2022-01-01,2022-01-31,False,False,22,False,Jan 2022,Q1 2022
20220123,2022-01-23,2022,1,January,23,1,6,Sunday,2022,3,2022-01-01,2022-01-31,False,False,23,False,Jan 2022,Q1 2022
20220124,2022-01-24,2022,1,January,24,1,0,Monday,2022,4,2022-01-01,2022-01-31,False,True,24,False,Jan 2022,Q1 2022
20220125,2022-01-25,2022,1,January,25,1,1,Tuesday,2022,4,2022-01-01,2022-01-31,False,True,25,False,Jan 2022,Q1 2022
20220126,2022-01-26,2022,1,January,26,1,2,Wednesday,2022,4,2022-01-01,2022-01-31,False,True,26,False,Jan 2022,Q1 2022
20220127,2022-01-27,2022,1,January,27,1,3,Thursday,2022,4,2022-01-01,2022-01-31,False,True,27,False,Jan 2022,Q1 2022
20220128,2022-01-28,2022,1,January,28,1,4,Friday,2022,4,2022-01-01,2022-01-31,False,True,28,False,Jan 2022,Q1 2022
20220129,2022-01-29,2022,1,January,29,1,5,Saturday,2022,4,2022-01-01,2022-01-31,False,False,29,False,Jan 2022,Q1 2022
20220130,2022-01-30,2022,1,January,30,1,6,Sunday,2022,4,2022-01-01,2022-01-31,False,False,30,False,Jan 2022,Q1 2022
20220131,2022-01-31,2022,1,January,31,1,0,Monday,2022,5,2022-01-01,2022-01-31,True,True,31,False,Jan 2022,Q1 2022
20220201,2022-02-01,2022,2,February,1,1,1,Tuesday,2022,5,2022-02-01,2022-02-28,False,True,32,False,Feb 2022,Q1 2022
20220202,2022-02-02,2022,2,February,2,1,2,Wednesday,2022,5,2022-02-01,2022-02-28,False,True,33,False,Feb 2022,Q1 2022
20220203,2022-02-03,2022,2,February,3,1,3,Thursday,2022,5,2022-02-01,2022-02-28,False,True,34,False,Feb 2022,Q1 2022
20220204,2022-02-04,2022,2,February,4,1,4,Friday,2022,5,2022-02-01,2022-02-28,False,True,35,False,Feb 2022,Q1 2022
20220205,2022-02-05,2022,2,February,5,1,5,Saturday,2022,5,2022-02-01,2022-02-28,False,False,36,False,Feb 2022,Q1 2022
20220206,2022-02-06,2022,2,February,6,1,6,Sunday,2022,5,2022-02-01,2022-02-28,False,False,37,False,Feb 2022,Q1 2022
20220207,2022-02-07,2022,2,February,7,1,0,Monday,2022,6,2022-02-01,2022-02-28,False,True,38,False,Feb 2022,Q1 2022
20220208,2022-02-08,2022,2,February,8,1,1,Tuesday,2022,6,2022-02-01,2022-02-28,False,True,39,False,Feb 2022,Q1 2022
20220209,2022-02-09,2022,2,February,9,1,2,Wednesday,2022,6,2022-02-01,2022-02-28,False,True,40,False,Feb 2022,Q1 2022
20220210,2022-02-10,2022,2,February,10,1,3,Thursday,2022,6,2022-02-01,2022-02-28,False,True,41,False,Feb 2022,Q1 2022
20220211,2022-02-11,2022,2,February,11,1,4,Friday,2022,6,2022-02-01,2022-02-28,False,True,42,False,Feb 2022,Q1 2022
20220212,2022-02-12,2022,2,February,12,1,5,Saturday,2022,6,2022-02-01,2022-02-28,False,False,43,False,Feb 2022,Q1 2022
20220213,2022-02-13,2022,2,February,13,1,6,Sunday,2022,6,2022-02-01,2022-02-28,False,False,44,False,Feb 2022,Q1 2022
20220214,2022-02-14,2022,2,February,14,1,0,Monday,2022,7,2022-02-01,2022-02-28,False,True,45,False,Feb 2022,Q1 2022
20220215,2022-02-15,2022,2,February,15,1,1,Tuesday,2022,7,2022-02-01,2022-02-28,False,True,46,False,Feb 2022,Q1 2022
20220216,2022-02-16,2022,2,February,16,1,2,Wednesday,2022,7,2022-02-01,2022-02-28,False,True,47,False,Feb 2022,Q1 2022
20220217,2022-02-17,2022,2,February,17,1,3,Thursday,2022,7,2022-02-01,2022-02-28,False,True,48,False,Feb 2022,Q1 2022
20220218,2022-02-18,2022,2,February,18,1,4,Friday,2022,7,2022-02-01,2022-02-28,False,True,49,False,Feb 2022,Q1 2022
20220219,2022-02-19,2022,2,February,19,1,5,Saturday,2022,7,2022-02-01,2022-02-28,False,False,50,False,Feb 2022,Q1 2022
20220220,2022-02-20,2022,2,February,20,1,6,Sunday,2022,7,2022-02-01,2022-02-28,False,False,51,False,Feb 2022,Q1 2022
20220221,2022-02-21,2022,2,February,21,1,0,Monday,2022,8,2022-02-01,2022-02-28,False,True,52,False,Feb 2022,Q1 2022
20220222,2022-02-22,2022,2,February,22,1,1,Tuesday,2022,8,2022-02-01,2022-02-28,False,True,53,False,Feb 2022,Q1 2022
20220223,2022-02-23,2022,2,February,23,1,2,Wednesday,2022,8,2022-02-01,2022-02-28,False,True,54,False,Feb 2022,Q1 2022
20220224,2022-02-24,2022,2,February,24,1,3,Thursday,2022,8,2022-02-01,2022-02-28,False,True,55,False,Feb 2022,Q1 2022
20220225,2022-02-25,2022,2,February,25,1,4,Friday,2022,8,2022-02-01,2022-02-28,False,True,56,False,Feb 2022,Q1 2022
20220226,2022-02-26,2022,2,February,26,1,5,Saturday,2022,8,2022-02-01,2022-02-28,False,False,57,False,Feb 2022,Q1 2022
20220227,2022-02-27,2022,2,February,27,1,6,Sunday,2022,8,2022-02-01,2022-02-28,False,False,58,False,Feb 2022,Q1 2022
20220228,2022-02-28,2022,2,February,28,1,0,Monday,2022,9,2022-02-01,2022-02-28,True,True,59,False,Feb 2022,Q1 2022
20220301,2022-03-01,2022,3,March,1,1,1,Tuesday,2022,9,2022-03-01,2022-03-31,False,True,60,False,Mar 2022,Q1 2022
20220302,2022-03-02,2022,3,March,2,1,2,Wednesday,2022,9,2022-03-01,2022-03-31,False,True,61,False,Mar 2022,Q1 2022
20220303,2022-03-03,2022,3,March,3,1,3,Thursday,2022,9,2022-03-01,2022-03-31,False,True,62,False,Mar 2022,Q1 2022
20220304,2022-03-04,2022,3,March,4,1,4,Friday,2022,9,2022-03-01,2022-03-31,False,True,63,False,Mar 2022,Q1 2022
20220305,2022-03-05,2022,3,March,5,1,5,Saturday,2022,9,2022-03-01,2022-03-31,False,False,64,False,Mar 2022,Q1 2022
20220306,2022-03-06,2022,3,March,6,1,6,Sunday,2022,9,2022-03-01,2022-03-31,False,False,65,False,Mar 2022,Q1 2022
20220307,2022-03-07,2022,3,March,7,1,0,Monday,2022,10,2022-03-01,2022-03-31,False,True,66,False,Mar 2022,Q1 2022
20220308,2022-03-08,2022,3,March,8,1,1,Tuesday,2022,10,2022-03-01,2022-03-31,False,True,67,False,Mar 2022,Q1 2022
20220309,2022-03-09,2022,3,March,9,1,2,Wednesday,2022,10,2022-03-01,2022-03-31,False,True,68,False,Mar 2022,Q1 2022
20220310,2022-03-10,2022,3,March,10,1,3,Thursday,2022,10,2022-03-01,2022-03-31,False,True,69,False,Mar 2022,Q1 2022
20220311,2022-03-11,2022,3,March,11,1,4,Friday,2022,10,2022-03-01,2022-03-31,False,True,70,False,Mar 2022,Q1 2022
20220312,2022-03-12,2022,3,March,12,1,5,Saturday,2022,10,2022-03-01,2022-03-31,False,False,71,False,Mar 2022,Q1 2022
20220313,2022-03-13,2022,3,March,13,1,6,Sunday,2022,10,2022-03-01,2022-03-31,False,False,72,False,Mar 2022,Q1 2022
20220314,2022-03-14,2022,3,March,14,1,0,Monday,2022,11,2022-03-01,2022-03-31,False,True,73,False,Mar 2022,Q1 2022
20220315,2022-03-15,2022,3,March,15,1,1,Tuesday,2022,11,2022-03-01,2022-03-31,False,True,74,False,Mar 2022,Q1 2022
20220316,2022-03-16,2022,3,March,16,1,2,Wednesday,2022,11,2022-03-01,2022-03-31,False,True,75,False,Mar 2022,Q1 2022
20220317,2022-03-17,2022,3,March,17,1,3,Thursday,2022,11,2022-03-01,2022-03-31,False,True,76,False,Mar 2022,Q1 2022
20220318,2022-03-18,2022,3,March,18,1,4,Friday,2022,11,2022-03-01,2022-03-31,False,True,77,False,Mar 2022,Q1 2022
20220319,2022-03-19,2022,3,March,19,1,5,Saturday,2022,11,2022-03-01,2022-03-31,False,False,78,False,Mar 2022,Q1 2022
20220320,2022-03-20,2022,3,March,20,1,6,Sunday,2022,11,2022-03-01,2022-03-31,False,False,79,False,Mar 2022,Q1 2022
20220321,2022-03-21,2022,3,March,21,1,0,Monday,2022,12,2022-03-01,2022-03-31,False,True,80,False,Mar 2022,Q1 2022
20220322,2022-03-22,2022,3,March,22,1,1,Tuesday,2022,12,2022-03-01,2022-03-31,False,True,81,False,Mar 2022,Q1 2022
20220323,2022-03-23,2022,3,March,23,1,2,Wednesday,2022,12,2022-03-01,2022-03-31,False,True,82,False,Mar 2022,Q1 2022
20220324,2022-03-24,2022,3,March,24,1,3,Thursday,2022,12,2022-03-01,2022-03-31,False,True,83,False,Mar 2022,Q1 2022
20220325,2022-03-25,2022,3,March,25,1,4,Friday,2022,12,2022-03-01,2022-03-31,False,True,84,False,Mar 2022,Q1 2022
20220326,2022-03-26,2022,3,March,26,1,5,Saturday,2022,12,2022-03-01,2022-03-31,False,False,85,False,Mar 2022,Q1 2022
20220327,2022-03-27,2022,3,March,27,1,6,Sunday,2022,12,2022-03-01,2022-03-31,False,False,86,False,Mar 2022,Q1 2022
20220328,2022-03-28,2022,3,March,28,1,0,Monday,2022,13,2022-03-01,2022-03-31,False,True,87,False,Mar 2022,Q1 2022
20220329,2022-03-29,2022,3,March,29,1,1,Tuesday,2022,13,2022-03-01,2022-03-31,False,True,88,False,Mar 2022,Q1 2022
20220330,2022-03-30,2022,3,March,30,1,2,Wednesday,2022,13,2022-03-01,2022-03-31,False,True,89,False,Mar 2022,Q1 2022
20220331,2022-03-31,2022,3,March,31,1,3,Thursday,2022,13,2022-03-01,2022-03-31,True,True,90,False,Mar 2022,Q1 2022
20220401,2022-04-01,2022,4,April,1,2,4,Friday,2022,13,2022-04-01,2022-04-30,False,True,91,False,Apr 2022,Q2 2022
20220402,2022-04-02,2022,4,April,2,2,5,Saturday,2022,13,2022-04-01,2022-04-30,False,False,92,False,Apr 2022,Q2 2022
20220403,2022-04-03,2022,4,April,3,2,6,Sunday,2022,13,2022-04-01,2022-04-30,False,False,93,False,Apr 2022,Q2 2022
20220404,2022-04-04,2022,4,April,4,2,0,Monday,2022,14,2022-04-01,2022-04-30,False,True,94,False,Apr 2022,Q2 2022
20220405,2022-04-05,2022,4,April,5,2,1,Tuesday,2022,14,2022-04-01,2022-04-30,False,True,95,False,Apr 2022,Q2 2022
20220406,2022-04-06,2022,4,April,6,2,2,Wednesday,2022,14,2022-04-01,2022-04-30,False,True,96,False,Apr 2022,Q2 2022
20220407,2022-04-07,2022,4,April,7,2,3,Thursday,2022,14,2022-04-01,2022-04-30,False,True,97,False,Apr 2022,Q2 2022
20220408,2022-04-08,2022,4,April,8,2,4,Friday,2022,14,2022-04-01,2022-04-30,False,True,98,False,Apr 2022,Q2 2022
20220409,2022-04-09,2022,4,April,9,2,5,Saturday,2022,14,2022-04-01,2022-04-30,False,False,99,False,Apr 2022,Q2 2022
20220410,2022-04-10,2022,4,April,10,2,6,Sunday,2022,14,2022-04-01,2022-04-30,False,False,100,False,Apr 2022,Q2 2022
20220411,2022-04-11,2022,4,April,11,2,0,Monday,2022,15,2022-04-01,2022-04-30,False,True,101,False,Apr 2022,Q2 2022
20220412,2022-04-12,2022,4,April,12,2,1,Tuesday,2022,15,2022-04-01,2022-04-30,False,True,102,False,Apr 2022,Q2 2022
20220413,2022-04-13,2022,4,April,13,2,2,Wednesday,2022,15,2022-04-01,2022-04-30,False,True,103,False,Apr 2022,Q2 2022
20220414,2022-04-14,2022,4,April,14,2,3,Thursday,2022,15,2022-04-01,2022-04-30,False,True,104,False,Apr 2022,Q2 2022
20220415,2022-04-15,2022,4,April,15,2,4,Friday,2022,15,2022-04-01,2022-04-30,False,True,105,False,Apr 2022,Q2 2022
20220416,2022-04-16,2022,4,April,16,2,5,Saturday,2022,15,2022-04-01,2022-04-30,False,False,106,False,Apr 2022,Q2 2022
20220417,2022-04-17,2022,4,April,17,2,6,Sunday,2022,15,2022-04-01,2022-04-30,False,False,107,False,Apr 2022,Q2 2022
20220418,2022-04-18,2022,4,April,18,2,0,Monday,2022,16,2022-04-01,2022-04-30,False,True,108,False,Apr 2022,Q2 2022
20220419,2022-04-19,2022,4,April,19,2,1,Tuesday,2022,16,2022-04-01,2022-04-30,False,True,109,False,Apr 2022,Q2 2022
20220420,2022-04-20,2022,4,April,20,2,2,Wednesday,2022,16,2022-04-01,2022-04-30,False,True,110,False,Apr 2022,Q2 2022
20220421,2022-04-21,2022,4,April,21,2,3,Thursday,2022,16,2022-04-01,2022-04-30,False,True,111,False,Apr 2022,Q2 2022
20220422,2022-04-22,2022,4,April,22,2,4,Friday,2022,16,2022-04-01,2022-04-30,False,True,112,False,Apr 2022,Q2 2022
20220423,2022-04-23,2022,4,April,23,2,5,Saturday,2022,16,2022-04-01,2022-04-30,False,False,113,False,Apr 2022,Q2 2022
20220424,2022-04-24,2022,4,April,24,2,6,Sunday,2022,16,2022-04-01,2022-04-30,False,False,114,False,Apr 2022,Q2 2022
20220425,2022-04-25,2022,4,April,25,2,0,Monday,2022,17,2022-04-01,2022-04-30,False,True,115,False,Apr 2022,Q2 2022
20220426,2022-04-26,2022,4,April,26,2,1,Tuesday,2022,17,2022-04-01,2022-04-30,False,True,116,False,Apr 2022,Q2 2022
20220427,2022-04-27,2022,4,April,27,2,2,Wednesday,2022,17,2022-04-01,2022-04-30,False,True,117,False,Apr 2022,Q2 2022
20220428,2022-04-28,2022,4,April,28,2,3,Thursday,2022,17,2022-04-01,2022-04-30,False,True,118,False,Apr 2022,Q2 2022
20220429,2022-04-29,2022,4,April,29,2,4,Friday,2022,17,2022-04-01,2022-04-30,False,True,119,False,Apr 2022,Q2 2022
20220430,2022-04-30,2022,4,April,30,2,5,Saturday,2022,17,2022-04-01,2022-04-30,True,False,120,False,Apr 2022,Q2 2022
20220501,2022-05-01,2022,5,May,1,2,6,Sunday,2022,17,2022-05-01,2022-05-31,False,False,121,False,May 2022,Q2 2022
20220502,2022-05-02,2022,5,May,2,2,0,Monday,2022,18,2022-05-01,2022-05-31,False,True,122,False,May 2022,Q2 2022
20220503,2022-05-03,2022,5,May,3,2,1,Tuesday,2022,18,2022-05-01,2022-05-31,False,True,123,False,May 2022,Q2 2022
20220504,2022-05-04,2022,5,May,4,2,2,Wednesday,2022,18,2022-05-01,2022-05-31,False,True,124,False,May 2022,Q2 2022
20220505,2022-05-05,2022,5,May,5,2,3,Thursday,2022,18,2022-05-01,2022-05-31,False,True,125,False,May 2022,Q2 2022
20220506,2022-05-06,2022,5,May,6,2,4,Friday,2022,18,2022-05-01,2022-05-31,False,True,126,False,May 2022,Q2 2022
20220507,2022-05-07,2022,5,May,7,2,5,Saturday,2022,18,2022-05-01,2022-05-31,False,False,127,False,May 2022,Q2 2022
20220508,2022-05-08,2022,5,May,8,2,6,Sunday,2022,18,2022-05-01,2022-05-31,False,False,128,False,May 2022,Q2 2022
20220509,2022-05-09,2022,5,May,9,2,0,Monday,2022,19,2022-05-01,2022-05-31,False,True,129,False,May 2022,Q2 2022
20220510,2022-05-10,2022,5,May,10,2,1,Tuesday,2022,19,2022-05-01,2022-05-31,False,True,130,False,May 2022,Q2 2022
20220511,2022-05-11,2022,5,May,11,2,2,Wednesday,2022,19,2022-05-01,2022-05-31,False,True,131,False,May 2022,Q2 2022
20220512,2022-05-12,2022,5,May,12,2,3,Thursday,2022,19,2022-05-01,2022-05-31,False,True,132,False,May 2022,Q2 2022
20220513,2022-05-13,2022,5,May,13,2,4,Friday,2022,19,2022-05-01,2022-05-31,False,True,133,False,May 2022,Q2 2022
20220514,2022-05-14,2022,5,May,14,2,5,Saturday,2022,19,2022-05-01,2022-05-31,False,False,134,False,May 2022,Q2 2022
20220515,2022-05-15,2022,5,May,15,2,6,Sunday,2022,19,2022-05-01,2022-05-31,False,False,135,False,May 2022,Q2 2022
20220516,2022-05-16,2022,5,May,16,2,0,Monday,2022,20,2022-05-01,2022-05-31,False,True,136,False,May 2022,Q2 2022
20220517,2022-05-17,2022,5,May,17,2,1,Tuesday,2022,20,2022-05-01,2022-05-31,False,True,137,False,May 2022,Q2 2022
20220518,2022-05-18,2022,5,May,18,2,2,Wednesday,2022,20,2022-05-01,2022-05-31,False,True,138,False,May 2022,Q2 2022
20220519,2022-05-19,2022,5,May,19,2,3,Thursday,2022,20,2022-05-01,2022-05-31,False,True,139,False,May 2022,Q2 2022
20220520,2022-05-20,2022,5,May,20,2,4,Friday,2022,20,2022-05-01,2022-05-31,False,True,140,False,May 2022,Q2 2022
20220521,2022-05-21,2022,5,May,21,2,5,Saturday,2022,20,2022-05-01,2022-05-31,False,False,141,False,May 2022,Q2 2022
20220522,2022-05-22,2022,5,May,22,2,6,Sunday,2022,20,2022-05-01,2022-05-31,False,False,142,False,May 2022,Q2 2022
20220523,2022-05-23,2022,5,May,23,2,0,Monday,2022,21,2022-05-01,2022-05-31,False,True,143,False,May 2022,Q2 2022
20220524,2022-05-24,2022,5,May,24,2,1,Tuesday,2022,21,2022-05-01,2022-05-31,False,True,144,False,May 2022,Q2 2022
20220525,2022-05-25,2022,5,May,25,2,2,Wednesday,2022,21,2022-05-01,2022-05-31,False,True,145,False,May 2022,Q2 2022
20220526,2022-05-26,2022,5,May,26,2,3,Thursday,2022,21,2022-05-01,2022-05-31,False,True,146,False,May 2022,Q2 2022
20220527,2022-05-27,2022,5,May,27,2,4,Friday,2022,21,2022-05-01,2022-05-31,False,True,147,False,May 2022,Q2 2022
20220528,2022-05-28,2022,5,May,28,2,5,Saturday,2022,21,2022-05-01,2022-05-31,False,False,148,False,May 2022,Q2 2022
20220529,2022-05-29,2022,5,May,29,2,6,Sunday,2022,21,2022-05-01,2022-05-31,False,False,149,False,May 2022,Q2 2022
20220530,2022-05-30,2022,5,May,30,2,0,Monday,2022,22,2022-05-01,2022-05-31,False,True,150,False,May 2022,Q2 2022
20220531,2022-05-31,2022,5,May,31,2,1,Tuesday,2022,22,2022-05-01,2022-05-31,True,True,151,False,May 2022,Q2 2022
20220601,2022-06-01,2022,6,June,1,2,2,Wednesday,2022,22,2022-06-01,2022-06-30,False,True,152,False,Jun 2022,Q2 2022
20220602,2022-06-02,2022,6,June,2,2,3,Thursday,2022,22,2022-06-01,2022-06-30,False,True,153,False,Jun 2022,Q2 2022
20220603,2022-06-03,2022,6,June,3,2,4,Friday,2022,22,2022-06-01,2022-06-30,False,True,154,False,Jun 2022,Q2 2022
20220604,2022-06-04,2022,6,June,4,2,5,Saturday,2022,22,2022-06-01,2022-06-30,False,False,155,False,Jun 2022,Q2 2022
20220605,2022-06-05,2022,6,June,5,2,6,Sunday,2022,22,2022-06-01,2022-06-30,False,False,156,False,Jun 2022,Q2 2022
20220606,2022-06-06,2022,6,June,6,2,0,Monday,2022,23,2022-06-01,2022-06-30,False,True,157,False,Jun 2022,Q2 2022
20220607,2022-06-07,2022,6,June,7,2,1,Tuesday,2022,23,2022-06-01,2022-06-30,False,True,158,False,Jun 2022,Q2 2022
20220608,2022-06-08,2022,6,June,8,2,2,Wednesday,2022,23,2022-06-01,2022-06-30,False,True,159,False,Jun 2022,Q2 2022
20220609,2022-06-09,2022,6,June,9,2,3,Thursday,2022,23,2022-06-01,2022-06-30,False,True,160,False,Jun 2022,Q2 2022
20220610,2022-06-10,2022,6,June,10,2,4,Friday,2022,23,2022-06-01,2022-06-30,False,True,161,False,Jun 2022,Q2 2022
20220611,2022-06-11,2022,6,June,11,2,5,Saturday,2022,23,2022-06-01,2022-06-30,False,False,162,False,Jun 2022,Q2 2022
20220612,2022-06-12,2022,6,June,12,2,6,Sunday,2022,23,2022-06-01,2022-06-30,False,False,163,False,Jun 2022,Q2 2022
20220613,2022-06-13,2022,6,June,13,2,0,Monday,2022,24,2022-06-01,2022-06-30,False,True,164,False,Jun 2022,Q2 2022
20220614,2022-06-14,2022,6,June,14,2,1,Tuesday,2022,24,2022-06-01,2022-06-30,False,True,165,False,Jun 2022,Q2 2022
20220615,2022-06-15,2022,6,June,15,2,2,Wednesday,2022,24,2022-06-01,2022-06-30,False,True,166,False,Jun 2022,Q2 2022
20220616,2022-06-16,2022,6,June,16,2,3,Thursday,2022,24,2022-06-01,2022-06-30,False,True,167,False,Jun 2022,Q2 2022
20220617,2022-06-17,2022,6,June,17,2,4,Friday,2022,24,2022-06-01,2022-06-30,False,True,168,False,Jun 2022,Q2 2022
20220618,2022-06-18,2022,6,June,18,2,5,Saturday,2022,24,2022-06-01,2022-06-30,False,False,169,False,Jun 2022,Q2 2022
20220619,2022-06-19,2022,6,June,19,2,6,Sunday,2022,24,2022-06-01,2022-06-30,False,False,170,False,Jun 2022,Q2 2022
20220620,2022-06-20,2022,6,June,20,2,0,Monday,2022,25,2022-06-01,2022-06-30,False,True,171,False,Jun 2022,Q2 2022
20220621,2022-06-21,2022,6,June,21,2,1,Tuesday,2022,25,2022-06-01,2022-06-30,False,True,172,False,Jun 2022,Q2 2022
20220622,2022-06-22,2022,6,June,22,2,2,Wednesday,2022,25,2022-06-01,2022-06-30,False,True,173,False,Jun 2022,Q2 2022
20220623,2022-06-23,2022,6,June,23,2,3,Thursday,2022,25,2022-06-01,2022-06-30,False,True,174,False,Jun 2022,Q2 2022
20220624,2022-06-24,2022,6,June,24,2,4,Friday,2022,25,2022-06-01,2022-06-30,False,True,175,False,Jun 2022,Q2 2022
20220625,2022-06-25,2022,6,June,25,2,5,Saturday,2022,25,2022-06-01,2022-06-30,False,False,176,False,Jun 2022,Q2 2022
20220626,2022-06-26,2022,6,June,26,2,6,Sunday,2022,25,2022-06-01,2022-06-30,False,False,177,False,Jun 2022,Q2 2022
20220627,2022-06-27,2022,6,June,27,2,0,Monday,2022,26,2022-06-01,2022-06-30,False,True,178,False,Jun 2022,Q2 2022
20220628,2022-06-28,2022,6,June,28,2,1,Tuesday,2022,26,2022-06-01,2022-06-30,False,True,179,False,Jun 2022,Q2 2022
20220629,2022-06-29,2022,6,June,29,2,2,Wednesday,2022,26,2022-06-01,2022-06-30,False,True,180,False,Jun 2022,Q2 2022
20220630,2022-06-30,2022,6,June,30,2,3,Thursday,2022,26,2022-06-01,2022-06-30,True,True,181,False,Jun 2022,Q2 2022
20220701,2022-07-01,2022,7,July,1,3,4,Friday,2022,26,2022-07-01,2022-07-31,False,True,182,False,Jul 2022,Q3 2022
20220702,2022-07-02,2022,7,July,2,3,5,Saturday,2022,26,2022-07-01,2022-07-31,False,False,183,False,Jul 2022,Q3 2022
20220703,2022-07-03,2022,7,July,3,3,6,Sunday,2022,26,2022-07-01,2022-07-31,False,False,184,False,Jul 2022,Q3 2022
20220704,2022-07-04,2022,7,July,4,3,0,Monday,2022,27,2022-07-01,2022-07-31,False,True,185,False,Jul 2022,Q3 2022
20220705,2022-07-05,2022,7,July,5,3,1,Tuesday,2022,27,2022-07-01,2022-07-31,False,True,186,False,Jul 2022,Q3 2022
20220706,2022-07-06,2022,7,July,6,3,2,Wednesday,2022,27,2022-07-01,2022-07-31,False,True,187,False,Jul 2022,Q3 2022
20220707,2022-07-07,2022,7,July,7,3,3,Thursday,2022,27,2022-07-01,2022-07-31,False,True,188,False,Jul 2022,Q3 2022
20220708,2022-07-08,2022,7,July,8,3,4,Friday,2022,27,2022-07-01,2022-07-31,False,True,189,False,Jul 2022,Q3 2022
20220709,2022-07-09,2022,7,July,9,3,5,Saturday,2022,27,2022-07-01,2022-07-31,False,False,190,False,Jul 2022,Q3 2022
20220710,2022-07-10,2022,7,July,10,3,6,Sunday,2022,27,2022-07-01,2022-07-31,False,False,191,False,Jul 2022,Q3 2022
20220711,2022-07-11,2022,7,July,11,3,0,Monday,2022,28,2022-07-01,2022-07-31,False,True,192,False,Jul 2022,Q3 2022
20220712,2022-07-12,2022,7,July,12,3,1,Tuesday,2022,28,2022-07-01,2022-07-31,False,True,193,False,Jul 2022,Q3 2022
20220713,2022-07-13,2022,7,July,13,3,2,Wednesday,2022,28,2022-07-01,2022-07-31,False,True,194,False,Jul 2022,Q3 2022
20220714,2022-07-14,2022,7,July,14,3,3,Thursday,2022,28,2022-07-01,2022-07-31,False,True,195,False,Jul 2022,Q3 2022
20220715,2022-07-15,2022,7,July,15,3,4,Friday,2022,28,2022-07-01,2022-07-31,False,True,196,False,Jul 2022,Q3 2022
20220716,2022-07-16,2022,7,July,16,3,5,Saturday,2022,28,2022-07-01,2022-07-31,False,False,197,False,Jul 2022,Q3 2022
20220717,2022-07-17,2022,7,July,17,3,6,Sunday,2022,28,2022-07-01,2022-07-31,False,False,198,False,Jul 2022,Q3 2022
20220718,2022-07-18,2022,7,July,18,3,0,Monday,2022,29,2022-07-01,2022-07-31,False,True,199,False,Jul 2022,Q3 2022
20220719,2022-07-19,2022,7,July,19,3,1,Tuesday,2022,29,2022-07-01,2022-07-31,False,True,200,False,Jul 2022,Q3 2022
20220720,2022-07-20,2022,7,July,20,3,2,Wednesday,2022,29,2022-07-01,2022-07-31,False,True,201,False,Jul 2022,Q3 2022
20220721,2022-07-21,2022,7,July,21,3,3,Thursday,2022,29,2022-07-01,2022-07-31,False,True,202,False,Jul 2022,Q3 2022
20220722,2022-07-22,2022,7,July,22,3,4,Friday,2022,29,2022-07-01,2022-07-31,False,True,203,False,Jul 2022,Q3 2022
20220723,2022-07-23,2022,7,July,23,3,5,Saturday,2022,29,2022-07-01,2022-07-31,False,False,204,False,Jul 2022,Q3 2022
20220724,2022-07-24,2022,7,July,24,3,6,Sunday,2022,29,2022-07-01,2022-07-31,False,False,205,False,Jul 2022,Q3 2022
20220725,2022-07-25,2022,7,July,25,3,0,Monday,2022,30,2022-07-01,2022-07-31,False,True,206,False,Jul 2022,Q3 2022
20220726,2022-07-26,2022,7,July,26,3,1,Tuesday,2022,30,2022-07-01,2022-07-31,False,True,207,False,Jul 2022,Q3 2022
20220727,2022-07-27,2022,7,July,27,3,2,Wednesday,2022,30,2022-07-01,2022-07-31,False,True,208,False,Jul 2022,Q3 2022
20220728,2022-07-28,2022,7,July,28,3,3,Thursday,2022,30,2022-07-01,2022-07-31,False,True,209,False,Jul 2022,Q3 2022
20220729,2022-07-29,2022,7,July,29,3,4,Friday,2022,30,2022-07-01,2022-07-31,False,True,210,False,Jul 2022,Q3 2022
20220730,2022-07-30,2022,7,July,30,3,5,Saturday,2022,30,2022-07-01,2022-07-31,False,False,211,False,Jul 2022,Q3 2022
20220731,2022-07-31,2022,7,July,31,3,6,Sunday,2022,30,2022-07-01,2022-07-31,True,False,212,False,Jul 2022,Q3 2022
20220801,2022-08-01,2022,8,August,1,3,0,Monday,2022,31,2022-08-01,2022-08-31,False,True,213,False,Aug 2022,Q3 2022
20220802,2022-08-02,2022,8,August,2,3,1,Tuesday,2022,31,2022-08-01,2022-08-31,False,True,214,False,Aug 2022,Q3 2022
20220803,2022-08-03,2022,8,August,3,3,2,Wednesday,2022,31,2022-08-01,2022-08-31,False,True,215,False,Aug 2022,Q3 2022
20220804,2022-08-04,2022,8,August,4,3,3,Thursday,2022,31,2022-08-01,2022-08-31,False,True,216,False,Aug 2022,Q3 2022
20220805,2022-08-05,2022,8,August,5,3,4,Friday,2022,31,2022-08-01,2022-08-31,False,True,217,False,Aug 2022,Q3 2022
20220806,2022-08-06,2022,8,August,6,3,5,Saturday,2022,31,2022-08-01,2022-08-31,False,False,218,False,Aug 2022,Q3 2022
20220807,2022-08-07,2022,8,August,7,3,6,Sunday,2022,31,2022-08-01,2022-08-31,False,False,219,False,Aug 2022,Q3 2022
20220808,2022-08-08,2022,8,August,8,3,0,Monday,2022,32,2022-08-01,2022-08-31,False,True,220,False,Aug 2022,Q3 2022
20220809,2022-08-09,2022,8,August,9,3,1,Tuesday,2022,32,2022-08-01,2022-08-31,False,True,221,False,Aug 2022,Q3 2022
20220810,2022-08-10,2022,8,August,10,3,2,Wednesday,2022,32,2022-08-01,2022-08-31,False,True,222,False,Aug 2022,Q3 2022
20220811,2022-08-11,2022,8,August,11,3,3,Thursday,2022,32,2022-08-01,2022-08-31,False,True,223,False,Aug 2022,Q3 2022
20220812,2022-08-12,2022,8,August,12,3,4,Friday,2022,32,2022-08-01,2022-08-31,False,True,224,False,Aug 2022,Q3 2022
20220813,2022-08-13,2022,8,August,13,3,5,Saturday,2022,32,2022-08-01,2022-08-31,False,False,225,False,Aug 2022,Q3 2022
20220814,2022-08-14,2022,8,August,14,3,6,Sunday,2022,32,2022-08-01,2022-08-31,False,False,226,False,Aug 2022,Q3 2022
20220815,2022-08-15,2022,8,August,15,3,0,Monday,2022,33,2022-08-01,2022-08-31,False,True,227,False,Aug 2022,Q3 2022
20220816,2022-08-16,2022,8,August,16,3,1,Tuesday,2022,33,2022-08-01,2022-08-31,False,True,228,False,Aug 2022,Q3 2022
20220817,2022-08-17,2022,8,August,17,3,2,Wednesday,2022,33,2022-08-01,2022-08-31,False,True,229,False,Aug 2022,Q3 2022
20220818,2022-08-18,2022,8,August,18,3,3,Thursday,2022,33,2022-08-01,2022-08-31,False,True,230,False,Aug 2022,Q3 2022
20220819,2022-08-19,2022,8,August,19,3,4,Friday,2022,33,2022-08-01,2022-08-31,False,True,231,False,Aug 2022,Q3 2022
20220820,2022-08-20,2022,8,August,20,3,5,Saturday,2022,33,2022-08-01,2022-08-31,False,False,232,False,Aug 2022,Q3 2022
20220821,2022-08-21,2022,8,August,21,3,6,Sunday,2022,33,2022-08-01,2022-08-31,False,False,233,False,Aug 2022,Q3 2022
20220822,2022-08-22,2022,8,August,22,3,0,Monday,2022,34,2022-08-01,2022-08-31,False,True,234,False,Aug 2022,Q3 2022
20220823,2022-08-23,2022,8,August,23,3,1,Tuesday,2022,34,2022-08-01,2022-08-31,False,True,235,False,Aug 2022,Q3 2022
20220824,2022-08-24,2022,8,August,24,3,2,Wednesday,2022,34,2022-08-01,2022-08-31,False,True,236,False,Aug 2022,Q3 2022
20220825,2022-08-25,2022,8,August,25,3,3,Thursday,2022,34,2022-08-01,2022-08-31,False,True,237,False,Aug 2022,Q3 2022
20220826,2022-08-26,2022,8,August,26,3,4,Friday,2022,34,2022-08-01,2022-08-31,False,True,238,False,Aug 2022,Q3 2022
20220827,2022-08-27,2022,8,August,27,3,5,Saturday,2022,34,2022-08-01,2022-08-31,False,False,239,False,Aug 2022,Q3 2022
20220828,2022-08-28,2022,8,August,28,3,6,Sunday,2022,34,2022-08-01,2022-08-31,False,False,240,False,Aug 2022,Q3 2022
20220829,2022-08-29,2022,8,August,29,3,0,Monday,2022,35,2022-08-01,2022-08-31,False,True,241,False,Aug 2022,Q3 2022
20220830,2022-08-30,2022,8,August,30,3,1,Tuesday,2022,35,2022-08-01,2022-08-31,False,True,242,False,Aug 2022,Q3 2022
20220831,2022-08-31,2022,8,August,31,3,2,Wednesday,2022,35,2022-08-01,2022-08-31,True,True,243,False,Aug 2022,Q3 2022
20220901,2022-09-01,2022,9,September,1,3,3,Thursday,2022,35,2022-09-01,2022-09-30,False,True,244,False,Sep 2022,Q3 2022
20220902,2022-09-02,2022,9,September,2,3,4,Friday,2022,35,2022-09-01,2022-09-30,False,True,245,False,Sep 2022,Q3 2022
20220903,2022-09-03,2022,9,September,3,3,5,Saturday,2022,35,2022-09-01,2022-09-30,False,False,246,False,Sep 2022,Q3 2022
20220904,2022-09-04,2022,9,September,4,3,6,Sunday,2022,35,2022-09-01,2022-09-30,False,False,247,False,Sep 2022,Q3 2022
20220905,2022-09-05,2022,9,September,5,3,0,Monday,2022,36,2022-09-01,2022-09-30,False,True,248,False,Sep 2022,Q3 2022
20220906,2022-09-06,2022,9,September,6,3,1,Tuesday,2022,36,2022-09-01,2022-09-30,False,True,249,False,Sep 2022,Q3 2022
20220907,2022-09-07,2022,9,September,7,3,2,Wednesday,2022,36,2022-09-01,2022-09-30,False,True,250,False,Sep 2022,Q3 2022
20220908,2022-09-08,2022,9,September,8,3,3,Thursday,2022,36,2022-09-01,2022-09-30,False,True,251,False,Sep 2022,Q3 2022
20220909,2022-09-09,2022,9,September,9,3,4,Friday,2022,36,2022-09-01,2022-09-30,False,True,252,False,Sep 2022,Q3 2022
20220910,2022-09-10,2022,9,September,10,3,5,Saturday,2022,36,2022-09-01,2022-09-30,False,False,253,False,Sep 2022,Q3 2022
20220911,2022-09-11,2022,9,September,11,3,6,Sunday,2022,36,2022-09-01,2022-09-30,False,False,254,False,Sep 2022,Q3 2022
20220912,2022-09-12,2022,9,September,12,3,0,Monday,2022,37,2022-09-01,2022-09-30,False,True,255,False,Sep 2022,Q3 2022
20220913,2022-09-13,2022,9,September,13,3,1,Tuesday,2022,37,2022-09-01,2022-09-30,False,True,256,False,Sep 2022,Q3 2022
20220914,2022-09-14,2022,9,September,14,3,2,Wednesday,2022,37,2022-09-01,2022-09-30,False,True,257,False,Sep 2022,Q3 2022
20220915,2022-09-15,2022,9,September,15,3,3,Thursday,2022,37,2022-09-01,2022-09-30,False,True,258,False,Sep 2022,Q3 2022
20220916,2022-09-16,2022,9,September,16,3,4,Friday,2022,37,2022-09-01,2022-09-30,False,True,259,False,Sep 2022,Q3 2022
20220917,2022-09-17,2022,9,September,17,3,5,Saturday,2022,37,2022-09-01,2022-09-30,False,False,260,False,Sep 2022,Q3 2022
20220918,2022-09-18,2022,9,September,18,3,6,Sunday,2022,37,2022-09-01,2022-09-30,False,False,261,False,Sep 2022,Q3 2022
20220919,2022-09-19,2022,9,September,19,3,0,Monday,2022,38,2022-09-01,2022-09-30,False,True,262,False,Sep 2022,Q3 2022
20220920,2022-09-20,2022,9,September,20,3,1,Tuesday,2022,38,2022-09-01,2022-09-30,False,True,263,False,Sep 2022,Q3 2022
20220921,2022-09-21,2022,9,September,21,3,2,Wednesday,2022,38,2022-09-01,2022-09-30,False,True,264,False,Sep 2022,Q3 2022
20220922,2022-09-22,2022,9,September,22,3,3,Thursday,2022,38,2022-09-01,2022-09-30,False,True,265,False,Sep 2022,Q3 2022
20220923,2022-09-23,2022,9,September,23,3,4,Friday,2022,38,2022-09-01,2022-09-30,False,True,266,False,Sep 2022,Q3 2022
20220924,2022-09-24,2022,9,September,24,3,5,Saturday,2022,38,2022-09-01,2022-09-30,False,False,267,False,Sep 2022,Q3 2022
20220925,2022-09-25,2022,9,September,25,3,6,Sunday,2022,38,2022-09-01,2022-09-30,False,False,268,False,Sep 2022,Q3 2022
20220926,2022-09-26,2022,9,September,26,3,0,Monday,2022,39,2022-09-01,2022-09-30,False,True,269,False,Sep 2022,Q3 2022
20220927,2022-09-27,2022,9,September,27,3,1,Tuesday,2022,39,2022-09-01,2022-09-30,False,True,270,False,Sep 2022,Q3 2022
20220928,2022-09-28,2022,9,September,28,3,2,Wednesday,2022,39,2022-09-01,2022-09-30,False,True,271,False,Sep 2022,Q3 2022
20220929,2022-09-29,2022,9,September,29,3,3,Thursday,2022,39,2022-09-01,2022-09-30,False,True,272,False,Sep 2022,Q3 2022
20220930,2022-09-30,2022,9,September,30,3,4,Friday,2022,39,2022-09-01,2022-09-30,True,True,273,False,Sep 2022,Q3 2022
20221001,2022-10-01,2022,10,October,1,4,5,Saturday,2022,39,2022-10-01,2022-10-31,False,False,274,False,Oct 2022,Q4 2022
20221002,2022-10-02,2022,10,October,2,4,6,Sunday,2022,39,2022-10-01,2022-10-31,False,False,275,False,Oct 2022,Q4 2022
20221003,2022-10-03,2022,10,October,3,4,0,Monday,2022,40,2022-10-01,2022-10-31,False,True,276,False,Oct 2022,Q4 2022
20221004,2022-10-04,2022,10,October,4,4,1,Tuesday,2022,40,2022-10-01,2022-10-31,False,True,277,False,Oct 2022,Q4 2022
20221005,2022-10-05,2022,10,October,5,4,2,Wednesday,2022,40,2022-10-01,2022-10-31,False,True,278,False,Oct 2022,Q4 2022
20221006,2022-10-06,2022,10,October,6,4,3,Thursday,2022,40,2022-10-01,2022-10-31,False,True,279,False,Oct 2022,Q4 2022
20221007,2022-10-07,2022,10,October,7,4,4,Friday,2022,40,2022-10-01,2022-10-31,False,True,280,False,Oct 2022,Q4 2022
20221008,2022-10-08,2022,10,October,8,4,5,Saturday,2022,40,2022-10-01,2022-10-31,False,False,281,False,Oct 2022,Q4 2022
20221009,2022-10-09,2022,10,October,9,4,6,Sunday,2022,40,2022-10-01,2022-10-31,False,False,282,False,Oct 2022,Q4 2022
20221010,2022-10-10,2022,10,October,10,4,0,Monday,2022,41,2022-10-01,2022-10-31,False,True,283,False,Oct 2022,Q4 2022
20221011,2022-10-11,2022,10,October,11,4,1,Tuesday,2022,41,2022-10-01,2022-10-31,False,True,284,False,Oct 2022,Q4 2022
20221012,2022-10-12,2022,10,October,12,4,2,Wednesday,2022,41,2022-10-01,2022-10-31,False,True,285,False,Oct 2022,Q4 2022
20221013,2022-10-13,2022,10,October,13,4,3,Thursday,2022,41,2022-10-01,2022-10-31,False,True,286,False,Oct 2022,Q4 2022
20221014,2022-10-14,2022,10,October,14,4,4,Friday,2022,41,2022-10-01,2022-10-31,False,True,287,False,Oct 2022,Q4 2022
20221015,2022-10-15,2022,10,October,15,4,5,Saturday,2022,41,2022-10-01,2022-10-31,False,False,288,False,Oct 2022,Q4 2022
20221016,2022-10-16,2022,10,October,16,4,6,Sunday,2022,41,2022-10-01,2022-10-31,False,False,289,False,Oct 2022,Q4 2022
20221017,2022-10-17,2022,10,October,17,4,0,Monday,2022,42,2022-10-01,2022-10-31,False,True,290,False,Oct 2022,Q4 2022
20221018,2022-10-18,2022,10,October,18,4,1,Tuesday,2022,42,2022-10-01,2022-10-31,False,True,291,False,Oct 2022,Q4 2022
20221019,2022-10-19,2022,10,October,19,4,2,Wednesday,2022,42,2022-10-01,2022-10-31,False,True,292,False,Oct 2022,Q4 2022
20221020,2022-10-20,2022,10,October,20,4,3,Thursday,2022,42,2022-10-01,2022-10-31,False,True,293,False,Oct 2022,Q4 2022
20221021,2022-10-21,2022,10,October,21,4,4,Friday,2022,42,2022-10-01,2022-10-31,False,True,294,False,Oct 2022,Q4 2022
20221022,2022-10-22,2022,10,October,22,4,5,Saturday,2022,42,2022-10-01,2022-10-31,False,False,295,False,Oct 2022,Q4 2022
20221023,2022-10-23,2022,10,October,23,4,6,Sunday,2022,42,2022-10-01,2022-10-31,False,False,296,False,Oct 2022,Q4 2022
20221024,2022-10-24,2022,10,October,24,4,0,Monday,2022,43,2022-10-01,2022-10-31,False,True,297,False,Oct 2022,Q4 2022
20221025,2022-10-25,2022,10,October,25,4,1,Tuesday,2022,43,2022-10-01,2022-10-31,False,True,298,False,Oct 2022,Q4 2022
20221026,2022-10-26,2022,10,October,26,4,2,Wednesday,2022,43,2022-10-01,2022-10-31,False,True,299,False,Oct 2022,Q4 2022
20221027,2022-10-27,2022,10,October,27,4,3,Thursday,2022,43,2022-10-01,2022-10-31,False,True,300,False,Oct 2022,Q4 2022
20221028,2022-10-28,2022,10,October,28,4,4,Friday,2022,43,2022-10-01,2022-10-31,False,True,301,False,Oct 2022,Q4 2022
20221029,2022-10-29,2022,10,October,29,4,5,Saturday,2022,43,2022-10-01,2022-10-31,False,False,302,False,Oct 2022,Q4 2022
20221030,2022-10-30,2022,10,October,30,4,6,Sunday,2022,43,2022-10-01,2022-10-31,False,False,303,False,Oct 2022,Q4 2022
20221031,2022-10-31,2022,10,October,31,4,0,Monday,2022,44,2022-10-01,2022-10-31,True,True,304,False,Oct 2022,Q4 2022
20221101,2022-11-01,2022,11,November,1,4,1,Tuesday,2022,44,2022-11-01,2022-11-30,False,True,305,False,Nov 2022,Q4 2022
20221102,2022-11-02,2022,11,November,2,4,2,Wednesday,2022,44,2022-11-01,2022-11-30,False,True,306,False,Nov 2022,Q4 2022
20221103,2022-11-03,2022,11,November,3,4,3,Thursday,2022,44,2022-11-01,2022-11-30,False,True,307,False,Nov 2022,Q4 2022
20221104,2022-11-04,2022,11,November,4,4,4,Friday,2022,44,2022-11-01,2022-11-30,False,True,308,False,Nov 2022,Q4 2022
20221105,2022-11-05,2022,11,November,5,4,5,Saturday,2022,44,2022-11-01,2022-11-30,False,False,309,False,Nov 2022,Q4 2022
20221106,2022-11-06,2022,11,November,6,4,6,Sunday,2022,44,2022-11-01,2022-11-30,False,False,310,False,Nov 2022,Q4 2022
20221107,2022-11-07,2022,11,November,7,4,0,Monday,2022,45,2022-11-01,2022-11-30,False,True,311,False,Nov 2022,Q4 2022
20221108,2022-11-08,2022,11,November,8,4,1,Tuesday,2022,45,2022-11-01,2022-11-30,False,True,312,False,Nov 2022,Q4 2022
20221109,2022-11-09,2022,11,November,9,4,2,Wednesday,2022,45,2022-11-01,2022-11-30,False,True,313,False,Nov 2022,Q4 2022
20221110,2022-11-10,2022,11,November,10,4,3,Thursday,2022,45,2022-11-01,2022-11-30,False,True,314,False,Nov 2022,Q4 2022
20221111,2022-11-11,2022,11,November,11,4,4,Friday,2022,45,2022-11-01,2022-11-30,False,True,315,False,Nov 2022,Q4 2022
20221112,2022-11-12,2022,11,November,12,4,5,Saturday,2022,45,2022-11-01,2022-11-30,False,False,316,False,Nov 2022,Q4 2022
20221113,2022-11-13,2022,11,November,13,4,6,Sunday,2022,45,2022-11-01,2022-11-30,False,False,317,False,Nov 2022,Q4 2022
20221114,2022-11-14,2022,11,November,14,4,0,Monday,2022,46,2022-11-01,2022-11-30,False,True,318,False,Nov 2022,Q4 2022
20221115,2022-11-15,2022,11,November,15,4,1,Tuesday,2022,46,2022-11-01,2022-11-30,False,True,319,False,Nov 2022,Q4 2022
20221116,2022-11-16,2022,11,November,16,4,2,Wednesday,2022,46,2022-11-01,2022-11-30,False,True,320,False,Nov 2022,Q4 2022
20221117,2022-11-17,2022,11,November,17,4,3,Thursday,2022,46,2022-11-01,2022-11-30,False,True,321,False,Nov 2022,Q4 2022
20221118,2022-11-18,2022,11,November,18,4,4,Friday,2022,46,2022-11-01,2022-11-30,False,True,322,False,Nov 2022,Q4 2022
20221119,2022-11-19,2022,11,November,19,4,5,Saturday,2022,46,2022-11-01,2022-11-30,False,False,323,False,Nov 2022,Q4 2022
20221120,2022-11-20,2022,11,November,20,4,6,Sunday,2022,46,2022-11-01,2022-11-30,False,False,324,False,Nov 2022,Q4 2022
20221121,2022-11-21,2022,11,November,21,4,0,Monday,2022,47,2022-11-01,2022-11-30,False,True,325,False,Nov 2022,Q4 2022
20221122,2022-11-22,2022,11,November,22,4,1,Tuesday,2022,47,2022-11-01,2022-11-30,False,True,326,False,Nov 2022,Q4 2022
20221123,2022-11-23,2022,11,November,23,4,2,Wednesday,2022,47,2022-11-01,2022-11-30,False,True,327,False,Nov 2022,Q4 2022
20221124,2022-11-24,2022,11,November,24,4,3,Thursday,2022,47,2022-11-01,2022-11-30,False,True,328,False,Nov 2022,Q4 2022
20221125,2022-11-25,2022,11,November,25,4,4,Friday,2022,47,2022-11-01,2022-11-30,False,True,329,False,Nov 2022,Q4 2022
20221126,2022-11-26,2022,11,November,26,4,5,Saturday,2022,47,2022-11-01,2022-11-30,False,False,330,False,Nov 2022,Q4 2022
20221127,2022-11-27,2022,11,November,27,4,6,Sunday,2022,47,2022-11-01,2022-11-30,False,False,331,False,Nov 2022,Q4 2022
20221128,2022-11-28,2022,11,November,28,4,0,Monday,2022,48,2022-11-01,2022-11-30,False,True,332,False,Nov 2022,Q4 2022
20221129,2022-11-29,2022,11,November,29,4,1,Tuesday,2022,48,2022-11-01,2022-11-30,False,True,333,False,Nov 2022,Q4 2022
20221130,2022-11-30,2022,11,November,30,4,2,Wednesday,2022,48,2022-11-01,2022-11-30,True,True,334,False,Nov 2022,Q4 2022
20221201,2022-12-01,2022,12,December,1,4,3,Thursday,2022,48,2022-12-01,2022-12-31,False,True,335,False,Dec 2022,Q4 2022
20221202,2022-12-02,2022,12,December,2,4,4,Friday,2022,48,2022-12-01,2022-12-31,False,True,336,False,Dec 2022,Q4 2022
20221203,2022-12-03,2022,12,December,3,4,5,Saturday,2022,48,2022-12-01,2022-12-31,False,False,337,False,Dec 2022,Q4 2022
20221204,2022-12-04,2022,12,December,4,4,6,Sunday,2022,48,2022-12-01,2022-12-31,False,False,338,False,Dec 2022,Q4 2022
20221205,2022-12-05,2022,12,December,5,4,0,Monday,2022,49,2022-12-01,2022-12-31,False,True,339,False,Dec 2022,Q4 2022
20221206,2022-12-06,2022,12,December,6,4,1,Tuesday,2022,49,2022-12-01,2022-12-31,False,True,340,False,Dec 2022,Q4 2022
20221207,2022-12-07,2022,12,December,7,4,2,Wednesday,2022,49,2022-12-01,2022-12-31,False,True,341,False,Dec 2022,Q4 2022
20221208,2022-12-08,2022,12,December,8,4,3,Thursday,2022,49,2022-12-01,2022-12-31,False,True,342,False,Dec 2022,Q4 2022
20221209,2022-12-09,2022,12,December,9,4,4,Friday,2022,49,2022-12-01,2022-12-31,False,True,343,False,Dec 2022,Q4 2022
20221210,2022-12-10,2022,12,December,10,4,5,Saturday,2022,49,2022-12-01,2022-12-31,False,False,344,False,Dec 2022,Q4 2022
20221211,2022-12-11,2022,12,December,11,4,6,Sunday,2022,49,2022-12-01,2022-12-31,False,False,345,False,Dec 2022,Q4 2022
20221212,2022-12-12,2022,12,December,12,4,0,Monday,2022,50,2022-12-01,2022-12-31,False,True,346,False,Dec 2022,Q4 2022
20221213,2022-12-13,2022,12,December,13,4,1,Tuesday,2022,50,2022-12-01,2022-12-31,False,True,347,False,Dec 2022,Q4 2022
20221214,2022-12-14,2022,12,December,14,4,2,Wednesday,2022,50,2022-12-01,2022-12-31,False,True,348,False,Dec 2022,Q4 2022
20221215,2022-12-15,2022,12,December,15,4,3,Thursday,2022,50,2022-12-01,2022-12-31,False,True,349,False,Dec 2022,Q4 2022
20221216,2022-12-16,2022,12,December,16,4,4,Friday,2022,50,2022-12-01,2022-12-31,False,True,350,False,Dec 2022,Q4 2022
20221217,2022-12-17,2022,12,December,17,4,5,Saturday,2022,50,2022-12-01,2022-12-31,False,False,351,False,Dec 2022,Q4 2022
20221218,2022-12-18,2022,12,December,18,4,6,Sunday,2022,50,2022-12-01,2022-12-31,False,False,352,False,Dec 2022,Q4 2022
20221219,2022-12-19,2022,12,December,19,4,0,Monday,2022,51,2022-12-01,2022-12-31,False,True,353,False,Dec 2022,Q4 2022
20221220,2022-12-20,2022,12,December,20,4,1,Tuesday,2022,51,2022-12-01,2022-12-31,False,True,354,False,Dec 2022,Q4 2022
20221221,2022-12-21,2022,12,December,21,4,2,Wednesday,2022,51,2022-12-01,2022-12-31,False,True,355,False,Dec 2022,Q4 2022
20221222,2022-12-22,2022,12,December,22,4,3,Thursday,2022,51,2022-12-01,2022-12-31,False,True,356,False,Dec 2022,Q4 2022
20221223,2022-12-23,2022,12,December,23,4,4,Friday,2022,51,2022-12-01,2022-12-31,False,True,357,False,Dec 2022,Q4 2022
20221224,2022-12-24,2022,12,December,24,4,5,Saturday,2022,51,2022-12-01,2022-12-31,False,False,358,False,Dec 2022,Q4 2022
20221225,2022-12-25,2022,12,December,25,4,6,Sunday,2022,51,2022-12-01,2022-12-31,False,False,359,False,Dec 2022,Q4 2022
20221226,2022-12-26,2022,12,December,26,4,0,Monday,2022,52,2022-12-01,2022-12-31,False,True,360,False,Dec 2022,Q4 2022
20221227,2022-12-27,2022,12,December,27,4,1,Tuesday,2022,52,2022-12-01,2022-12-31,False,True,361,False,Dec 2022,Q4 2022
20221228,2022-12-28,2022,12,December,28,4,2,Wednesday,2022,52,2022-12-01,2022-12-31,False,True,362,False,Dec 2022,Q4 2022
20221229,2022-12-29,2022,12,December,29,4,3,Thursday,2022,52,2022-12-01,2022-12-31,False,True,363,False,Dec 2022,Q4 2022
20221230,2022-12-30,2022,12,December,30,4,4,Friday,2022,52,2022-12-01,2022-12-31,False,True,364,False,Dec 2022,Q4 2022
20221231,2022-12-31,2022,12,December,31,4,5,Saturday,2022,52,2022-12-01,2022-12-31,True,False,365,False,Dec 2022,Q4 2022
20230101,2023-01-01,2023,1,January,1,1,6,Sunday,2022,52,2023-01-01,2023-01-31,False,False,1,False,Jan 2023,Q1 2023
20230102,2023-01-02,2023,1,January,2,1,0,Monday,2023,1,2023-01-01,2023-01-31,False,True,2,False,Jan 2023,Q1 2023
20230103,2023-01-03,2023,1,January,3,1,1,Tuesday,2023,1,2023-01-01,2023-01-31,False,True,3,False,Jan 2023,Q1 2023
20230104,2023-01-04,2023,1,January,4,1,2,Wednesday,2023,1,2023-01-01,2023-01-31,False,True,4,False,Jan 2023,Q1 2023
20230105,2023-01-05,2023,1,January,5,1,3,Thursday,2023,1,2023-01-01,2023-01-31,False,True,5,False,Jan 2023,Q1 2023
20230106,2023-01-06,2023,1,January,6,1,4,Friday,2023,1,2023-01-01,2023-01-31,False,True,6,False,Jan 2023,Q1 2023
20230107,2023-01-07,2023,1,January,7,1,5,Saturday,2023,1,2023-01-01,2023-01-31,False,False,7,False,Jan 2023,Q1 2023
20230108,2023-01-08,2023,1,January,8,1,6,Sunday,2023,1,2023-01-01,2023-01-31,False,False,8,False,Jan 2023,Q1 2023
20230109,2023-01-09,2023,1,January,9,1,0,Monday,2023,2,2023-01-01,2023-01-31,False,True,9,False,Jan 2023,Q1 2023
20230110,2023-01-10,2023,1,January,10,1,1,Tuesday,2023,2,2023-01-01,2023-01-31,False,True,10,False,Jan 2023,Q1 2023
20230111,2023-01-11,2023,1,January,11,1,2,Wednesday,2023,2,2023-01-01,2023-01-31,False,True,11,False,Jan 2023,Q1 2023
20230112,2023-01-12,2023,1,January,12,1,3,Thursday,2023,2,2023-01-01,2023-01-31,False,True,12,False,Jan 2023,Q1 2023
20230113,2023-01-13,2023,1,January,13,1,4,Friday,2023,2,2023-01-01,2023-01-31,False,True,13,False,Jan 2023,Q1 2023
20230114,2023-01-14,2023,1,January,14,1,5,Saturday,2023,2,2023-01-01,2023-01-31,False,False,14,False,Jan 2023,Q1 2023
20230115,2023-01-15,2023,1,January,15,1,6,Sunday,2023,2,2023-01-01,2023-01-31,False,False,15,False,Jan 2023,Q1 2023
20230116,2023-01-16,2023,1,January,16,1,0,Monday,2023,3,2023-01-01,2023-01-31,False,True,16,False,Jan 2023,Q1 2023
20230117,2023-01-17,2023,1,January,17,1,1,Tuesday,2023,3,2023-01-01,2023-01-31,False,True,17,False,Jan 2023,Q1 2023
20230118,2023-01-18,2023,1,January,18,1,2,Wednesday,2023,3,2023-01-01,2023-01-31,False,True,18,False,Jan 2023,Q1 2023
20230119,2023-01-19,2023,1,January,19,1,3,Thursday,2023,3,2023-01-01,2023-01-31,False,True,19,False,Jan 2023,Q1 2023
20230120,2023-01-20,2023,1,January,20,1,4,Friday,2023,3,2023-01-01,2023-01-31,False,True,20,False,Jan 2023,Q1 2023
20230121,2023-01-21,2023,1,January,21,1,5,Saturday,2023,3,2023-01-01,2023-01-31,False,False,21,False,Jan 2023,Q1 2023
20230122,2023-01-22,2023,1,January,22,1,6,Sunday,2023,3,2023-01-01,2023-01-31,False,False,22,False,Jan 2023,Q1 2023
20230123,2023-01-23,2023,1,January,23,1,0,Monday,2023,4,2023-01-01,2023-01-31,False,True,23,False,Jan 2023,Q1 2023
20230124,2023-01-24,2023,1,January,24,1,1,Tuesday,2023,4,2023-01-01,2023-01-31,False,True,24,False,Jan 2023,Q1 2023
20230125,2023-01-25,2023,1,January,25,1,2,Wednesday,2023,4,2023-01-01,2023-01-31,False,True,25,False,Jan 2023,Q1 2023
20230126,2023-01-26,2023,1,January,26,1,3,Thursday,2023,4,2023-01-01,2023-01-31,False,True,26,False,Jan 2023,Q1 2023
20230127,2023-01-27,2023,1,January,27,1,4,Friday,2023,4,2023-01-01,2023-01-31,False,True,27,False,Jan 2023,Q1 2023
20230128,2023-01-28,2023,1,January,28,1,5,Saturday,2023,4,2023-01-01,2023-01-31,False,False,28,False,Jan 2023,Q1 2023
20230129,2023-01-29,2023,1,January,29,1,6,Sunday,2023,4,2023-01-01,2023-01-31,False,False,29,False,Jan 2023,Q1 2023
20230130,2023-01-30,2023,1,January,30,1,0,Monday,2023,5,2023-01-01,2023-01-31,False,True,30,False,Jan 2023,Q1 2023
20230131,2023-01-31,2023,1,January,31,1,1,Tuesday,2023,5,2023-01-01,2023-01-31,True,True,31,False,Jan 2023,Q1 2023
20230201,2023-02-01,2023,2,February,1,1,2,Wednesday,2023,5,2023-02-01,2023-02-28,False,True,32,False,Feb 2023,Q1 2023
20230202,2023-02-02,2023,2,February,2,1,3,Thursday,2023,5,2023-02-01,2023-02-28,False,True,33,False,Feb 2023,Q1 2023
20230203,2023-02-03,2023,2,February,3,1,4,Friday,2023,5,2023-02-01,2023-02-28,False,True,34,False,Feb 2023,Q1 2023
20230204,2023-02-04,2023,2,February,4,1,5,Saturday,2023,5,2023-02-01,2023-02-28,False,False,35,False,Feb 2023,Q1 2023
20230205,2023-02-05,2023,2,February,5,1,6,Sunday,2023,5,2023-02-01,2023-02-28,False,False,36,False,Feb 2023,Q1 2023
20230206,2023-02-06,2023,2,February,6,1,0,Monday,2023,6,2023-02-01,2023-02-28,False,True,37,False,Feb 2023,Q1 2023
20230207,2023-02-07,2023,2,February,7,1,1,Tuesday,2023,6,2023-02-01,2023-02-28,False,True,38,False,Feb 2023,Q1 2023
20230208,2023-02-08,2023,2,February,8,1,2,Wednesday,2023,6,2023-02-01,2023-02-28,False,True,39,False,Feb 2023,Q1 2023
20230209,2023-02-09,2023,2,February,9,1,3,Thursday,2023,6,2023-02-01,2023-02-28,False,True,40,False,Feb 2023,Q1 2023
20230210,2023-02-10,2023,2,February,10,1,4,Friday,2023,6,2023-02-01,2023-02-28,False,True,41,False,Feb 2023,Q1 2023
20230211,2023-02-11,2023,2,February,11,1,5,Saturday,2023,6,2023-02-01,2023-02-28,False,False,42,False,Feb 2023,Q1 2023
20230212,2023-02-12,2023,2,February,12,1,6,Sunday,2023,6,2023-02-01,2023-02-28,False,False,43,False,Feb 2023,Q1 2023
20230213,2023-02-13,2023,2,February,13,1,0,Monday,2023,7,2023-02-01,2023-02-28,False,True,44,False,Feb 2023,Q1 2023
20230214,2023-02-14,2023,2,February,14,1,1,Tuesday,2023,7,2023-02-01,2023-02-28,False,True,45,False,Feb 2023,Q1 2023
20230215,2023-02-15,2023,2,February,15,1,2,Wednesday,2023,7,2023-02-01,2023-02-28,False,True,46,False,Feb 2023,Q1 2023
20230216,2023-02-16,2023,2,February,16,1,3,Thursday,2023,7,2023-02-01,2023-02-28,False,True,47,False,Feb 2023,Q1 2023
20230217,2023-02-17,2023,2,February,17,1,4,Friday,2023,7,2023-02-01,2023-02-28,False,True,48,False,Feb 2023,Q1 2023
20230218,2023-02-18,2023,2,February,18,1,5,Saturday,2023,7,2023-02-01,2023-02-28,False,False,49,False,Feb 2023,Q1 2023
20230219,2023-02-19,2023,2,February,19,1,6,Sunday,2023,7,2023-02-01,2023-02-28,False,False,50,False,Feb 2023,Q1 2023
20230220,2023-02-20,2023,2,February,20,1,0,Monday,2023,8,2023-02-01,2023-02-28,False,True,51,False,Feb 2023,Q1 2023
20230221,2023-02-21,2023,2,February,21,1,1,Tuesday,2023,8,2023-02-01,2023-02-28,False,True,52,False,Feb 2023,Q1 2023
20230222,2023-02-22,2023,2,February,22,1,2,Wednesday,2023,8,2023-02-01,2023-02-28,False,True,53,False,Feb 2023,Q1 2023
20230223,2023-02-23,2023,2,February,23,1,3,Thursday,2023,8,2023-02-01,2023-02-28,False,True,54,False,Feb 2023,Q1 2023
20230224,2023-02-24,2023,2,February,24,1,4,Friday,2023,8,2023-02-01,2023-02-28,False,True,55,False,Feb 2023,Q1 2023
20230225,2023-02-25,2023,2,February,25,1,5,Saturday,2023,8,2023-02-01,2023-02-28,False,False,56,False,Feb 2023,Q1 2023
20230226,2023-02-26,2023,2,February,26,1,6,Sunday,2023,8,2023-02-01,2023-02-28,False,False,57,False,Feb 2023,Q1 2023
20230227,2023-02-27,2023,2,February,27,1,0,Monday,2023,9,2023-02-01,2023-02-28,False,True,58,False,Feb 2023,Q1 2023
20230228,2023-02-28,2023,2,February,28,1,1,Tuesday,2023,9,2023-02-01,2023-02-28,True,True,59,False,Feb 2023,Q1 2023
20230301,2023-03-01,2023,3,March,1,1,2,Wednesday,2023,9,2023-03-01,2023-03-31,False,True,60,False,Mar 2023,Q1 2023
20230302,2023-03-02,2023,3,March,2,1,3,Thursday,2023,9,2023-03-01,2023-03-31,False,True,61,False,Mar 2023,Q1 2023
20230303,2023-03-03,2023,3,March,3,1,4,Friday,2023,9,2023-03-01,2023-03-31,False,True,62,False,Mar 2023,Q1 2023
20230304,2023-03-04,2023,3,March,4,1,5,Saturday,2023,9,2023-03-01,2023-03-31,False,False,63,False,Mar 2023,Q1 2023
20230305,2023-03-05,2023,3,March,5,1,6,Sunday,2023,9,2023-03-01,2023-03-31,False,False,64,False,Mar 2023,Q1 2023
20230306,2023-03-06,2023,3,March,6,1,0,Monday,2023,10,2023-03-01,2023-03-31,False,True,65,False,Mar 2023,Q1 2023
20230307,2023-03-07,2023,3,March,7,1,1,Tuesday,2023,10,2023-03-01,2023-03-31,False,True,66,False,Mar 2023,Q1 2023
20230308,2023-03-08,2023,3,March,8,1,2,Wednesday,2023,10,2023-03-01,2023-03-31,False,True,67,False,Mar 2023,Q1 2023
20230309,2023-03-09,2023,3,March,9,1,3,Thursday,2023,10,2023-03-01,2023-03-31,False,True,68,False,Mar 2023,Q1 2023
20230310,2023-03-10,2023,3,March,10,1,4,Friday,2023,10,2023-03-01,2023-03-31,False,True,69,False,Mar 2023,Q1 2023
20230311,2023-03-11,2023,3,March,11,1,5,Saturday,2023,10,2023-03-01,2023-03-31,False,False,70,False,Mar 2023,Q1 2023
20230312,2023-03-12,2023,3,March,12,1,6,Sunday,2023,10,2023-03-01,2023-03-31,False,False,71,False,Mar 2023,Q1 2023
20230313,2023-03-13,2023,3,March,13,1,0,Monday,2023,11,2023-03-01,2023-03-31,False,True,72,False,Mar 2023,Q1 2023
20230314,2023-03-14,2023,3,March,14,1,1,Tuesday,2023,11,2023-03-01,2023-03-31,False,True,73,False,Mar 2023,Q1 2023
20230315,2023-03-15,2023,3,March,15,1,2,Wednesday,2023,11,2023-03-01,2023-03-31,False,True,74,False,Mar 2023,Q1 2023
20230316,2023-03-16,2023,3,March,16,1,3,Thursday,2023,11,2023-03-01,2023-03-31,False,True,75,False,Mar 2023,Q1 2023
20230317,2023-03-17,2023,3,March,17,1,4,Friday,2023,11,2023-03-01,2023-03-31,False,True,76,False,Mar 2023,Q1 2023
20230318,2023-03-18,2023,3,March,18,1,5,Saturday,2023,11,2023-03-01,2023-03-31,False,False,77,False,Mar 2023,Q1 2023
20230319,2023-03-19,2023,3,March,19,1,6,Sunday,2023,11,2023-03-01,2023-03-31,False,False,78,False,Mar 2023,Q1 2023
20230320,2023-03-20,2023,3,March,20,1,0,Monday,2023,12,2023-03-01,2023-03-31,False,True,79,False,Mar 2023,Q1 2023
20230321,2023-03-21,2023,3,March,21,1,1,Tuesday,2023,12,2023-03-01,2023-03-31,False,True,80,False,Mar 2023,Q1 2023
20230322,2023-03-22,2023,3,March,22,1,2,Wednesday,2023,12,2023-03-01,2023-03-31,False,True,81,False,Mar 2023,Q1 2023
20230323,2023-03-23,2023,3,March,23,1,3,Thursday,2023,12,2023-03-01,2023-03-31,False,True,82,False,Mar 2023,Q1 2023
20230324,2023-03-24,2023,3,March,24,1,4,Friday,2023,12,2023-03-01,2023-03-31,False,True,83,False,Mar 2023,Q1 2023
20230325,2023-03-25,2023,3,March,25,1,5,Saturday,2023,12,2023-03-01,2023-03-31,False,False,84,False,Mar 2023,Q1 2023
20230326,2023-03-26,2023,3,March,26,1,6,Sunday,2023,12,2023-03-01,2023-03-31,False,False,85,False,Mar 2023,Q1 2023
20230327,2023-03-27,2023,3,March,27,1,0,Monday,2023,13,2023-03-01,2023-03-31,False,True,86,False,Mar 2023,Q1 2023
20230328,2023-03-28,2023,3,March,28,1,1,Tuesday,2023,13,2023-03-01,2023-03-31,False,True,87,False,Mar 2023,Q1 2023
20230329,2023-03-29,2023,3,March,29,1,2,Wednesday,2023,13,2023-03-01,2023-03-31,False,True,88,False,Mar 2023,Q1 2023
20230330,2023-03-30,2023,3,March,30,1,3,Thursday,2023,13,2023-03-01,2023-03-31,False,True,89,False,Mar 2023,Q1 2023
20230331,2023-03-31,2023,3,March,31,1,4,Friday,2023,13,2023-03-01,2023-03-31,True,True,90,False,Mar 2023,Q1 2023
20230401,2023-04-01,2023,4,April,1,2,5,Saturday,2023,13,2023-04-01,2023-04-30,False,False,91,False,Apr 2023,Q2 2023
20230402,2023-04-02,2023,4,April,2,2,6,Sunday,2023,13,2023-04-01,2023-04-30,False,False,92,False,Apr 2023,Q2 2023
20230403,2023-04-03,2023,4,April,3,2,0,Monday,2023,14,2023-04-01,2023-04-30,False,True,93,False,Apr 2023,Q2 2023
20230404,2023-04-04,2023,4,April,4,2,1,Tuesday,2023,14,2023-04-01,2023-04-30,False,True,94,False,Apr 2023,Q2 2023
20230405,2023-04-05,2023,4,April,5,2,2,Wednesday,2023,14,2023-04-01,2023-04-30,False,True,95,False,Apr 2023,Q2 2023
20230406,2023-04-06,2023,4,April,6,2,3,Thursday,2023,14,2023-04-01,2023-04-30,False,True,96,False,Apr 2023,Q2 2023
20230407,2023-04-07,2023,4,April,7,2,4,Friday,2023,14,2023-04-01,2023-04-30,False,True,97,False,Apr 2023,Q2 2023
20230408,2023-04-08,2023,4,April,8,2,5,Saturday,2023,14,2023-04-01,2023-04-30,False,False,98,False,Apr 2023,Q2 2023
20230409,2023-04-09,2023,4,April,9,2,6,Sunday,2023,14,2023-04-01,2023-04-30,False,False,99,False,Apr 2023,Q2 2023
20230410,2023-04-10,2023,4,April,10,2,0,Monday,2023,15,2023-04-01,2023-04-30,False,True,100,False,Apr 2023,Q2 2023
20230411,2023-04-11,2023,4,April,11,2,1,Tuesday,2023,15,2023-04-01,2023-04-30,False,True,101,False,Apr 2023,Q2 2023
20230412,2023-04-12,2023,4,April,12,2,2,Wednesday,2023,15,2023-04-01,2023-04-30,False,True,102,False,Apr 2023,Q2 2023
20230413,2023-04-13,2023,4,April,13,2,3,Thursday,2023,15,2023-04-01,2023-04-30,False,True,103,False,Apr 2023,Q2 2023
20230414,2023-04-14,2023,4,April,14,2,4,Friday,2023,15,2023-04-01,2023-04-30,False,True,104,False,Apr 2023,Q2 2023
20230415,2023-04-15,2023,4,April,15,2,5,Saturday,2023,15,2023-04-01,2023-04-30,False,False,105,False,Apr 2023,Q2 2023
20230416,2023-04-16,2023,4,April,16,2,6,Sunday,2023,15,2023-04-01,2023-04-30,False,False,106,False,Apr 2023,Q2 2023
20230417,2023-04-17,2023,4,April,17,2,0,Monday,2023,16,2023-04-01,2023-04-30,False,True,107,False,Apr 2023,Q2 2023
20230418,2023-04-18,2023,4,April,18,2,1,Tuesday,2023,16,2023-04-01,2023-04-30,False,True,108,False,Apr 2023,Q2 2023
20230419,2023-04-19,2023,4,April,19,2,2,Wednesday,2023,16,2023-04-01,2023-04-30,False,True,109,False,Apr 2023,Q2 2023
20230420,2023-04-20,2023,4,April,20,2,3,Thursday,2023,16,2023-04-01,2023-04-30,False,True,110,False,Apr 2023,Q2 2023
20230421,2023-04-21,2023,4,April,21,2,4,Friday,2023,16,2023-04-01,2023-04-30,False,True,111,False,Apr 2023,Q2 2023
20230422,2023-04-22,2023,4,April,22,2,5,Saturday,2023,16,2023-04-01,2023-04-30,False,False,112,False,Apr 2023,Q2 2023
20230423,2023-04-23,2023,4,April,23,2,6,Sunday,2023,16,2023-04-01,2023-04-30,False,False,113,False,Apr 2023,Q2 2023
20230424,2023-04-24,2023,4,April,24,2,0,Monday,2023,17,2023-04-01,2023-04-30,False,True,114,False,Apr 2023,Q2 2023
20230425,2023-04-25,2023,4,April,25,2,1,Tuesday,2023,17,2023-04-01,2023-04-30,False,True,115,False,Apr 2023,Q2 2023
20230426,2023-04-26,2023,4,April,26,2,2,Wednesday,2023,17,2023-04-01,2023-04-30,False,True,116,False,Apr 2023,Q2 2023
20230427,2023-04-27,2023,4,April,27,2,3,Thursday,2023,17,2023-04-01,2023-04-30,False,True,117,False,Apr 2023,Q2 2023
20230428,2023-04-28,2023,4,April,28,2,4,Friday,2023,17,2023-04-01,2023-04-30,False,True,118,False,Apr 2023,Q2 2023
20230429,2023-04-29,2023,4,April,29,2,5,Saturday,2023,17,2023-04-01,2023-04-30,False,False,119,False,Apr 2023,Q2 2023
20230430,2023-04-30,2023,4,April,30,2,6,Sunday,2023,17,2023-04-01,2023-04-30,True,False,120,False,Apr 2023,Q2 2023
20230501,2023-05-01,2023,5,May,1,2,0,Monday,2023,18,2023-05-01,2023-05-31,False,True,121,False,May 2023,Q2 2023
20230502,2023-05-02,2023,5,May,2,2,1,Tuesday,2023,18,2023-05-01,2023-05-31,False,True,122,False,May 2023,Q2 2023
20230503,2023-05-03,2023,5,May,3,2,2,Wednesday,2023,18,2023-05-01,2023-05-31,False,True,123,False,May 2023,Q2 2023
20230504,2023-05-04,2023,5,May,4,2,3,Thursday,2023,18,2023-05-01,2023-05-31,False,True,124,False,May 2023,Q2 2023
20230505,2023-05-05,2023,5,May,5,2,4,Friday,2023,18,2023-05-01,2023-05-31,False,True,125,False,May 2023,Q2 2023
20230506,2023-05-06,2023,5,May,6,2,5,Saturday,2023,18,2023-05-01,2023-05-31,False,False,126,False,May 2023,Q2 2023
20230507,2023-05-07,2023,5,May,7,2,6,Sunday,2023,18,2023-05-01,2023-05-31,False,False,127,False,May 2023,Q2 2023
20230508,2023-05-08,2023,5,May,8,2,0,Monday,2023,19,2023-05-01,2023-05-31,False,True,128,False,May 2023,Q2 2023
20230509,2023-05-09,2023,5,May,9,2,1,Tuesday,2023,19,2023-05-01,2023-05-31,False,True,129,False,May 2023,Q2 2023
20230510,2023-05-10,2023,5,May,10,2,2,Wednesday,2023,19,2023-05-01,2023-05-31,False,True,130,False,May 2023,Q2 2023
20230511,2023-05-11,2023,5,May,11,2,3,Thursday,2023,19,2023-05-01,2023-05-31,False,True,131,False,May 2023,Q2 2023
20230512,2023-05-12,2023,5,May,12,2,4,Friday,2023,19,2023-05-01,2023-05-31,False,True,132,False,May 2023,Q2 2023
20230513,2023-05-13,2023,5,May,13,2,5,Saturday,2023,19,2023-05-01,2023-05-31,False,False,133,False,May 2023,Q2 2023
20230514,2023-05-14,2023,5,May,14,2,6,Sunday,2023,19,2023-05-01,2023-05-31,False,False,134,False,May 2023,Q2 2023
20230515,2023-05-15,2023,5,May,15,2,0,Monday,2023,20,2023-05-01,2023-05-31,False,True,135,False,May 2023,Q2 2023
20230516,2023-05-16,2023,5,May,16,2,1,Tuesday,2023,20,2023-05-01,2023-05-31,False,True,136,False,May 2023,Q2 2023
20230517,2023-05-17,2023,5,May,17,2,2,Wednesday,2023,20,2023-05-01,2023-05-31,False,True,137,False,May 2023,Q2 2023
20230518,2023-05-18,2023,5,May,18,2,3,Thursday,2023,20,2023-05-01,2023-05-31,False,True,138,False,May 2023,Q2 2023
20230519,2023-05-19,2023,5,May,19,2,4,Friday,2023,20,2023-05-01,2023-05-31,False,True,139,False,May 2023,Q2 2023
20230520,2023-05-20,2023,5,May,20,2,5,Saturday,2023,20,2023-05-01,2023-05-31,False,False,140,False,May 2023,Q2 2023
20230521,2023-05-21,2023,5,May,21,2,6,Sunday,2023,20,2023-05-01,2023-05-31,False,False,141,False,May 2023,Q2 2023
20230522,2023-05-22,2023,5,May,22,2,0,Monday,2023,21,2023-05-01,2023-05-31,False,True,142,False,May 2023,Q2 2023
20230523,2023-05-23,2023,5,May,23,2,1,Tuesday,2023,21,2023-05-01,2023-05-31,False,True,143,False,May 2023,Q2 2023
20230524,2023-05-24,2023,5,May,24,2,2,Wednesday,2023,21,2023-05-01,2023-05-31,False,True,144,False,May 2023,Q2 2023
20230525,2023-05-25,2023,5,May,25,2,3,Thursday,2023,21,2023-05-01,2023-05-31,False,True,145,False,May 2023,Q2 2023
20230526,2023-05-26,2023,5,May,26,2,4,Friday,2023,21,2023-05-01,2023-05-31,False,True,146,False,May 2023,Q2 2023
20230527,2023-05-27,2023,5,May,27,2,5,Saturday,2023,21,2023-05-01,2023-05-31,False,False,147,False,May 2023,Q2 2023
20230528,2023-05-28,2023,5,May,28,2,6,Sunday,2023,21,2023-05-01,2023-05-31,False,False,148,False,May 2023,Q2 2023
20230529,2023-05-29,2023,5,May,29,2,0,Monday,2023,22,2023-05-01,2023-05-31,False,True,149,False,May 2023,Q2 2023
20230530,2023-05-30,2023,5,May,30,2,1,Tuesday,2023,22,2023-05-01,2023-05-31,False,True,150,False,May 2023,Q2 2023
20230531,2023-05-31,2023,5,May,31,2,2,Wednesday,2023,22,2023-05-01,2023-05-31,True,True,151,False,May 2023,Q2 2023
20230601,2023-06-01,2023,6,June,1,2,3,Thursday,2023,22,2023-06-01,2023-06-30,False,True,152,False,Jun 2023,Q2 2023
20230602,2023-06-02,2023,6,June,2,2,4,Friday,2023,22,2023-06-01,2023-06-30,False,True,153,False,Jun 2023,Q2 2023
20230603,2023-06-03,2023,6,June,3,2,5,Saturday,2023,22,2023-06-01,2023-06-30,False,False,154,False,Jun 2023,Q2 2023
20230604,2023-06-04,2023,6,June,4,2,6,Sunday,2023,22,2023-06-01,2023-06-30,False,False,155,False,Jun 2023,Q2 2023
20230605,2023-06-05,2023,6,June,5,2,0,Monday,2023,23,2023-06-01,2023-06-30,False,True,156,False,Jun 2023,Q2 2023
20230606,2023-06-06,2023,6,June,6,2,1,Tuesday,2023,23,2023-06-01,2023-06-30,False,True,157,False,Jun 2023,Q2 2023
20230607,2023-06-07,2023,6,June,7,2,2,Wednesday,2023,23,2023-06-01,2023-06-30,False,True,158,False,Jun 2023,Q2 2023
20230608,2023-06-08,2023,6,June,8,2,3,Thursday,2023,23,2023-06-01,2023-06-30,False,True,159,False,Jun 2023,Q2 2023
20230609,2023-06-09,2023,6,June,9,2,4,Friday,2023,23,2023-06-01,2023-06-30,False,True,160,False,Jun 2023,Q2 2023
20230610,2023-06-10,2023,6,June,10,2,5,Saturday,2023,23,2023-06-01,2023-06-30,False,False,161,False,Jun 2023,Q2 2023
20230611,2023-06-11,2023,6,June,11,2,6,Sunday,2023,23,2023-06-01,2023-06-30,False,False,162,False,Jun 2023,Q2 2023
20230612,2023-06-12,2023,6,June,12,2,0,Monday,2023,24,2023-06-01,2023-06-30,False,True,163,False,Jun 2023,Q2 2023
20230613,2023-06-13,2023,6,June,13,2,1,Tuesday,2023,24,2023-06-01,2023-06-30,False,True,164,False,Jun 2023,Q2 2023
20230614,2023-06-14,2023,6,June,14,2,2,Wednesday,2023,24,2023-06-01,2023-06-30,False,True,165,False,Jun 2023,Q2 2023
20230615,2023-06-15,2023,6,June,15,2,3,Thursday,2023,24,2023-06-01,2023-06-30,False,True,166,False,Jun 2023,Q2 2023
20230616,2023-06-16,2023,6,June,16,2,4,Friday,2023,24,2023-06-01,2023-06-30,False,True,167,False,Jun 2023,Q2 2023
20230617,2023-06-17,2023,6,June,17,2,5,Saturday,2023,24,2023-06-01,2023-06-30,False,False,168,False,Jun 2023,Q2 2023
20230618,2023-06-18,2023,6,June,18,2,6,Sunday,2023,24,2023-06-01,2023-06-30,False,False,169,False,Jun 2023,Q2 2023
20230619,2023-06-19,2023,6,June,19,2,0,Monday,2023,25,2023-06-01,2023-06-30,False,True,170,False,Jun 2023,Q2 2023
20230620,2023-06-20,2023,6,June,20,2,1,Tuesday,2023,25,2023-06-01,2023-06-30,False,True,171,False,Jun 2023,Q2 2023
20230621,2023-06-21,2023,6,June,21,2,2,Wednesday,2023,25,2023-06-01,2023-06-30,False,True,172,False,Jun 2023,Q2 2023
20230622,2023-06-22,2023,6,June,22,2,3,Thursday,2023,25,2023-06-01,2023-06-30,False,True,173,False,Jun 2023,Q2 2023
20230623,2023-06-23,2023,6,June,23,2,4,Friday,2023,25,2023-06-01,2023-06-30,False,True,174,False,Jun 2023,Q2 2023
20230624,2023-06-24,2023,6,June,24,2,5,Saturday,2023,25,2023-06-01,2023-06-30,False,False,175,False,Jun 2023,Q2 2023
20230625,2023-06-25,2023,6,June,25,2,6,Sunday,2023,25,2023-06-01,2023-06-30,False,False,176,False,Jun 2023,Q2 2023
20230626,2023-06-26,2023,6,June,26,2,0,Monday,2023,26,2023-06-01,2023-06-30,False,True,177,False,Jun 2023,Q2 2023
20230627,2023-06-27,2023,6,June,27,2,1,Tuesday,2023,26,2023-06-01,2023-06-30,False,True,178,False,Jun 2023,Q2 2023
20230628,2023-06-28,2023,6,June,28,2,2,Wednesday,2023,26,2023-06-01,2023-06-30,False,True,179,False,Jun 2023,Q2 2023
20230629,2023-06-29,2023,6,June,29,2,3,Thursday,2023,26,2023-06-01,2023-06-30,False,True,180,False,Jun 2023,Q2 2023
20230630,2023-06-30,2023,6,June,30,2,4,Friday,2023,26,2023-06-01,2023-06-30,True,True,181,False,Jun 2023,Q2 2023
20230701,2023-07-01,2023,7,July,1,3,5,Saturday,2023,26,2023-07-01,2023-07-31,False,False,182,False,Jul 2023,Q3 2023
20230702,2023-07-02,2023,7,July,2,3,6,Sunday,2023,26,2023-07-01,2023-07-31,False,False,183,False,Jul 2023,Q3 2023
20230703,2023-07-03,2023,7,July,3,3,0,Monday,2023,27,2023-07-01,2023-07-31,False,True,184,False,Jul 2023,Q3 2023
20230704,2023-07-04,2023,7,July,4,3,1,Tuesday,2023,27,2023-07-01,2023-07-31,False,True,185,False,Jul 2023,Q3 2023
20230705,2023-07-05,2023,7,July,5,3,2,Wednesday,2023,27,2023-07-01,2023-07-31,False,True,186,False,Jul 2023,Q3 2023
20230706,2023-07-06,2023,7,July,6,3,3,Thursday,2023,27,2023-07-01,2023-07-31,False,True,187,False,Jul 2023,Q3 2023
20230707,2023-07-07,2023,7,July,7,3,4,Friday,2023,27,2023-07-01,2023-07-31,False,True,188,False,Jul 2023,Q3 2023
20230708,2023-07-08,2023,7,July,8,3,5,Saturday,2023,27,2023-07-01,2023-07-31,False,False,189,False,Jul 2023,Q3 2023
20230709,2023-07-09,2023,7,July,9,3,6,Sunday,2023,27,2023-07-01,2023-07-31,False,False,190,False,Jul 2023,Q3 2023
20230710,2023-07-10,2023,7,July,10,3,0,Monday,2023,28,2023-07-01,2023-07-31,False,True,191,False,Jul 2023,Q3 2023
20230711,2023-07-11,2023,7,July,11,3,1,Tuesday,2023,28,2023-07-01,2023-07-31,False,True,192,False,Jul 2023,Q3 2023
20230712,2023-07-12,2023,7,July,12,3,2,Wednesday,2023,28,2023-07-01,2023-07-31,False,True,193,False,Jul 2023,Q3 2023
20230713,2023-07-13,2023,7,July,13,3,3,Thursday,2023,28,2023-07-01,2023-07-31,False,True,194,False,Jul 2023,Q3 2023
20230714,2023-07-14,2023,7,July,14,3,4,Friday,2023,28,2023-07-01,2023-07-31,False,True,195,False,Jul 2023,Q3 2023
20230715,2023-07-15,2023,7,July,15,3,5,Saturday,2023,28,2023-07-01,2023-07-31,False,False,196,False,Jul 2023,Q3 2023
20230716,2023-07-16,2023,7,July,16,3,6,Sunday,2023,28,2023-07-01,2023-07-31,False,False,197,False,Jul 2023,Q3 2023
20230717,2023-07-17,2023,7,July,17,3,0,Monday,2023,29,2023-07-01,2023-07-31,False,True,198,False,Jul 2023,Q3 2023
20230718,2023-07-18,2023,7,July,18,3,1,Tuesday,2023,29,2023-07-01,2023-07-31,False,True,199,False,Jul 2023,Q3 2023
20230719,2023-07-19,2023,7,July,19,3,2,Wednesday,2023,29,2023-07-01,2023-07-31,False,True,200,False,Jul 2023,Q3 2023
20230720,2023-07-20,2023,7,July,20,3,3,Thursday,2023,29,2023-07-01,2023-07-31,False,True,201,False,Jul 2023,Q3 2023
20230721,2023-07-21,2023,7,July,21,3,4,Friday,2023,29,2023-07-01,2023-07-31,False,True,202,False,Jul 2023,Q3 2023
20230722,2023-07-22,2023,7,July,22,3,5,Saturday,2023,29,2023-07-01,2023-07-31,False,False,203,False,Jul 2023,Q3 2023
20230723,2023-07-23,2023,7,July,23,3,6,Sunday,2023,29,2023-07-01,2023-07-31,False,False,204,False,Jul 2023,Q3 2023
20230724,2023-07-24,2023,7,July,24,3,0,Monday,2023,30,2023-07-01,2023-07-31,False,True,205,False,Jul 2023,Q3 2023
20230725,2023-07-25,2023,7,July,25,3,1,Tuesday,2023,30,2023-07-01,2023-07-31,False,True,206,False,Jul 2023,Q3 2023
20230726,2023-07-26,2023,7,July,26,3,2,Wednesday,2023,30,2023-07-01,2023-07-31,False,True,207,False,Jul 2023,Q3 2023
20230727,2023-07-27,2023,7,July,27,3,3,Thursday,2023,30,2023-07-01,2023-07-31,False,True,208,False,Jul 2023,Q3 2023
20230728,2023-07-28,2023,7,July,28,3,4,Friday,2023,30,2023-07-01,2023-07-31,False,True,209,False,Jul 2023,Q3 2023
20230729,2023-07-29,2023,7,July,29,3,5,Saturday,2023,30,2023-07-01,2023-07-31,False,False,210,False,Jul 2023,Q3 2023
20230730,2023-07-30,2023,7,July,30,3,6,Sunday,2023,30,2023-07-01,2023-07-31,False,False,211,False,Jul 2023,Q3 2023
20230731,2023-07-31,2023,7,July,31,3,0,Monday,2023,31,2023-07-01,2023-07-31,True,True,212,False,Jul 2023,Q3 2023
20230801,2023-08-01,2023,8,August,1,3,1,Tuesday,2023,31,2023-08-01,2023-08-31,False,True,213,False,Aug 2023,Q3 2023
20230802,2023-08-02,2023,8,August,2,3,2,Wednesday,2023,31,2023-08-01,2023-08-31,False,True,214,False,Aug 2023,Q3 2023
20230803,2023-08-03,2023,8,August,3,3,3,Thursday,2023,31,2023-08-01,2023-08-31,False,True,215,False,Aug 2023,Q3 2023
20230804,2023-08-04,2023,8,August,4,3,4,Friday,2023,31,2023-08-01,2023-08-31,False,True,216,False,Aug 2023,Q3 2023
20230805,2023-08-05,2023,8,August,5,3,5,Saturday,2023,31,2023-08-01,2023-08-31,False,False,217,False,Aug 2023,Q3 2023
20230806,2023-08-06,2023,8,August,6,3,6,Sunday,2023,31,2023-08-01,2023-08-31,False,False,218,False,Aug 2023,Q3 2023
20230807,2023-08-07,2023,8,August,7,3,0,Monday,2023,32,2023-08-01,2023-08-31,False,True,219,False,Aug 2023,Q3 2023
20230808,2023-08-08,2023,8,August,8,3,1,Tuesday,2023,32,2023-08-01,2023-08-31,False,True,220,False,Aug 2023,Q3 2023
20230809,2023-08-09,2023,8,August,9,3,2,Wednesday,2023,32,2023-08-01,2023-08-31,False,True,221,False,Aug 2023,Q3 2023
20230810,2023-08-10,2023,8,August,10,3,3,Thursday,2023,32,2023-08-01,2023-08-31,False,True,222,False,Aug 2023,Q3 2023
20230811,2023-08-11,2023,8,August,11,3,4,Friday,2023,32,2023-08-01,2023-08-31,False,True,223,False,Aug 2023,Q3 2023
20230812,2023-08-12,2023,8,August,12,3,5,Saturday,2023,32,2023-08-01,2023-08-31,False,False,224,False,Aug 2023,Q3 2023
20230813,2023-08-13,2023,8,August,13,3,6,Sunday,2023,32,2023-08-01,2023-08-31,False,False,225,False,Aug 2023,Q3 2023
20230814,2023-08-14,2023,8,August,14,3,0,Monday,2023,33,2023-08-01,2023-08-31,False,True,226,False,Aug 2023,Q3 2023
20230815,2023-08-15,2023,8,August,15,3,1,Tuesday,2023,33,2023-08-01,2023-08-31,False,True,227,False,Aug 2023,Q3 2023
20230816,2023-08-16,2023,8,August,16,3,2,Wednesday,2023,33,2023-08-01,2023-08-31,False,True,228,False,Aug 2023,Q3 2023
20230817,2023-08-17,2023,8,August,17,3,3,Thursday,2023,33,2023-08-01,2023-08-31,False,True,229,False,Aug 2023,Q3 2023
20230818,2023-08-18,2023,8,August,18,3,4,Friday,2023,33,2023-08-01,2023-08-31,False,True,230,False,Aug 2023,Q3 2023
20230819,2023-08-19,2023,8,August,19,3,5,Saturday,2023,33,2023-08-01,2023-08-31,False,False,231,False,Aug 2023,Q3 2023
20230820,2023-08-20,2023,8,August,20,3,6,Sunday,2023,33,2023-08-01,2023-08-31,False,False,232,False,Aug 2023,Q3 2023
20230821,2023-08-21,2023,8,August,21,3,0,Monday,2023,34,2023-08-01,2023-08-31,False,True,233,False,Aug 2023,Q3 2023
20230822,2023-08-22,2023,8,August,22,3,1,Tuesday,2023,34,2023-08-01,2023-08-31,False,True,234,False,Aug 2023,Q3 2023
20230823,2023-08-23,2023,8,August,23,3,2,Wednesday,2023,34,2023-08-01,2023-08-31,False,True,235,False,Aug 2023,Q3 2023
20230824,2023-08-24,2023,8,August,24,3,3,Thursday,2023,34,2023-08-01,2023-08-31,False,True,236,False,Aug 2023,Q3 2023
20230825,2023-08-25,2023,8,August,25,3,4,Friday,2023,34,2023-08-01,2023-08-31,False,True,237,False,Aug 2023,Q3 2023
20230826,2023-08-26,2023,8,August,26,3,5,Saturday,2023,34,2023-08-01,2023-08-31,False,False,238,False,Aug 2023,Q3 2023
20230827,2023-08-27,2023,8,August,27,3,6,Sunday,2023,34,2023-08-01,2023-08-31,False,False,239,False,Aug 2023,Q3 2023
20230828,2023-08-28,2023,8,August,28,3,0,Monday,2023,35,2023-08-01,2023-08-31,False,True,240,False,Aug 2023,Q3 2023
20230829,2023-08-29,2023,8,August,29,3,1,Tuesday,2023,35,2023-08-01,2023-08-31,False,True,241,False,Aug 2023,Q3 2023
20230830,2023-08-30,2023,8,August,30,3,2,Wednesday,2023,35,2023-08-01,2023-08-31,False,True,242,False,Aug 2023,Q3 2023
20230831,2023-08-31,2023,8,August,31,3,3,Thursday,2023,35,2023-08-01,2023-08-31,True,True,243,False,Aug 2023,Q3 2023
20230901,2023-09-01,2023,9,September,1,3,4,Friday,2023,35,2023-09-01,2023-09-30,False,True,244,False,Sep 2023,Q3 2023
20230902,2023-09-02,2023,9,September,2,3,5,Saturday,2023,35,2023-09-01,2023-09-30,False,False,245,False,Sep 2023,Q3 2023
20230903,2023-09-03,2023,9,September,3,3,6,Sunday,2023,35,2023-09-01,2023-09-30,False,False,246,False,Sep 2023,Q3 2023
20230904,2023-09-04,2023,9,September,4,3,0,Monday,2023,36,2023-09-01,2023-09-30,False,True,247,False,Sep 2023,Q3 2023
20230905,2023-09-05,2023,9,September,5,3,1,Tuesday,2023,36,2023-09-01,2023-09-30,False,True,248,False,Sep 2023,Q3 2023
20230906,2023-09-06,2023,9,September,6,3,2,Wednesday,2023,36,2023-09-01,2023-09-30,False,True,249,False,Sep 2023,Q3 2023
20230907,2023-09-07,2023,9,September,7,3,3,Thursday,2023,36,2023-09-01,2023-09-30,False,True,250,False,Sep 2023,Q3 2023
20230908,2023-09-08,2023,9,September,8,3,4,Friday,2023,36,2023-09-01,2023-09-30,False,True,251,False,Sep 2023,Q3 2023
20230909,2023-09-09,2023,9,September,9,3,5,Saturday,2023,36,2023-09-01,2023-09-30,False,False,252,False,Sep 2023,Q3 2023
20230910,2023-09-10,2023,9,September,10,3,6,Sunday,2023,36,2023-09-01,2023-09-30,False,False,253,False,Sep 2023,Q3 2023
20230911,2023-09-11,2023,9,September,11,3,0,Monday,2023,37,2023-09-01,2023-09-30,False,True,254,False,Sep 2023,Q3 2023
20230912,2023-09-12,2023,9,September,12,3,1,Tuesday,2023,37,2023-09-01,2023-09-30,False,True,255,False,Sep 2023,Q3 2023
20230913,2023-09-13,2023,9,September,13,3,2,Wednesday,2023,37,2023-09-01,2023-09-30,False,True,256,False,Sep 2023,Q3 2023
20230914,2023-09-14,2023,9,September,14,3,3,Thursday,2023,37,2023-09-01,2023-09-30,False,True,257,False,Sep 2023,Q3 2023
20230915,2023-09-15,2023,9,September,15,3,4,Friday,2023,37,2023-09-01,2023-09-30,False,True,258,False,Sep 2023,Q3 2023
20230916,2023-09-16,2023,9,September,16,3,5,Saturday,2023,37,2023-09-01,2023-09-30,False,False,259,False,Sep 2023,Q3 2023
20230917,2023-09-17,2023,9,September,17,3,6,Sunday,2023,37,2023-09-01,2023-09-30,False,False,260,False,Sep 2023,Q3 2023
20230918,2023-09-18,2023,9,September,18,3,0,Monday,2023,38,2023-09-01,2023-09-30,False,True,261,False,Sep 2023,Q3 2023
20230919,2023-09-19,2023,9,September,19,3,1,Tuesday,2023,38,2023-09-01,2023-09-30,False,True,262,False,Sep 2023,Q3 2023
20230920,2023-09-20,2023,9,September,20,3,2,Wednesday,2023,38,2023-09-01,2023-09-30,False,True,263,False,Sep 2023,Q3 2023
20230921,2023-09-21,2023,9,September,21,3,3,Thursday,2023,38,2023-09-01,2023-09-30,False,True,264,False,Sep 2023,Q3 2023
20230922,2023-09-22,2023,9,September,22,3,4,Friday,2023,38,2023-09-01,2023-09-30,False,True,265,False,Sep 2023,Q3 2023
20230923,2023-09-23,2023,9,September,23,3,5,Saturday,2023,38,2023-09-01,2023-09-30,False,False,266,False,Sep 2023,Q3 2023
20230924,2023-09-24,2023,9,September,24,3,6,Sunday,2023,38,2023-09-01,2023-09-30,False,False,267,False,Sep 2023,Q3 2023
20230925,2023-09-25,2023,9,September,25,3,0,Monday,2023,39,2023-09-01,2023-09-30,False,True,268,False,Sep 2023,Q3 2023
20230926,2023-09-26,2023,9,September,26,3,1,Tuesday,2023,39,2023-09-01,2023-09-30,False,True,269,False,Sep 2023,Q3 2023
20230927,2023-09-27,2023,9,September,27,3,2,Wednesday,2023,39,2023-09-01,2023-09-30,False,True,270,False,Sep 2023,Q3 2023
20230928,2023-09-28,2023,9,September,28,3,3,Thursday,2023,39,2023-09-01,2023-09-30,False,True,271,False,Sep 2023,Q3 2023
20230929,2023-09-29,2023,9,September,29,3,4,Friday,2023,39,2023-09-01,2023-09-30,False,True,272,False,Sep 2023,Q3 2023
20230930,2023-09-30,2023,9,September,30,3,5,Saturday,2023,39,2023-09-01,2023-09-30,True,False,273,False,Sep 2023,Q3 2023
20231001,2023-10-01,2023,10,October,1,4,6,Sunday,2023,39,2023-10-01,2023-10-31,False,False,274,False,Oct 2023,Q4 2023
20231002,2023-10-02,2023,10,October,2,4,0,Monday,2023,40,2023-10-01,2023-10-31,False,True,275,False,Oct 2023,Q4 2023
20231003,2023-10-03,2023,10,October,3,4,1,Tuesday,2023,40,2023-10-01,2023-10-31,False,True,276,False,Oct 2023,Q4 2023
20231004,2023-10-04,2023,10,October,4,4,2,Wednesday,2023,40,2023-10-01,2023-10-31,False,True,277,False,Oct 2023,Q4 2023
20231005,2023-10-05,2023,10,October,5,4,3,Thursday,2023,40,2023-10-01,2023-10-31,False,True,278,False,Oct 2023,Q4 2023
20231006,2023-10-06,2023,10,October,6,4,4,Friday,2023,40,2023-10-01,2023-10-31,False,True,279,False,Oct 2023,Q4 2023
20231007,2023-10-07,2023,10,October,7,4,5,Saturday,2023,40,2023-10-01,2023-10-31,False,False,280,False,Oct 2023,Q4 2023
20231008,2023-10-08,2023,10,October,8,4,6,Sunday,2023,40,2023-10-01,2023-10-31,False,False,281,False,Oct 2023,Q4 2023
20231009,2023-10-09,2023,10,October,9,4,0,Monday,2023,41,2023-10-01,2023-10-31,False,True,282,False,Oct 2023,Q4 2023
20231010,2023-10-10,2023,10,October,10,4,1,Tuesday,2023,41,2023-10-01,2023-10-31,False,True,283,False,Oct 2023,Q4 2023
20231011,2023-10-11,2023,10,October,11,4,2,Wednesday,2023,41,2023-10-01,2023-10-31,False,True,284,False,Oct 2023,Q4 2023
20231012,2023-10-12,2023,10,October,12,4,3,Thursday,2023,41,2023-10-01,2023-10-31,False,True,285,False,Oct 2023,Q4 2023
20231013,2023-10-13,2023,10,October,13,4,4,Friday,2023,41,2023-10-01,2023-10-31,False,True,286,False,Oct 2023,Q4 2023
20231014,2023-10-14,2023,10,October,14,4,5,Saturday,2023,41,2023-10-01,2023-10-31,False,False,287,False,Oct 2023,Q4 2023
20231015,2023-10-15,2023,10,October,15,4,6,Sunday,2023,41,2023-10-01,2023-10-31,False,False,288,False,Oct 2023,Q4 2023
20231016,2023-10-16,2023,10,October,16,4,0,Monday,2023,42,2023-10-01,2023-10-31,False,True,289,False,Oct 2023,Q4 2023
20231017,2023-10-17,2023,10,October,17,4,1,Tuesday,2023,42,2023-10-01,2023-10-31,False,True,290,False,Oct 2023,Q4 2023
20231018,2023-10-18,2023,10,October,18,4,2,Wednesday,2023,42,2023-10-01,2023-10-31,False,True,291,False,Oct 2023,Q4 2023
20231019,2023-10-19,2023,10,October,19,4,3,Thursday,2023,42,2023-10-01,2023-10-31,False,True,292,False,Oct 2023,Q4 2023
20231020,2023-10-20,2023,10,October,20,4,4,Friday,2023,42,2023-10-01,2023-10-31,False,True,293,False,Oct 2023,Q4 2023
20231021,2023-10-21,2023,10,October,21,4,5,Saturday,2023,42,2023-10-01,2023-10-31,False,False,294,False,Oct 2023,Q4 2023
20231022,2023-10-22,2023,10,October,22,4,6,Sunday,2023,42,2023-10-01,2023-10-31,False,False,295,False,Oct 2023,Q4 2023
20231023,2023-10-23,2023,10,October,23,4,0,Monday,2023,43,2023-10-01,2023-10-31,False,True,296,False,Oct 2023,Q4 2023
20231024,2023-10-24,2023,10,October,24,4,1,Tuesday,2023,43,2023-10-01,2023-10-31,False,True,297,False,Oct 2023,Q4 2023
20231025,2023-10-25,2023,10,October,25,4,2,Wednesday,2023,43,2023-10-01,2023-10-31,False,True,298,False,Oct 2023,Q4 2023
20231026,2023-10-26,2023,10,October,26,4,3,Thursday,2023,43,2023-10-01,2023-10-31,False,True,299,False,Oct 2023,Q4 2023
20231027,2023-10-27,2023,10,October,27,4,4,Friday,2023,43,2023-10-01,2023-10-31,False,True,300,False,Oct 2023,Q4 2023
20231028,2023-10-28,2023,10,October,28,4,5,Saturday,2023,43,2023-10-01,2023-10-31,False,False,301,False,Oct 2023,Q4 2023
20231029,2023-10-29,2023,10,October,29,4,6,Sunday,2023,43,2023-10-01,2023-10-31,False,False,302,False,Oct 2023,Q4 2023
20231030,2023-10-30,2023,10,October,30,4,0,Monday,2023,44,2023-10-01,2023-10-31,False,True,303,False,Oct 2023,Q4 2023
20231031,2023-10-31,2023,10,October,31,4,1,Tuesday,2023,44,2023-10-01,2023-10-31,True,True,304,False,Oct 2023,Q4 2023
20231101,2023-11-01,2023,11,November,1,4,2,Wednesday,2023,44,2023-11-01,2023-11-30,False,True,305,False,Nov 2023,Q4 2023
20231102,2023-11-02,2023,11,November,2,4,3,Thursday,2023,44,2023-11-01,2023-11-30,False,True,306,False,Nov 2023,Q4 2023
20231103,2023-11-03,2023,11,November,3,4,4,Friday,2023,44,2023-11-01,2023-11-30,False,True,307,False,Nov 2023,Q4 2023
20231104,2023-11-04,2023,11,November,4,4,5,Saturday,2023,44,2023-11-01,2023-11-30,False,False,308,False,Nov 2023,Q4 2023
20231105,2023-11-05,2023,11,November,5,4,6,Sunday,2023,44,2023-11-01,2023-11-30,False,False,309,False,Nov 2023,Q4 2023
20231106,2023-11-06,2023,11,November,6,4,0,Monday,2023,45,2023-11-01,2023-11-30,False,True,310,False,Nov 2023,Q4 2023
20231107,2023-11-07,2023,11,November,7,4,1,Tuesday,2023,45,2023-11-01,2023-11-30,False,True,311,False,Nov 2023,Q4 2023
20231108,2023-11-08,2023,11,November,8,4,2,Wednesday,2023,45,2023-11-01,2023-11-30,False,True,312,False,Nov 2023,Q4 2023
20231109,2023-11-09,2023,11,November,9,4,3,Thursday,2023,45,2023-11-01,2023-11-30,False,True,313,False,Nov 2023,Q4 2023
20231110,2023-11-10,2023,11,November,10,4,4,Friday,2023,45,2023-11-01,2023-11-30,False,True,314,False,Nov 2023,Q4 2023
20231111,2023-11-11,2023,11,November,11,4,5,Saturday,2023,45,2023-11-01,2023-11-30,False,False,315,False,Nov 2023,Q4 2023
20231112,2023-11-12,2023,11,November,12,4,6,Sunday,2023,45,2023-11-01,2023-11-30,False,False,316,False,Nov 2023,Q4 2023
20231113,2023-11-13,2023,11,November,13,4,0,Monday,2023,46,2023-11-01,2023-11-30,False,True,317,False,Nov 2023,Q4 2023
20231114,2023-11-14,2023,11,November,14,4,1,Tuesday,2023,46,2023-11-01,2023-11-30,False,True,318,False,Nov 2023,Q4 2023
20231115,2023-11-15,2023,11,November,15,4,2,Wednesday,2023,46,2023-11-01,2023-11-30,False,True,319,False,Nov 2023,Q4 2023
20231116,2023-11-16,2023,11,November,16,4,3,Thursday,2023,46,2023-11-01,2023-11-30,False,True,320,False,Nov 2023,Q4 2023
20231117,2023-11-17,2023,11,November,17,4,4,Friday,2023,46,2023-11-01,2023-11-30,False,True,321,False,Nov 2023,Q4 2023
20231118,2023-11-18,2023,11,November,18,4,5,Saturday,2023,46,2023-11-01,2023-11-30,False,False,322,False,Nov 2023,Q4 2023
20231119,2023-11-19,2023,11,November,19,4,6,Sunday,2023,46,2023-11-01,2023-11-30,False,False,323,False,Nov 2023,Q4 2023
20231120,2023-11-20,2023,11,November,20,4,0,Monday,2023,47,2023-11-01,2023-11-30,False,True,324,False,Nov 2023,Q4 2023
20231121,2023-11-21,2023,11,November,21,4,1,Tuesday,2023,47,2023-11-01,2023-11-30,False,True,325,False,Nov 2023,Q4 2023
20231122,2023-11-22,2023,11,November,22,4,2,Wednesday,2023,47,2023-11-01,2023-11-30,False,True,326,False,Nov 2023,Q4 2023
20231123,2023-11-23,2023,11,November,23,4,3,Thursday,2023,47,2023-11-01,2023-11-30,False,True,327,False,Nov 2023,Q4 2023
20231124,2023-11-24,2023,11,November,24,4,4,Friday,2023,47,2023-11-01,2023-11-30,False,True,328,False,Nov 2023,Q4 2023
20231125,2023-11-25,2023,11,November,25,4,5,Saturday,2023,47,2023-11-01,2023-11-30,False,False,329,False,Nov 2023,Q4 2023
20231126,2023-11-26,2023,11,November,26,4,6,Sunday,2023,47,2023-11-01,2023-11-30,False,False,330,False,Nov 2023,Q4 2023
20231127,2023-11-27,2023,11,November,27,4,0,Monday,2023,48,2023-11-01,2023-11-30,False,True,331,False,Nov 2023,Q4 2023
20231128,2023-11-28,2023,11,November,28,4,1,Tuesday,2023,48,2023-11-01,2023-11-30,False,True,332,False,Nov 2023,Q4 2023
20231129,2023-11-29,2023,11,November,29,4,2,Wednesday,2023,48,2023-11-01,2023-11-30,False,True,333,False,Nov 2023,Q4 2023
20231130,2023-11-30,2023,11,November,30,4,3,Thursday,2023,48,2023-11-01,2023-11-30,True,True,334,False,Nov 2023,Q4 2023
20231201,2023-12-01,2023,12,December,1,4,4,Friday,2023,48,2023-12-01,2023-12-31,False,True,335,False,Dec 2023,Q4 2023
20231202,2023-12-02,2023,12,December,2,4,5,Saturday,2023,48,2023-12-01,2023-12-31,False,False,336,False,Dec 2023,Q4 2023
20231203,2023-12-03,2023,12,December,3,4,6,Sunday,2023,48,2023-12-01,2023-12-31,False,False,337,False,Dec 2023,Q4 2023
20231204,2023-12-04,2023,12,December,4,4,0,Monday,2023,49,2023-12-01,2023-12-31,False,True,338,False,Dec 2023,Q4 2023
20231205,2023-12-05,2023,12,December,5,4,1,Tuesday,2023,49,2023-12-01,2023-12-31,False,True,339,False,Dec 2023,Q4 2023
20231206,2023-12-06,2023,12,December,6,4,2,Wednesday,2023,49,2023-12-01,2023-12-31,False,True,340,False,Dec 2023,Q4 2023
20231207,2023-12-07,2023,12,December,7,4,3,Thursday,2023,49,2023-12-01,2023-12-31,False,True,341,False,Dec 2023,Q4 2023
20231208,2023-12-08,2023,12,December,8,4,4,Friday,2023,49,2023-12-01,2023-12-31,False,True,342,False,Dec 2023,Q4 2023
20231209,2023-12-09,2023,12,December,9,4,5,Saturday,2023,49,2023-12-01,2023-12-31,False,False,343,False,Dec 2023,Q4 2023
20231210,2023-12-10,2023,12,December,10,4,6,Sunday,2023,49,2023-12-01,2023-12-31,False,False,344,False,Dec 2023,Q4 2023
20231211,2023-12-11,2023,12,December,11,4,0,Monday,2023,50,2023-12-01,2023-12-31,False,True,345,False,Dec 2023,Q4 2023
20231212,2023-12-12,2023,12,December,12,4,1,Tuesday,2023,50,2023-12-01,2023-12-31,False,True,346,False,Dec 2023,Q4 2023
20231213,2023-12-13,2023,12,December,13,4,2,Wednesday,2023,50,2023-12-01,2023-12-31,False,True,347,False,Dec 2023,Q4 2023
20231214,2023-12-14,2023,12,December,14,4,3,Thursday,2023,50,2023-12-01,2023-12-31,False,True,348,False,Dec 2023,Q4 2023
20231215,2023-12-15,2023,12,December,15,4,4,Friday,2023,50,2023-12-01,2023-12-31,False,True,349,False,Dec 2023,Q4 2023
20231216,2023-12-16,2023,12,December,16,4,5,Saturday,2023,50,2023-12-01,2023-12-31,False,False,350,False,Dec 2023,Q4 2023
20231217,2023-12-17,2023,12,December,17,4,6,Sunday,2023,50,2023-12-01,2023-12-31,False,False,351,False,Dec 2023,Q4 2023
20231218,2023-12-18,2023,12,December,18,4,0,Monday,2023,51,2023-12-01,2023-12-31,False,True,352,False,Dec 2023,Q4 2023
20231219,2023-12-19,2023,12,December,19,4,1,Tuesday,2023,51,2023-12-01,2023-12-31,False,True,353,False,Dec 2023,Q4 2023
20231220,2023-12-20,2023,12,December,20,4,2,Wednesday,2023,51,2023-12-01,2023-12-31,False,True,354,False,Dec 2023,Q4 2023
20231221,2023-12-21,2023,12,December,21,4,3,Thursday,2023,51,2023-12-01,2023-12-31,False,True,355,False,Dec 2023,Q4 2023
20231222,2023-12-22,2023,12,December,22,4,4,Friday,2023,51,2023-12-01,2023-12-31,False,True,356,False,Dec 2023,Q4 2023
20231223,2023-12-23,2023,12,December,23,4,5,Saturday,2023,51,2023-12-01,2023-12-31,False,False,357,False,Dec 2023,Q4 2023
20231224,2023-12-24,2023,12,December,24,4,6,Sunday,2023,51,2023-12-01,2023-12-31,False,False,358,False,Dec 2023,Q4 2023
20231225,2023-12-25,2023,12,December,25,4,0,Monday,2023,52,2023-12-01,2023-12-31,False,True,359,False,Dec 2023,Q4 2023
20231226,2023-12-26,2023,12,December,26,4,1,Tuesday,2023,52,2023-12-01,2023-12-31,False,True,360,False,Dec 2023,Q4 2023
20231227,2023-12-27,2023,12,December,27,4,2,Wednesday,2023,52,2023-12-01,2023-12-31,False,True,361,False,Dec 2023,Q4 2023
20231228,2023-12-28,2023,12,December,28,4,3,Thursday,2023,52,2023-12-01,2023-12-31,False,True,362,False,Dec 2023,Q4 2023
20231229,2023-12-29,2023,12,December,29,4,4,Friday,2023,52,2023-12-01,2023-12-31,False,True,363,False,Dec 2023,Q4 2023
20231230,2023-12-30,2023,12,December,30,4,5,Saturday,2023,52,2023-12-01,2023-12-31,False,False,364,False,Dec 2023,Q4 2023
20231231,2023-12-31,2023,12,December,31,4,6,Sunday,2023,52,2023-12-01,2023-12-31,True,False,365,False,Dec 2023,Q4 2023
20240101,2024-01-01,2024,1,January,1,1,0,Monday,2024,1,2024-01-01,2024-01-31,False,True,1,True,Jan 2024,Q1 2024
20240102,2024-01-02,2024,1,January,2,1,1,Tuesday,2024,1,2024-01-01,2024-01-31,False,True,2,True,Jan 2024,Q1 2024
20240103,2024-01-03,2024,1,January,3,1,2,Wednesday,2024,1,2024-01-01,2024-01-31,False,True,3,True,Jan 2024,Q1 2024
20240104,2024-01-04,2024,1,January,4,1,3,Thursday,2024,1,2024-01-01,2024-01-31,False,True,4,True,Jan 2024,Q1 2024
20240105,2024-01-05,2024,1,January,5,1,4,Friday,2024,1,2024-01-01,2024-01-31,False,True,5,True,Jan 2024,Q1 2024
20240106,2024-01-06,2024,1,January,6,1,5,Saturday,2024,1,2024-01-01,2024-01-31,False,False,6,True,Jan 2024,Q1 2024
20240107,2024-01-07,2024,1,January,7,1,6,Sunday,2024,1,2024-01-01,2024-01-31,False,False,7,True,Jan 2024,Q1 2024
20240108,2024-01-08,2024,1,January,8,1,0,Monday,2024,2,2024-01-01,2024-01-31,False,True,8,True,Jan 2024,Q1 2024
20240109,2024-01-09,2024,1,January,9,1,1,Tuesday,2024,2,2024-01-01,2024-01-31,False,True,9,True,Jan 2024,Q1 2024
20240110,2024-01-10,2024,1,January,10,1,2,Wednesday,2024,2,2024-01-01,2024-01-31,False,True,10,True,Jan 2024,Q1 2024
20240111,2024-01-11,2024,1,January,11,1,3,Thursday,2024,2,2024-01-01,2024-01-31,False,True,11,True,Jan 2024,Q1 2024
20240112,2024-01-12,2024,1,January,12,1,4,Friday,2024,2,2024-01-01,2024-01-31,False,True,12,True,Jan 2024,Q1 2024
20240113,2024-01-13,2024,1,January,13,1,5,Saturday,2024,2,2024-01-01,2024-01-31,False,False,13,True,Jan 2024,Q1 2024
20240114,2024-01-14,2024,1,January,14,1,6,Sunday,2024,2,2024-01-01,2024-01-31,False,False,14,True,Jan 2024,Q1 2024
20240115,2024-01-15,2024,1,January,15,1,0,Monday,2024,3,2024-01-01,2024-01-31,False,True,15,True,Jan 2024,Q1 2024
20240116,2024-01-16,2024,1,January,16,1,1,Tuesday,2024,3,2024-01-01,2024-01-31,False,True,16,True,Jan 2024,Q1 2024
20240117,2024-01-17,2024,1,January,17,1,2,Wednesday,2024,3,2024-01-01,2024-01-31,False,True,17,True,Jan 2024,Q1 2024
20240118,2024-01-18,2024,1,January,18,1,3,Thursday,2024,3,2024-01-01,2024-01-31,False,True,18,True,Jan 2024,Q1 2024
20240119,2024-01-19,2024,1,January,19,1,4,Friday,2024,3,2024-01-01,2024-01-31,False,True,19,True,Jan 2024,Q1 2024
20240120,2024-01-20,2024,1,January,20,1,5,Saturday,2024,3,2024-01-01,2024-01-31,False,False,20,True,Jan 2024,Q1 2024
20240121,2024-01-21,2024,1,January,21,1,6,Sunday,2024,3,2024-01-01,2024-01-31,False,False,21,True,Jan 2024,Q1 2024
20240122,2024-01-22,2024,1,January,22,1,0,Monday,2024,4,2024-01-01,2024-01-31,False,True,22,True,Jan 2024,Q1 2024
20240123,2024-01-23,2024,1,January,23,1,1,Tuesday,2024,4,2024-01-01,2024-01-31,False,True,23,True,Jan 2024,Q1 2024
20240124,2024-01-24,2024,1,January,24,1,2,Wednesday,2024,4,2024-01-01,2024-01-31,False,True,24,True,Jan 2024,Q1 2024
20240125,2024-01-25,2024,1,January,25,1,3,Thursday,2024,4,2024-01-01,2024-01-31,False,True,25,True,Jan 2024,Q1 2024
20240126,2024-01-26,2024,1,January,26,1,4,Friday,2024,4,2024-01-01,2024-01-31,False,True,26,True,Jan 2024,Q1 2024
20240127,2024-01-27,2024,1,January,27,1,5,Saturday,2024,4,2024-01-01,2024-01-31,False,False,27,True,Jan 2024,Q1 2024
20240128,2024-01-28,2024,1,January,28,1,6,Sunday,2024,4,2024-01-01,2024-01-31,False,False,28,True,Jan 2024,Q1 2024
20240129,2024-01-29,2024,1,January,29,1,0,Monday,2024,5,2024-01-01,2024-01-31,False,True,29,True,Jan 2024,Q1 2024
20240130,2024-01-30,2024,1,January,30,1,1,Tuesday,2024,5,2024-01-01,2024-01-31,False,True,30,True,Jan 2024,Q1 2024
20240131,2024-01-31,2024,1,January,31,1,2,Wednesday,2024,5,2024-01-01,2024-01-31,True,True,31,True,Jan 2024,Q1 2024
20240201,2024-02-01,2024,2,February,1,1,3,Thursday,2024,5,2024-02-01,2024-02-29,False,True,32,True,Feb 2024,Q1 2024
20240202,2024-02-02,2024,2,February,2,1,4,Friday,2024,5,2024-02-01,2024-02-29,False,True,33,True,Feb 2024,Q1 2024
20240203,2024-02-03,2024,2,February,3,1,5,Saturday,2024,5,2024-02-01,2024-02-29,False,False,34,True,Feb 2024,Q1 2024
20240204,2024-02-04,2024,2,February,4,1,6,Sunday,2024,5,2024-02-01,2024-02-29,False,False,35,True,Feb 2024,Q1 2024
20240205,2024-02-05,2024,2,February,5,1,0,Monday,2024,6,2024-02-01,2024-02-29,False,True,36,True,Feb 2024,Q1 2024
20240206,2024-02-06,2024,2,February,6,1,1,Tuesday,2024,6,2024-02-01,2024-02-29,False,True,37,True,Feb 2024,Q1 2024
20240207,2024-02-07,2024,2,February,7,1,2,Wednesday,2024,6,2024-02-01,2024-02-29,False,True,38,True,Feb 2024,Q1 2024
20240208,2024-02-08,2024,2,February,8,1,3,Thursday,2024,6,2024-02-01,2024-02-29,False,True,39,True,Feb 2024,Q1 2024
20240209,2024-02-09,2024,2,February,9,1,4,Friday,2024,6,2024-02-01,2024-02-29,False,True,40,True,Feb 2024,Q1 2024
20240210,2024-02-10,2024,2,February,10,1,5,Saturday,2024,6,2024-02-01,2024-02-29,False,False,41,True,Feb 2024,Q1 2024
20240211,2024-02-11,2024,2,February,11,1,6,Sunday,2024,6,2024-02-01,2024-02-29,False,False,42,True,Feb 2024,Q1 2024
20240212,2024-02-12,2024,2,February,12,1,0,Monday,2024,7,2024-02-01,2024-02-29,False,True,43,True,Feb 2024,Q1 2024
20240213,2024-02-13,2024,2,February,13,1,1,Tuesday,2024,7,2024-02-01,2024-02-29,False,True,44,True,Feb 2024,Q1 2024
20240214,2024-02-14,2024,2,February,14,1,2,Wednesday,2024,7,2024-02-01,2024-02-29,False,True,45,True,Feb 2024,Q1 2024
20240215,2024-02-15,2024,2,February,15,1,3,Thursday,2024,7,2024-02-01,2024-02-29,False,True,46,True,Feb 2024,Q1 2024
20240216,2024-02-16,2024,2,February,16,1,4,Friday,2024,7,2024-02-01,2024-02-29,False,True,47,True,Feb 2024,Q1 2024
20240217,2024-02-17,2024,2,February,17,1,5,Saturday,2024,7,2024-02-01,2024-02-29,False,False,48,True,Feb 2024,Q1 2024
20240218,2024-02-18,2024,2,February,18,1,6,Sunday,2024,7,2024-02-01,2024-02-29,False,False,49,True,Feb 2024,Q1 2024
20240219,2024-02-19,2024,2,February,19,1,0,Monday,2024,8,2024-02-01,2024-02-29,False,True,50,True,Feb 2024,Q1 2024
20240220,2024-02-20,2024,2,February,20,1,1,Tuesday,2024,8,2024-02-01,2024-02-29,False,True,51,True,Feb 2024,Q1 2024
20240221,2024-02-21,2024,2,February,21,1,2,Wednesday,2024,8,2024-02-01,2024-02-29,False,True,52,True,Feb 2024,Q1 2024
20240222,2024-02-22,2024,2,February,22,1,3,Thursday,2024,8,2024-02-01,2024-02-29,False,True,53,True,Feb 2024,Q1 2024
20240223,2024-02-23,2024,2,February,23,1,4,Friday,2024,8,2024-02-01,2024-02-29,False,True,54,True,Feb 2024,Q1 2024
20240224,2024-02-24,2024,2,February,24,1,5,Saturday,2024,8,2024-02-01,2024-02-29,False,False,55,True,Feb 2024,Q1 2024
20240225,2024-02-25,2024,2,February,25,1,6,Sunday,2024,8,2024-02-01,2024-02-29,False,False,56,True,Feb 2024,Q1 2024
20240226,2024-02-26,2024,2,February,26,1,0,Monday,2024,9,2024-02-01,2024-02-29,False,True,57,True,Feb 2024,Q1 2024
20240227,2024-02-27,2024,2,February,27,1,1,Tuesday,2024,9,2024-02-01,2024-02-29,False,True,58,True,Feb 2024,Q1 2024
20240228,2024-02-28,2024,2,February,28,1,2,Wednesday,2024,9,2024-02-01,2024-02-29,False,True,59,True,Feb 2024,Q1 2024
20240229,2024-02-29,2024,2,February,29,1,3,Thursday,2024,9,2024-02-01,2024-02-29,True,True,60,True,Feb 2024,Q1 2024
20240301,2024-03-01,2024,3,March,1,1,4,Friday,2024,9,2024-03-01,2024-03-31,False,True,61,True,Mar 2024,Q1 2024
20240302,2024-03-02,2024,3,March,2,1,5,Saturday,2024,9,2024-03-01,2024-03-31,False,False,62,True,Mar 2024,Q1 2024
20240303,2024-03-03,2024,3,March,3,1,6,Sunday,2024,9,2024-03-01,2024-03-31,False,False,63,True,Mar 2024,Q1 2024
20240304,2024-03-04,2024,3,March,4,1,0,Monday,2024,10,2024-03-01,2024-03-31,False,True,64,True,Mar 2024,Q1 2024
20240305,2024-03-05,2024,3,March,5,1,1,Tuesday,2024,10,2024-03-01,2024-03-31,False,True,65,True,Mar 2024,Q1 2024
20240306,2024-03-06,2024,3,March,6,1,2,Wednesday,2024,10,2024-03-01,2024-03-31,False,True,66,True,Mar 2024,Q1 2024
20240307,2024-03-07,2024,3,March,7,1,3,Thursday,2024,10,2024-03-01,2024-03-31,False,True,67,True,Mar 2024,Q1 2024
20240308,2024-03-08,2024,3,March,8,1,4,Friday,2024,10,2024-03-01,2024-03-31,False,True,68,True,Mar 2024,Q1 2024
20240309,2024-03-09,2024,3,March,9,1,5,Saturday,2024,10,2024-03-01,2024-03-31,False,False,69,True,Mar 2024,Q1 2024
20240310,2024-03-10,2024,3,March,10,1,6,Sunday,2024,10,2024-03-01,2024-03-31,False,False,70,True,Mar 2024,Q1 2024
20240311,2024-03-11,2024,3,March,11,1,0,Monday,2024,11,2024-03-01,2024-03-31,False,True,71,True,Mar 2024,Q1 2024
20240312,2024-03-12,2024,3,March,12,1,1,Tuesday,2024,11,2024-03-01,2024-03-31,False,True,72,True,Mar 2024,Q1 2024
20240313,2024-03-13,2024,3,March,13,1,2,Wednesday,2024,11,2024-03-01,2024-03-31,False,True,73,True,Mar 2024,Q1 2024
20240314,2024-03-14,2024,3,March,14,1,3,Thursday,2024,11,2024-03-01,2024-03-31,False,True,74,True,Mar 2024,Q1 2024
20240315,2024-03-15,2024,3,March,15,1,4,Friday,2024,11,2024-03-01,2024-03-31,False,True,75,True,Mar 2024,Q1 2024
20240316,2024-03-16,2024,3,March,16,1,5,Saturday,2024,11,2024-03-01,2024-03-31,False,False,76,True,Mar 2024,Q1 2024
20240317,2024-03-17,2024,3,March,17,1,6,Sunday,2024,11,2024-03-01,2024-03-31,False,False,77,True,Mar 2024,Q1 2024
20240318,2024-03-18,2024,3,March,18,1,0,Monday,2024,12,2024-03-01,2024-03-31,False,True,78,True,Mar 2024,Q1 2024
20240319,2024-03-19,2024,3,March,19,1,1,Tuesday,2024,12,2024-03-01,2024-03-31,False,True,79,True,Mar 2024,Q1 2024
20240320,2024-03-20,2024,3,March,20,1,2,Wednesday,2024,12,2024-03-01,2024-03-31,False,True,80,True,Mar 2024,Q1 2024
20240321,2024-03-21,2024,3,March,21,1,3,Thursday,2024,12,2024-03-01,2024-03-31,False,True,81,True,Mar 2024,Q1 2024
20240322,2024-03-22,2024,3,March,22,1,4,Friday,2024,12,2024-03-01,2024-03-31,False,True,82,True,Mar 2024,Q1 2024
20240323,2024-03-23,2024,3,March,23,1,5,Saturday,2024,12,2024-03-01,2024-03-31,False,False,83,True,Mar 2024,Q1 2024
20240324,2024-03-24,2024,3,March,24,1,6,Sunday,2024,12,2024-03-01,2024-03-31,False,False,84,True,Mar 2024,Q1 2024
20240325,2024-03-25,2024,3,March,25,1,0,Monday,2024,13,2024-03-01,2024-03-31,False,True,85,True,Mar 2024,Q1 2024
20240326,2024-03-26,2024,3,March,26,1,1,Tuesday,2024,13,2024-03-01,2024-03-31,False,True,86,True,Mar 2024,Q1 2024
20240327,2024-03-27,2024,3,March,27,1,2,Wednesday,2024,13,2024-03-01,2024-03-31,False,True,87,True,Mar 2024,Q1 2024
20240328,2024-03-28,2024,3,March,28,1,3,Thursday,2024,13,2024-03-01,2024-03-31,False,True,88,True,Mar 2024,Q1 2024
20240329,2024-03-29,2024,3,March,29,1,4,Friday,2024,13,2024-03-01,2024-03-31,False,True,89,True,Mar 2024,Q1 2024
20240330,2024-03-30,2024,3,March,30,1,5,Saturday,2024,13,2024-03-01,2024-03-31,False,False,90,True,Mar 2024,Q1 2024
20240331,2024-03-31,2024,3,March,31,1,6,Sunday,2024,13,2024-03-01,2024-03-31,True,False,91,True,Mar 2024,Q1 2024
20240401,2024-04-01,2024,4,April,1,2,0,Monday,2024,14,2024-04-01,2024-04-30,False,True,92,True,Apr 2024,Q2 2024
20240402,2024-04-02,2024,4,April,2,2,1,Tuesday,2024,14,2024-04-01,2024-04-30,False,True,93,True,Apr 2024,Q2 2024
20240403,2024-04-03,2024,4,April,3,2,2,Wednesday,2024,14,2024-04-01,2024-04-30,False,True,94,True,Apr 2024,Q2 2024
20240404,2024-04-04,2024,4,April,4,2,3,Thursday,2024,14,2024-04-01,2024-04-30,False,True,95,True,Apr 2024,Q2 2024
20240405,2024-04-05,2024,4,April,5,2,4,Friday,2024,14,2024-04-01,2024-04-30,False,True,96,True,Apr 2024,Q2 2024
20240406,2024-04-06,2024,4,April,6,2,5,Saturday,2024,14,2024-04-01,2024-04-30,False,False,97,True,Apr 2024,Q2 2024
20240407,2024-04-07,2024,4,April,7,2,6,Sunday,2024,14,2024-04-01,2024-04-30,False,False,98,True,Apr 2024,Q2 2024
20240408,2024-04-08,2024,4,April,8,2,0,Monday,2024,15,2024-04-01,2024-04-30,False,True,99,True,Apr 2024,Q2 2024
20240409,2024-04-09,2024,4,April,9,2,1,Tuesday,2024,15,2024-04-01,2024-04-30,False,True,100,True,Apr 2024,Q2 2024
20240410,2024-04-10,2024,4,April,10,2,2,Wednesday,2024,15,2024-04-01,2024-04-30,False,True,101,True,Apr 2024,Q2 2024
20240411,2024-04-11,2024,4,April,11,2,3,Thursday,2024,15,2024-04-01,2024-04-30,False,True,102,True,Apr 2024,Q2 2024
20240412,2024-04-12,2024,4,April,12,2,4,Friday,2024,15,2024-04-01,2024-04-30,False,True,103,True,Apr 2024,Q2 2024
20240413,2024-04-13,2024,4,April,13,2,5,Saturday,2024,15,2024-04-01,2024-04-30,False,False,104,True,Apr 2024,Q2 2024
20240414,2024-04-14,2024,4,April,14,2,6,Sunday,2024,15,2024-04-01,2024-04-30,False,False,105,True,Apr 2024,Q2 2024
20240415,2024-04-15,2024,4,April,15,2,0,Monday,2024,16,2024-04-01,2024-04-30,False,True,106,True,Apr 2024,Q2 2024
20240416,2024-04-16,2024,4,April,16,2,1,Tuesday,2024,16,2024-04-01,2024-04-30,False,True,107,True,Apr 2024,Q2 2024
20240417,2024-04-17,2024,4,April,17,2,2,Wednesday,2024,16,2024-04-01,2024-04-30,False,True,108,True,Apr 2024,Q2 2024
20240418,2024-04-18,2024,4,April,18,2,3,Thursday,2024,16,2024-04-01,2024-04-30,False,True,109,True,Apr 2024,Q2 2024
20240419,2024-04-19,2024,4,April,19,2,4,Friday,2024,16,2024-04-01,2024-04-30,False,True,110,True,Apr 2024,Q2 2024
20240420,2024-04-20,2024,4,April,20,2,5,Saturday,2024,16,2024-04-01,2024-04-30,False,False,111,True,Apr 2024,Q2 2024
20240421,2024-04-21,2024,4,April,21,2,6,Sunday,2024,16,2024-04-01,2024-04-30,False,False,112,True,Apr 2024,Q2 2024
20240422,2024-04-22,2024,4,April,22,2,0,Monday,2024,17,2024-04-01,2024-04-30,False,True,113,True,Apr 2024,Q2 2024
20240423,2024-04-23,2024,4,April,23,2,1,Tuesday,2024,17,2024-04-01,2024-04-30,False,True,114,True,Apr 2024,Q2 2024
20240424,2024-04-24,2024,4,April,24,2,2,Wednesday,2024,17,2024-04-01,2024-04-30,False,True,115,True,Apr 2024,Q2 2024
20240425,2024-04-25,2024,4,April,25,2,3,Thursday,2024,17,2024-04-01,2024-04-30,False,True,116,True,Apr 2024,Q2 2024
20240426,2024-04-26,2024,4,April,26,2,4,Friday,2024,17,2024-04-01,2024-04-30,False,True,117,True,Apr 2024,Q2 2024
20240427,2024-04-27,2024,4,April,27,2,5,Saturday,2024,17,2024-04-01,2024-04-30,False,False,118,True,Apr 2024,Q2 2024
20240428,2024-04-28,2024,4,April,28,2,6,Sunday,2024,17,2024-04-01,2024-04-30,False,False,119,True,Apr 2024,Q2 2024
20240429,2024-04-29,2024,4,April,29,2,0,Monday,2024,18,2024-04-01,2024-04-30,False,True,120,True,Apr 2024,Q2 2024
20240430,2024-04-30,2024,4,April,30,2,1,Tuesday,2024,18,2024-04-01,2024-04-30,True,True,121,True,Apr 2024,Q2 2024
20240501,2024-05-01,2024,5,May,1,2,2,Wednesday,2024,18,2024-05-01,2024-05-31,False,True,122,True,May 2024,Q2 2024
20240502,2024-05-02,2024,5,May,2,2,3,Thursday,2024,18,2024-05-01,2024-05-31,False,True,123,True,May 2024,Q2 2024
20240503,2024-05-03,2024,5,May,3,2,4,Friday,2024,18,2024-05-01,2024-05-31,False,True,124,True,May 2024,Q2 2024
20240504,2024-05-04,2024,5,May,4,2,5,Saturday,2024,18,2024-05-01,2024-05-31,False,False,125,True,May 2024,Q2 2024
20240505,2024-05-05,2024,5,May,5,2,6,Sunday,2024,18,2024-05-01,2024-05-31,False,False,126,True,May 2024,Q2 2024
20240506,2024-05-06,2024,5,May,6,2,0,Monday,2024,19,2024-05-01,2024-05-31,False,True,127,True,May 2024,Q2 2024
20240507,2024-05-07,2024,5,May,7,2,1,Tuesday,2024,19,2024-05-01,2024-05-31,False,True,128,True,May 2024,Q2 2024
20240508,2024-05-08,2024,5,May,8,2,2,Wednesday,2024,19,2024-05-01,2024-05-31,False,True,129,True,May 2024,Q2 2024
20240509,2024-05-09,2024,5,May,9,2,3,Thursday,2024,19,2024-05-01,2024-05-31,False,True,130,True,May 2024,Q2 2024
20240510,2024-05-10,2024,5,May,10,2,4,Friday,2024,19,2024-05-01,2024-05-31,False,True,131,True,May 2024,Q2 2024
20240511,2024-05-11,2024,5,May,11,2,5,Saturday,2024,19,2024-05-01,2024-05-31,False,False,132,True,May 2024,Q2 2024
20240512,2024-05-12,2024,5,May,12,2,6,Sunday,2024,19,2024-05-01,2024-05-31,False,False,133,True,May 2024,Q2 2024
20240513,2024-05-13,2024,5,May,13,2,0,Monday,2024,20,2024-05-01,2024-05-31,False,True,134,True,May 2024,Q2 2024
20240514,2024-05-14,2024,5,May,14,2,1,Tuesday,2024,20,2024-05-01,2024-05-31,False,True,135,True,May 2024,Q2 2024
20240515,2024-05-15,2024,5,May,15,2,2,Wednesday,2024,20,2024-05-01,2024-05-31,False,True,136,True,May 2024,Q2 2024
20240516,2024-05-16,2024,5,May,16,2,3,Thursday,2024,20,2024-05-01,2024-05-31,False,True,137,True,May 2024,Q2 2024
20240517,2024-05-17,2024,5,May,17,2,4,Friday,2024,20,2024-05-01,2024-05-31,False,True,138,True,May 2024,Q2 2024
20240518,2024-05-18,2024,5,May,18,2,5,Saturday,2024,20,2024-05-01,2024-05-31,False,False,139,True,May 2024,Q2 2024
20240519,2024-05-19,2024,5,May,19,2,6,Sunday,2024,20,2024-05-01,2024-05-31,False,False,140,True,May 2024,Q2 2024
20240520,2024-05-20,2024,5,May,20,2,0,Monday,2024,21,2024-05-01,2024-05-31,False,True,141,True,May 2024,Q2 2024
20240521,2024-05-21,2024,5,May,21,2,1,Tuesday,2024,21,2024-05-01,2024-05-31,False,True,142,True,May 2024,Q2 2024
20240522,2024-05-22,2024,5,May,22,2,2,Wednesday,2024,21,2024-05-01,2024-05-31,False,True,143,True,May 2024,Q2 2024
20240523,2024-05-23,2024,5,May,23,2,3,Thursday,2024,21,2024-05-01,2024-05-31,False,True,144,True,May 2024,Q2 2024
20240524,2024-05-24,2024,5,May,24,2,4,Friday,2024,21,2024-05-01,2024-05-31,False,True,145,True,May 2024,Q2 2024
20240525,2024-05-25,2024,5,May,25,2,5,Saturday,2024,21,2024-05-01,2024-05-31,False,False,146,True,May 2024,Q2 2024
20240526,2024-05-26,2024,5,May,26,2,6,Sunday,2024,21,2024-05-01,2024-05-31,False,False,147,True,May 2024,Q2 2024
20240527,2024-05-27,2024,5,May,27,2,0,Monday,2024,22,2024-05-01,2024-05-31,False,True,148,True,May 2024,Q2 2024
20240528,2024-05-28,2024,5,May,28,2,1,Tuesday,2024,22,2024-05-01,2024-05-31,False,True,149,True,May 2024,Q2 2024
20240529,2024-05-29,2024,5,May,29,2,2,Wednesday,2024,22,2024-05-01,2024-05-31,False,True,150,True,May 2024,Q2 2024
20240530,2024-05-30,2024,5,May,30,2,3,Thursday,2024,22,2024-05-01,2024-05-31,False,True,151,True,May 2024,Q2 2024
20240531,2024-05-31,2024,5,May,31,2,4,Friday,2024,22,2024-05-01,2024-05-31,True,True,152,True,May 2024,Q2 2024
20240601,2024-06-01,2024,6,June,1,2,5,Saturday,2024,22,2024-06-01,2024-06-30,False,False,153,True,Jun 2024,Q2 2024
20240602,2024-06-02,2024,6,June,2,2,6,Sunday,2024,22,2024-06-01,2024-06-30,False,False,154,True,Jun 2024,Q2 2024
20240603,2024-06-03,2024,6,June,3,2,0,Monday,2024,23,2024-06-01,2024-06-30,False,True,155,True,Jun 2024,Q2 2024
20240604,2024-06-04,2024,6,June,4,2,1,Tuesday,2024,23,2024-06-01,2024-06-30,False,True,156,True,Jun 2024,Q2 2024
20240605,2024-06-05,2024,6,June,5,2,2,Wednesday,2024,23,2024-06-01,2024-06-30,False,True,157,True,Jun 2024,Q2 2024
20240606,2024-06-06,2024,6,June,6,2,3,Thursday,2024,23,2024-06-01,2024-06-30,False,True,158,True,Jun 2024,Q2 2024
20240607,2024-06-07,2024,6,June,7,2,4,Friday,2024,23,2024-06-01,2024-06-30,False,True,159,True,Jun 2024,Q2 2024
20240608,2024-06-08,2024,6,June,8,2,5,Saturday,2024,23,2024-06-01,2024-06-30,False,False,160,True,Jun 2024,Q2 2024
20240609,2024-06-09,2024,6,June,9,2,6,Sunday,2024,23,2024-06-01,2024-06-30,False,False,161,True,Jun 2024,Q2 2024
20240610,2024-06-10,2024,6,June,10,2,0,Monday,2024,24,2024-06-01,2024-06-30,False,True,162,True,Jun 2024,Q2 2024
20240611,2024-06-11,2024,6,June,11,2,1,Tuesday,2024,24,2024-06-01,2024-06-30,False,True,163,True,Jun 2024,Q2 2024
20240612,2024-06-12,2024,6,June,12,2,2,Wednesday,2024,24,2024-06-01,2024-06-30,False,True,164,True,Jun 2024,Q2 2024
20240613,2024-06-13,2024,6,June,13,2,3,Thursday,2024,24,2024-06-01,2024-06-30,False,True,165,True,Jun 2024,Q2 2024
20240614,2024-06-14,2024,6,June,14,2,4,Friday,2024,24,2024-06-01,2024-06-30,False,True,166,True,Jun 2024,Q2 2024
20240615,2024-06-15,2024,6,June,15,2,5,Saturday,2024,24,2024-06-01,2024-06-30,False,False,167,True,Jun 2024,Q2 2024
20240616,2024-06-16,2024,6,June,16,2,6,Sunday,2024,24,2024-06-01,2024-06-30,False,False,168,True,Jun 2024,Q2 2024
20240617,2024-06-17,2024,6,June,17,2,0,Monday,2024,25,2024-06-01,2024-06-30,False,True,169,True,Jun 2024,Q2 2024
20240618,2024-06-18,2024,6,June,18,2,1,Tuesday,2024,25,2024-06-01,2024-06-30,False,True,170,True,Jun 2024,Q2 2024
20240619,2024-06-19,2024,6,June,19,2,2,Wednesday,2024,25,2024-06-01,2024-06-30,False,True,171,True,Jun 2024,Q2 2024
20240620,2024-06-20,2024,6,June,20,2,3,Thursday,2024,25,2024-06-01,2024-06-30,False,True,172,True,Jun 2024,Q2 2024
20240621,2024-06-21,2024,6,June,21,2,4,Friday,2024,25,2024-06-01,2024-06-30,False,True,173,True,Jun 2024,Q2 2024
20240622,2024-06-22,2024,6,June,22,2,5,Saturday,2024,25,2024-06-01,2024-06-30,False,False,174,True,Jun 2024,Q2 2024
20240623,2024-06-23,2024,6,June,23,2,6,Sunday,2024,25,2024-06-01,2024-06-30,False,False,175,True,Jun 2024,Q2 2024
20240624,2024-06-24,2024,6,June,24,2,0,Monday,2024,26,2024-06-01,2024-06-30,False,True,176,True,Jun 2024,Q2 2024
20240625,2024-06-25,2024,6,June,25,2,1,Tuesday,2024,26,2024-06-01,2024-06-30,False,True,177,True,Jun 2024,Q2 2024
20240626,2024-06-26,2024,6,June,26,2,2,Wednesday,2024,26,2024-06-01,2024-06-30,False,True,178,True,Jun 2024,Q2 2024
20240627,2024-06-27,2024,6,June,27,2,3,Thursday,2024,26,2024-06-01,2024-06-30,False,True,179,True,Jun 2024,Q2 2024
20240628,2024-06-28,2024,6,June,28,2,4,Friday,2024,26,2024-06-01,2024-06-30,False,True,180,True,Jun 2024,Q2 2024
20240629,2024-06-29,2024,6,June,29,2,5,Saturday,2024,26,2024-06-01,2024-06-30,False,False,181,True,Jun 2024,Q2 2024
20240630,2024-06-30,2024,6,June,30,2,6,Sunday,2024,26,2024-06-01,2024-06-30,True,False,182,True,Jun 2024,Q2 2024
20240701,2024-07-01,2024,7,July,1,3,0,Monday,2024,27,2024-07-01,2024-07-31,False,True,183,True,Jul 2024,Q3 2024
20240702,2024-07-02,2024,7,July,2,3,1,Tuesday,2024,27,2024-07-01,2024-07-31,False,True,184,True,Jul 2024,Q3 2024
20240703,2024-07-03,2024,7,July,3,3,2,Wednesday,2024,27,2024-07-01,2024-07-31,False,True,185,True,Jul 2024,Q3 2024
20240704,2024-07-04,2024,7,July,4,3,3,Thursday,2024,27,2024-07-01,2024-07-31,False,True,186,True,Jul 2024,Q3 2024
20240705,2024-07-05,2024,7,July,5,3,4,Friday,2024,27,2024-07-01,2024-07-31,False,True,187,True,Jul 2024,Q3 2024
20240706,2024-07-06,2024,7,July,6,3,5,Saturday,2024,27,2024-07-01,2024-07-31,False,False,188,True,Jul 2024,Q3 2024
20240707,2024-07-07,2024,7,July,7,3,6,Sunday,2024,27,2024-07-01,2024-07-31,False,False,189,True,Jul 2024,Q3 2024
20240708,2024-07-08,2024,7,July,8,3,0,Monday,2024,28,2024-07-01,2024-07-31,False,True,190,True,Jul 2024,Q3 2024
20240709,2024-07-09,2024,7,July,9,3,1,Tuesday,2024,28,2024-07-01,2024-07-31,False,True,191,True,Jul 2024,Q3 2024
20240710,2024-07-10,2024,7,July,10,3,2,Wednesday,2024,28,2024-07-01,2024-07-31,False,True,192,True,Jul 2024,Q3 2024
20240711,2024-07-11,2024,7,July,11,3,3,Thursday,2024,28,2024-07-01,2024-07-31,False,True,193,True,Jul 2024,Q3 2024
20240712,2024-07-12,2024,7,July,12,3,4,Friday,2024,28,2024-07-01,2024-07-31,False,True,194,True,Jul 2024,Q3 2024
20240713,2024-07-13,2024,7,July,13,3,5,Saturday,2024,28,2024-07-01,2024-07-31,False,False,195,True,Jul 2024,Q3 2024
20240714,2024-07-14,2024,7,July,14,3,6,Sunday,2024,28,2024-07-01,2024-07-31,False,False,196,True,Jul 2024,Q3 2024
20240715,2024-07-15,2024,7,July,15,3,0,Monday,2024,29,2024-07-01,2024-07-31,False,True,197,True,Jul 2024,Q3 2024
20240716,2024-07-16,2024,7,July,16,3,1,Tuesday,2024,29,2024-07-01,2024-07-31,False,True,198,True,Jul 2024,Q3 2024
20240717,2024-07-17,2024,7,July,17,3,2,Wednesday,2024,29,2024-07-01,2024-07-31,False,True,199,True,Jul 2024,Q3 2024
20240718,2024-07-18,2024,7,July,18,3,3,Thursday,2024,29,2024-07-01,2024-07-31,False,True,200,True,Jul 2024,Q3 2024
20240719,2024-07-19,2024,7,July,19,3,4,Friday,2024,29,2024-07-01,2024-07-31,False,True,201,True,Jul 2024,Q3 2024
20240720,2024-07-20,2024,7,July,20,3,5,Saturday,2024,29,2024-07-01,2024-07-31,False,False,202,True,Jul 2024,Q3 2024
20240721,2024-07-21,2024,7,July,21,3,6,Sunday,2024,29,2024-07-01,2024-07-31,False,False,203,True,Jul 2024,Q3 2024
20240722,2024-07-22,2024,7,July,22,3,0,Monday,2024,30,2024-07-01,2024-07-31,False,True,204,True,Jul 2024,Q3 2024
20240723,2024-07-23,2024,7,July,23,3,1,Tuesday,2024,30,2024-07-01,2024-07-31,False,True,205,True,Jul 2024,Q3 2024
20240724,2024-07-24,2024,7,July,24,3,2,Wednesday,2024,30,2024-07-01,2024-07-31,False,True,206,True,Jul 2024,Q3 2024
20240725,2024-07-25,2024,7,July,25,3,3,Thursday,2024,30,2024-07-01,2024-07-31,False,True,207,True,Jul 2024,Q3 2024
20240726,2024-07-26,2024,7,July,26,3,4,Friday,2024,30,2024-07-01,2024-07-31,False,True,208,True,Jul 2024,Q3 2024
20240727,2024-07-27,2024,7,July,27,3,5,Saturday,2024,30,2024-07-01,2024-07-31,False,False,209,True,Jul 2024,Q3 2024
20240728,2024-07-28,2024,7,July,28,3,6,Sunday,2024,30,2024-07-01,2024-07-31,False,False,210,True,Jul 2024,Q3 2024
20240729,2024-07-29,2024,7,July,29,3,0,Monday,2024,31,2024-07-01,2024-07-31,False,True,211,True,Jul 2024,Q3 2024
20240730,2024-07-30,2024,7,July,30,3,1,Tuesday,2024,31,2024-07-01,2024-07-31,False,True,212,True,Jul 2024,Q3 2024
20240731,2024-07-31,2024,7,July,31,3,2,Wednesday,2024,31,2024-07-01,2024-07-31,True,True,213,True,Jul 2024,Q3 2024
20240801,2024-08-01,2024,8,August,1,3,3,Thursday,2024,31,2024-08-01,2024-08-31,False,True,214,True,Aug 2024,Q3 2024
20240802,2024-08-02,2024,8,August,2,3,4,Friday,2024,31,2024-08-01,2024-08-31,False,True,215,True,Aug 2024,Q3 2024
20240803,2024-08-03,2024,8,August,3,3,5,Saturday,2024,31,2024-08-01,2024-08-31,False,False,216,True,Aug 2024,Q3 2024
20240804,2024-08-04,2024,8,August,4,3,6,Sunday,2024,31,2024-08-01,2024-08-31,False,False,217,True,Aug 2024,Q3 2024
20240805,2024-08-05,2024,8,August,5,3,0,Monday,2024,32,2024-08-01,2024-08-31,False,True,218,True,Aug 2024,Q3 2024
20240806,2024-08-06,2024,8,August,6,3,1,Tuesday,2024,32,2024-08-01,2024-08-31,False,True,219,True,Aug 2024,Q3 2024
20240807,2024-08-07,2024,8,August,7,3,2,Wednesday,2024,32,2024-08-01,2024-08-31,False,True,220,True,Aug 2024,Q3 2024
20240808,2024-08-08,2024,8,August,8,3,3,Thursday,2024,32,2024-08-01,2024-08-31,False,True,221,True,Aug 2024,Q3 2024
20240809,2024-08-09,2024,8,August,9,3,4,Friday,2024,32,2024-08-01,2024-08-31,False,True,222,True,Aug 2024,Q3 2024
20240810,2024-08-10,2024,8,August,10,3,5,Saturday,2024,32,2024-08-01,2024-08-31,False,False,223,True,Aug 2024,Q3 2024
20240811,2024-08-11,2024,8,August,11,3,6,Sunday,2024,32,2024-08-01,2024-08-31,False,False,224,True,Aug 2024,Q3 2024
20240812,2024-08-12,2024,8,August,12,3,0,Monday,2024,33,2024-08-01,2024-08-31,False,True,225,True,Aug 2024,Q3 2024
20240813,2024-08-13,2024,8,August,13,3,1,Tuesday,2024,33,2024-08-01,2024-08-31,False,True,226,True,Aug 2024,Q3 2024
20240814,2024-08-14,2024,8,August,14,3,2,Wednesday,2024,33,2024-08-01,2024-08-31,False,True,227,True,Aug 2024,Q3 2024
20240815,2024-08-15,2024,8,August,15,3,3,Thursday,2024,33,2024-08-01,2024-08-31,False,True,228,True,Aug 2024,Q3 2024
20240816,2024-08-16,2024,8,August,16,3,4,Friday,2024,33,2024-08-01,2024-08-31,False,True,229,True,Aug 2024,Q3 2024
20240817,2024-08-17,2024,8,August,17,3,5,Saturday,2024,33,2024-08-01,2024-08-31,False,False,230,True,Aug 2024,Q3 2024
20240818,2024-08-18,2024,8,August,18,3,6,Sunday,2024,33,2024-08-01,2024-08-31,False,False,231,True,Aug 2024,Q3 2024
20240819,2024-08-19,2024,8,August,19,3,0,Monday,2024,34,2024-08-01,2024-08-31,False,True,232,True,Aug 2024,Q3 2024
20240820,2024-08-20,2024,8,August,20,3,1,Tuesday,2024,34,2024-08-01,2024-08-31,False,True,233,True,Aug 2024,Q3 2024
20240821,2024-08-21,2024,8,August,21,3,2,Wednesday,2024,34,2024-08-01,2024-08-31,False,True,234,True,Aug 2024,Q3 2024
20240822,2024-08-22,2024,8,August,22,3,3,Thursday,2024,34,2024-08-01,2024-08-31,False,True,235,True,Aug 2024,Q3 2024
20240823,2024-08-23,2024,8,August,23,3,4,Friday,2024,34,2024-08-01,2024-08-31,False,True,236,True,Aug 2024,Q3 2024
20240824,2024-08-24,2024,8,August,24,3,5,Saturday,2024,34,2024-08-01,2024-08-31,False,False,237,True,Aug 2024,Q3 2024
20240825,2024-08-25,2024,8,August,25,3,6,Sunday,2024,34,2024-08-01,2024-08-31,False,False,238,True,Aug 2024,Q3 2024
20240826,2024-08-26,2024,8,August,26,3,0,Monday,2024,35,2024-08-01,2024-08-31,False,True,239,True,Aug 2024,Q3 2024
20240827,2024-08-27,2024,8,August,27,3,1,Tuesday,2024,35,2024-08-01,2024-08-31,False,True,240,True,Aug 2024,Q3 2024
20240828,2024-08-28,2024,8,August,28,3,2,Wednesday,2024,35,2024-08-01,2024-08-31,False,True,241,True,Aug 2024,Q3 2024
20240829,2024-08-29,2024,8,August,29,3,3,Thursday,2024,35,2024-08-01,2024-08-31,False,True,242,True,Aug 2024,Q3 2024
20240830,2024-08-30,2024,8,August,30,3,4,Friday,2024,35,2024-08-01,2024-08-31,False,True,243,True,Aug 2024,Q3 2024
20240831,2024-08-31,2024,8,August,31,3,5,Saturday,2024,35,2024-08-01,2024-08-31,True,False,244,True,Aug 2024,Q3 2024
20240901,2024-09-01,2024,9,September,1,3,6,Sunday,2024,35,2024-09-01,2024-09-30,False,False,245,True,Sep 2024,Q3 2024
20240902,2024-09-02,2024,9,September,2,3,0,Monday,2024,36,2024-09-01,2024-09-30,False,True,246,True,Sep 2024,Q3 2024
20240903,2024-09-03,2024,9,September,3,3,1,Tuesday,2024,36,2024-09-01,2024-09-30,False,True,247,True,Sep 2024,Q3 2024
20240904,2024-09-04,2024,9,September,4,3,2,Wednesday,2024,36,2024-09-01,2024-09-30,False,True,248,True,Sep 2024,Q3 2024
20240905,2024-09-05,2024,9,September,5,3,3,Thursday,2024,36,2024-09-01,2024-09-30,False,True,249,True,Sep 2024,Q3 2024
20240906,2024-09-06,2024,9,September,6,3,4,Friday,2024,36,2024-09-01,2024-09-30,False,True,250,True,Sep 2024,Q3 2024
20240907,2024-09-07,2024,9,September,7,3,5,Saturday,2024,36,2024-09-01,2024-09-30,False,False,251,True,Sep 2024,Q3 2024
20240908,2024-09-08,2024,9,September,8,3,6,Sunday,2024,36,2024-09-01,2024-09-30,False,False,252,True,Sep 2024,Q3 2024
20240909,2024-09-09,2024,9,September,9,3,0,Monday,2024,37,2024-09-01,2024-09-30,False,True,253,True,Sep 2024,Q3 2024
20240910,2024-09-10,2024,9,September,10,3,1,Tuesday,2024,37,2024-09-01,2024-09-30,False,True,254,True,Sep 2024,Q3 2024
20240911,2024-09-11,2024,9,September,11,3,2,Wednesday,2024,37,2024-09-01,2024-09-30,False,True,255,True,Sep 2024,Q3 2024
20240912,2024-09-12,2024,9,September,12,3,3,Thursday,2024,37,2024-09-01,2024-09-30,False,True,256,True,Sep 2024,Q3 2024
20240913,2024-09-13,2024,9,September,13,3,4,Friday,2024,37,2024-09-01,2024-09-30,False,True,257,True,Sep 2024,Q3 2024
20240914,2024-09-14,2024,9,September,14,3,5,Saturday,2024,37,2024-09-01,2024-09-30,False,False,258,True,Sep 2024,Q3 2024
20240915,2024-09-15,2024,9,September,15,3,6,Sunday,2024,37,2024-09-01,2024-09-30,False,False,259,True,Sep 2024,Q3 2024
20240916,2024-09-16,2024,9,September,16,3,0,Monday,2024,38,2024-09-01,2024-09-30,False,True,260,True,Sep 2024,Q3 2024
20240917,2024-09-17,2024,9,September,17,3,1,Tuesday,2024,38,2024-09-01,2024-09-30,False,True,261,True,Sep 2024,Q3 2024
20240918,2024-09-18,2024,9,September,18,3,2,Wednesday,2024,38,2024-09-01,2024-09-30,False,True,262,True,Sep 2024,Q3 2024
20240919,2024-09-19,2024,9,September,19,3,3,Thursday,2024,38,2024-09-01,2024-09-30,False,True,263,True,Sep 2024,Q3 2024
20240920,2024-09-20,2024,9,September,20,3,4,Friday,2024,38,2024-09-01,2024-09-30,False,True,264,True,Sep 2024,Q3 2024
20240921,2024-09-21,2024,9,September,21,3,5,Saturday,2024,38,2024-09-01,2024-09-30,False,False,265,True,Sep 2024,Q3 2024
20240922,2024-09-22,2024,9,September,22,3,6,Sunday,2024,38,2024-09-01,2024-09-30,False,False,266,True,Sep 2024,Q3 2024
20240923,2024-09-23,2024,9,September,23,3,0,Monday,2024,39,2024-09-01,2024-09-30,False,True,267,True,Sep 2024,Q3 2024
20240924,2024-09-24,2024,9,September,24,3,1,Tuesday,2024,39,2024-09-01,2024-09-30,False,True,268,True,Sep 2024,Q3 2024
20240925,2024-09-25,2024,9,September,25,3,2,Wednesday,2024,39,2024-09-01,2024-09-30,False,True,269,True,Sep 2024,Q3 2024
20240926,2024-09-26,2024,9,September,26,3,3,Thursday,2024,39,2024-09-01,2024-09-30,False,True,270,True,Sep 2024,Q3 2024
20240927,2024-09-27,2024,9,September,27,3,4,Friday,2024,39,2024-09-01,2024-09-30,False,True,271,True,Sep 2024,Q3 2024
20240928,2024-09-28,2024,9,September,28,3,5,Saturday,2024,39,2024-09-01,2024-09-30,False,False,272,True,Sep 2024,Q3 2024
20240929,2024-09-29,2024,9,September,29,3,6,Sunday,2024,39,2024-09-01,2024-09-30,False,False,273,True,Sep 2024,Q3 2024
20240930,2024-09-30,2024,9,September,30,3,0,Monday,2024,40,2024-09-01,2024-09-30,True,True,274,True,Sep 2024,Q3 2024
20241001,2024-10-01,2024,10,October,1,4,1,Tuesday,2024,40,2024-10-01,2024-10-31,False,True,275,True,Oct 2024,Q4 2024
20241002,2024-10-02,2024,10,October,2,4,2,Wednesday,2024,40,2024-10-01,2024-10-31,False,True,276,True,Oct 2024,Q4 2024
20241003,2024-10-03,2024,10,October,3,4,3,Thursday,2024,40,2024-10-01,2024-10-31,False,True,277,True,Oct 2024,Q4 2024
20241004,2024-10-04,2024,10,October,4,4,4,Friday,2024,40,2024-10-01,2024-10-31,False,True,278,True,Oct 2024,Q4 2024
20241005,2024-10-05,2024,10,October,5,4,5,Saturday,2024,40,2024-10-01,2024-10-31,False,False,279,True,Oct 2024,Q4 2024
20241006,2024-10-06,2024,10,October,6,4,6,Sunday,2024,40,2024-10-01,2024-10-31,False,False,280,True,Oct 2024,Q4 2024
20241007,2024-10-07,2024,10,October,7,4,0,Monday,2024,41,2024-10-01,2024-10-31,False,True,281,True,Oct 2024,Q4 2024
20241008,2024-10-08,2024,10,October,8,4,1,Tuesday,2024,41,2024-10-01,2024-10-31,False,True,282,True,Oct 2024,Q4 2024
20241009,2024-10-09,2024,10,October,9,4,2,Wednesday,2024,41,2024-10-01,2024-10-31,False,True,283,True,Oct 2024,Q4 2024
20241010,2024-10-10,2024,10,October,10,4,3,Thursday,2024,41,2024-10-01,2024-10-31,False,True,284,True,Oct 2024,Q4 2024
20241011,2024-10-11,2024,10,October,11,4,4,Friday,2024,41,2024-10-01,2024-10-31,False,True,285,True,Oct 2024,Q4 2024
20241012,2024-10-12,2024,10,October,12,4,5,Saturday,2024,41,2024-10-01,2024-10-31,False,False,286,True,Oct 2024,Q4 2024
20241013,2024-10-13,2024,10,October,13,4,6,Sunday,2024,41,2024-10-01,2024-10-31,False,False,287,True,Oct 2024,Q4 2024
20241014,2024-10-14,2024,10,October,14,4,0,Monday,2024,42,2024-10-01,2024-10-31,False,True,288,True,Oct 2024,Q4 2024
20241015,2024-10-15,2024,10,October,15,4,1,Tuesday,2024,42,2024-10-01,2024-10-31,False,True,289,True,Oct 2024,Q4 2024
20241016,2024-10-16,2024,10,October,16,4,2,Wednesday,2024,42,2024-10-01,2024-10-31,False,True,290,True,Oct 2024,Q4 2024
20241017,2024-10-17,2024,10,October,17,4,3,Thursday,2024,42,2024-10-01,2024-10-31,False,True,291,True,Oct 2024,Q4 2024
20241018,2024-10-18,2024,10,October,18,4,4,Friday,2024,42,2024-10-01,2024-10-31,False,True,292,True,Oct 2024,Q4 2024
20241019,2024-10-19,2024,10,October,19,4,5,Saturday,2024,42,2024-10-01,2024-10-31,False,False,293,True,Oct 2024,Q4 2024
20241020,2024-10-20,2024,10,October,20,4,6,Sunday,2024,42,2024-10-01,2024-10-31,False,False,294,True,Oct 2024,Q4 2024
20241021,2024-10-21,2024,10,October,21,4,0,Monday,2024,43,2024-10-01,2024-10-31,False,True,295,True,Oct 2024,Q4 2024
20241022,2024-10-22,2024,10,October,22,4,1,Tuesday,2024,43,2024-10-01,2024-10-31,False,True,296,True,Oct 2024,Q4 2024
20241023,2024-10-23,2024,10,October,23,4,2,Wednesday,2024,43,2024-10-01,2024-10-31,False,True,297,True,Oct 2024,Q4 2024
20241024,2024-10-24,2024,10,October,24,4,3,Thursday,2024,43,2024-10-01,2024-10-31,False,True,298,True,Oct 2024,Q4 2024
20241025,2024-10-25,2024,10,October,25,4,4,Friday,2024,43,2024-10-01,2024-10-31,False,True,299,True,Oct 2024,Q4 2024
20241026,2024-10-26,2024,10,October,26,4,5,Saturday,2024,43,2024-10-01,2024-10-31,False,False,300,True,Oct 2024,Q4 2024
20241027,2024-10-27,2024,10,October,27,4,6,Sunday,2024,43,2024-10-01,2024-10-31,False,False,301,True,Oct 2024,Q4 2024
20241028,2024-10-28,2024,10,October,28,4,0,Monday,2024,44,2024-10-01,2024-10-31,False,True,302,True,Oct 2024,Q4 2024
20241029,2024-10-29,2024,10,October,29,4,1,Tuesday,2024,44,2024-10-01,2024-10-31,False,True,303,True,Oct 2024,Q4 2024
20241030,2024-10-30,2024,10,October,30,4,2,Wednesday,2024,44,2024-10-01,2024-10-31,False,True,304,True,Oct 2024,Q4 2024
20241031,2024-10-31,2024,10,October,31,4,3,Thursday,2024,44,2024-10-01,2024-10-31,True,True,305,True,Oct 2024,Q4 2024
20241101,2024-11-01,2024,11,November,1,4,4,Friday,2024,44,2024-11-01,2024-11-30,False,True,306,True,Nov 2024,Q4 2024
20241102,2024-11-02,2024,11,November,2,4,5,Saturday,2024,44,2024-11-01,2024-11-30,False,False,307,True,Nov 2024,Q4 2024
20241103,2024-11-03,2024,11,November,3,4,6,Sunday,2024,44,2024-11-01,2024-11-30,False,False,308,True,Nov 2024,Q4 2024
20241104,2024-11-04,2024,11,November,4,4,0,Monday,2024,45,2024-11-01,2024-11-30,False,True,309,True,Nov 2024,Q4 2024
20241105,2024-11-05,2024,11,November,5,4,1,Tuesday,2024,45,2024-11-01,2024-11-30,False,True,310,True,Nov 2024,Q4 2024
20241106,2024-11-06,2024,11,November,6,4,2,Wednesday,2024,45,2024-11-01,2024-11-30,False,True,311,True,Nov 2024,Q4 2024
20241107,2024-11-07,2024,11,November,7,4,3,Thursday,2024,45,2024-11-01,2024-11-30,False,True,312,True,Nov 2024,Q4 2024
20241108,2024-11-08,2024,11,November,8,4,4,Friday,2024,45,2024-11-01,2024-11-30,False,True,313,True,Nov 2024,Q4 2024
20241109,2024-11-09,2024,11,November,9,4,5,Saturday,2024,45,2024-11-01,2024-11-30,False,False,314,True,Nov 2024,Q4 2024
20241110,2024-11-10,2024,11,November,10,4,6,Sunday,2024,45,2024-11-01,2024-11-30,False,False,315,True,Nov 2024,Q4 2024
20241111,2024-11-11,2024,11,November,11,4,0,Monday,2024,46,2024-11-01,2024-11-30,False,True,316,True,Nov 2024,Q4 2024
20241112,2024-11-12,2024,11,November,12,4,1,Tuesday,2024,46,2024-11-01,2024-11-30,False,True,317,True,Nov 2024,Q4 2024
20241113,2024-11-13,2024,11,November,13,4,2,Wednesday,2024,46,2024-11-01,2024-11-30,False,True,318,True,Nov 2024,Q4 2024
20241114,2024-11-14,2024,11,November,14,4,3,Thursday,2024,46,2024-11-01,2024-11-30,False,True,319,True,Nov 2024,Q4 2024
20241115,2024-11-15,2024,11,November,15,4,4,Friday,2024,46,2024-11-01,2024-11-30,False,True,320,True,Nov 2024,Q4 2024
20241116,2024-11-16,2024,11,November,16,4,5,Saturday,2024,46,2024-11-01,2024-11-30,False,False,321,True,Nov 2024,Q4 2024
20241117,2024-11-17,2024,11,November,17,4,6,Sunday,2024,46,2024-11-01,2024-11-30,False,False,322,True,Nov 2024,Q4 2024
20241118,2024-11-18,2024,11,November,18,4,0,Monday,2024,47,2024-11-01,2024-11-30,False,True,323,True,Nov 2024,Q4 2024
20241119,2024-11-19,2024,11,November,19,4,1,Tuesday,2024,47,2024-11-01,2024-11-30,False,True,324,True,Nov 2024,Q4 2024
20241120,2024-11-20,2024,11,November,20,4,2,Wednesday,2024,47,2024-11-01,2024-11-30,False,True,325,True,Nov 2024,Q4 2024
20241121,2024-11-21,2024,11,November,21,4,3,Thursday,2024,47,2024-11-01,2024-11-30,False,True,326,True,Nov 2024,Q4 2024
20241122,2024-11-22,2024,11,November,22,4,4,Friday,2024,47,2024-11-01,2024-11-30,False,True,327,True,Nov 2024,Q4 2024
20241123,2024-11-23,2024,11,November,23,4,5,Saturday,2024,47,2024-11-01,2024-11-30,False,False,328,True,Nov 2024,Q4 2024
20241124,2024-11-24,2024,11,November,24,4,6,Sunday,2024,47,2024-11-01,2024-11-30,False,False,329,True,Nov 2024,Q4 2024
20241125,2024-11-25,2024,11,November,25,4,0,Monday,2024,48,2024-11-01,2024-11-30,False,True,330,True,Nov 2024,Q4 2024
20241126,2024-11-26,2024,11,November,26,4,1,Tuesday,2024,48,2024-11-01,2024-11-30,False,True,331,True,Nov 2024,Q4 2024
20241127,2024-11-27,2024,11,November,27,4,2,Wednesday,2024,48,2024-11-01,2024-11-30,False,True,332,True,Nov 2024,Q4 2024
20241128,2024-11-28,2024,11,November,28,4,3,Thursday,2024,48,2024-11-01,2024-11-30,False,True,333,True,Nov 2024,Q4 2024
20241129,2024-11-29,2024,11,November,29,4,4,Friday,2024,48,2024-11-01,2024-11-30,False,True,334,True,Nov 2024,Q4 2024
20241130,2024-11-30,2024,11,November,30,4,5,Saturday,2024,48,2024-11-01,2024-11-30,True,False,335,True,Nov 2024,Q4 2024
20241201,2024-12-01,2024,12,December,1,4,6,Sunday,2024,48,2024-12-01,2024-12-31,False,False,336,True,Dec 2024,Q4 2024
20241202,2024-12-02,2024,12,December,2,4,0,Monday,2024,49,2024-12-01,2024-12-31,False,True,337,True,Dec 2024,Q4 2024
20241203,2024-12-03,2024,12,December,3,4,1,Tuesday,2024,49,2024-12-01,2024-12-31,False,True,338,True,Dec 2024,Q4 2024
20241204,2024-12-04,2024,12,December,4,4,2,Wednesday,2024,49,2024-12-01,2024-12-31,False,True,339,True,Dec 2024,Q4 2024
20241205,2024-12-05,2024,12,December,5,4,3,Thursday,2024,49,2024-12-01,2024-12-31,False,True,340,True,Dec 2024,Q4 2024
20241206,2024-12-06,2024,12,December,6,4,4,Friday,2024,49,2024-12-01,2024-12-31,False,True,341,True,Dec 2024,Q4 2024
20241207,2024-12-07,2024,12,December,7,4,5,Saturday,2024,49,2024-12-01,2024-12-31,False,False,342,True,Dec 2024,Q4 2024
20241208,2024-12-08,2024,12,December,8,4,6,Sunday,2024,49,2024-12-01,2024-12-31,False,False,343,True,Dec 2024,Q4 2024
20241209,2024-12-09,2024,12,December,9,4,0,Monday,2024,50,2024-12-01,2024-12-31,False,True,344,True,Dec 2024,Q4 2024
20241210,2024-12-10,2024,12,December,10,4,1,Tuesday,2024,50,2024-12-01,2024-12-31,False,True,345,True,Dec 2024,Q4 2024
20241211,2024-12-11,2024,12,December,11,4,2,Wednesday,2024,50,2024-12-01,2024-12-31,False,True,346,True,Dec 2024,Q4 2024
20241212,2024-12-12,2024,12,December,12,4,3,Thursday,2024,50,2024-12-01,2024-12-31,False,True,347,True,Dec 2024,Q4 2024
20241213,2024-12-13,2024,12,December,13,4,4,Friday,2024,50,2024-12-01,2024-12-31,False,True,348,True,Dec 2024,Q4 2024
20241214,2024-12-14,2024,12,December,14,4,5,Saturday,2024,50,2024-12-01,2024-12-31,False,False,349,True,Dec 2024,Q4 2024
20241215,2024-12-15,2024,12,December,15,4,6,Sunday,2024,50,2024-12-01,2024-12-31,False,False,350,True,Dec 2024,Q4 2024
20241216,2024-12-16,2024,12,December,16,4,0,Monday,2024,51,2024-12-01,2024-12-31,False,True,351,True,Dec 2024,Q4 2024
20241217,2024-12-17,2024,12,December,17,4,1,Tuesday,2024,51,2024-12-01,2024-12-31,False,True,352,True,Dec 2024,Q4 2024
20241218,2024-12-18,2024,12,December,18,4,2,Wednesday,2024,51,2024-12-01,2024-12-31,False,True,353,True,Dec 2024,Q4 2024
20241219,2024-12-19,2024,12,December,19,4,3,Thursday,2024,51,2024-12-01,2024-12-31,False,True,354,True,Dec 2024,Q4 2024
20241220,2024-12-20,2024,12,December,20,4,4,Friday,2024,51,2024-12-01,2024-12-31,False,True,355,True,Dec 2024,Q4 2024
20241221,2024-12-21,2024,12,December,21,4,5,Saturday,2024,51,2024-12-01,2024-12-31,False,False,356,True,Dec 2024,Q4 2024
20241222,2024-12-22,2024,12,December,22,4,6,Sunday,2024,51,2024-12-01,2024-12-31,False,False,357,True,Dec 2024,Q4 2024
20241223,2024-12-23,2024,12,December,23,4,0,Monday,2024,52,2024-12-01,2024-12-31,False,True,358,True,Dec 2024,Q4 2024
20241224,2024-12-24,2024,12,December,24,4,1,Tuesday,2024,52,2024-12-01,2024-12-31,False,True,359,True,Dec 2024,Q4 2024
20241225,2024-12-25,2024,12,December,25,4,2,Wednesday,2024,52,2024-12-01,2024-12-31,False,True,360,True,Dec 2024,Q4 2024
20241226,2024-12-26,2024,12,December,26,4,3,Thursday,2024,52,2024-12-01,2024-12-31,False,True,361,True,Dec 2024,Q4 2024
20241227,2024-12-27,2024,12,December,27,4,4,Friday,2024,52,2024-12-01,2024-12-31,False,True,362,True,Dec 2024,Q4 2024
20241228,2024-12-28,2024,12,December,28,4,5,Saturday,2024,52,2024-12-01,2024-12-31,False,False,363,True,Dec 2024,Q4 2024
20241229,2024-12-29,2024,12,December,29,4,6,Sunday,2024,52,2024-12-01,2024-12-31,False,False,364,True,Dec 2024,Q4 2024
20241230,2024-12-30,2024,12,December,30,4,0,Monday,2025,1,2024-12-01,2024-12-31,False,True,365,True,Dec 2024,Q4 2024
20241231,2024-12-31,2024,12,December,31,4,1,Tuesday,2025,1,2024-12-01,2024-12-31,True,True,366,True,Dec 2024,Q4 2024
20250101,2025-01-01,2025,1,January,1,1,2,Wednesday,2025,1,2025-01-01,2025-01-31,False,True,1,False,Jan 2025,Q1 2025
20250102,2025-01-02,2025,1,January,2,1,3,Thursday,2025,1,2025-01-01,2025-01-31,False,True,2,False,Jan 2025,Q1 2025
20250103,2025-01-03,2025,1,January,3,1,4,Friday,2025,1,2025-01-01,2025-01-31,False,True,3,False,Jan 2025,Q1 2025
20250104,2025-01-04,2025,1,January,4,1,5,Saturday,2025,1,2025-01-01,2025-01-31,False,False,4,False,Jan 2025,Q1 2025
20250105,2025-01-05,2025,1,January,5,1,6,Sunday,2025,1,2025-01-01,2025-01-31,False,False,5,False,Jan 2025,Q1 2025
20250106,2025-01-06,2025,1,January,6,1,0,Monday,2025,2,2025-01-01,2025-01-31,False,True,6,False,Jan 2025,Q1 2025
20250107,2025-01-07,2025,1,January,7,1,1,Tuesday,2025,2,2025-01-01,2025-01-31,False,True,7,False,Jan 2025,Q1 2025
20250108,2025-01-08,2025,1,January,8,1,2,Wednesday,2025,2,2025-01-01,2025-01-31,False,True,8,False,Jan 2025,Q1 2025
20250109,2025-01-09,2025,1,January,9,1,3,Thursday,2025,2,2025-01-01,2025-01-31,False,True,9,False,Jan 2025,Q1 2025
20250110,2025-01-10,2025,1,January,10,1,4,Friday,2025,2,2025-01-01,2025-01-31,False,True,10,False,Jan 2025,Q1 2025
20250111,2025-01-11,2025,1,January,11,1,5,Saturday,2025,2,2025-01-01,2025-01-31,False,False,11,False,Jan 2025,Q1 2025
20250112,2025-01-12,2025,1,January,12,1,6,Sunday,2025,2,2025-01-01,2025-01-31,False,False,12,False,Jan 2025,Q1 2025
20250113,2025-01-13,2025,1,January,13,1,0,Monday,2025,3,2025-01-01,2025-01-31,False,True,13,False,Jan 2025,Q1 2025
20250114,2025-01-14,2025,1,January,14,1,1,Tuesday,2025,3,2025-01-01,2025-01-31,False,True,14,False,Jan 2025,Q1 2025
20250115,2025-01-15,2025,1,January,15,1,2,Wednesday,2025,3,2025-01-01,2025-01-31,False,True,15,False,Jan 2025,Q1 2025
20250116,2025-01-16,2025,1,January,16,1,3,Thursday,2025,3,2025-01-01,2025-01-31,False,True,16,False,Jan 2025,Q1 2025
20250117,2025-01-17,2025,1,January,17,1,4,Friday,2025,3,2025-01-01,2025-01-31,False,True,17,False,Jan 2025,Q1 2025
20250118,2025-01-18,2025,1,January,18,1,5,Saturday,2025,3,2025-01-01,2025-01-31,False,False,18,False,Jan 2025,Q1 2025
20250119,2025-01-19,2025,1,January,19,1,6,Sunday,2025,3,2025-01-01,2025-01-31,False,False,19,False,Jan 2025,Q1 2025
20250120,2025-01-20,2025,1,January,20,1,0,Monday,2025,4,2025-01-01,2025-01-31,False,True,20,False,Jan 2025,Q1 2025
20250121,2025-01-21,2025,1,January,21,1,1,Tuesday,2025,4,2025-01-01,2025-01-31,False,True,21,False,Jan 2025,Q1 2025
20250122,2025-01-22,2025,1,January,22,1,2,Wednesday,2025,4,2025-01-01,2025-01-31,False,True,22,False,Jan 2025,Q1 2025
20250123,2025-01-23,2025,1,January,23,1,3,Thursday,2025,4,2025-01-01,2025-01-31,False,True,23,False,Jan 2025,Q1 2025
20250124,2025-01-24,2025,1,January,24,1,4,Friday,2025,4,2025-01-01,2025-01-31,False,True,24,False,Jan 2025,Q1 2025
20250125,2025-01-25,2025,1,January,25,1,5,Saturday,2025,4,2025-01-01,2025-01-31,False,False,25,False,Jan 2025,Q1 2025
20250126,2025-01-26,2025,1,January,26,1,6,Sunday,2025,4,2025-01-01,2025-01-31,False,False,26,False,Jan 2025,Q1 2025
20250127,2025-01-27,2025,1,January,27,1,0,Monday,2025,5,2025-01-01,2025-01-31,False,True,27,False,Jan 2025,Q1 2025
20250128,2025-01-28,2025,1,January,28,1,1,Tuesday,2025,5,2025-01-01,2025-01-31,False,True,28,False,Jan 2025,Q1 2025
20250129,2025-01-29,2025,1,January,29,1,2,Wednesday,2025,5,2025-01-01,2025-01-31,False,True,29,False,Jan 2025,Q1 2025
20250130,2025-01-30,2025,1,January,30,1,3,Thursday,2025,5,2025-01-01,2025-01-31,False,True,30,False,Jan 2025,Q1 2025
20250131,2025-01-31,2025,1,January,31,1,4,Friday,2025,5,2025-01-01,2025-01-31,True,True,31,False,Jan 2025,Q1 2025
20250201,2025-02-01,2025,2,February,1,1,5,Saturday,2025,5,2025-02-01,2025-02-28,False,False,32,False,Feb 2025,Q1 2025
20250202,2025-02-02,2025,2,February,2,1,6,Sunday,2025,5,2025-02-01,2025-02-28,False,False,33,False,Feb 2025,Q1 2025
20250203,2025-02-03,2025,2,February,3,1,0,Monday,2025,6,2025-02-01,2025-02-28,False,True,34,False,Feb 2025,Q1 2025
20250204,2025-02-04,2025,2,February,4,1,1,Tuesday,2025,6,2025-02-01,2025-02-28,False,True,35,False,Feb 2025,Q1 2025
20250205,2025-02-05,2025,2,February,5,1,2,Wednesday,2025,6,2025-02-01,2025-02-28,False,True,36,False,Feb 2025,Q1 2025
20250206,2025-02-06,2025,2,February,6,1,3,Thursday,2025,6,2025-02-01,2025-02-28,False,True,37,False,Feb 2025,Q1 2025
20250207,2025-02-07,2025,2,February,7,1,4,Friday,2025,6,2025-02-01,2025-02-28,False,True,38,False,Feb 2025,Q1 2025
20250208,2025-02-08,2025,2,February,8,1,5,Saturday,2025,6,2025-02-01,2025-02-28,False,False,39,False,Feb 2025,Q1 2025
20250209,2025-02-09,2025,2,February,9,1,6,Sunday,2025,6,2025-02-01,2025-02-28,False,False,40,False,Feb 2025,Q1 2025
20250210,2025-02-10,2025,2,February,10,1,0,Monday,2025,7,2025-02-01,2025-02-28,False,True,41,False,Feb 2025,Q1 2025
20250211,2025-02-11,2025,2,February,11,1,1,Tuesday,2025,7,2025-02-01,2025-02-28,False,True,42,False,Feb 2025,Q1 2025
20250212,2025-02-12,2025,2,February,12,1,2,Wednesday,2025,7,2025-02-01,2025-02-28,False,True,43,False,Feb 2025,Q1 2025
20250213,2025-02-13,2025,2,February,13,1,3,Thursday,2025,7,2025-02-01,2025-02-28,False,True,44,False,Feb 2025,Q1 2025
20250214,2025-02-14,2025,2,February,14,1,4,Friday,2025,7,2025-02-01,2025-02-28,False,True,45,False,Feb 2025,Q1 2025
20250215,2025-02-15,2025,2,February,15,1,5,Saturday,2025,7,2025-02-01,2025-02-28,False,False,46,False,Feb 2025,Q1 2025
20250216,2025-02-16,2025,2,February,16,1,6,Sunday,2025,7,2025-02-01,2025-02-28,False,False,47,False,Feb 2025,Q1 2025
20250217,2025-02-17,2025,2,February,17,1,0,Monday,2025,8,2025-02-01,2025-02-28,False,True,48,False,Feb 2025,Q1 2025
20250218,2025-02-18,2025,2,February,18,1,1,Tuesday,2025,8,2025-02-01,2025-02-28,False,True,49,False,Feb 2025,Q1 2025
20250219,2025-02-19,2025,2,February,19,1,2,Wednesday,2025,8,2025-02-01,2025-02-28,False,True,50,False,Feb 2025,Q1 2025
20250220,2025-02-20,2025,2,February,20,1,3,Thursday,2025,8,2025-02-01,2025-02-28,False,True,51,False,Feb 2025,Q1 2025
20250221,2025-02-21,2025,2,February,21,1,4,Friday,2025,8,2025-02-01,2025-02-28,False,True,52,False,Feb 2025,Q1 2025
20250222,2025-02-22,2025,2,February,22,1,5,Saturday,2025,8,2025-02-01,2025-02-28,False,False,53,False,Feb 2025,Q1 2025
20250223,2025-02-23,2025,2,February,23,1,6,Sunday,2025,8,2025-02-01,2025-02-28,False,False,54,False,Feb 2025,Q1 2025
20250224,2025-02-24,2025,2,February,24,1,0,Monday,2025,9,2025-02-01,2025-02-28,False,True,55,False,Feb 2025,Q1 2025
20250225,2025-02-25,2025,2,February,25,1,1,Tuesday,2025,9,2025-02-01,2025-02-28,False,True,56,False,Feb 2025,Q1 2025
20250226,2025-02-26,2025,2,February,26,1,2,Wednesday,2025,9,2025-02-01,2025-02-28,False,True,57,False,Feb 2025,Q1 2025
20250227,2025-02-27,2025,2,February,27,1,3,Thursday,2025,9,2025-02-01,2025-02-28,False,True,58,False,Feb 2025,Q1 2025
20250228,2025-02-28,2025,2,February,28,1,4,Friday,2025,9,2025-02-01,2025-02-28,True,True,59,False,Feb 2025,Q1 2025
20250301,2025-03-01,2025,3,March,1,1,5,Saturday,2025,9,2025-03-01,2025-03-31,False,False,60,False,Mar 2025,Q1 2025
20250302,2025-03-02,2025,3,March,2,1,6,Sunday,2025,9,2025-03-01,2025-03-31,False,False,61,False,Mar 2025,Q1 2025
20250303,2025-03-03,2025,3,March,3,1,0,Monday,2025,10,2025-03-01,2025-03-31,False,True,62,False,Mar 2025,Q1 2025
20250304,2025-03-04,2025,3,March,4,1,1,Tuesday,2025,10,2025-03-01,2025-03-31,False,True,63,False,Mar 2025,Q1 2025
20250305,2025-03-05,2025,3,March,5,1,2,Wednesday,2025,10,2025-03-01,2025-03-31,False,True,64,False,Mar 2025,Q1 2025
20250306,2025-03-06,2025,3,March,6,1,3,Thursday,2025,10,2025-03-01,2025-03-31,False,True,65,False,Mar 2025,Q1 2025
20250307,2025-03-07,2025,3,March,7,1,4,Friday,2025,10,2025-03-01,2025-03-31,False,True,66,False,Mar 2025,Q1 2025
20250308,2025-03-08,2025,3,March,8,1,5,Saturday,2025,10,2025-03-01,2025-03-31,False,False,67,False,Mar 2025,Q1 2025
20250309,2025-03-09,2025,3,March,9,1,6,Sunday,2025,10,2025-03-01,2025-03-31,False,False,68,False,Mar 2025,Q1 2025
20250310,2025-03-10,2025,3,March,10,1,0,Monday,2025,11,2025-03-01,2025-03-31,False,True,69,False,Mar 2025,Q1 2025
20250311,2025-03-11,2025,3,March,11,1,1,Tuesday,2025,11,2025-03-01,2025-03-31,False,True,70,False,Mar 2025,Q1 2025
20250312,2025-03-12,2025,3,March,12,1,2,Wednesday,2025,11,2025-03-01,2025-03-31,False,True,71,False,Mar 2025,Q1 2025
20250313,2025-03-13,2025,3,March,13,1,3,Thursday,2025,11,2025-03-01,2025-03-31,False,True,72,False,Mar 2025,Q1 2025
20250314,2025-03-14,2025,3,March,14,1,4,Friday,2025,11,2025-03-01,2025-03-31,False,True,73,False,Mar 2025,Q1 2025
20250315,2025-03-15,2025,3,March,15,1,5,Saturday,2025,11,2025-03-01,2025-03-31,False,False,74,False,Mar 2025,Q1 2025
20250316,2025-03-16,2025,3,March,16,1,6,Sunday,2025,11,2025-03-01,2025-03-31,False,False,75,False,Mar 2025,Q1 2025
20250317,2025-03-17,2025,3,March,17,1,0,Monday,2025,12,2025-03-01,2025-03-31,False,True,76,False,Mar 2025,Q1 2025
20250318,2025-03-18,2025,3,March,18,1,1,Tuesday,2025,12,2025-03-01,2025-03-31,False,True,77,False,Mar 2025,Q1 2025
20250319,2025-03-19,2025,3,March,19,1,2,Wednesday,2025,12,2025-03-01,2025-03-31,False,True,78,False,Mar 2025,Q1 2025
20250320,2025-03-20,2025,3,March,20,1,3,Thursday,2025,12,2025-03-01,2025-03-31,False,True,79,False,Mar 2025,Q1 2025
20250321,2025-03-21,2025,3,March,21,1,4,Friday,2025,12,2025-03-01,2025-03-31,False,True,80,False,Mar 2025,Q1 2025
20250322,2025-03-22,2025,3,March,22,1,5,Saturday,2025,12,2025-03-01,2025-03-31,False,False,81,False,Mar 2025,Q1 2025
20250323,2025-03-23,2025,3,March,23,1,6,Sunday,2025,12,2025-03-01,2025-03-31,False,False,82,False,Mar 2025,Q1 2025
20250324,2025-03-24,2025,3,March,24,1,0,Monday,2025,13,2025-03-01,2025-03-31,False,True,83,False,Mar 2025,Q1 2025
20250325,2025-03-25,2025,3,March,25,1,1,Tuesday,2025,13,2025-03-01,2025-03-31,False,True,84,False,Mar 2025,Q1 2025
20250326,2025-03-26,2025,3,March,26,1,2,Wednesday,2025,13,2025-03-01,2025-03-31,False,True,85,False,Mar 2025,Q1 2025
20250327,2025-03-27,2025,3,March,27,1,3,Thursday,2025,13,2025-03-01,2025-03-31,False,True,86,False,Mar 2025,Q1 2025
20250328,2025-03-28,2025,3,March,28,1,4,Friday,2025,13,2025-03-01,2025-03-31,False,True,87,False,Mar 2025,Q1 2025
20250329,2025-03-29,2025,3,March,29,1,5,Saturday,2025,13,2025-03-01,2025-03-31,False,False,88,False,Mar 2025,Q1 2025
20250330,2025-03-30,2025,3,March,30,1,6,Sunday,2025,13,2025-03-01,2025-03-31,False,False,89,False,Mar 2025,Q1 2025
20250331,2025-03-31,2025,3,March,31,1,0,Monday,2025,14,2025-03-01,2025-03-31,True,True,90,False,Mar 2025,Q1 2025
20250401,2025-04-01,2025,4,April,1,2,1,Tuesday,2025,14,2025-04-01,2025-04-30,False,True,91,False,Apr 2025,Q2 2025
20250402,2025-04-02,2025,4,April,2,2,2,Wednesday,2025,14,2025-04-01,2025-04-30,False,True,92,False,Apr 2025,Q2 2025
20250403,2025-04-03,2025,4,April,3,2,3,Thursday,2025,14,2025-04-01,2025-04-30,False,True,93,False,Apr 2025,Q2 2025
20250404,2025-04-04,2025,4,April,4,2,4,Friday,2025,14,2025-04-01,2025-04-30,False,True,94,False,Apr 2025,Q2 2025
20250405,2025-04-05,2025,4,April,5,2,5,Saturday,2025,14,2025-04-01,2025-04-30,False,False,95,False,Apr 2025,Q2 2025
20250406,2025-04-06,2025,4,April,6,2,6,Sunday,2025,14,2025-04-01,2025-04-30,False,False,96,False,Apr 2025,Q2 2025
20250407,2025-04-07,2025,4,April,7,2,0,Monday,2025,15,2025-04-01,2025-04-30,False,True,97,False,Apr 2025,Q2 2025
20250408,2025-04-08,2025,4,April,8,2,1,Tuesday,2025,15,2025-04-01,2025-04-30,False,True,98,False,Apr 2025,Q2 2025
20250409,2025-04-09,2025,4,April,9,2,2,Wednesday,2025,15,2025-04-01,2025-04-30,False,True,99,False,Apr 2025,Q2 2025
20250410,2025-04-10,2025,4,April,10,2,3,Thursday,2025,15,2025-04-01,2025-04-30,False,True,100,False,Apr 2025,Q2 2025
20250411,2025-04-11,2025,4,April,11,2,4,Friday,2025,15,2025-04-01,2025-04-30,False,True,101,False,Apr 2025,Q2 2025
20250412,2025-04-12,2025,4,April,12,2,5,Saturday,2025,15,2025-04-01,2025-04-30,False,False,102,False,Apr 2025,Q2 2025
20250413,2025-04-13,2025,4,April,13,2,6,Sunday,2025,15,2025-04-01,2025-04-30,False,False,103,False,Apr 2025,Q2 2025
20250414,2025-04-14,2025,4,April,14,2,0,Monday,2025,16,2025-04-01,2025-04-30,False,True,104,False,Apr 2025,Q2 2025
20250415,2025-04-15,2025,4,April,15,2,1,Tuesday,2025,16,2025-04-01,2025-04-30,False,True,105,False,Apr 2025,Q2 2025
20250416,2025-04-16,2025,4,April,16,2,2,Wednesday,2025,16,2025-04-01,2025-04-30,False,True,106,False,Apr 2025,Q2 2025
20250417,2025-04-17,2025,4,April,17,2,3,Thursday,2025,16,2025-04-01,2025-04-30,False,True,107,False,Apr 2025,Q2 2025
20250418,2025-04-18,2025,4,April,18,2,4,Friday,2025,16,2025-04-01,2025-04-30,False,True,108,False,Apr 2025,Q2 2025
20250419,2025-04-19,2025,4,April,19,2,5,Saturday,2025,16,2025-04-01,2025-04-30,False,False,109,False,Apr 2025,Q2 2025
20250420,2025-04-20,2025,4,April,20,2,6,Sunday,2025,16,2025-04-01,2025-04-30,False,False,110,False,Apr 2025,Q2 2025
20250421,2025-04-21,2025,4,April,21,2,0,Monday,2025,17,2025-04-01,2025-04-30,False,True,111,False,Apr 2025,Q2 2025
20250422,2025-04-22,2025,4,April,22,2,1,Tuesday,2025,17,2025-04-01,2025-04-30,False,True,112,False,Apr 2025,Q2 2025
20250423,2025-04-23,2025,4,April,23,2,2,Wednesday,2025,17,2025-04-01,2025-04-30,False,True,113,False,Apr 2025,Q2 2025
20250424,2025-04-24,2025,4,April,24,2,3,Thursday,2025,17,2025-04-01,2025-04-30,False,True,114,False,Apr 2025,Q2 2025
20250425,2025-04-25,2025,4,April,25,2,4,Friday,2025,17,2025-04-01,2025-04-30,False,True,115,False,Apr 2025,Q2 2025
20250426,2025-04-26,2025,4,April,26,2,5,Saturday,2025,17,2025-04-01,2025-04-30,False,False,116,False,Apr 2025,Q2 2025
20250427,2025-04-27,2025,4,April,27,2,6,Sunday,2025,17,2025-04-01,2025-04-30,False,False,117,False,Apr 2025,Q2 2025
20250428,2025-04-28,2025,4,April,28,2,0,Monday,2025,18,2025-04-01,2025-04-30,False,True,118,False,Apr 2025,Q2 2025
20250429,2025-04-29,2025,4,April,29,2,1,Tuesday,2025,18,2025-04-01,2025-04-30,False,True,119,False,Apr 2025,Q2 2025
20250430,2025-04-30,2025,4,April,30,2,2,Wednesday,2025,18,2025-04-01,2025-04-30,True,True,120,False,Apr 2025,Q2 2025
20250501,2025-05-01,2025,5,May,1,2,3,Thursday,2025,18,2025-05-01,2025-05-31,False,True,121,False,May 2025,Q2 2025
20250502,2025-05-02,2025,5,May,2,2,4,Friday,2025,18,2025-05-01,2025-05-31,False,True,122,False,May 2025,Q2 2025
20250503,2025-05-03,2025,5,May,3,2,5,Saturday,2025,18,2025-05-01,2025-05-31,False,False,123,False,May 2025,Q2 2025
20250504,2025-05-04,2025,5,May,4,2,6,Sunday,2025,18,2025-05-01,2025-05-31,False,False,124,False,May 2025,Q2 2025
20250505,2025-05-05,2025,5,May,5,2,0,Monday,2025,19,2025-05-01,2025-05-31,False,True,125,False,May 2025,Q2 2025
20250506,2025-05-06,2025,5,May,6,2,1,Tuesday,2025,19,2025-05-01,2025-05-31,False,True,126,False,May 2025,Q2 2025
20250507,2025-05-07,2025,5,May,7,2,2,Wednesday,2025,19,2025-05-01,2025-05-31,False,True,127,False,May 2025,Q2 2025
20250508,2025-05-08,2025,5,May,8,2,3,Thursday,2025,19,2025-05-01,2025-05-31,False,True,128,False,May 2025,Q2 2025
20250509,2025-05-09,2025,5,May,9,2,4,Friday,2025,19,2025-05-01,2025-05-31,False,True,129,False,May 2025,Q2 2025
20250510,2025-05-10,2025,5,May,10,2,5,Saturday,2025,19,2025-05-01,2025-05-31,False,False,130,False,May 2025,Q2 2025
20250511,2025-05-11,2025,5,May,11,2,6,Sunday,2025,19,2025-05-01,2025-05-31,False,False,131,False,May 2025,Q2 2025
20250512,2025-05-12,2025,5,May,12,2,0,Monday,2025,20,2025-05-01,2025-05-31,False,True,132,False,May 2025,Q2 2025
20250513,2025-05-13,2025,5,May,13,2,1,Tuesday,2025,20,2025-05-01,2025-05-31,False,True,133,False,May 2025,Q2 2025
20250514,2025-05-14,2025,5,May,14,2,2,Wednesday,2025,20,2025-05-01,2025-05-31,False,True,134,False,May 2025,Q2 2025
20250515,2025-05-15,2025,5,May,15,2,3,Thursday,2025,20,2025-05-01,2025-05-31,False,True,135,False,May 2025,Q2 2025
20250516,2025-05-16,2025,5,May,16,2,4,Friday,2025,20,2025-05-01,2025-05-31,False,True,136,False,May 2025,Q2 2025
20250517,2025-05-17,2025,5,May,17,2,5,Saturday,2025,20,2025-05-01,2025-05-31,False,False,137,False,May 2025,Q2 2025
20250518,2025-05-18,2025,5,May,18,2,6,Sunday,2025,20,2025-05-01,2025-05-31,False,False,138,False,May 2025,Q2 2025
20250519,2025-05-19,2025,5,May,19,2,0,Monday,2025,21,2025-05-01,2025-05-31,False,True,139,False,May 2025,Q2 2025
20250520,2025-05-20,2025,5,May,20,2,1,Tuesday,2025,21,2025-05-01,2025-05-31,False,True,140,False,May 2025,Q2 2025
20250521,2025-05-21,2025,5,May,21,2,2,Wednesday,2025,21,2025-05-01,2025-05-31,False,True,141,False,May 2025,Q2 2025
20250522,2025-05-22,2025,5,May,22,2,3,Thursday,2025,21,2025-05-01,2025-05-31,False,True,142,False,May 2025,Q2 2025
20250523,2025-05-23,2025,5,May,23,2,4,Friday,2025,21,2025-05-01,2025-05-31,False,True,143,False,May 2025,Q2 2025
20250524,2025-05-24,2025,5,May,24,2,5,Saturday,2025,21,2025-05-01,2025-05-31,False,False,144,False,May 2025,Q2 2025
20250525,2025-05-25,2025,5,May,25,2,6,Sunday,2025,21,2025-05-01,2025-05-31,False,False,145,False,May 2025,Q2 2025
20250526,2025-05-26,2025,5,May,26,2,0,Monday,2025,22,2025-05-01,2025-05-31,False,True,146,False,May 2025,Q2 2025
20250527,2025-05-27,2025,5,May,27,2,1,Tuesday,2025,22,2025-05-01,2025-05-31,False,True,147,False,May 2025,Q2 2025
20250528,2025-05-28,2025,5,May,28,2,2,Wednesday,2025,22,2025-05-01,2025-05-31,False,True,148,False,May 2025,Q2 2025
20250529,2025-05-29,2025,5,May,29,2,3,Thursday,2025,22,2025-05-01,2025-05-31,False,True,149,False,May 2025,Q2 2025
20250530,2025-05-30,2025,5,May,30,2,4,Friday,2025,22,2025-05-01,2025-05-31,False,True,150,False,May 2025,Q2 2025
20250531,2025-05-31,2025,5,May,31,2,5,Saturday,2025,22,2025-05-01,2025-05-31,True,False,151,False,May 2025,Q2 2025
20250601,2025-06-01,2025,6,June,1,2,6,Sunday,2025,22,2025-06-01,2025-06-30,False,False,152,False,Jun 2025,Q2 2025
20250602,2025-06-02,2025,6,June,2,2,0,Monday,2025,23,2025-06-01,2025-06-30,False,True,153,False,Jun 2025,Q2 2025
20250603,2025-06-03,2025,6,June,3,2,1,Tuesday,2025,23,2025-06-01,2025-06-30,False,True,154,False,Jun 2025,Q2 2025
20250604,2025-06-04,2025,6,June,4,2,2,Wednesday,2025,23,2025-06-01,2025-06-30,False,True,155,False,Jun 2025,Q2 2025
20250605,2025-06-05,2025,6,June,5,2,3,Thursday,2025,23,2025-06-01,2025-06-30,False,True,156,False,Jun 2025,Q2 2025
20250606,2025-06-06,2025,6,June,6,2,4,Friday,2025,23,2025-06-01,2025-06-30,False,True,157,False,Jun 2025,Q2 2025
20250607,2025-06-07,2025,6,June,7,2,5,Saturday,2025,23,2025-06-01,2025-06-30,False,False,158,False,Jun 2025,Q2 2025
20250608,2025-06-08,2025,6,June,8,2,6,Sunday,2025,23,2025-06-01,2025-06-30,False,False,159,False,Jun 2025,Q2 2025
20250609,2025-06-09,2025,6,June,9,2,0,Monday,2025,24,2025-06-01,2025-06-30,False,True,160,False,Jun 2025,Q2 2025
20250610,2025-06-10,2025,6,June,10,2,1,Tuesday,2025,24,2025-06-01,2025-06-30,False,True,161,False,Jun 2025,Q2 2025
20250611,2025-06-11,2025,6,June,11,2,2,Wednesday,2025,24,2025-06-01,2025-06-30,False,True,162,False,Jun 2025,Q2 2025
20250612,2025-06-12,2025,6,June,12,2,3,Thursday,2025,24,2025-06-01,2025-06-30,False,True,163,False,Jun 2025,Q2 2025
20250613,2025-06-13,2025,6,June,13,2,4,Friday,2025,24,2025-06-01,2025-06-30,False,True,164,False,Jun 2025,Q2 2025
20250614,2025-06-14,2025,6,June,14,2,5,Saturday,2025,24,2025-06-01,2025-06-30,False,False,165,False,Jun 2025,Q2 2025
20250615,2025-06-15,2025,6,June,15,2,6,Sunday,2025,24,2025-06-01,2025-06-30,False,False,166,False,Jun 2025,Q2 2025
20250616,2025-06-16,2025,6,June,16,2,0,Monday,2025,25,2025-06-01,2025-06-30,False,True,167,False,Jun 2025,Q2 2025
20250617,2025-06-17,2025,6,June,17,2,1,Tuesday,2025,25,2025-06-01,2025-06-30,False,True,168,False,Jun 2025,Q2 2025
20250618,2025-06-18,2025,6,June,18,2,2,Wednesday,2025,25,2025-06-01,2025-06-30,False,True,169,False,Jun 2025,Q2 2025
20250619,2025-06-19,2025,6,June,19,2,3,Thursday,2025,25,2025-06-01,2025-06-30,False,True,170,False,Jun 2025,Q2 2025
20250620,2025-06-20,2025,6,June,20,2,4,Friday,2025,25,2025-06-01,2025-06-30,False,True,171,False,Jun 2025,Q2 2025
20250621,2025-06-21,2025,6,June,21,2,5,Saturday,2025,25,2025-06-01,2025-06-30,False,False,172,False,Jun 2025,Q2 2025
20250622,2025-06-22,2025,6,June,22,2,6,Sunday,2025,25,2025-06-01,2025-06-30,False,False,173,False,Jun 2025,Q2 2025
20250623,2025-06-23,2025,6,June,23,2,0,Monday,2025,26,2025-06-01,2025-06-30,False,True,174,False,Jun 2025,Q2 2025
20250624,2025-06-24,2025,6,June,24,2,1,Tuesday,2025,26,2025-06-01,2025-06-30,False,True,175,False,Jun 2025,Q2 2025
20250625,2025-06-25,2025,6,June,25,2,2,Wednesday,2025,26,2025-06-01,2025-06-30,False,True,176,False,Jun 2025,Q2 2025
20250626,2025-06-26,2025,6,June,26,2,3,Thursday,2025,26,2025-06-01,2025-06-30,False,True,177,False,Jun 2025,Q2 2025
20250627,2025-06-27,2025,6,June,27,2,4,Friday,2025,26,2025-06-01,2025-06-30,False,True,178,False,Jun 2025,Q2 2025
20250628,2025-06-28,2025,6,June,28,2,5,Saturday,2025,26,2025-06-01,2025-06-30,False,False,179,False,Jun 2025,Q2 2025
20250629,2025-06-29,2025,6,June,29,2,6,Sunday,2025,26,2025-06-01,2025-06-30,False,False,180,False,Jun 2025,Q2 2025
20250630,2025-06-30,2025,6,June,30,2,0,Monday,2025,27,2025-06-01,2025-06-30,True,True,181,False,Jun 2025,Q2 2025
20250701,2025-07-01,2025,7,July,1,3,1,Tuesday,2025,27,2025-07-01,2025-07-31,False,True,182,False,Jul 2025,Q3 2025
20250702,2025-07-02,2025,7,July,2,3,2,Wednesday,2025,27,2025-07-01,2025-07-31,False,True,183,False,Jul 2025,Q3 2025
20250703,2025-07-03,2025,7,July,3,3,3,Thursday,2025,27,2025-07-01,2025-07-31,False,True,184,False,Jul 2025,Q3 2025
20250704,2025-07-04,2025,7,July,4,3,4,Friday,2025,27,2025-07-01,2025-07-31,False,True,185,False,Jul 2025,Q3 2025
20250705,2025-07-05,2025,7,July,5,3,5,Saturday,2025,27,2025-07-01,2025-07-31,False,False,186,False,Jul 2025,Q3 2025
20250706,2025-07-06,2025,7,July,6,3,6,Sunday,2025,27,2025-07-01,2025-07-31,False,False,187,False,Jul 2025,Q3 2025
20250707,2025-07-07,2025,7,July,7,3,0,Monday,2025,28,2025-07-01,2025-07-31,False,True,188,False,Jul 2025,Q3 2025
20250708,2025-07-08,2025,7,July,8,3,1,Tuesday,2025,28,2025-07-01,2025-07-31,False,True,189,False,Jul 2025,Q3 2025
20250709,2025-07-09,2025,7,July,9,3,2,Wednesday,2025,28,2025-07-01,2025-07-31,False,True,190,False,Jul 2025,Q3 2025
20250710,2025-07-10,2025,7,July,10,3,3,Thursday,2025,28,2025-07-01,2025-07-31,False,True,191,False,Jul 2025,Q3 2025
20250711,2025-07-11,2025,7,July,11,3,4,Friday,2025,28,2025-07-01,2025-07-31,False,True,192,False,Jul 2025,Q3 2025
20250712,2025-07-12,2025,7,July,12,3,5,Saturday,2025,28,2025-07-01,2025-07-31,False,False,193,False,Jul 2025,Q3 2025
20250713,2025-07-13,2025,7,July,13,3,6,Sunday,2025,28,2025-07-01,2025-07-31,False,False,194,False,Jul 2025,Q3 2025
20250714,2025-07-14,2025,7,July,14,3,0,Monday,2025,29,2025-07-01,2025-07-31,False,True,195,False,Jul 2025,Q3 2025
20250715,2025-07-15,2025,7,July,15,3,1,Tuesday,2025,29,2025-07-01,2025-07-31,False,True,196,False,Jul 2025,Q3 2025
20250716,2025-07-16,2025,7,July,16,3,2,Wednesday,2025,29,2025-07-01,2025-07-31,False,True,197,False,Jul 2025,Q3 2025
20250717,2025-07-17,2025,7,July,17,3,3,Thursday,2025,29,2025-07-01,2025-07-31,False,True,198,False,Jul 2025,Q3 2025
20250718,2025-07-18,2025,7,July,18,3,4,Friday,2025,29,2025-07-01,2025-07-31,False,True,199,False,Jul 2025,Q3 2025
20250719,2025-07-19,2025,7,July,19,3,5,Saturday,2025,29,2025-07-01,2025-07-31,False,False,200,False,Jul 2025,Q3 2025
20250720,2025-07-20,2025,7,July,20,3,6,Sunday,2025,29,2025-07-01,2025-07-31,False,False,201,False,Jul 2025,Q3 2025
20250721,2025-07-21,2025,7,July,21,3,0,Monday,2025,30,2025-07-01,2025-07-31,False,True,202,False,Jul 2025,Q3 2025
20250722,2025-07-22,2025,7,July,22,3,1,Tuesday,2025,30,2025-07-01,2025-07-31,False,True,203,False,Jul 2025,Q3 2025
20250723,2025-07-23,2025,7,July,23,3,2,Wednesday,2025,30,2025-07-01,2025-07-31,False,True,204,False,Jul 2025,Q3 2025
20250724,2025-07-24,2025,7,July,24,3,3,Thursday,2025,30,2025-07-01,2025-07-31,False,True,205,False,Jul 2025,Q3 2025
20250725,2025-07-25,2025,7,July,25,3,4,Friday,2025,30,2025-07-01,2025-07-31,False,True,206,False,Jul 2025,Q3 2025
20250726,2025-07-26,2025,7,July,26,3,5,Saturday,2025,30,2025-07-01,2025-07-31,False,False,207,False,Jul 2025,Q3 2025
20250727,2025-07-27,2025,7,July,27,3,6,Sunday,2025,30,2025-07-01,2025-07-31,False,False,208,False,Jul 2025,Q3 2025
20250728,2025-07-28,2025,7,July,28,3,0,Monday,2025,31,2025-07-01,2025-07-31,False,True,209,False,Jul 2025,Q3 2025
20250729,2025-07-29,2025,7,July,29,3,1,Tuesday,2025,31,2025-07-01,2025-07-31,False,True,210,False,Jul 2025,Q3 2025
20250730,2025-07-30,2025,7,July,30,3,2,Wednesday,2025,31,2025-07-01,2025-07-31,False,True,211,False,Jul 2025,Q3 2025
20250731,2025-07-31,2025,7,July,31,3,3,Thursday,2025,31,2025-07-01,2025-07-31,True,True,212,False,Jul 2025,Q3 2025
20250801,2025-08-01,2025,8,August,1,3,4,Friday,2025,31,2025-08-01,2025-08-31,False,True,213,False,Aug 2025,Q3 2025
20250802,2025-08-02,2025,8,August,2,3,5,Saturday,2025,31,2025-08-01,2025-08-31,False,False,214,False,Aug 2025,Q3 2025
20250803,2025-08-03,2025,8,August,3,3,6,Sunday,2025,31,2025-08-01,2025-08-31,False,False,215,False,Aug 2025,Q3 2025
20250804,2025-08-04,2025,8,August,4,3,0,Monday,2025,32,2025-08-01,2025-08-31,False,True,216,False,Aug 2025,Q3 2025
20250805,2025-08-05,2025,8,August,5,3,1,Tuesday,2025,32,2025-08-01,2025-08-31,False,True,217,False,Aug 2025,Q3 2025
20250806,2025-08-06,2025,8,August,6,3,2,Wednesday,2025,32,2025-08-01,2025-08-31,False,True,218,False,Aug 2025,Q3 2025
20250807,2025-08-07,2025,8,August,7,3,3,Thursday,2025,32,2025-08-01,2025-08-31,False,True,219,False,Aug 2025,Q3 2025
20250808,2025-08-08,2025,8,August,8,3,4,Friday,2025,32,2025-08-01,2025-08-31,False,True,220,False,Aug 2025,Q3 2025
20250809,2025-08-09,2025,8,August,9,3,5,Saturday,2025,32,2025-08-01,2025-08-31,False,False,221,False,Aug 2025,Q3 2025
20250810,2025-08-10,2025,8,August,10,3,6,Sunday,2025,32,2025-08-01,2025-08-31,False,False,222,False,Aug 2025,Q3 2025
20250811,2025-08-11,2025,8,August,11,3,0,Monday,2025,33,2025-08-01,2025-08-31,False,True,223,False,Aug 2025,Q3 2025
20250812,2025-08-12,2025,8,August,12,3,1,Tuesday,2025,33,2025-08-01,2025-08-31,False,True,224,False,Aug 2025,Q3 2025
20250813,2025-08-13,2025,8,August,13,3,2,Wednesday,2025,33,2025-08-01,2025-08-31,False,True,225,False,Aug 2025,Q3 2025
20250814,2025-08-14,2025,8,August,14,3,3,Thursday,2025,33,2025-08-01,2025-08-31,False,True,226,False,Aug 2025,Q3 2025
20250815,2025-08-15,2025,8,August,15,3,4,Friday,2025,33,2025-08-01,2025-08-31,False,True,227,False,Aug 2025,Q3 2025
20250816,2025-08-16,2025,8,August,16,3,5,Saturday,2025,33,2025-08-01,2025-08-31,False,False,228,False,Aug 2025,Q3 2025
20250817,2025-08-17,2025,8,August,17,3,6,Sunday,2025,33,2025-08-01,2025-08-31,False,False,229,False,Aug 2025,Q3 2025
20250818,2025-08-18,2025,8,August,18,3,0,Monday,2025,34,2025-08-01,2025-08-31,False,True,230,False,Aug 2025,Q3 2025
20250819,2025-08-19,2025,8,August,19,3,1,Tuesday,2025,34,2025-08-01,2025-08-31,False,True,231,False,Aug 2025,Q3 2025
20250820,2025-08-20,2025,8,August,20,3,2,Wednesday,2025,34,2025-08-01,2025-08-31,False,True,232,False,Aug 2025,Q3 2025
20250821,2025-08-21,2025,8,August,21,3,3,Thursday,2025,34,2025-08-01,2025-08-31,False,True,233,False,Aug 2025,Q3 2025
20250822,2025-08-22,2025,8,August,22,3,4,Friday,2025,34,2025-08-01,2025-08-31,False,True,234,False,Aug 2025,Q3 2025
20250823,2025-08-23,2025,8,August,23,3,5,Saturday,2025,34,2025-08-01,2025-08-31,False,False,235,False,Aug 2025,Q3 2025
20250824,2025-08-24,2025,8,August,24,3,6,Sunday,2025,34,2025-08-01,2025-08-31,False,False,236,False,Aug 2025,Q3 2025
20250825,2025-08-25,2025,8,August,25,3,0,Monday,2025,35,2025-08-01,2025-08-31,False,True,237,False,Aug 2025,Q3 2025
20250826,2025-08-26,2025,8,August,26,3,1,Tuesday,2025,35,2025-08-01,2025-08-31,False,True,238,False,Aug 2025,Q3 2025
20250827,2025-08-27,2025,8,August,27,3,2,Wednesday,2025,35,2025-08-01,2025-08-31,False,True,239,False,Aug 2025,Q3 2025
20250828,2025-08-28,2025,8,August,28,3,3,Thursday,2025,35,2025-08-01,2025-08-31,False,True,240,False,Aug 2025,Q3 2025
20250829,2025-08-29,2025,8,August,29,3,4,Friday,2025,35,2025-08-01,2025-08-31,False,True,241,False,Aug 2025,Q3 2025
20250830,2025-08-30,2025,8,August,30,3,5,Saturday,2025,35,2025-08-01,2025-08-31,False,False,242,False,Aug 2025,Q3 2025
20250831,2025-08-31,2025,8,August,31,3,6,Sunday,2025,35,2025-08-01,2025-08-31,True,False,243,False,Aug 2025,Q3 2025
20250901,2025-09-01,2025,9,September,1,3,0,Monday,2025,36,2025-09-01,2025-09-30,False,True,244,False,Sep 2025,Q3 2025
20250902,2025-09-02,2025,9,September,2,3,1,Tuesday,2025,36,2025-09-01,2025-09-30,False,True,245,False,Sep 2025,Q3 2025
20250903,2025-09-03,2025,9,September,3,3,2,Wednesday,2025,36,2025-09-01,2025-09-30,False,True,246,False,Sep 2025,Q3 2025
20250904,2025-09-04,2025,9,September,4,3,3,Thursday,2025,36,2025-09-01,2025-09-30,False,True,247,False,Sep 2025,Q3 2025
20250905,2025-09-05,2025,9,September,5,3,4,Friday,2025,36,2025-09-01,2025-09-30,False,True,248,False,Sep 2025,Q3 2025
20250906,2025-09-06,2025,9,September,6,3,5,Saturday,2025,36,2025-09-01,2025-09-30,False,False,249,False,Sep 2025,Q3 2025
20250907,2025-09-07,2025,9,September,7,3,6,Sunday,2025,36,2025-09-01,2025-09-30,False,False,250,False,Sep 2025,Q3 2025
20250908,2025-09-08,2025,9,September,8,3,0,Monday,2025,37,2025-09-01,2025-09-30,False,True,251,False,Sep 2025,Q3 2025
20250909,2025-09-09,2025,9,September,9,3,1,Tuesday,2025,37,2025-09-01,2025-09-30,False,True,252,False,Sep 2025,Q3 2025
20250910,2025-09-10,2025,9,September,10,3,2,Wednesday,2025,37,2025-09-01,2025-09-30,False,True,253,False,Sep 2025,Q3 2025
20250911,2025-09-11,2025,9,September,11,3,3,Thursday,2025,37,2025-09-01,2025-09-30,False,True,254,False,Sep 2025,Q3 2025
20250912,2025-09-12,2025,9,September,12,3,4,Friday,2025,37,2025-09-01,2025-09-30,False,True,255,False,Sep 2025,Q3 2025
20250913,2025-09-13,2025,9,September,13,3,5,Saturday,2025,37,2025-09-01,2025-09-30,False,False,256,False,Sep 2025,Q3 2025
20250914,2025-09-14,2025,9,September,14,3,6,Sunday,2025,37,2025-09-01,2025-09-30,False,False,257,False,Sep 2025,Q3 2025
20250915,2025-09-15,2025,9,September,15,3,0,Monday,2025,38,2025-09-01,2025-09-30,False,True,258,False,Sep 2025,Q3 2025
20250916,2025-09-16,2025,9,September,16,3,1,Tuesday,2025,38,2025-09-01,2025-09-30,False,True,259,False,Sep 2025,Q3 2025
20250917,2025-09-17,2025,9,September,17,3,2,Wednesday,2025,38,2025-09-01,2025-09-30,False,True,260,False,Sep 2025,Q3 2025
20250918,2025-09-18,2025,9,September,18,3,3,Thursday,2025,38,2025-09-01,2025-09-30,False,True,261,False,Sep 2025,Q3 2025
20250919,2025-09-19,2025,9,September,19,3,4,Friday,2025,38,2025-09-01,2025-09-30,False,True,262,False,Sep 2025,Q3 2025
20250920,2025-09-20,2025,9,September,20,3,5,Saturday,2025,38,2025-09-01,2025-09-30,False,False,263,False,Sep 2025,Q3 2025
20250921,2025-09-21,2025,9,September,21,3,6,Sunday,2025,38,2025-09-01,2025-09-30,False,False,264,False,Sep 2025,Q3 2025
20250922,2025-09-22,2025,9,September,22,3,0,Monday,2025,39,2025-09-01,2025-09-30,False,True,265,False,Sep 2025,Q3 2025
20250923,2025-09-23,2025,9,September,23,3,1,Tuesday,2025,39,2025-09-01,2025-09-30,False,True,266,False,Sep 2025,Q3 2025
20250924,2025-09-24,2025,9,September,24,3,2,Wednesday,2025,39,2025-09-01,2025-09-30,False,True,267,False,Sep 2025,Q3 2025
20250925,2025-09-25,2025,9,September,25,3,3,Thursday,2025,39,2025-09-01,2025-09-30,False,True,268,False,Sep 2025,Q3 2025
20250926,2025-09-26,2025,9,September,26,3,4,Friday,2025,39,2025-09-01,2025-09-30,False,True,269,False,Sep 2025,Q3 2025
20250927,2025-09-27,2025,9,September,27,3,5,Saturday,2025,39,2025-09-01,2025-09-30,False,False,270,False,Sep 2025,Q3 2025
20250928,2025-09-28,2025,9,September,28,3,6,Sunday,2025,39,2025-09-01,2025-09-30,False,False,271,False,Sep 2025,Q3 2025
20250929,2025-09-29,2025,9,September,29,3,0,Monday,2025,40,2025-09-01,2025-09-30,False,True,272,False,Sep 2025,Q3 2025
20250930,2025-09-30,2025,9,September,30,3,1,Tuesday,2025,40,2025-09-01,2025-09-30,True,True,273,False,Sep 2025,Q3 2025
20251001,2025-10-01,2025,10,October,1,4,2,Wednesday,2025,40,2025-10-01,2025-10-31,False,True,274,False,Oct 2025,Q4 2025
20251002,2025-10-02,2025,10,October,2,4,3,Thursday,2025,40,2025-10-01,2025-10-31,False,True,275,False,Oct 2025,Q4 2025
20251003,2025-10-03,2025,10,October,3,4,4,Friday,2025,40,2025-10-01,2025-10-31,False,True,276,False,Oct 2025,Q4 2025
20251004,2025-10-04,2025,10,October,4,4,5,Saturday,2025,40,2025-10-01,2025-10-31,False,False,277,False,Oct 2025,Q4 2025
20251005,2025-10-05,2025,10,October,5,4,6,Sunday,2025,40,2025-10-01,2025-10-31,False,False,278,False,Oct 2025,Q4 2025
20251006,2025-10-06,2025,10,October,6,4,0,Monday,2025,41,2025-10-01,2025-10-31,False,True,279,False,Oct 2025,Q4 2025
20251007,2025-10-07,2025,10,October,7,4,1,Tuesday,2025,41,2025-10-01,2025-10-31,False,True,280,False,Oct 2025,Q4 2025
20251008,2025-10-08,2025,10,October,8,4,2,Wednesday,2025,41,2025-10-01,2025-10-31,False,True,281,False,Oct 2025,Q4 2025
20251009,2025-10-09,2025,10,October,9,4,3,Thursday,2025,41,2025-10-01,2025-10-31,False,True,282,False,Oct 2025,Q4 2025
20251010,2025-10-10,2025,10,October,10,4,4,Friday,2025,41,2025-10-01,2025-10-31,False,True,283,False,Oct 2025,Q4 2025
20251011,2025-10-11,2025,10,October,11,4,5,Saturday,2025,41,2025-10-01,2025-10-31,False,False,284,False,Oct 2025,Q4 2025
20251012,2025-10-12,2025,10,October,12,4,6,Sunday,2025,41,2025-10-01,2025-10-31,False,False,285,False,Oct 2025,Q4 2025
20251013,2025-10-13,2025,10,October,13,4,0,Monday,2025,42,2025-10-01,2025-10-31,False,True,286,False,Oct 2025,Q4 2025
20251014,2025-10-14,2025,10,October,14,4,1,Tuesday,2025,42,2025-10-01,2025-10-31,False,True,287,False,Oct 2025,Q4 2025
20251015,2025-10-15,2025,10,October,15,4,2,Wednesday,2025,42,2025-10-01,2025-10-31,False,True,288,False,Oct 2025,Q4 2025
20251016,2025-10-16,2025,10,October,16,4,3,Thursday,2025,42,2025-10-01,2025-10-31,False,True,289,False,Oct 2025,Q4 2025
20251017,2025-10-17,2025,10,October,17,4,4,Friday,2025,42,2025-10-01,2025-10-31,False,True,290,False,Oct 2025,Q4 2025
20251018,2025-10-18,2025,10,October,18,4,5,Saturday,2025,42,2025-10-01,2025-10-31,False,False,291,False,Oct 2025,Q4 2025
20251019,2025-10-19,2025,10,October,19,4,6,Sunday,2025,42,2025-10-01,2025-10-31,False,False,292,False,Oct 2025,Q4 2025
20251020,2025-10-20,2025,10,October,20,4,0,Monday,2025,43,2025-10-01,2025-10-31,False,True,293,False,Oct 2025,Q4 2025
20251021,2025-10-21,2025,10,October,21,4,1,Tuesday,2025,43,2025-10-01,2025-10-31,False,True,294,False,Oct 2025,Q4 2025
20251022,2025-10-22,2025,10,October,22,4,2,Wednesday,2025,43,2025-10-01,2025-10-31,False,True,295,False,Oct 2025,Q4 2025
20251023,2025-10-23,2025,10,October,23,4,3,Thursday,2025,43,2025-10-01,2025-10-31,False,True,296,False,Oct 2025,Q4 2025
20251024,2025-10-24,2025,10,October,24,4,4,Friday,2025,43,2025-10-01,2025-10-31,False,True,297,False,Oct 2025,Q4 2025
20251025,2025-10-25,2025,10,October,25,4,5,Saturday,2025,43,2025-10-01,2025-10-31,False,False,298,False,Oct 2025,Q4 2025
20251026,2025-10-26,2025,10,October,26,4,6,Sunday,2025,43,2025-10-01,2025-10-31,False,False,299,False,Oct 2025,Q4 2025
20251027,2025-10-27,2025,10,October,27,4,0,Monday,2025,44,2025-10-01,2025-10-31,False,True,300,False,Oct 2025,Q4 2025
20251028,2025-10-28,2025,10,October,28,4,1,Tuesday,2025,44,2025-10-01,2025-10-31,False,True,301,False,Oct 2025,Q4 2025
20251029,2025-10-29,2025,10,October,29,4,2,Wednesday,2025,44,2025-10-01,2025-10-31,False,True,302,False,Oct 2025,Q4 2025
20251030,2025-10-30,2025,10,October,30,4,3,Thursday,2025,44,2025-10-01,2025-10-31,False,True,303,False,Oct 2025,Q4 2025
20251031,2025-10-31,2025,10,October,31,4,4,Friday,2025,44,2025-10-01,2025-10-31,True,True,304,False,Oct 2025,Q4 2025
20251101,2025-11-01,2025,11,November,1,4,5,Saturday,2025,44,2025-11-01,2025-11-30,False,False,305,False,Nov 2025,Q4 2025
20251102,2025-11-02,2025,11,November,2,4,6,Sunday,2025,44,2025-11-01,2025-11-30,False,False,306,False,Nov 2025,Q4 2025
20251103,2025-11-03,2025,11,November,3,4,0,Monday,2025,45,2025-11-01,2025-11-30,False,True,307,False,Nov 2025,Q4 2025
20251104,2025-11-04,2025,11,November,4,4,1,Tuesday,2025,45,2025-11-01,2025-11-30,False,True,308,False,Nov 2025,Q4 2025
20251105,2025-11-05,2025,11,November,5,4,2,Wednesday,2025,45,2025-11-01,2025-11-30,False,True,309,False,Nov 2025,Q4 2025
20251106,2025-11-06,2025,11,November,6,4,3,Thursday,2025,45,2025-11-01,2025-11-30,False,True,310,False,Nov 2025,Q4 2025
20251107,2025-11-07,2025,11,November,7,4,4,Friday,2025,45,2025-11-01,2025-11-30,False,True,311,False,Nov 2025,Q4 2025
20251108,2025-11-08,2025,11,November,8,4,5,Saturday,2025,45,2025-11-01,2025-11-30,False,False,312,False,Nov 2025,Q4 2025
20251109,2025-11-09,2025,11,November,9,4,6,Sunday,2025,45,2025-11-01,2025-11-30,False,False,313,False,Nov 2025,Q4 2025
20251110,2025-11-10,2025,11,November,10,4,0,Monday,2025,46,2025-11-01,2025-11-30,False,True,314,False,Nov 2025,Q4 2025
20251111,2025-11-11,2025,11,November,11,4,1,Tuesday,2025,46,2025-11-01,2025-11-30,False,True,315,False,Nov 2025,Q4 2025
20251112,2025-11-12,2025,11,November,12,4,2,Wednesday,2025,46,2025-11-01,2025-11-30,False,True,316,False,Nov 2025,Q4 2025
20251113,2025-11-13,2025,11,November,13,4,3,Thursday,2025,46,2025-11-01,2025-11-30,False,True,317,False,Nov 2025,Q4 2025
20251114,2025-11-14,2025,11,November,14,4,4,Friday,2025,46,2025-11-01,2025-11-30,False,True,318,False,Nov 2025,Q4 2025
20251115,2025-11-15,2025,11,November,15,4,5,Saturday,2025,46,2025-11-01,2025-11-30,False,False,319,False,Nov 2025,Q4 2025
20251116,2025-11-16,2025,11,November,16,4,6,Sunday,2025,46,2025-11-01,2025-11-30,False,False,320,False,Nov 2025,Q4 2025
20251117,2025-11-17,2025,11,November,17,4,0,Monday,2025,47,2025-11-01,2025-11-30,False,True,321,False,Nov 2025,Q4 2025
20251118,2025-11-18,2025,11,November,18,4,1,Tuesday,2025,47,2025-11-01,2025-11-30,False,True,322,False,Nov 2025,Q4 2025
20251119,2025-11-19,2025,11,November,19,4,2,Wednesday,2025,47,2025-11-01,2025-11-30,False,True,323,False,Nov 2025,Q4 2025
20251120,2025-11-20,2025,11,November,20,4,3,Thursday,2025,47,2025-11-01,2025-11-30,False,True,324,False,Nov 2025,Q4 2025
20251121,2025-11-21,2025,11,November,21,4,4,Friday,2025,47,2025-11-01,2025-11-30,False,True,325,False,Nov 2025,Q4 2025
20251122,2025-11-22,2025,11,November,22,4,5,Saturday,2025,47,2025-11-01,2025-11-30,False,False,326,False,Nov 2025,Q4 2025
20251123,2025-11-23,2025,11,November,23,4,6,Sunday,2025,47,2025-11-01,2025-11-30,False,False,327,False,Nov 2025,Q4 2025
20251124,2025-11-24,2025,11,November,24,4,0,Monday,2025,48,2025-11-01,2025-11-30,False,True,328,False,Nov 2025,Q4 2025
20251125,2025-11-25,2025,11,November,25,4,1,Tuesday,2025,48,2025-11-01,2025-11-30,False,True,329,False,Nov 2025,Q4 2025
20251126,2025-11-26,2025,11,November,26,4,2,Wednesday,2025,48,2025-11-01,2025-11-30,False,True,330,False,Nov 2025,Q4 2025
20251127,2025-11-27,2025,11,November,27,4,3,Thursday,2025,48,2025-11-01,2025-11-30,False,True,331,False,Nov 2025,Q4 2025
20251128,2025-11-28,2025,11,November,28,4,4,Friday,2025,48,2025-11-01,2025-11-30,False,True,332,False,Nov 2025,Q4 2025
20251129,2025-11-29,2025,11,November,29,4,5,Saturday,2025,48,2025-11-01,2025-11-30,False,False,333,False,Nov 2025,Q4 2025
20251130,2025-11-30,2025,11,November,30,4,6,Sunday,2025,48,2025-11-01,2025-11-30,True,False,334,False,Nov 2025,Q4 2025
20251201,2025-12-01,2025,12,December,1,4,0,Monday,2025,49,2025-12-01,2025-12-31,False,True,335,False,Dec 2025,Q4 2025
20251202,2025-12-02,2025,12,December,2,4,1,Tuesday,2025,49,2025-12-01,2025-12-31,False,True,336,False,Dec 2025,Q4 2025
20251203,2025-12-03,2025,12,December,3,4,2,Wednesday,2025,49,2025-12-01,2025-12-31,False,True,337,False,Dec 2025,Q4 2025
20251204,2025-12-04,2025,12,December,4,4,3,Thursday,2025,49,2025-12-01,2025-12-31,False,True,338,False,Dec 2025,Q4 2025
20251205,2025-12-05,2025,12,December,5,4,4,Friday,2025,49,2025-12-01,2025-12-31,False,True,339,False,Dec 2025,Q4 2025
20251206,2025-12-06,2025,12,December,6,4,5,Saturday,2025,49,2025-12-01,2025-12-31,False,False,340,False,Dec 2025,Q4 2025
20251207,2025-12-07,2025,12,December,7,4,6,Sunday,2025,49,2025-12-01,2025-12-31,False,False,341,False,Dec 2025,Q4 2025
20251208,2025-12-08,2025,12,December,8,4,0,Monday,2025,50,2025-12-01,2025-12-31,False,True,342,False,Dec 2025,Q4 2025
20251209,2025-12-09,2025,12,December,9,4,1,Tuesday,2025,50,2025-12-01,2025-12-31,False,True,343,False,Dec 2025,Q4 2025
20251210,2025-12-10,2025,12,December,10,4,2,Wednesday,2025,50,2025-12-01,2025-12-31,False,True,344,False,Dec 2025,Q4 2025
20251211,2025-12-11,2025,12,December,11,4,3,Thursday,2025,50,2025-12-01,2025-12-31,False,True,345,False,Dec 2025,Q4 2025
20251212,2025-12-12,2025,12,December,12,4,4,Friday,2025,50,2025-12-01,2025-12-31,False,True,346,False,Dec 2025,Q4 2025
20251213,2025-12-13,2025,12,December,13,4,5,Saturday,2025,50,2025-12-01,2025-12-31,False,False,347,False,Dec 2025,Q4 2025
20251214,2025-12-14,2025,12,December,14,4,6,Sunday,2025,50,2025-12-01,2025-12-31,False,False,348,False,Dec 2025,Q4 2025
20251215,2025-12-15,2025,12,December,15,4,0,Monday,2025,51,2025-12-01,2025-12-31,False,True,349,False,Dec 2025,Q4 2025
20251216,2025-12-16,2025,12,December,16,4,1,Tuesday,2025,51,2025-12-01,2025-12-31,False,True,350,False,Dec 2025,Q4 2025
20251217,2025-12-17,2025,12,December,17,4,2,Wednesday,2025,51,2025-12-01,2025-12-31,False,True,351,False,Dec 2025,Q4 2025
20251218,2025-12-18,2025,12,December,18,4,3,Thursday,2025,51,2025-12-01,2025-12-31,False,True,352,False,Dec 2025,Q4 2025
20251219,2025-12-19,2025,12,December,19,4,4,Friday,2025,51,2025-12-01,2025-12-31,False,True,353,False,Dec 2025,Q4 2025
20251220,2025-12-20,2025,12,December,20,4,5,Saturday,2025,51,2025-12-01,2025-12-31,False,False,354,False,Dec 2025,Q4 2025
20251221,2025-12-21,2025,12,December,21,4,6,Sunday,2025,51,2025-12-01,2025-12-31,False,False,355,False,Dec 2025,Q4 2025
20251222,2025-12-22,2025,12,December,22,4,0,Monday,2025,52,2025-12-01,2025-12-31,False,True,356,False,Dec 2025,Q4 2025
20251223,2025-12-23,2025,12,December,23,4,1,Tuesday,2025,52,2025-12-01,2025-12-31,False,True,357,False,Dec 2025,Q4 2025
20251224,2025-12-24,2025,12,December,24,4,2,Wednesday,2025,52,2025-12-01,2025-12-31,False,True,358,False,Dec 2025,Q4 2025
20251225,2025-12-25,2025,12,December,25,4,3,Thursday,2025,52,2025-12-01,2025-12-31,False,True,359,False,Dec 2025,Q4 2025
20251226,2025-12-26,2025,12,December,26,4,4,Friday,2025,52,2025-12-01,2025-12-31,False,True,360,False,Dec 2025,Q4 2025
20251227,2025-12-27,2025,12,December,27,4,5,Saturday,2025,52,2025-12-01,2025-12-31,False,False,361,False,Dec 2025,Q4 2025
20251228,2025-12-28,2025,12,December,28,4,6,Sunday,2025,52,2025-12-01,2025-12-31,False,False,362,False,Dec 2025,Q4 2025
20251229,2025-12-29,2025,12,December,29,4,0,Monday,2026,1,2025-12-01,2025-12-31,False,True,363,False,Dec 2025,Q4 2025
20251230,2025-12-30,2025,12,December,30,4,1,Tuesday,2026,1,2025-12-01,2025-12-31,False,True,364,False,Dec 2025,Q4 2025
20251231,2025-12-31,2025,12,December,31,4,2,Wednesday,2026,1,2025-12-01,2025-12-31,True,True,365,False,Dec 2025,Q4 2025
20260101,2026-01-01,2026,1,January,1,1,3,Thursday,2026,1,2026-01-01,2026-01-31,False,True,1,False,Jan 2026,Q1 2026
20260102,2026-01-02,2026,1,January,2,1,4,Friday,2026,1,2026-01-01,2026-01-31,False,True,2,False,Jan 2026,Q1 2026
20260103,2026-01-03,2026,1,January,3,1,5,Saturday,2026,1,2026-01-01,2026-01-31,False,False,3,False,Jan 2026,Q1 2026
20260104,2026-01-04,2026,1,January,4,1,6,Sunday,2026,1,2026-01-01,2026-01-31,False,False,4,False,Jan 2026,Q1 2026
20260105,2026-01-05,2026,1,January,5,1,0,Monday,2026,2,2026-01-01,2026-01-31,False,True,5,False,Jan 2026,Q1 2026
20260106,2026-01-06,2026,1,January,6,1,1,Tuesday,2026,2,2026-01-01,2026-01-31,False,True,6,False,Jan 2026,Q1 2026
20260107,2026-01-07,2026,1,January,7,1,2,Wednesday,2026,2,2026-01-01,2026-01-31,False,True,7,False,Jan 2026,Q1 2026
20260108,2026-01-08,2026,1,January,8,1,3,Thursday,2026,2,2026-01-01,2026-01-31,False,True,8,False,Jan 2026,Q1 2026
20260109,2026-01-09,2026,1,January,9,1,4,Friday,2026,2,2026-01-01,2026-01-31,False,True,9,False,Jan 2026,Q1 2026
20260110,2026-01-10,2026,1,January,10,1,5,Saturday,2026,2,2026-01-01,2026-01-31,False,False,10,False,Jan 2026,Q1 2026
20260111,2026-01-11,2026,1,January,11,1,6,Sunday,2026,2,2026-01-01,2026-01-31,False,False,11,False,Jan 2026,Q1 2026
20260112,2026-01-12,2026,1,January,12,1,0,Monday,2026,3,2026-01-01,2026-01-31,False,True,12,False,Jan 2026,Q1 2026
20260113,2026-01-13,2026,1,January,13,1,1,Tuesday,2026,3,2026-01-01,2026-01-31,False,True,13,False,Jan 2026,Q1 2026
20260114,2026-01-14,2026,1,January,14,1,2,Wednesday,2026,3,2026-01-01,2026-01-31,False,True,14,False,Jan 2026,Q1 2026
20260115,2026-01-15,2026,1,January,15,1,3,Thursday,2026,3,2026-01-01,2026-01-31,False,True,15,False,Jan 2026,Q1 2026
20260116,2026-01-16,2026,1,January,16,1,4,Friday,2026,3,2026-01-01,2026-01-31,False,True,16,False,Jan 2026,Q1 2026
20260117,2026-01-17,2026,1,January,17,1,5,Saturday,2026,3,2026-01-01,2026-01-31,False,False,17,False,Jan 2026,Q1 2026
20260118,2026-01-18,2026,1,January,18,1,6,Sunday,2026,3,2026-01-01,2026-01-31,False,False,18,False,Jan 2026,Q1 2026
20260119,2026-01-19,2026,1,January,19,1,0,Monday,2026,4,2026-01-01,2026-01-31,False,True,19,False,Jan 2026,Q1 2026
20260120,2026-01-20,2026,1,January,20,1,1,Tuesday,2026,4,2026-01-01,2026-01-31,False,True,20,False,Jan 2026,Q1 2026
20260121,2026-01-21,2026,1,January,21,1,2,Wednesday,2026,4,2026-01-01,2026-01-31,False,True,21,False,Jan 2026,Q1 2026
20260122,2026-01-22,2026,1,January,22,1,3,Thursday,2026,4,2026-01-01,2026-01-31,False,True,22,False,Jan 2026,Q1 2026
20260123,2026-01-23,2026,1,January,23,1,4,Friday,2026,4,2026-01-01,2026-01-31,False,True,23,False,Jan 2026,Q1 2026
20260124,2026-01-24,2026,1,January,24,1,5,Saturday,2026,4,2026-01-01,2026-01-31,False,False,24,False,Jan 2026,Q1 2026
20260125,2026-01-25,2026,1,January,25,1,6,Sunday,2026,4,2026-01-01,2026-01-31,False,False,25,False,Jan 2026,Q1 2026
20260126,2026-01-26,2026,1,January,26,1,0,Monday,2026,5,2026-01-01,2026-01-31,False,True,26,False,Jan 2026,Q1 2026
20260127,2026-01-27,2026,1,January,27,1,1,Tuesday,2026,5,2026-01-01,2026-01-31,False,True,27,False,Jan 2026,Q1 2026
20260128,2026-01-28,2026,1,January,28,1,2,Wednesday,2026,5,2026-01-01,2026-01-31,False,True,28,False,Jan 2026,Q1 2026
20260129,2026-01-29,2026,1,January,29,1,3,Thursday,2026,5,2026-01-01,2026-01-31,False,True,29,False,Jan 2026,Q1 2026
20260130,2026-01-30,2026,1,January,30,1,4,Friday,2026,5,2026-01-01,2026-01-31,False,True,30,False,Jan 2026,Q1 2026
20260131,2026-01-31,2026,1,January,31,1,5,Saturday,2026,5,2026-01-01,2026-01-31,True,False,31,False,Jan 2026,Q1 2026
