employee_number,eeceeid,eeccoid,first_name,preferred_first_name,last_name,email_address,date_of_birth,original_hire_date,seniority_date,retirement_date,job_code,job_title,job_family_code,employee_type_code,employment_status_code,employment_status,company_code,location_code,org_level_1_code,supervisor_employee_number,supervisor_name,supervisor_email,primary_key,secondary_key,scheduled_fte,termination_date
100001,EE100001,CO003,Emily,Emily,Turner,emily.turner@prairieresources.ca,1981-03-29,2018-01-01,2018-01-01,,71MKT2,Marketing Specialist,MKTG,RFT,T,Terminated,PRMRE,117,110,,,,100001_PRMRE,EE100001_CO003,1.0,2021-02-26
100002,EE100002,CO001,Raymond,Raymond,Cox,raymond.cox@northernpipeline.com,1987-03-17,2018-01-01,2018-01-01,,43SAL3,Senior Account Executive,SALES,TFT,T,Terminated,NRTHP,102,20,102972,"Ruiz, Maria",maria.ruiz@alpineconstruction.com,100002_NRTHP,EE100002_CO001,1.0,2019-05-18
100003,EE100003,CO001,Barbara,Barbara,Liu,barbara.liu@northernpipeline.com,1979-07-19,2018-01-01,2018-01-01,,23ENG6,Director of Engineering,ENGR,RFT,A,Active,NRTHP,122,160,,,,100003_NRTHP,EE100003_CO001,1.0,
100004,EE100004,CO001,Nancy,Nancy,Wood,nancy.wood@northernpipeline.com,1970-07-01,2018-01-02,2018-01-02,,14CSR2,Customer Service Specialist,CSR,RFT,T,Terminated,NRTHP,111,240,100802,"Brown, Laura",laura.brown@alpineconstruction.com,100004_NRTHP,EE100004_CO001,1.0,2021-09-15
100005,EE100005,CO002,Thomas,Thomas,Clark,thomas.clark@westmarkmanufacturing.com,1988-04-11,2018-01-03,2018-01-03,,41SAL1,Sales Representative,SALES,RFT,T,Terminated,WSTMF,108,40,102445,"Roberts, Alexander",alexander.roberts@northernpipeline.com,100005_WSTMF,EE100005_CO002,1.0,2022-09-23
100006,EE100006,CO001,Nathan,Nathan,King,nathan.king@northernpipeline.com,1988-05-11,2018-01-03,2018-01-03,,19ENG2,Engineer,ENGR,RFT,T,Terminated,NRTHP,124,40,,,,100006_NRTHP,EE100006_CO001,1.0,2022-04-14
100007,EE100007,CO004,Gary,Gary,Becker,gary.becker@alpineconstruction.com,1970-07-12,2018-01-04,2018-01-04,,43SAL3,Senior Account Executive,SALES,RFT,A,Active,ALPNC,116,50,,,,100007_ALPNC,EE100007_CO004,1.0,
100008,EE100008,CO003,Yuki,Yuki,Nilsson,yuki.nilsson@prairieresources.ca,1978-02-10,2018-01-04,2018-01-04,,71MKT2,Marketing Specialist,MKTG,RFT,A,Active,PRMRE,123,60,101098,"Hernandez, Mary",mary.hernandez@northernpipeline.com,100008_PRMRE,EE100008_CO003,1.0,
100009,EE100009,CO002,Debra,Debra,Nilsson,debra.nilsson@westmarkmanufacturing.com,1990-07-13,2018-01-05,2018-01-05,,80ANL4,Analytics Lead,ANLYT,RPT,T,Terminated,WSTMF,102,10,,,,100009_WSTMF,EE100009_CO002,0.79,2019-04-07
100010,EE100010,CO001,Pierre,Pierre,Hill,pierre.hill@northernpipeline.com,1980-11-29,2018-01-05,2018-01-05,,51OPS4,Operations Lead,OPS,RPT,T,Terminated,NRTHP,113,150,,,,100010_NRTHP,EE100010_CO001,0.42,2018-04-10
100011,EE100011,CO003,Carolyn,Carolyn,Schmidt,carolyn.schmidt@prairieresources.ca,1990-02-28,2018-01-05,2018-01-05,,61WHS2,Warehouse Clerk,WHSE,RFT,A,Active,PRMRE,123,60,101098,"Hernandez, Mary",mary.hernandez@northernpipeline.com,100011_PRMRE,EE100011_CO003,1.0,
100012,EE100012,CO002,Jason,Jason,Liu,jason.liu@westmarkmanufacturing.com,1990-11-23,2018-01-08,2018-01-08,,79ANL3,Senior Data Analyst,ANLYT,RFT,T,Terminated,WSTMF,104,210,,,,100012_WSTMF,EE100012_CO002,1.0,2019-06-09
100013,EE100013,CO003,Lisa,Lisa,Ward,lisa.ward@prairieresources.ca,1983-10-02,2018-01-08,2018-01-08,,26HR2,HR Generalist,HR,RPT,T,Terminated,PRMRE,100,60,,,,100013_PRMRE,EE100013_CO003,0.73,2020-01-17
100014,EE100014,CO002,Kevin,Kevin,Scott,kevin.scott@westmarkmanufacturing.com,1999-05-30,2018-01-08,2018-01-08,,26HR2,HR Generalist,HR,RFT,T,Terminated,WSTMF,102,240,101786,"Cox, Kevin",kevin.cox@alpineconstruction.com,100014_WSTMF,EE100014_CO002,1.0,2019-01-27
100015,EE100015,CO002,Karen,Karen,Bailey,karen.bailey@westmarkmanufacturing.com,1999-09-27,2018-01-08,2018-01-08,,55TRD1,Apprentice Technician,TRD,RFT,T,Terminated,WSTMF,102,230,102105,"Wang, Melissa",melissa.wang@prairieresources.ca,100015_WSTMF,EE100015_CO002,1.0,2020-07-13
100016,EE100016,CO002,Jose,Jose,Castillo,jose.castillo@westmarkmanufacturing.com,1991-11-23,2018-01-09,2018-01-09,,50OPS3,Operations Specialist,OPS,RFT,T,Terminated,WSTMF,115,90,102088,"Moore, Matthew",matthew.moore@westmarkmanufacturing.com,100016_WSTMF,EE100016_CO002,1.0,2021-01-24
100017,EE100017,CO002,Aaron,Aaron,Mendoza,aaron.mendoza@westmarkmanufacturing.com,1996-12-07,2018-01-09,2018-01-09,,13CSR1,Customer Service Representative,CSR,RPT,T,Terminated,WSTMF,118,190,102992,"Allen, Catherine",catherine.allen@northernpipeline.com,100017_WSTMF,EE100017_CO002,0.7,2023-03-26
100018,EE100018,CO001,Pamela,Pamela,Eriksson,pamela.eriksson@northernpipeline.com,1982-04-23,2018-01-12,2018-01-12,,96LEG4,Senior Legal Counsel,LEGAL,RFT,T,Terminated,NRTHP,119,100,,,,100018_NRTHP,EE100018_CO001,1.0,2024-06-04
100019,EE100019,CO001,Kenji,Kenji,Wright,kenji.wright@northernpipeline.com,1995-08-17,2018-01-12,2018-01-12,,29HR5,HR Manager,HR,RFT,A,Active,NRTHP,111,110,,,,100019_NRTHP,EE100019_CO001,1.0,
100020,EE100020,CO002,Samuel,Samuel,Weber,samuel.weber@westmarkmanufacturing.com,2000-01-08,2018-01-15,2018-01-15,,34IT2,Software Developer,IT,RPT,T,Terminated,WSTMF,118,150,,,,100020_WSTMF,EE100020_CO002,0.68,2019-01-27
100021,EE100021,CO004,Mei,Mei,Meyer,mei.meyer@alpineconstruction.com,1971-07-04,2018-01-17,2018-01-17,,02ADM2,Administrative Coordinator,ADMIN,RPT,A,Active,ALPNC,115,80,101251,"Li, Matthew",matthew.li@westmarkmanufacturing.com,100021_ALPNC,EE100021_CO004,0.65,
100022,EE100022,CO004,Daniel,Daniel,Williams,daniel.williams@alpineconstruction.com,1988-03-18,2018-01-18,2018-01-18,,09ACC4,Accounting Lead,ACCTG,RFT,T,Terminated,ALPNC,104,120,,,,100022_ALPNC,EE100022_CO004,1.0,2018-02-23
100023,EE100023,CO004,Larry,Larry,Davis,larry.davis@alpineconstruction.com,1985-09-28,2018-01-18,2018-01-18,,61WHS2,Warehouse Clerk,WHSE,RFT,T,Terminated,ALPNC,112,230,,,,100023_ALPNC,EE100023_CO004,1.0,2018-06-17
100024,EE100024,CO004,Paul,Paul,Perez,paul.perez@alpineconstruction.com,1999-11-14,2018-01-18,2018-01-18,,83SUP4,Shift Supervisor,SUPV,RFT,T,Terminated,ALPNC,100,200,,,,100024_ALPNC,EE100024_CO004,1.0,2019-10-09
100025,EE100025,CO002,Joshua,Joshua,Fischer,joshua.fischer@westmarkmanufacturing.com,1991-07-21,2018-01-19,2018-01-19,,43SAL3,Senior Account Executive,SALES,RFT,T,Terminated,WSTMF,100,160,102626,"Diaz, Patricia",patricia.diaz@alpineconstruction.com,100025_WSTMF,EE100025_CO002,1.0,2021-10-16
100026,EE100026,CO003,Carolyn,Carolyn,Bennett,carolyn.bennett@prairieresources.ca,1984-02-13,2018-01-19,2018-01-19,,60WHS1,Warehouse Associate,WHSE,RFT,T,Terminated,PRMRE,116,30,102136,"Zhang, Anthony",anthony.zhang@northernpipeline.com,100026_PRMRE,EE100026_CO003,1.0,2021-01-17
100027,EE100027,CO002,Matthew,Matthew,Castillo,matthew.castillo@westmarkmanufacturing.com,1997-04-23,2018-01-19,2018-01-19,,36IT3,Senior Systems Administrator,IT,RPT,A,Active,WSTMF,118,90,102839,"Jackson, Scott",scott.jackson@prairieresources.ca,100027_WSTMF,EE100027_CO002,0.72,
100028,EE100028,CO002,Adam,Adam,Schneider,adam.schneider@westmarkmanufacturing.com,1982-09-03,2018-01-19,2018-01-19,,79ANL3,Senior Data Analyst,ANLYT,RPT,T,Terminated,WSTMF,122,240,102139,"Jackson, Amanda",amanda.jackson@westmarkmanufacturing.com,100028_WSTMF,EE100028_CO002,0.63,2022-05-18
100029,EE100029,CO002,Ingrid,Ingrid,Larsson,ingrid.larsson@westmarkmanufacturing.com,1992-07-25,2018-01-22,2018-01-22,,20ENG3,Senior Engineer,ENGR,RFT,T,Terminated,WSTMF,118,60,102844,"Allen, Michael",michael.allen@northernpipeline.com,100029_WSTMF,EE100029_CO002,1.0,2018-11-14
100030,EE100030,CO002,Wei,Wei,Perez,wei.perez@westmarkmanufacturing.com,1988-11-30,2018-01-23,2018-01-23,,19ENG2,Engineer,ENGR,CON,A,Active,WSTMF,115,240,102901,"Olsson, Charles",charles.olsson@westmarkmanufacturing.com,100030_WSTMF,EE100030_CO002,1.0,
100031,EE100031,CO003,Betty,Betty,Adams,betty.adams@prairieresources.ca,1992-02-07,2018-01-23,2018-01-23,,32IT1,IT Support Technician,IT,RFT,A,Active,PRMRE,105,200,101074,"Wood, Betty",betty.wood@westmarkmanufacturing.com,100031_PRMRE,EE100031_CO003,1.0,
100032,EE100032,CO001,Patrick,Patrick,Singh,patrick.singh@northernpipeline.com,1967-09-05,2018-01-24,2018-01-24,,13CSR1,Customer Service Representative,CSR,RFT,A,Active,NRTHP,117,40,100480,"Hughes, Pamela",pamela.hughes@prairieresources.ca,100032_NRTHP,EE100032_CO001,1.0,
100033,EE100033,CO002,Dmitri,Dmitri,Davis,dmitri.davis@westmarkmanufacturing.com,1986-11-20,2018-01-24,2018-01-24,,07ACC2,Accountant,ACCTG,RPT,T,Terminated,WSTMF,122,100,101678,"Chavez, Eric",eric.chavez@westmarkmanufacturing.com,100033_WSTMF,EE100033_CO002,0.73,2018-03-01
100034,EE100034,CO003,Adam,Adam,Karlsson,adam.karlsson@prairieresources.ca,1996-04-11,2018-01-24,2018-01-24,,61WHS2,Warehouse Clerk,WHSE,RFT,T,Terminated,PRMRE,102,130,102468,"Morgan, Sofia",sofia.morgan@prairieresources.ca,100034_PRMRE,EE100034_CO003,1.0,2019-02-21
100035,EE100035,CO003,Priya,Priya,Perez,priya.perez@prairieresources.ca,1977-05-14,2018-02-01,2018-02-01,,94LEG2,Paralegal,LEGAL,RFT,T,Terminated,PRMRE,116,10,102461,"King, Alexander",alexander.king@northernpipeline.com,100035_PRMRE,EE100035_CO003,1.0,2020-11-02
100036,EE100036,CO001,Olga,Olga,Chen,olga.chen@northernpipeline.com,1998-05-08,2018-02-02,2018-02-02,,03ADM3,Senior Administrative Coordinator,ADMIN,RFT,T,Terminated,NRTHP,114,220,,,,100036_NRTHP,EE100036_CO001,1.0,2018-11-23
100037,EE100037,CO002,Brenda,Brenda,Olsson,brenda.olsson@westmarkmanufacturing.com,1983-11-16,2018-02-02,2018-02-02,,35IT3,Senior Developer,IT,TAW,T,Terminated,WSTMF,124,30,101397,"Alvarez, Janet",janet.alvarez@prairieresources.ca,100037_WSTMF,EE100037_CO002,1.0,2018-11-14
100038,EE100038,CO004,Michael,Michael,Edwards,michael.edwards@alpineconstruction.com,1999-02-19,2018-02-02,2018-02-02,,44SAL4,Sales Team Lead,SALES,RFT,A,Active,ALPNC,115,60,,,,100038_ALPNC,EE100038_CO004,1.0,
100039,EE100039,CO004,Emily,Emily,Flores,emily.flores@alpineconstruction.com,1999-08-22,2018-02-02,2018-02-02,,32IT1,IT Support Technician,IT,RFT,T,Terminated,ALPNC,119,30,,,,100039_ALPNC,EE100039_CO004,1.0,2021-11-20
100040,EE100040,CO002,Amy,Amy,Myers,amy.myers@westmarkmanufacturing.com,1984-10-11,2018-02-02,2018-02-02,,01ADM1,Administrative Assistant,ADMIN,RFT,T,Terminated,WSTMF,106,10,102926,"Lewis, Kathleen",kathleen.lewis@westmarkmanufacturing.com,100040_WSTMF,EE100040_CO002,1.0,2020-11-26
100041,EE100041,CO002,Susan,Susan,Torres,susan.torres@westmarkmanufacturing.com,1978-10-31,2018-02-02,2018-02-02,,48OPS1,Operations Assistant,OPS,RFT,T,Terminated,WSTMF,106,70,101220,"Perez, Brandon",brandon.perez@westmarkmanufacturing.com,100041_WSTMF,EE100041_CO002,1.0,2018-09-26
100042,EE100042,CO002,Scott,Scott,Flores,scott.flores@westmarkmanufacturing.com,1984-05-06,2018-02-05,2018-02-05,,56TRD2,Journeyman Technician,TRD,RFT,T,Terminated,WSTMF,100,150,,,,100042_WSTMF,EE100042_CO002,1.0,2020-04-06
100043,EE100043,CO002,Adam,Adam,Kelly,adam.kelly@westmarkmanufacturing.com,1987-07-09,2018-02-06,2018-02-06,,26HR2,HR Generalist,HR,RPT,T,Terminated,WSTMF,102,70,102708,"Moore, Jessica",jessica.moore@westmarkmanufacturing.com,100043_WSTMF,EE100043_CO002,0.78,2019-11-11
100044,EE100044,CO003,Robert,Robert,Castillo,robert.castillo@prairieresources.ca,1990-01-22,2018-02-07,2018-02-07,,94LEG2,Paralegal,LEGAL,RFT,A,Active,PRMRE,117,130,101323,"Kelly, Raj",raj.kelly@prairieresources.ca,100044_PRMRE,EE100044_CO003,1.0,
100045,EE100045,CO001,Anna,Anna,Young,anna.young@northernpipeline.com,1999-05-18,2018-02-09,2018-02-09,,61WHS2,Warehouse Clerk,WHSE,RFT,T,Terminated,NRTHP,122,210,101716,"Martinez, Angela",angela.martinez@westmarkmanufacturing.com,100045_NRTHP,EE100045_CO001,1.0,2020-05-29
100046,EE100046,CO004,Gary,Gary,Hernandez,gary.hernandez@alpineconstruction.com,1993-04-11,2018-02-09,2018-02-09,,43SAL3,Senior Account Executive,SALES,RFT,T,Terminated,ALPNC,104,60,101066,"Wong, Margaret",margaret.wong@alpineconstruction.com,100046_ALPNC,EE100046_CO004,1.0,2024-08-24
100047,EE100047,CO003,Katherine,Katherine,Perez,katherine.perez@prairieresources.ca,1990-02-20,2018-02-09,2018-02-09,,56TRD2,Journeyman Technician,TRD,RFT,T,Terminated,PRMRE,115,110,102872,"Gray, Carolyn",carolyn.gray@prairieresources.ca,100047_PRMRE,EE100047_CO003,1.0,2019-10-02
100048,EE100048,CO002,Gregory,Gregory,Perez,gregory.perez@westmarkmanufacturing.com,1975-11-09,2018-02-09,2018-02-09,,90PRO3,Project Manager,PROJ,RFT,A,Active,WSTMF,118,60,102844,"Allen, Michael",michael.allen@northernpipeline.com,100048_WSTMF,EE100048_CO002,1.0,
100049,EE100049,CO004,Charles,Charles,Edwards,charles.edwards@alpineconstruction.com,1982-08-07,2018-02-12,2018-02-12,,41SAL1,Sales Representative,SALES,RFT,T,Terminated,ALPNC,102,150,100842,"Reed, Larry",larry.reed@prairieresources.ca,100049_ALPNC,EE100049_CO004,1.0,2025-02-04
100050,EE100050,CO001,Deborah,Deborah,Davis,deborah.davis@northernpipeline.com,1999-05-19,2018-02-12,2018-02-12,,26HR2,HR Generalist,HR,TAW,T,Terminated,NRTHP,112,70,,,,100050_NRTHP,EE100050_CO001,1.0,2019-09-23
100051,EE100051,CO001,Samuel,Samuel,Reyes,samuel.reyes@northernpipeline.com,1982-05-11,2018-02-13,2018-02-13,,13CSR1,Customer Service Representative,CSR,TFT,T,Terminated,NRTHP,103,170,,,,100051_NRTHP,EE100051_CO001,1.0,2018-07-03
100052,EE100052,CO004,Raj,Raj,Reed,raj.reed@alpineconstruction.com,1989-12-15,2018-02-13,2018-02-13,,09ACC4,Accounting Lead,ACCTG,CON,T,Terminated,ALPNC,121,110,100624,"Wood, Ahmed",ahmed.wood@alpineconstruction.com,100052_ALPNC,EE100052_CO004,1.0,2019-01-15
100053,EE100053,CO001,Mark,Mark,Gonzalez,mark.gonzalez@northernpipeline.com,1992-09-18,2018-02-14,2018-02-14,,55TRD1,Apprentice Technician,TRD,RFT,T,Terminated,NRTHP,102,130,102468,"Morgan, Sofia",sofia.morgan@prairieresources.ca,100053_NRTHP,EE100053_CO001,1.0,2021-01-13
100054,EE100054,CO002,Ahmed,Ahmed,Ward,ahmed.ward@westmarkmanufacturing.com,1979-03-10,2018-02-15,2018-02-15,,05ACC1,Accounts Payable Clerk,ACCTG,RFT,A,Active,WSTMF,102,60,101520,"Olsson, Jason",jason.olsson@alpineconstruction.com,100054_WSTMF,EE100054_CO002,1.0,
100055,EE100055,CO004,Jacob,Jacob,Clark,jacob.clark@alpineconstruction.com,1975-11-30,2018-02-16,2018-02-16,,09ACC4,Accounting Lead,ACCTG,TAW,T,Terminated,ALPNC,119,200,,,,100055_ALPNC,EE100055_CO004,1.0,2018-03-13
100056,EE100056,CO002,Fatima,Fatima,Long,fatima.long@westmarkmanufacturing.com,1976-12-20,2018-02-16,2018-02-16,,41SAL1,Sales Representative,SALES,RPT,A,Active,WSTMF,113,220,102968,"Ortiz, Kenji",kenji.ortiz@northernpipeline.com,100056_WSTMF,EE100056_CO002,0.7,
100057,EE100057,CO004,Katherine,Katherine,Castillo,katherine.castillo@alpineconstruction.com,1994-09-08,2018-02-20,2018-02-20,,56TRD2,Journeyman Technician,TRD,RPT,T,Terminated,ALPNC,102,200,,,,100057_ALPNC,EE100057_CO004,0.42,2022-08-24
100058,EE100058,CO002,Larry,Larry,Yamamoto,larry.yamamoto@westmarkmanufacturing.com,1989-07-18,2018-02-23,2018-02-23,,19ENG2,Engineer,ENGR,RFT,T,Terminated,WSTMF,111,230,,,,100058_WSTMF,EE100058_CO002,1.0,2024-03-17
100059,EE100059,CO002,Olga,Olga,Persson,olga.persson@westmarkmanufacturing.com,1982-09-25,2018-02-23,2018-02-23,,94LEG2,Paralegal,LEGAL,RFT,T,Terminated,WSTMF,108,170,101544,"Stewart, George",george.stewart@westmarkmanufacturing.com,100059_WSTMF,EE100059_CO002,1.0,2020-08-06
100060,EE100060,CO004,Giovanni,Giovanni,Schmidt,giovanni.schmidt@alpineconstruction.com,1976-07-31,2018-02-23,2018-02-23,,70MKT1,Marketing Coordinator,MKTG,RFT,A,Active,ALPNC,111,40,101448,"Chen, Kenneth",kenneth.chen@alpineconstruction.com,100060_ALPNC,EE100060_CO004,1.0,
100061,EE100061,CO003,Ruth,Ruth,Brown,ruth.brown@prairieresources.ca,1990-12-10,2018-02-23,2018-02-23,,71MKT2,Marketing Specialist,MKTG,CON,T,Terminated,PRMRE,115,220,102648,"Flores, Ashley",ashley.flores@prairieresources.ca,100061_PRMRE,EE100061_CO003,1.0,2018-09-30
100062,EE100062,CO004,Carlos,Carlos,Mueller,carlos.mueller@alpineconstruction.com,1988-02-10,2018-02-26,2018-02-26,,77ANL1,Data Analyst,ANLYT,RFT,A,Active,ALPNC,124,160,100599,"Johansson, Jonathan",jonathan.johansson@prairieresources.ca,100062_ALPNC,EE100062_CO004,1.0,
100063,EE100063,CO003,Hans,Hans,Watson,hans.watson@prairieresources.ca,1997-06-09,2018-02-26,2018-02-26,,96LEG4,Senior Legal Counsel,LEGAL,RFT,T,Terminated,PRMRE,116,210,,,,100063_PRMRE,EE100063_CO003,1.0,2018-08-18
100064,EE100064,CO003,Lars,Lars,Collins,lars.collins@prairieresources.ca,1997-11-22,2018-02-28,2018-02-28,,60WHS1,Warehouse Associate,WHSE,RFT,T,Terminated,PRMRE,117,40,100480,"Hughes, Pamela",pamela.hughes@prairieresources.ca,100064_PRMRE,EE100064_CO003,1.0,2020-01-28
100065,EE100065,CO004,Dorothy,Dorothy,Rivera,dorothy.rivera@alpineconstruction.com,1978-02-05,2018-02-28,2018-02-28,,77ANL1,Data Analyst,ANLYT,RFT,A,Active,ALPNC,102,150,100842,"Reed, Larry",larry.reed@prairieresources.ca,100065_ALPNC,EE100065_CO004,1.0,
100066,EE100066,CO004,Raj,Raj,Li,raj.li@alpineconstruction.com,1972-06-12,2018-03-02,2018-03-02,,04ADM4,Executive Assistant,ADMIN,RFT,A,Active,ALPNC,104,100,,,,100066_ALPNC,EE100066_CO004,1.0,
100067,EE100067,CO002,Wei,Wei,Castillo,wei.castillo@westmarkmanufacturing.com,1986-12-19,2018-03-02,2018-03-02,,13CSR1,Customer Service Representative,CSR,RFT,A,Active,WSTMF,108,190,100313,"Larsson, Priya",priya.larsson@northernpipeline.com,100067_WSTMF,EE100067_CO002,1.0,
100068,EE100068,CO003,Andrew,Andrew,Murphy,andrew.murphy@prairieresources.ca,1975-04-29,2018-03-02,2018-03-02,,57TRD3,Senior Technician,TRD,RFT,A,Active,PRMRE,116,70,101496,"Hill, Gregory",gregory.hill@prairieresources.ca,100068_PRMRE,EE100068_CO003,1.0,
100069,EE100069,CO004,John,John,Jones,john.jones@alpineconstruction.com,1982-10-08,2018-03-02,2018-03-02,,80ANL4,Analytics Lead,ANLYT,RFT,A,Active,ALPNC,116,130,,,,100069_ALPNC,EE100069_CO004,1.0,
100070,EE100070,CO004,David,David,Anderson,david.anderson@alpineconstruction.com,1992-12-31,2018-03-02,2018-03-02,,28HR4,HR Business Partner,HR,RFT,T,Terminated,ALPNC,115,50,,,,100070_ALPNC,EE100070_CO004,1.0,2022-12-13
100071,EE100071,CO001,Virginia,Virginia,Nilsson,virginia.nilsson@northernpipeline.com,1982-11-17,2018-03-06,2018-03-06,,66TEC2,Service Technician,TECH,RFT,A,Active,NRTHP,111,150,,,,100071_NRTHP,EE100071_CO001,1.0,
100072,EE100072,CO002,Dmitri,Dmitri,Foster,dmitri.foster@westmarkmanufacturing.com,1970-03-31,2018-03-06,2018-03-06,,65TEC1,Field Technician,TECH,RFT,A,Active,WSTMF,118,160,100692,"Wang, Tyler",tyler.wang@northernpipeline.com,100072_WSTMF,EE100072_CO002,1.0,
100073,EE100073,CO004,Aisha,Aisha,Myers,aisha.myers@alpineconstruction.com,1986-12-01,2018-03-07,2018-03-07,,07ACC2,Accountant,ACCTG,RFT,A,Active,ALPNC,104,80,,,,100073_ALPNC,EE100073_CO004,1.0,
100074,EE100074,CO003,Justin,Justin,Meyer,justin.meyer@prairieresources.ca,1971-02-25,2018-03-07,2018-03-07,,55TRD1,Apprentice Technician,TRD,RFT,T,Terminated,PRMRE,118,210,101721,"Larsson, Aaron",aaron.larsson@northernpipeline.com,100074_PRMRE,EE100074_CO003,1.0,2021-07-24
100075,EE100075,CO001,Catherine,Catherine,Gray,catherine.gray@northernpipeline.com,1999-08-13,2018-03-08,2018-03-08,,16CSR4,Customer Service Team Lead,CSR,RFT,A,Active,NRTHP,123,50,,,,100075_NRTHP,EE100075_CO001,1.0,
100076,EE100076,CO004,Ryan,Ryan,Bailey,ryan.bailey@alpineconstruction.com,1978-03-18,2018-03-08,2018-03-08,,91PRO4,Senior Project Manager,PROJ,RPT,A,Active,ALPNC,111,180,,,,100076_ALPNC,EE100076_CO004,0.7,
100077,EE100077,CO003,Lars,Lars,Rogers,lars.rogers@prairieresources.ca,1985-05-21,2018-03-09,2018-03-09,,42SAL2,Account Executive,SALES,TFT,T,Terminated,PRMRE,123,50,100075,"Gray, Catherine",catherine.gray@northernpipeline.com,100077_PRMRE,EE100077_CO003,1.0,2024-08-24
100078,EE100078,CO001,Andrew,Andrew,Mueller,andrew.mueller@northernpipeline.com,1988-09-23,2018-03-09,2018-03-09,,27HR3,Senior HR Generalist,HR,RFT,T,Terminated,NRTHP,122,130,102268,"Johansson, Eric",eric.johansson@westmarkmanufacturing.com,100078_NRTHP,EE100078_CO001,1.0,2021-06-09
100079,EE100079,CO004,Isabella,Isabella,Brooks,isabella.brooks@alpineconstruction.com,1986-01-09,2018-03-09,2018-03-09,,66TEC2,Service Technician,TECH,RPT,T,Terminated,ALPNC,100,130,101590,"Karlsson, Aaron",aaron.karlsson@prairieresources.ca,100079_ALPNC,EE100079_CO004,0.58,2020-04-05
100080,EE100080,CO003,Carol,Carol,Campbell,carol.campbell@prairieresources.ca,1999-11-23,2018-03-12,2018-03-12,,15CSR3,Senior Customer Service Specialist,CSR,RFT,A,Active,PRMRE,118,130,,,,100080_PRMRE,EE100080_CO003,1.0,
100081,EE100081,CO001,Nathan,Nathan,Campbell,nathan.campbell@northernpipeline.com,1988-04-04,2018-03-12,2018-03-12,,77ANL1,Data Analyst,ANLYT,RFT,T,Terminated,NRTHP,111,170,100861,"Ortiz, Jose",jose.ortiz@alpineconstruction.com,100081_NRTHP,EE100081_CO001,1.0,2019-01-07
100082,EE100082,CO004,Olga,Olga,Green,olga.green@alpineconstruction.com,1982-12-07,2018-03-12,2018-03-12,,06ACC1,Accounts Receivable Clerk,ACCTG,RFT,T,Terminated,ALPNC,111,250,102191,"Green, Cynthia",cynthia.green@alpineconstruction.com,100082_ALPNC,EE100082_CO004,1.0,2024-11-30
100083,EE100083,CO004,Frank,Frank,Allen,frank.allen@alpineconstruction.com,1971-04-03,2018-03-12,2018-03-12,,43SAL3,Senior Account Executive,SALES,RPT,A,Active,ALPNC,121,150,,,,100083_ALPNC,EE100083_CO004,0.48,
100084,EE100084,CO004,Anna,Anna,Nelson,anna.nelson@alpineconstruction.com,1991-05-17,2018-03-13,2018-03-13,,28HR4,HR Business Partner,HR,RFT,A,Active,ALPNC,114,150,,,,100084_ALPNC,EE100084_CO004,1.0,
100085,EE100085,CO003,Mohammed,Mohammed,Wright,mohammed.wright@prairieresources.ca,1994-08-24,2018-03-15,2018-03-15,,78ANL2,Business Analyst,ANLYT,RFT,A,Active,PRMRE,115,30,102360,"Castillo, Timothy",timothy.castillo@westmarkmanufacturing.com,100085_PRMRE,EE100085_CO003,1.0,
100086,EE100086,CO001,Karen,Karen,Meyer,karen.meyer@northernpipeline.com,1991-09-11,2018-03-16,2018-03-16,,01ADM1,Administrative Assistant,ADMIN,RFT,A,Active,NRTHP,121,30,100345,"Zhang, Ryan",ryan.zhang@alpineconstruction.com,100086_NRTHP,EE100086_CO001,1.0,
100087,EE100087,CO002,Tyler,Tyler,Kelly,tyler.kelly@westmarkmanufacturing.com,1976-04-17,2018-03-19,2018-03-19,,03ADM3,Senior Administrative Coordinator,ADMIN,RFT,T,Terminated,WSTMF,100,70,,,,100087_WSTMF,EE100087_CO002,1.0,2019-01-03
100088,EE100088,CO004,Jessica,Jessica,Jackson,jessica.jackson@alpineconstruction.com,1982-06-23,2018-03-20,2018-03-20,,07ACC2,Accountant,ACCTG,RFT,T,Terminated,ALPNC,100,250,102201,"Reed, Sandra",sandra.reed@westmarkmanufacturing.com,100088_ALPNC,EE100088_CO004,1.0,2019-09-27
100089,EE100089,CO002,Tyler,Tyler,Schneider,tyler.schneider@westmarkmanufacturing.com,1991-12-05,2018-03-20,2018-03-20,,63WHS4,Warehouse Lead,WHSE,RFT,A,Active,WSTMF,107,220,,,,100089_WSTMF,EE100089_CO002,1.0,
100090,EE100090,CO004,Jack,Jack,Eriksson,jack.eriksson@alpineconstruction.com,1980-11-12,2018-03-21,2018-03-21,,80ANL4,Analytics Lead,ANLYT,RPT,T,Terminated,ALPNC,119,30,,,,100090_ALPNC,EE100090_CO004,0.51,2022-09-25
100091,EE100091,CO002,Jeffrey,Jeffrey,Price,jeffrey.price@westmarkmanufacturing.com,1985-12-04,2018-03-21,2018-03-21,,14CSR2,Customer Service Specialist,CSR,RFT,A,Active,WSTMF,113,170,100750,"Cook, Stephanie",stephanie.cook@westmarkmanufacturing.com,100091_WSTMF,EE100091_CO002,1.0,
100092,EE100092,CO001,Carol,Carol,Nguyen,carol.nguyen@northernpipeline.com,1976-12-07,2018-03-21,2018-03-21,,32IT1,IT Support Technician,IT,RFT,T,Terminated,NRTHP,115,50,100721,"Walker, Larry",larry.walker@alpineconstruction.com,100092_NRTHP,EE100092_CO001,1.0,2018-07-29
100093,EE100093,CO004,Jessica,Jessica,Hall,jessica.hall@alpineconstruction.com,1994-01-28,2018-03-21,2018-03-21,,56TRD2,Journeyman Technician,TRD,RPT,A,Active,ALPNC,121,170,,,,100093_ALPNC,EE100093_CO004,0.65,
100094,EE100094,CO002,Mohammed,Mohammed,Persson,mohammed.persson@westmarkmanufacturing.com,1989-11-18,2018-03-22,2018-03-22,,34IT2,Software Developer,IT,RFT,T,Terminated,WSTMF,115,60,100038,"Edwards, Michael",michael.edwards@alpineconstruction.com,100094_WSTMF,EE100094_CO002,1.0,2020-07-22
100095,EE100095,CO004,Hans,Hans,Persson,hans.persson@alpineconstruction.com,1989-08-15,2018-03-22,2018-03-22,,62WHS3,Senior Warehouse Clerk,WHSE,RFT,T,Terminated,ALPNC,116,250,,,,100095_ALPNC,EE100095_CO004,1.0,2021-11-28
100096,EE100096,CO002,Jonathan,Jonathan,Murphy,jonathan.murphy@westmarkmanufacturing.com,2000-02-17,2018-03-22,2018-03-22,,78ANL2,Business Analyst,ANLYT,RFT,T,Terminated,WSTMF,118,40,102377,"Rodriguez, Fatima",fatima.rodriguez@prairieresources.ca,100096_WSTMF,EE100096_CO002,1.0,2018-07-17
100097,EE100097,CO004,Tyler,Tyler,Long,tyler.long@alpineconstruction.com,1983-09-25,2018-03-23,2018-03-23,,33IT2,Systems Administrator,IT,RFT,T,Terminated,ALPNC,114,200,102155,"Young, James",james.young@northernpipeline.com,100097_ALPNC,EE100097_CO004,1.0,2019-01-21
100098,EE100098,CO003,Marie,Marie,Rogers,marie.rogers@prairieresources.ca,1983-06-19,2018-03-23,2018-03-23,,56TRD2,Journeyman Technician,TRD,CON,A,Active,PRMRE,117,130,101323,"Kelly, Raj",raj.kelly@prairieresources.ca,100098_PRMRE,EE100098_CO003,1.0,
100099,EE100099,CO002,Ryan,Ryan,Jones,ryan.jones@westmarkmanufacturing.com,1985-07-02,2018-03-23,2018-03-23,,68TEC4,Technical Specialist,TECH,RFT,T,Terminated,WSTMF,111,60,,,,100099_WSTMF,EE100099_CO002,1.0,2023-04-29
100100,EE100100,CO003,Lisa,Lisa,Long,lisa.long@prairieresources.ca,1988-11-24,2018-03-27,2018-03-27,,79ANL3,Senior Data Analyst,ANLYT,RFT,T,Terminated,PRMRE,123,30,,,,100100_PRMRE,EE100100_CO003,1.0,2018-09-02
100101,EE100101,CO002,Andrew,Andrew,Andersson,andrew.andersson@westmarkmanufacturing.com,1999-08-30,2018-03-27,2018-03-27,,77ANL1,Data Analyst,ANLYT,RPT,T,Terminated,WSTMF,115,170,102467,"Hill, Lars",lars.hill@westmarkmanufacturing.com,100101_WSTMF,EE100101_CO002,0.5,2020-07-20
100102,EE100102,CO002,Pierre,Pierre,Cooper,pierre.cooper@westmarkmanufacturing.com,1991-02-12,2018-03-28,2018-03-28,,70MKT1,Marketing Coordinator,MKTG,RFT,T,Terminated,WSTMF,102,80,100620,"Hall, Sakura",sakura.hall@northernpipeline.com,100102_WSTMF,EE100102_CO002,1.0,2019-04-05
100103,EE100103,CO001,Carol,Carol,Anderson,carol.anderson@northernpipeline.com,1990-01-17,2018-03-28,2018-03-28,,42SAL2,Account Executive,SALES,RFT,T,Terminated,NRTHP,108,130,,,,100103_NRTHP,EE100103_CO001,1.0,2021-05-05
100104,EE100104,CO001,Michael,Michael,Reyes,michael.reyes@northernpipeline.com,1994-08-22,2018-03-28,2018-03-28,,01ADM1,Administrative Assistant,ADMIN,RFT,T,Terminated,NRTHP,115,160,102695,"Anderson, Betty",betty.anderson@northernpipeline.com,100104_NRTHP,EE100104_CO001,1.0,2019-04-03
100105,EE100105,CO004,Amy,Amy,Howard,amy.howard@alpineconstruction.com,1987-09-16,2018-04-02,2018-04-02,,02ADM2,Administrative Coordinator,ADMIN,RFT,A,Active,ALPNC,116,10,102461,"King, Alexander",alexander.king@northernpipeline.com,100105_ALPNC,EE100105_CO004,1.0,
100106,EE100106,CO002,Dorothy,Dorothy,Patel,dorothy.patel@westmarkmanufacturing.com,1981-11-03,2018-04-02,2018-04-02,,15CSR3,Senior Customer Service Specialist,CSR,RPT,T,Terminated,WSTMF,124,240,,,,100106_WSTMF,EE100106_CO002,0.41,2018-12-21
100107,EE100107,CO004,Sandra,Sandra,Morris,sandra.morris@alpineconstruction.com,1968-02-21,2018-04-03,2018-04-03,,89PRO2,Project Coordinator,PROJ,RFT,T,Terminated,ALPNC,115,250,100992,"Moore, Ronald",ronald.moore@westmarkmanufacturing.com,100107_ALPNC,EE100107_CO004,1.0,2022-06-03
100108,EE100108,CO003,Stephen,Stephen,Persson,stephen.persson@prairieresources.ca,1984-09-10,2018-04-05,2018-04-05,,78ANL2,Business Analyst,ANLYT,RFT,T,Terminated,PRMRE,115,40,,,,100108_PRMRE,EE100108_CO003,1.0,2021-04-21
100109,EE100109,CO004,Donna,Donna,Larsson,donna.larsson@alpineconstruction.com,1984-01-02,2018-04-05,2018-04-05,,45SAL5,Sales Manager,SALES,RFT,T,Terminated,ALPNC,115,200,,,,100109_ALPNC,EE100109_CO004,1.0,2025-07-09
100110,EE100110,CO003,Jonathan,Jonathan,Watson,jonathan.watson@prairieresources.ca,1987-02-03,2018-04-06,2018-04-06,,65TEC1,Field Technician,TECH,RFT,A,Active,PRMRE,122,40,101880,"Roberts, Christine",christine.roberts@westmarkmanufacturing.com,100110_PRMRE,EE100110_CO003,1.0,
100111,EE100111,CO004,Kimberly,Kimberly,Jimenez,kimberly.jimenez@alpineconstruction.com,1999-12-13,2018-04-06,2018-04-06,,16CSR4,Customer Service Team Lead,CSR,RFT,T,Terminated,ALPNC,114,120,,,,100111_ALPNC,EE100111_CO004,1.0,2021-06-29
100112,EE100112,CO003,Shirley,Shirley,Baker,shirley.baker@prairieresources.ca,1986-09-19,2018-04-06,2018-04-06,,65TEC1,Field Technician,TECH,RFT,T,Terminated,PRMRE,115,230,101987,"Schmidt, Priya",priya.schmidt@westmarkmanufacturing.com,100112_PRMRE,EE100112_CO003,1.0,2018-10-18
100113,EE100113,CO003,Anna,Anna,Reyes,anna.reyes@prairieresources.ca,1985-07-01,2018-04-06,2018-04-06,,08ACC3,Senior Accountant,ACCTG,RFT,T,Terminated,PRMRE,117,230,,,,100113_PRMRE,EE100113_CO003,1.0,2018-12-30
100114,EE100114,CO003,Susan,Susan,Flores,susan.flores@prairieresources.ca,1961-09-21,2018-04-06,2018-04-06,,07ACC2,Accountant,ACCTG,RFT,T,Terminated,PRMRE,122,70,101370,"Nilsson, Samantha",samantha.nilsson@westmarkmanufacturing.com,100114_PRMRE,EE100114_CO003,1.0,2019-04-04
100115,EE100115,CO001,Kathleen,Kathleen,Walker,kathleen.walker@northernpipeline.com,1987-08-24,2018-04-06,2018-04-06,,35IT3,Senior Developer,IT,RFT,T,Terminated,NRTHP,114,140,,,,100115_NRTHP,EE100115_CO001,1.0,2018-11-07
100116,EE100116,CO002,Laura,Laura,Wagner,laura.wagner@westmarkmanufacturing.com,1982-10-11,2018-04-06,2018-04-06,,18ENG1,Junior Engineer,ENGR,RFT,T,Terminated,WSTMF,110,190,,,,100116_WSTMF,EE100116_CO002,1.0,2018-06-29
100117,EE100117,CO003,Samantha,Samantha,Wright,samantha.wright@prairieresources.ca,1986-04-29,2018-04-09,2018-04-09,,42SAL2,Account Executive,SALES,RPT,T,Terminated,PRMRE,122,230,101500,"Cox, Pamela",pamela.cox@prairieresources.ca,100117_PRMRE,EE100117_CO003,0.7,2018-05-17
100118,EE100118,CO003,Anna,Anna,Nguyen,anna.nguyen@prairieresources.ca,1998-02-13,2018-04-09,2018-04-09,,94LEG2,Paralegal,LEGAL,RFT,A,Active,PRMRE,102,80,100620,"Hall, Sakura",sakura.hall@northernpipeline.com,100118_PRMRE,EE100118_CO003,1.0,
100119,EE100119,CO002,Jacob,Jacob,Mendoza,jacob.mendoza@westmarkmanufacturing.com,1974-09-19,2018-04-09,2018-04-09,,13CSR1,Customer Service Representative,CSR,RFT,T,Terminated,WSTMF,113,200,101114,"Young, Nathan",nathan.young@westmarkmanufacturing.com,100119_WSTMF,EE100119_CO002,1.0,2019-08-01
100120,EE100120,CO001,Brenda,Brenda,Ramos,brenda.ramos@northernpipeline.com,1978-08-17,2018-04-09,2018-04-09,,27HR3,Senior HR Generalist,HR,CON,T,Terminated,NRTHP,122,210,,,,100120_NRTHP,EE100120_CO001,1.0,2019-04-04
100121,EE100121,CO004,Astrid,Astrid,Thompson,astrid.thompson@alpineconstruction.com,1978-05-25,2018-04-11,2018-04-11,,20ENG3,Senior Engineer,ENGR,RFT,A,Active,ALPNC,124,10,100895,"Li, George",george.li@alpineconstruction.com,100121_ALPNC,EE100121_CO004,1.0,
100122,EE100122,CO003,Sharon,Sharon,Andersson,sharon.andersson@prairieresources.ca,1995-06-27,2018-04-11,2018-04-11,,50OPS3,Operations Specialist,OPS,RFT,T,Terminated,PRMRE,102,200,,,,100122_PRMRE,EE100122_CO003,1.0,2019-02-06
100123,EE100123,CO003,Dorothy,Dorothy,Scott,dorothy.scott@prairieresources.ca,1972-01-15,2018-04-11,2018-04-11,,77ANL1,Data Analyst,ANLYT,RFT,T,Terminated,PRMRE,121,210,101318,"Gonzalez, Rachel",rachel.gonzalez@prairieresources.ca,100123_PRMRE,EE100123_CO003,1.0,2020-03-26
100124,EE100124,CO001,Adam,Adam,King,adam.king@northernpipeline.com,1999-11-20,2018-04-13,2018-04-13,,32IT1,IT Support Technician,IT,RFT,T,Terminated,NRTHP,104,120,101422,"James, Hans",hans.james@northernpipeline.com,100124_NRTHP,EE100124_CO001,1.0,2019-06-20
100125,EE100125,CO004,Mei,Mei,Andersson,mei.andersson@alpineconstruction.com,1980-07-02,2018-04-13,2018-04-13,,62WHS3,Senior Warehouse Clerk,WHSE,RPT,T,Terminated,ALPNC,104,50,,,,100125_ALPNC,EE100125_CO004,0.48,2020-08-27
100126,EE100126,CO001,Daniel,Daniel,Myers,daniel.myers@northernpipeline.com,1965-03-10,2018-04-13,2018-04-13,,26HR2,HR Generalist,HR,RFT,A,Active,NRTHP,101,100,,,,100126_NRTHP,EE100126_CO001,1.0,
100127,EE100127,CO002,Steven,Steven,Shah,steven.shah@westmarkmanufacturing.com,1995-11-23,2018-04-13,2018-04-13,,03ADM3,Senior Administrative Coordinator,ADMIN,RFT,T,Terminated,WSTMF,113,50,,,,100127_WSTMF,EE100127_CO002,1.0,2021-02-01
100128,EE100128,CO003,Thomas,Thomas,Cook,thomas.cook@prairieresources.ca,1991-10-18,2018-04-13,2018-04-13,,15CSR3,Senior Customer Service Specialist,CSR,RFT,A,Active,PRMRE,116,120,101531,"Kim, Rachel",rachel.kim@alpineconstruction.com,100128_PRMRE,EE100128_CO003,1.0,
100129,EE100129,CO004,Scott,Scott,Williams,scott.williams@alpineconstruction.com,1986-01-01,2018-04-13,2018-04-13,,77ANL1,Data Analyst,ANLYT,RFT,T,Terminated,ALPNC,112,220,102048,"Parker, Ronald",ronald.parker@northernpipeline.com,100129_ALPNC,EE100129_CO004,1.0,2022-12-12
100130,EE100130,CO003,Thomas,Thomas,Schulz,thomas.schulz@prairieresources.ca,1991-06-26,2018-04-13,2018-04-13,,66TEC2,Service Technician,TECH,RFT,T,Terminated,PRMRE,105,140,101279,"Gomez, Kathleen",kathleen.gomez@westmarkmanufacturing.com,100130_PRMRE,EE100130_CO003,1.0,2019-08-28
100131,EE100131,CO002,Mark,Mark,Young,mark.young@westmarkmanufacturing.com,1999-10-24,2018-04-16,2018-04-16,,48OPS1,Operations Assistant,OPS,RPT,T,Terminated,WSTMF,102,50,102746,"Castillo, Nathan",nathan.castillo@alpineconstruction.com,100131_WSTMF,EE100131_CO002,0.46,2019-04-02
100132,EE100132,CO001,Patrick,Patrick,Nilsson,patrick.nilsson@northernpipeline.com,1985-07-16,2018-04-18,2018-04-18,,43SAL3,Senior Account Executive,SALES,RFT,T,Terminated,NRTHP,121,10,,,,100132_NRTHP,EE100132_CO001,1.0,2018-04-23
100133,EE100133,CO003,Pamela,Pamela,James,pamela.james@prairieresources.ca,1996-12-20,2018-04-18,2018-04-18,,26HR2,HR Generalist,HR,RFT,T,Terminated,PRMRE,123,250,101980,"Harris, Ahmed",ahmed.harris@northernpipeline.com,100133_PRMRE,EE100133_CO003,1.0,2020-09-20
100134,EE100134,CO002,Andrew,Andrew,Cook,andrew.cook@westmarkmanufacturing.com,1982-01-28,2018-04-18,2018-04-18,,07ACC2,Accountant,ACCTG,RFT,T,Terminated,WSTMF,100,90,100821,"Morales, Catherine",catherine.morales@alpineconstruction.com,100134_WSTMF,EE100134_CO002,1.0,2019-04-24
100135,EE100135,CO002,Melissa,Melissa,White,melissa.white@westmarkmanufacturing.com,1995-09-11,2018-04-19,2018-04-19,,33IT2,Systems Administrator,IT,RFT,T,Terminated,WSTMF,106,200,,,,100135_WSTMF,EE100135_CO002,1.0,2018-08-16
100136,EE100136,CO002,William,William,Parker,william.parker@westmarkmanufacturing.com,1971-02-28,2018-04-19,2018-04-19,,01ADM1,Administrative Assistant,ADMIN,RFT,T,Terminated,WSTMF,107,100,,,,100136_WSTMF,EE100136_CO002,1.0,2018-04-29
100137,EE100137,CO002,Richard,Richard,Ramirez,richard.ramirez@westmarkmanufacturing.com,1993-07-04,2018-04-19,2018-04-19,,25HR1,HR Coordinator,HR,RFT,A,Active,WSTMF,124,200,101983,"Kelly, Kenji",kenji.kelly@northernpipeline.com,100137_WSTMF,EE100137_CO002,1.0,
100138,EE100138,CO003,Timothy,Timothy,Nguyen,timothy.nguyen@prairieresources.ca,1989-12-15,2018-04-20,2018-04-20,,44SAL4,Sales Team Lead,SALES,RFT,T,Terminated,PRMRE,123,120,,,,100138_PRMRE,EE100138_CO003,1.0,2021-06-26
100139,EE100139,CO002,Isabella,Isabella,Mendoza,isabella.mendoza@westmarkmanufacturing.com,1978-01-16,2018-04-20,2018-04-20,,94LEG2,Paralegal,LEGAL,RFT,T,Terminated,WSTMF,111,250,102191,"Green, Cynthia",cynthia.green@alpineconstruction.com,100139_WSTMF,EE100139_CO002,1.0,2022-12-23
100140,EE100140,CO004,Andrew,Andrew,Garcia,andrew.garcia@alpineconstruction.com,1998-07-20,2018-04-20,2018-04-20,,18ENG1,Junior Engineer,ENGR,RFT,T,Terminated,ALPNC,102,220,102813,"Mitchell, John",john.mitchell@alpineconstruction.com,100140_ALPNC,EE100140_CO004,1.0,2018-12-30
100141,EE100141,CO004,Susan,Susan,Stewart,susan.stewart@alpineconstruction.com,1984-03-26,2018-04-20,2018-04-20,,01ADM1,Administrative Assistant,ADMIN,RFT,T,Terminated,ALPNC,114,100,100841,"Weber, Olga",olga.weber@northernpipeline.com,100141_ALPNC,EE100141_CO004,1.0,2022-07-10
100142,EE100142,CO004,George,George,Fischer,george.fischer@alpineconstruction.com,1972-07-21,2018-04-23,2018-04-23,,07ACC2,Accountant,ACCTG,RFT,A,Active,ALPNC,111,210,,,,100142_ALPNC,EE100142_CO004,1.0,
100143,EE100143,CO002,Scott,Scott,Sanders,scott.sanders@westmarkmanufacturing.com,2000-04-04,2018-04-23,2018-04-23,,65TEC1,Field Technician,TECH,RPT,T,Terminated,WSTMF,104,80,100073,"Myers, Aisha",aisha.myers@alpineconstruction.com,100143_WSTMF,EE100143_CO002,0.45,2020-03-13
100144,EE100144,CO004,Dennis,Dennis,Morales,dennis.morales@alpineconstruction.com,1984-07-20,2018-04-24,2018-04-24,,34IT2,Software Developer,IT,RFT,T,Terminated,ALPNC,114,240,,,,100144_ALPNC,EE100144_CO004,1.0,2020-02-09
100145,EE100145,CO003,Janet,Janet,Davis,janet.davis@prairieresources.ca,1983-06-03,2018-04-24,2018-04-24,,41SAL1,Sales Representative,SALES,RFT,A,Active,PRMRE,123,10,102401,"Young, Samuel",samuel.young@northernpipeline.com,100145_PRMRE,EE100145_CO003,1.0,
100146,EE100146,CO004,Amanda,Amanda,Ramirez,amanda.ramirez@alpineconstruction.com,1978-09-12,2018-04-25,2018-04-25,,36IT3,Senior Systems Administrator,IT,RFT,T,Terminated,ALPNC,102,110,100283,"Larsson, Patricia",patricia.larsson@alpineconstruction.com,100146_ALPNC,EE100146_CO004,1.0,2019-09-09
100147,EE100147,CO004,Nancy,Nancy,Walker,nancy.walker@alpineconstruction.com,1998-05-23,2018-04-25,2018-04-25,,25HR1,HR Coordinator,HR,CON,T,Terminated,ALPNC,102,140,100617,"Hughes, Cynthia",cynthia.hughes@alpineconstruction.com,100147_ALPNC,EE100147_CO004,1.0,2019-10-29
100148,EE100148,CO004,Isabella,Isabella,Carter,isabella.carter@alpineconstruction.com,1999-12-14,2018-04-26,2018-04-26,,18ENG1,Junior Engineer,ENGR,RFT,T,Terminated,ALPNC,116,220,101724,"Morales, Fatima",fatima.morales@northernpipeline.com,100148_ALPNC,EE100148_CO004,1.0,2019-05-08
100149,EE100149,CO002,Nathan,Nathan,Reed,nathan.reed@westmarkmanufacturing.com,1980-11-20,2018-04-27,2018-04-27,,94LEG2,Paralegal,LEGAL,CON,T,Terminated,WSTMF,108,130,,,,100149_WSTMF,EE100149_CO002,1.0,2019-04-19
100150,EE100150,CO001,Lars,Lars,Gutierrez,lars.gutierrez@northernpipeline.com,1983-09-19,2018-04-27,2018-04-27,,66TEC2,Service Technician,TECH,RFT,T,Terminated,NRTHP,123,140,102554,"Kim, Marie",marie.kim@northernpipeline.com,100150_NRTHP,EE100150_CO001,1.0,2018-11-30
100151,EE100151,CO004,Robert,Robert,Bennett,robert.bennett@alpineconstruction.com,1983-10-13,2018-05-01,2018-05-01,,43SAL3,Senior Account Executive,SALES,RFT,A,Active,ALPNC,112,160,,,,100151_ALPNC,EE100151_CO004,1.0,
100152,EE100152,CO002,Ingrid,Ingrid,Carter,ingrid.carter@westmarkmanufacturing.com,1983-05-06,2018-05-01,2018-05-01,,34IT2,Software Developer,IT,RFT,A,Active,WSTMF,108,90,,,,100152_WSTMF,EE100152_CO002,1.0,
100153,EE100153,CO004,Angela,Angela,Shah,angela.shah@alpineconstruction.com,1992-06-22,2018-05-02,2018-05-02,,26HR2,HR Generalist,HR,RFT,A,Active,ALPNC,111,190,101390,"Harris, Kenneth",kenneth.harris@northernpipeline.com,100153_ALPNC,EE100153_CO004,1.0,
100154,EE100154,CO003,Robert,Robert,Ruiz,robert.ruiz@prairieresources.ca,1983-09-06,2018-05-03,2018-05-03,,19ENG2,Engineer,ENGR,RFT,T,Terminated,PRMRE,121,210,101318,"Gonzalez, Rachel",rachel.gonzalez@prairieresources.ca,100154_PRMRE,EE100154_CO003,1.0,2018-09-03
100155,EE100155,CO004,Priya,Priya,Harris,priya.harris@alpineconstruction.com,1984-01-02,2018-05-03,2018-05-03,,42SAL2,Account Executive,SALES,RFT,A,Active,ALPNC,102,100,100763,"Bailey, Anna",anna.bailey@westmarkmanufacturing.com,100155_ALPNC,EE100155_CO004,1.0,
100156,EE100156,CO002,Cynthia,Cynthia,Gomez,cynthia.gomez@westmarkmanufacturing.com,1993-11-03,2018-05-04,2018-05-04,,56TRD2,Journeyman Technician,TRD,RFT,T,Terminated,WSTMF,122,70,101370,"Nilsson, Samantha",samantha.nilsson@westmarkmanufacturing.com,100156_WSTMF,EE100156_CO002,1.0,2018-05-28
100157,EE100157,CO003,Katherine,Katherine,Perez,katherine.perez@prairieresources.ca,1967-09-14,2018-05-04,2018-05-04,,80ANL4,Analytics Lead,ANLYT,RFT,T,Terminated,PRMRE,118,190,,,,100157_PRMRE,EE100157_CO003,1.0,2019-10-19
100158,EE100158,CO004,Carlos,Carlos,Reyes,carlos.reyes@alpineconstruction.com,1982-04-03,2018-05-04,2018-05-04,,13CSR1,Customer Service Representative,CSR,RFT,T,Terminated,ALPNC,116,60,102529,"Weber, Raymond",raymond.weber@prairieresources.ca,100158_ALPNC,EE100158_CO004,1.0,2018-09-05
100159,EE100159,CO004,Barbara,Barbara,Cox,barbara.cox@alpineconstruction.com,1997-05-16,2018-05-04,2018-05-04,,15CSR3,Senior Customer Service Specialist,CSR,CON,T,Terminated,ALPNC,116,120,101531,"Kim, Rachel",rachel.kim@alpineconstruction.com,100159_ALPNC,EE100159_CO004,1.0,2019-05-04
100160,EE100160,CO001,Maria,Maria,Hughes,maria.hughes@northernpipeline.com,1979-10-13,2018-05-04,2018-05-04,,33IT2,Systems Administrator,IT,RFT,T,Terminated,NRTHP,120,210,,,,100160_NRTHP,EE100160_CO001,1.0,2024-10-19
100161,EE100161,CO002,Ahmed,Ahmed,Mendoza,ahmed.mendoza@westmarkmanufacturing.com,1995-08-25,2018-05-04,2018-05-04,,68TEC4,Technical Specialist,TECH,RFT,A,Active,WSTMF,107,180,,,,100161_WSTMF,EE100161_CO002,1.0,
100162,EE100162,CO001,Brenda,Brenda,Wong,brenda.wong@northernpipeline.com,1979-01-09,2018-05-04,2018-05-04,,32IT1,IT Support Technician,IT,RFT,T,Terminated,NRTHP,120,50,,,,100162_NRTHP,EE100162_CO001,1.0,2020-02-11
100163,EE100163,CO003,James,James,Lewis,james.lewis@prairieresources.ca,1974-06-09,2018-05-08,2018-05-08,,13CSR1,Customer Service Representative,CSR,RFT,T,Terminated,PRMRE,121,150,101583,"Hughes, Michael",michael.hughes@alpineconstruction.com,100163_PRMRE,EE100163_CO003,1.0,2018-06-11
100164,EE100164,CO004,Linda,Linda,Cruz,linda.cruz@alpineconstruction.com,1995-04-20,2018-05-09,2018-05-09,,66TEC2,Service Technician,TECH,RPT,A,Active,ALPNC,112,40,,,,100164_ALPNC,EE100164_CO004,0.79,
100165,EE100165,CO001,Diane,Diane,Morris,diane.morris@northernpipeline.com,1977-04-05,2018-05-09,2018-05-09,,48OPS1,Operations Assistant,OPS,RFT,A,Active,NRTHP,116,200,102378,"Cook, Patrick",patrick.cook@prairieresources.ca,100165_NRTHP,EE100165_CO001,1.0,
100166,EE100166,CO003,Angela,Angela,Gutierrez,angela.gutierrez@prairieresources.ca,1981-12-15,2018-05-09,2018-05-09,,79ANL3,Senior Data Analyst,ANLYT,RFT,T,Terminated,PRMRE,100,250,102201,"Reed, Sandra",sandra.reed@westmarkmanufacturing.com,100166_PRMRE,EE100166_CO003,1.0,2023-07-15
100167,EE100167,CO003,Raymond,Raymond,Davis,raymond.davis@prairieresources.ca,1978-03-30,2018-05-10,2018-05-10,,32IT1,IT Support Technician,IT,RFT,A,Active,PRMRE,117,100,101032,"Olsson, Christopher",christopher.olsson@northernpipeline.com,100167_PRMRE,EE100167_CO003,1.0,
100168,EE100168,CO002,Susan,Susan,Carter,susan.carter@westmarkmanufacturing.com,1968-03-13,2018-05-11,2018-05-11,,41SAL1,Sales Representative,SALES,RFT,T,Terminated,WSTMF,113,30,,,,100168_WSTMF,EE100168_CO002,1.0,2024-02-14
100169,EE100169,CO003,Kenji,Kenji,Liu,kenji.liu@prairieresources.ca,1989-05-01,2018-05-11,2018-05-11,,72MKT3,Senior Marketing Specialist,MKTG,CON,T,Terminated,PRMRE,116,180,101899,"Patel, Cynthia",cynthia.patel@northernpipeline.com,100169_PRMRE,EE100169_CO003,1.0,2020-01-14
100170,EE100170,CO003,Margaret,Margaret,Persson,margaret.persson@prairieresources.ca,1993-08-06,2018-05-11,2018-05-11,,03ADM3,Senior Administrative Coordinator,ADMIN,RPT,A,Active,PRMRE,122,120,,,,100170_PRMRE,EE100170_CO003,0.67,
100171,EE100171,CO002,Gregory,Gregory,Scott,gregory.scott@westmarkmanufacturing.com,1995-04-12,2018-05-14,2018-05-14,,71MKT2,Marketing Specialist,MKTG,CON,A,Active,WSTMF,124,140,100787,"Lopez, Isabella",isabella.lopez@alpineconstruction.com,100171_WSTMF,EE100171_CO002,1.0,
100172,EE100172,CO003,Kevin,Kevin,Price,kevin.price@prairieresources.ca,1994-09-18,2018-05-14,2018-05-14,,02ADM2,Administrative Coordinator,ADMIN,RFT,T,Terminated,PRMRE,102,100,100763,"Bailey, Anna",anna.bailey@westmarkmanufacturing.com,100172_PRMRE,EE100172_CO003,1.0,2024-11-08
100173,EE100173,CO004,Nicholas,Nicholas,Lee,nicholas.lee@alpineconstruction.com,1986-11-15,2018-05-15,2018-05-15,,56TRD2,Journeyman Technician,TRD,RFT,T,Terminated,ALPNC,104,230,101952,"Phillips, Astrid",astrid.phillips@westmarkmanufacturing.com,100173_ALPNC,EE100173_CO004,1.0,2021-08-02
100174,EE100174,CO003,Sarah,Sarah,Fischer,sarah.fischer@prairieresources.ca,1983-02-09,2018-05-15,2018-05-15,,56TRD2,Journeyman Technician,TRD,RFT,T,Terminated,PRMRE,124,230,102542,"Clark, Christopher",christopher.clark@northernpipeline.com,100174_PRMRE,EE100174_CO003,1.0,2020-07-18
100175,EE100175,CO003,Adam,Adam,Walker,adam.walker@prairieresources.ca,1984-04-16,2018-05-16,2018-05-16,,32IT1,IT Support Technician,IT,TAW,T,Terminated,PRMRE,116,230,100181,"Brown, Anthony",anthony.brown@prairieresources.ca,100175_PRMRE,EE100175_CO003,1.0,2020-03-04
100176,EE100176,CO004,Astrid,Astrid,Li,astrid.li@alpineconstruction.com,1977-06-01,2018-05-17,2018-05-17,,01ADM1,Administrative Assistant,ADMIN,CON,T,Terminated,ALPNC,112,160,100151,"Bennett, Robert",robert.bennett@alpineconstruction.com,100176_ALPNC,EE100176_CO004,1.0,2021-06-14
100177,EE100177,CO002,Ronald,Ronald,Young,ronald.young@westmarkmanufacturing.com,1985-07-06,2018-05-17,2018-05-17,,32IT1,IT Support Technician,IT,TFT,T,Terminated,WSTMF,104,210,,,,100177_WSTMF,EE100177_CO002,1.0,2018-10-13
100178,EE100178,CO002,Carolyn,Carolyn,Ward,carolyn.ward@westmarkmanufacturing.com,1971-12-26,2018-05-17,2018-05-17,,42SAL2,Account Executive,SALES,RFT,T,Terminated,WSTMF,106,150,,,,100178_WSTMF,EE100178_CO002,1.0,2021-06-08
100179,EE100179,CO004,John,John,Cox,john.cox@alpineconstruction.com,1988-08-18,2018-05-18,2018-05-18,,03ADM3,Senior Administrative Coordinator,ADMIN,RPT,A,Active,ALPNC,119,240,,,,100179_ALPNC,EE100179_CO004,0.74,
100180,EE100180,CO001,Richard,Richard,Kelly,richard.kelly@northernpipeline.com,1958-12-01,2018-05-18,2018-05-18,,05ACC1,Accounts Payable Clerk,ACCTG,RFT,T,Terminated,NRTHP,104,50,102316,"Watson, Heather",heather.watson@westmarkmanufacturing.com,100180_NRTHP,EE100180_CO001,1.0,2018-05-26
100181,EE100181,CO003,Anthony,Anthony,Brown,anthony.brown@prairieresources.ca,1980-01-19,2018-05-18,2018-05-18,,15CSR3,Senior Customer Service Specialist,CSR,RFT,A,Active,PRMRE,116,230,,,,100181_PRMRE,EE100181_CO003,1.0,
100182,EE100182,CO001,Linda,Linda,White,linda.white@northernpipeline.com,1995-05-12,2018-05-18,2018-05-18,,57TRD3,Senior Technician,TRD,RFT,T,Terminated,NRTHP,109,80,,,,100182_NRTHP,EE100182_CO001,1.0,2019-05-30
100183,EE100183,CO004,Helen,Helen,Parker,helen.parker@alpineconstruction.com,1996-11-05,2018-05-21,2018-05-21,,94LEG2,Paralegal,LEGAL,RFT,A,Active,ALPNC,124,90,100652,"Smith, Larry",larry.smith@westmarkmanufacturing.com,100183_ALPNC,EE100183_CO004,1.0,
100184,EE100184,CO002,Ronald,Ronald,Myers,ronald.myers@westmarkmanufacturing.com,1981-11-05,2018-05-21,2018-05-21,,20ENG3,Senior Engineer,ENGR,RFT,A,Active,WSTMF,102,80,100620,"Hall, Sakura",sakura.hall@northernpipeline.com,100184_WSTMF,EE100184_CO002,1.0,
100185,EE100185,CO001,Gregory,Gregory,Hernandez,gregory.hernandez@northernpipeline.com,1989-01-25,2018-05-22,2018-05-22,,32IT1,IT Support Technician,IT,RFT,T,Terminated,NRTHP,112,240,,,,100185_NRTHP,EE100185_CO001,1.0,2022-01-22
100186,EE100186,CO003,Hans,Hans,Li,hans.li@prairieresources.ca,1979-05-06,2018-05-22,2018-05-22,,05ACC1,Accounts Payable Clerk,ACCTG,RFT,A,Active,PRMRE,100,120,102980,"Jackson, Christopher",christopher.jackson@westmarkmanufacturing.com,100186_PRMRE,EE100186_CO003,1.0,
100187,EE100187,CO002,Carlos,Carlos,Kelly,carlos.kelly@westmarkmanufacturing.com,1981-12-09,2018-05-22,2018-05-22,,56TRD2,Journeyman Technician,TRD,RFT,T,Terminated,WSTMF,111,150,,,,100187_WSTMF,EE100187_CO002,1.0,2019-03-24
100188,EE100188,CO004,Virginia,Virginia,Andersson,virginia.andersson@alpineconstruction.com,1987-05-11,2018-05-24,2018-05-24,,41SAL1,Sales Representative,SALES,RFT,A,Active,ALPNC,112,30,,,,100188_ALPNC,EE100188_CO004,1.0,
100189,EE100189,CO002,Samuel,Samuel,Chen,samuel.chen@westmarkmanufacturing.com,1994-09-01,2018-05-24,2018-05-24,,95LEG3,Legal Counsel,LEGAL,RPT,T,Terminated,WSTMF,104,120,,,,100189_WSTMF,EE100189_CO002,0.74,2021-01-25
100190,EE100190,CO002,Adam,Adam,Robinson,adam.robinson@westmarkmanufacturing.com,2000-02-09,2018-05-24,2018-05-24,,43SAL3,Senior Account Executive,SALES,RFT,T,Terminated,WSTMF,122,120,,,,100190_WSTMF,EE100190_CO002,1.0,2021-10-09
100191,EE100191,CO003,Linda,Linda,Ramirez,linda.ramirez@prairieresources.ca,1990-10-14,2018-05-25,2018-05-25,,55TRD1,Apprentice Technician,TRD,RFT,A,Active,PRMRE,122,170,100623,"Adams, Justin",justin.adams@westmarkmanufacturing.com,100191_PRMRE,EE100191_CO003,1.0,
100192,EE100192,CO001,Michael,Michael,Miller,michael.miller@northernpipeline.com,1978-02-04,2018-05-25,2018-05-25,,43SAL3,Senior Account Executive,SALES,RFT,T,Terminated,NRTHP,112,230,,,,100192_NRTHP,EE100192_CO001,1.0,2019-02-13
100193,EE100193,CO004,Timothy,Timothy,Richardson,timothy.richardson@alpineconstruction.com,1983-06-28,2018-05-25,2018-05-25,,13CSR1,Customer Service Representative,CSR,TAW,A,Active,ALPNC,124,100,102781,"Bennett, Sandra",sandra.bennett@northernpipeline.com,100193_ALPNC,EE100193_CO004,1.0,
100194,EE100194,CO001,Paul,Paul,Watson,paul.watson@northernpipeline.com,1998-10-25,2018-05-25,2018-05-25,,20ENG3,Senior Engineer,ENGR,RFT,A,Active,NRTHP,113,220,102968,"Ortiz, Kenji",kenji.ortiz@northernpipeline.com,100194_NRTHP,EE100194_CO001,1.0,
100195,EE100195,CO001,Ahmed,Ahmed,Perez,ahmed.perez@northernpipeline.com,1985-03-14,2018-05-25,2018-05-25,,49OPS2,Operations Coordinator,OPS,RPT,A,Active,NRTHP,112,120,101486,"Peterson, Julie",julie.peterson@northernpipeline.com,100195_NRTHP,EE100195_CO001,0.8,
100196,EE100196,CO004,Jonathan,Jonathan,Lewis,jonathan.lewis@alpineconstruction.com,1982-10-12,2018-05-28,2018-05-28,,25HR1,HR Coordinator,HR,RFT,T,Terminated,ALPNC,119,140,102516,"Weber, Jessica",jessica.weber@alpineconstruction.com,100196_ALPNC,EE100196_CO004,1.0,2023-01-05
100197,EE100197,CO003,Betty,Betty,Allen,betty.allen@prairieresources.ca,1995-04-01,2018-05-28,2018-05-28,,01ADM1,Administrative Assistant,ADMIN,RFT,T,Terminated,PRMRE,117,210,100414,"Green, Thomas",thomas.green@northernpipeline.com,100197_PRMRE,EE100197_CO003,1.0,2018-12-05
100198,EE100198,CO003,Lars,Lars,Reed,lars.reed@prairieresources.ca,1985-05-07,2018-06-01,2018-06-01,,18ENG1,Junior Engineer,ENGR,RPT,A,Active,PRMRE,115,170,102467,"Hill, Lars",lars.hill@westmarkmanufacturing.com,100198_PRMRE,EE100198_CO003,0.78,
100199,EE100199,CO001,Jeffrey,Jeffrey,Tanaka,jeffrey.tanaka@northernpipeline.com,1985-06-24,2018-06-01,2018-06-01,,34IT2,Software Developer,IT,RFT,T,Terminated,NRTHP,115,170,102467,"Hill, Lars",lars.hill@westmarkmanufacturing.com,100199_NRTHP,EE100199_CO001,1.0,2021-02-20
100200,EE100200,CO002,Linda,Linda,Martin,linda.martin@westmarkmanufacturing.com,1997-11-21,2018-06-01,2018-06-01,,66TEC2,Service Technician,TECH,CON,T,Terminated,WSTMF,106,60,,,,100200_WSTMF,EE100200_CO002,1.0,2020-07-27
100201,EE100201,CO001,Stephanie,Stephanie,Reed,stephanie.reed@northernpipeline.com,1982-07-24,2018-06-01,2018-06-01,,35IT3,Senior Developer,IT,RFT,T,Terminated,NRTHP,118,40,102377,"Rodriguez, Fatima",fatima.rodriguez@prairieresources.ca,100201_NRTHP,EE100201_CO001,1.0,2018-06-25
100202,EE100202,CO001,Jason,Jason,Rivera,jason.rivera@northernpipeline.com,1981-01-26,2018-06-01,2018-06-01,,60WHS1,Warehouse Associate,WHSE,RPT,A,Active,NRTHP,122,240,102139,"Jackson, Amanda",amanda.jackson@westmarkmanufacturing.com,100202_NRTHP,EE100202_CO001,0.58,
100203,EE100203,CO003,Scott,Scott,Rivera,scott.rivera@prairieresources.ca,1975-07-27,2018-06-01,2018-06-01,,05ACC1,Accounts Payable Clerk,ACCTG,RPT,T,Terminated,PRMRE,116,120,101531,"Kim, Rachel",rachel.kim@alpineconstruction.com,100203_PRMRE,EE100203_CO003,0.44,2020-01-28
100204,EE100204,CO004,Sandra,Sandra,Miller,sandra.miller@alpineconstruction.com,1975-12-04,2018-06-04,2018-06-04,,57TRD3,Senior Technician,TRD,RFT,A,Active,ALPNC,116,200,,,,100204_ALPNC,EE100204_CO004,1.0,
100205,EE100205,CO004,Adam,Adam,Andersson,adam.andersson@alpineconstruction.com,1999-11-10,2018-06-04,2018-06-04,,90PRO3,Project Manager,PROJ,RFT,A,Active,ALPNC,100,80,,,,100205_ALPNC,EE100205_CO004,1.0,
100206,EE100206,CO001,Sakura,Sakura,Richardson,sakura.richardson@northernpipeline.com,1996-05-08,2018-06-05,2018-06-05,,09ACC4,Accounting Lead,ACCTG,RPT,A,Active,NRTHP,111,70,,,,100206_NRTHP,EE100206_CO001,0.48,
100207,EE100207,CO003,Cynthia,Cynthia,Richardson,cynthia.richardson@prairieresources.ca,1980-10-04,2018-06-06,2018-06-06,,43SAL3,Senior Account Executive,SALES,RFT,T,Terminated,PRMRE,100,190,102532,"Brown, Melissa",melissa.brown@westmarkmanufacturing.com,100207_PRMRE,EE100207_CO003,1.0,2020-08-09
100208,EE100208,CO002,Christopher,Christopher,Wood,christopher.wood@westmarkmanufacturing.com,1981-04-17,2018-06-07,2018-06-07,,20ENG3,Senior Engineer,ENGR,RFT,T,Terminated,WSTMF,113,30,,,,100208_WSTMF,EE100208_CO002,1.0,2019-02-28
100209,EE100209,CO002,Astrid,Astrid,Karlsson,astrid.karlsson@westmarkmanufacturing.com,1981-04-22,2018-06-08,2018-06-08,,95LEG3,Legal Counsel,LEGAL,RFT,T,Terminated,WSTMF,100,220,100923,"Kelly, Barbara",barbara.kelly@prairieresources.ca,100209_WSTMF,EE100209_CO002,1.0,2025-04-11
100210,EE100210,CO003,Dennis,Dennis,Hill,dennis.hill@prairieresources.ca,1953-04-02,2018-06-08,2018-06-08,,20ENG3,Senior Engineer,ENGR,RFT,T,Terminated,PRMRE,123,210,,,,100210_PRMRE,EE100210_CO003,1.0,2023-03-14
100211,EE100211,CO004,Astrid,Astrid,Peterson,astrid.peterson@alpineconstruction.com,1980-09-19,2018-06-08,2018-06-08,,95LEG3,Legal Counsel,LEGAL,RFT,T,Terminated,ALPNC,111,250,,,,100211_ALPNC,EE100211_CO004,1.0,2018-10-08
100212,EE100212,CO002,Kenji,Kenji,Turner,kenji.turner@westmarkmanufacturing.com,1974-10-06,2018-06-08,2018-06-08,,27HR3,Senior HR Generalist,HR,RFT,A,Active,WSTMF,108,180,100320,"Price, Yuki",yuki.price@northernpipeline.com,100212_WSTMF,EE100212_CO002,1.0,
100213,EE100213,CO002,Kevin,Kevin,Schmidt,kevin.schmidt@westmarkmanufacturing.com,1977-06-04,2018-06-11,2018-06-11,,13CSR1,Customer Service Representative,CSR,RFT,T,Terminated,WSTMF,105,30,101914,"Rodriguez, Carlos",carlos.rodriguez@prairieresources.ca,100213_WSTMF,EE100213_CO002,1.0,2022-08-19
100214,EE100214,CO003,Priya,Priya,Jackson,priya.jackson@prairieresources.ca,1979-08-11,2018-06-12,2018-06-12,,50OPS3,Operations Specialist,OPS,RFT,T,Terminated,PRMRE,122,80,,,,100214_PRMRE,EE100214_CO003,1.0,2018-10-02
100215,EE100215,CO001,Isabella,Isabella,Brown,isabella.brown@northernpipeline.com,1990-01-02,2018-06-12,2018-06-12,,01ADM1,Administrative Assistant,ADMIN,RFT,T,Terminated,NRTHP,122,70,101370,"Nilsson, Samantha",samantha.nilsson@westmarkmanufacturing.com,100215_NRTHP,EE100215_CO001,1.0,2019-12-09
100216,EE100216,CO003,Christopher,Christopher,Gutierrez,christopher.gutierrez@prairieresources.ca,1978-11-16,2018-06-15,2018-06-15,,45SAL5,Sales Manager,SALES,RFT,T,Terminated,PRMRE,116,160,,,,100216_PRMRE,EE100216_CO003,1.0,2022-05-16
100217,EE100217,CO001,Aisha,Aisha,Hall,aisha.hall@northernpipeline.com,1993-12-02,2018-06-15,2018-06-15,,89PRO2,Project Coordinator,PROJ,RFT,A,Active,NRTHP,116,160,,,,100217_NRTHP,EE100217_CO001,1.0,
100218,EE100218,CO001,Aaron,Aaron,Parker,aaron.parker@northernpipeline.com,1989-06-14,2018-06-15,2018-06-15,,71MKT2,Marketing Specialist,MKTG,RFT,A,Active,NRTHP,114,50,,,,100218_NRTHP,EE100218_CO001,1.0,
100219,EE100219,CO001,William,William,Chavez,william.chavez@northernpipeline.com,1990-09-05,2018-06-15,2018-06-15,,18ENG1,Junior Engineer,ENGR,RFT,A,Active,NRTHP,115,60,100038,"Edwards, Michael",michael.edwards@alpineconstruction.com,100219_NRTHP,EE100219_CO001,1.0,
100220,EE100220,CO002,Jose,Jose,Kumar,jose.kumar@westmarkmanufacturing.com,1985-06-29,2018-06-15,2018-06-15,,07ACC2,Accountant,ACCTG,RPT,T,Terminated,WSTMF,124,240,100234,"Morgan, Kenji",kenji.morgan@westmarkmanufacturing.com,100220_WSTMF,EE100220_CO002,0.48,2021-11-12
100221,EE100221,CO002,Alexander,Alexander,Carter,alexander.carter@westmarkmanufacturing.com,1963-02-08,2018-06-18,2018-06-18,,71MKT2,Marketing Specialist,MKTG,RPT,T,Terminated,WSTMF,108,30,,,,100221_WSTMF,EE100221_CO002,0.73,2019-02-12
100222,EE100222,CO001,Timothy,Timothy,Evans,timothy.evans@northernpipeline.com,2000-01-18,2018-06-19,2018-06-19,,36IT3,Senior Systems Administrator,IT,RFT,A,Active,NRTHP,118,160,100692,"Wang, Tyler",tyler.wang@northernpipeline.com,100222_NRTHP,EE100222_CO001,1.0,
100223,EE100223,CO002,Jerry,Jerry,Kumar,jerry.kumar@westmarkmanufacturing.com,1980-03-05,2018-06-20,2018-06-20,,56TRD2,Journeyman Technician,TRD,RFT,T,Terminated,WSTMF,106,20,,,,100223_WSTMF,EE100223_CO002,1.0,2021-03-28
100224,EE100224,CO003,Samantha,Samantha,Wilson,samantha.wilson@prairieresources.ca,1999-09-21,2018-06-20,2018-06-20,,03ADM3,Senior Administrative Coordinator,ADMIN,CON,T,Terminated,PRMRE,121,70,,,,100224_PRMRE,EE100224_CO003,1.0,2018-08-08
100225,EE100225,CO002,Elizabeth,Elizabeth,Robinson,elizabeth.robinson@westmarkmanufacturing.com,1991-05-06,2018-06-21,2018-06-21,,13CSR1,Customer Service Representative,CSR,RFT,A,Active,WSTMF,118,30,,,,100225_WSTMF,EE100225_CO002,1.0,
100226,EE100226,CO003,Amanda,Amanda,Gutierrez,amanda.gutierrez@prairieresources.ca,1975-12-07,2018-06-21,2018-06-21,,57TRD3,Senior Technician,TRD,RFT,A,Active,PRMRE,105,230,,,,100226_PRMRE,EE100226_CO003,1.0,
100227,EE100227,CO003,Jerry,Jerry,Price,jerry.price@prairieresources.ca,1986-04-01,2018-06-22,2018-06-22,,19ENG2,Engineer,ENGR,RFT,A,Active,PRMRE,122,120,100170,"Persson, Margaret",margaret.persson@prairieresources.ca,100227_PRMRE,EE100227_CO003,1.0,
100228,EE100228,CO003,Henry,Henry,Hall,henry.hall@prairieresources.ca,1997-02-08,2018-06-25,2018-06-25,,14CSR2,Customer Service Specialist,CSR,RFT,T,Terminated,PRMRE,123,230,,,,100228_PRMRE,EE100228_CO003,1.0,2019-12-18
100229,EE100229,CO002,Paul,Paul,Lee,paul.lee@westmarkmanufacturing.com,1993-11-11,2018-06-25,2018-06-25,,06ACC1,Accounts Receivable Clerk,ACCTG,RFT,T,Terminated,WSTMF,111,120,101780,"Schulz, Cynthia",cynthia.schulz@westmarkmanufacturing.com,100229_WSTMF,EE100229_CO002,1.0,2019-12-23
100230,EE100230,CO002,Brenda,Brenda,Murphy,brenda.murphy@westmarkmanufacturing.com,1979-07-18,2018-06-25,2018-06-25,,06ACC1,Accounts Receivable Clerk,ACCTG,RFT,A,Active,WSTMF,118,140,101731,"Young, Jose",jose.young@northernpipeline.com,100230_WSTMF,EE100230_CO002,1.0,
100231,EE100231,CO004,Ruth,Ruth,Baker,ruth.baker@alpineconstruction.com,1994-06-08,2018-06-26,2018-06-26,,42SAL2,Account Executive,SALES,RFT,T,Terminated,ALPNC,116,120,101531,"Kim, Rachel",rachel.kim@alpineconstruction.com,100231_ALPNC,EE100231_CO004,1.0,2021-02-20
100232,EE100232,CO003,Richard,Richard,Walker,richard.walker@prairieresources.ca,1983-08-21,2018-06-27,2018-06-27,,41SAL1,Sales Representative,SALES,RFT,T,Terminated,PRMRE,121,70,100548,"Price, Emma",emma.price@northernpipeline.com,100232_PRMRE,EE100232_CO003,1.0,2021-10-11
100233,EE100233,CO004,Jeffrey,Jeffrey,Morris,jeffrey.morris@alpineconstruction.com,1986-05-13,2018-06-27,2018-06-27,,62WHS3,Senior Warehouse Clerk,WHSE,RFT,A,Active,ALPNC,121,10,,,,100233_ALPNC,EE100233_CO004,1.0,
100234,EE100234,CO002,Kenji,Kenji,Morgan,kenji.morgan@westmarkmanufacturing.com,1992-12-11,2018-06-27,2018-06-27,,95LEG3,Legal Counsel,LEGAL,RFT,A,Active,WSTMF,124,240,,,,100234_WSTMF,EE100234_CO002,1.0,
100235,EE100235,CO003,Pierre,Pierre,Sanchez,pierre.sanchez@prairieresources.ca,1965-01-08,2018-06-28,2018-06-28,,13CSR1,Customer Service Representative,CSR,RFT,T,Terminated,PRMRE,100,30,101389,"Stewart, Jacob",jacob.stewart@alpineconstruction.com,100235_PRMRE,EE100235_CO003,1.0,2019-03-09
100236,EE100236,CO004,Ryan,Ryan,Wilson,ryan.wilson@alpineconstruction.com,1979-08-11,2018-06-29,2018-06-29,,65TEC1,Field Technician,TECH,RFT,T,Terminated,ALPNC,116,10,102461,"King, Alexander",alexander.king@northernpipeline.com,100236_ALPNC,EE100236_CO004,1.0,2019-11-07
100237,EE100237,CO001,Andrew,Andrew,Olsson,andrew.olsson@northernpipeline.com,1999-11-22,2018-07-03,2018-07-03,,42SAL2,Account Executive,SALES,RFT,T,Terminated,NRTHP,104,220,,,,100237_NRTHP,EE100237_CO001,1.0,2018-08-01
100238,EE100238,CO001,Michelle,Michelle,Hughes,michelle.hughes@northernpipeline.com,1985-05-28,2018-07-04,2018-07-04,,16CSR4,Customer Service Team Lead,CSR,RFT,T,Terminated,NRTHP,100,210,,,,100238_NRTHP,EE100238_CO001,1.0,2019-01-13
100239,EE100239,CO003,Carlos,Carlos,Long,carlos.long@prairieresources.ca,1992-07-21,2018-07-05,2018-07-05,,71MKT2,Marketing Specialist,MKTG,RFT,T,Terminated,PRMRE,121,120,101473,"Mueller, Giovanni",giovanni.mueller@northernpipeline.com,100239_PRMRE,EE100239_CO003,1.0,2018-10-05
100240,EE100240,CO001,Joshua,Joshua,Morris,joshua.morris@northernpipeline.com,1978-03-13,2018-07-05,2018-07-05,,79ANL3,Senior Data Analyst,ANLYT,RPT,A,Active,NRTHP,121,250,,,,100240_NRTHP,EE100240_CO001,0.52,
100241,EE100241,CO002,Patrick,Patrick,Brown,patrick.brown@westmarkmanufacturing.com,1993-10-27,2018-07-06,2018-07-06,,19ENG2,Engineer,ENGR,RFT,T,Terminated,WSTMF,107,150,,,,100241_WSTMF,EE100241_CO002,1.0,2020-11-03
100242,EE100242,CO002,Christine,Christine,Murphy,christine.murphy@westmarkmanufacturing.com,1987-10-28,2018-07-06,2018-07-06,,16CSR4,Customer Service Team Lead,CSR,RPT,T,Terminated,WSTMF,104,60,101066,"Wong, Margaret",margaret.wong@alpineconstruction.com,100242_WSTMF,EE100242_CO002,0.71,2023-05-24
100243,EE100243,CO002,Robert,Robert,Moore,robert.moore@westmarkmanufacturing.com,1980-11-22,2018-07-06,2018-07-06,,13CSR1,Customer Service Representative,CSR,RPT,T,Terminated,WSTMF,122,130,102268,"Johansson, Eric",eric.johansson@westmarkmanufacturing.com,100243_WSTMF,EE100243_CO002,0.48,2021-09-26
100244,EE100244,CO001,Sakura,Sakura,Johnson,sakura.johnson@northernpipeline.com,1977-12-21,2018-07-06,2018-07-06,,41SAL1,Sales Representative,SALES,CON,T,Terminated,NRTHP,121,250,100240,"Morris, Joshua",joshua.morris@northernpipeline.com,100244_NRTHP,EE100244_CO001,1.0,2019-05-16
100245,EE100245,CO004,Gregory,Gregory,Collins,gregory.collins@alpineconstruction.com,1999-02-16,2018-07-06,2018-07-06,,15CSR3,Senior Customer Service Specialist,CSR,RFT,A,Active,ALPNC,119,90,101592,"Nguyen, John",john.nguyen@northernpipeline.com,100245_ALPNC,EE100245_CO004,1.0,
100246,EE100246,CO003,Helen,Helen,Walker,helen.walker@prairieresources.ca,1990-02-20,2018-07-06,2018-07-06,,79ANL3,Senior Data Analyst,ANLYT,RFT,T,Terminated,PRMRE,118,100,,,,100246_PRMRE,EE100246_CO003,1.0,2018-11-05
100247,EE100247,CO002,Jonathan,Jonathan,Edwards,jonathan.edwards@westmarkmanufacturing.com,1990-10-09,2018-07-09,2018-07-09,,48OPS1,Operations Assistant,OPS,RFT,T,Terminated,WSTMF,110,220,102768,"Larsson, Aaron",aaron.larsson@westmarkmanufacturing.com,100247_WSTMF,EE100247_CO002,1.0,2025-05-25
100248,EE100248,CO004,Linda,Linda,Cox,linda.cox@alpineconstruction.com,1993-03-29,2018-07-10,2018-07-10,,06ACC1,Accounts Receivable Clerk,ACCTG,RFT,A,Active,ALPNC,124,140,100787,"Lopez, Isabella",isabella.lopez@alpineconstruction.com,100248_ALPNC,EE100248_CO004,1.0,
100249,EE100249,CO004,Ahmed,Ahmed,Karlsson,ahmed.karlsson@alpineconstruction.com,1969-06-19,2018-07-11,2018-07-11,,89PRO2,Project Coordinator,PROJ,RFT,T,Terminated,ALPNC,104,240,,,,100249_ALPNC,EE100249_CO004,1.0,2018-09-14
100250,EE100250,CO004,Kimberly,Kimberly,Cox,kimberly.cox@alpineconstruction.com,1981-08-05,2018-07-12,2018-07-12,,18ENG1,Junior Engineer,ENGR,RFT,A,Active,ALPNC,124,130,102158,"Flores, Joyce",joyce.flores@prairieresources.ca,100250_ALPNC,EE100250_CO004,1.0,
100251,EE100251,CO001,Rebecca,Rebecca,Green,rebecca.green@northernpipeline.com,1998-12-01,2018-07-13,2018-07-13,,90PRO3,Project Manager,PROJ,RFT,T,Terminated,NRTHP,122,120,,,,100251_NRTHP,EE100251_CO001,1.0,2025-03-27
100252,EE100252,CO003,Henry,Henry,Peterson,henry.peterson@prairieresources.ca,1976-12-21,2018-07-13,2018-07-13,,13CSR1,Customer Service Representative,CSR,RFT,T,Terminated,PRMRE,123,120,102934,"Schneider, Nicholas",nicholas.schneider@northernpipeline.com,100252_PRMRE,EE100252_CO003,1.0,2019-05-11
100253,EE100253,CO001,Jessica,Jessica,Schmidt,jessica.schmidt@northernpipeline.com,1964-08-30,2018-07-13,2018-07-13,,19ENG2,Engineer,ENGR,RFT,A,Active,NRTHP,104,200,102297,"Diaz, Virginia",virginia.diaz@alpineconstruction.com,100253_NRTHP,EE100253_CO001,1.0,
100254,EE100254,CO002,Jessica,Jessica,Fischer,jessica.fischer@westmarkmanufacturing.com,1976-07-22,2018-07-13,2018-07-13,,35IT3,Senior Developer,IT,RFT,A,Active,WSTMF,118,230,,,,100254_WSTMF,EE100254_CO002,1.0,
100255,EE100255,CO003,Laura,Laura,Li,laura.li@prairieresources.ca,1999-10-01,2018-07-16,2018-07-16,,55TRD1,Apprentice Technician,TRD,RFT,T,Terminated,PRMRE,121,70,100548,"Price, Emma",emma.price@northernpipeline.com,100255_PRMRE,EE100255_CO003,1.0,2019-05-22
100256,EE100256,CO003,Jessica,Jessica,Scott,jessica.scott@prairieresources.ca,1990-09-06,2018-07-17,2018-07-17,,89PRO2,Project Coordinator,PROJ,RFT,A,Active,PRMRE,118,140,101731,"Young, Jose",jose.young@northernpipeline.com,100256_PRMRE,EE100256_CO003,1.0,
100257,EE100257,CO002,Olga,Olga,Gomez,olga.gomez@westmarkmanufacturing.com,1973-12-21,2018-07-17,2018-07-17,,25HR1,HR Coordinator,HR,RFT,T,Terminated,WSTMF,107,200,101805,"Jones, Kimberly",kimberly.jones@westmarkmanufacturing.com,100257_WSTMF,EE100257_CO002,1.0,2021-01-28
100258,EE100258,CO003,Virginia,Virginia,Cox,virginia.cox@prairieresources.ca,1993-11-09,2018-07-18,2018-07-18,,57TRD3,Senior Technician,TRD,RFT,A,Active,PRMRE,116,150,,,,100258_PRMRE,EE100258_CO003,1.0,
100259,EE100259,CO003,Paul,Paul,Schulz,paul.schulz@prairieresources.ca,1982-05-13,2018-07-18,2018-07-18,,32IT1,IT Support Technician,IT,RFT,T,Terminated,PRMRE,100,160,102626,"Diaz, Patricia",patricia.diaz@alpineconstruction.com,100259_PRMRE,EE100259_CO003,1.0,2018-08-02
100260,EE100260,CO002,Nicholas,Nicholas,Wilson,nicholas.wilson@westmarkmanufacturing.com,1978-11-13,2018-07-18,2018-07-18,,42SAL2,Account Executive,SALES,RFT,T,Terminated,WSTMF,124,70,102457,"Ross, Pamela",pamela.ross@westmarkmanufacturing.com,100260_WSTMF,EE100260_CO002,1.0,2019-08-04
100261,EE100261,CO003,Edward,Edward,Parker,edward.parker@prairieresources.ca,1995-09-30,2018-07-19,2018-07-19,,71MKT2,Marketing Specialist,MKTG,RFT,T,Terminated,PRMRE,122,210,101716,"Martinez, Angela",angela.martinez@westmarkmanufacturing.com,100261_PRMRE,EE100261_CO003,1.0,2019-10-10
100262,EE100262,CO001,Priya,Priya,Bailey,priya.bailey@northernpipeline.com,1986-10-12,2018-07-19,2018-07-19,,79ANL3,Senior Data Analyst,ANLYT,RFT,T,Terminated,NRTHP,113,150,,,,100262_NRTHP,EE100262_CO001,1.0,2019-11-02
100263,EE100263,CO003,Mary,Mary,Hill,mary.hill@prairieresources.ca,2000-03-24,2018-07-20,2018-07-20,,72MKT3,Senior Marketing Specialist,MKTG,RFT,L,Leave of Absence,PRMRE,123,10,102401,"Young, Samuel",samuel.young@northernpipeline.com,100263_PRMRE,EE100263_CO003,1.0,
100264,EE100264,CO001,Ashley,Ashley,Reed,ashley.reed@northernpipeline.com,1997-01-30,2018-07-20,2018-07-20,,02ADM2,Administrative Coordinator,ADMIN,RFT,A,Active,NRTHP,109,250,101475,"Parker, Anna",anna.parker@northernpipeline.com,100264_NRTHP,EE100264_CO001,1.0,
100265,EE100265,CO002,Emily,Emily,Martin,emily.martin@westmarkmanufacturing.com,1989-06-12,2018-07-20,2018-07-20,,34IT2,Software Developer,IT,RFT,A,Active,WSTMF,100,210,101401,"Allen, Daniel",daniel.allen@prairieresources.ca,100265_WSTMF,EE100265_CO002,1.0,
100266,EE100266,CO001,Julie,Julie,Martin,julie.martin@northernpipeline.com,1999-05-19,2018-07-20,2018-07-20,,79ANL3,Senior Data Analyst,ANLYT,RFT,T,Terminated,NRTHP,103,230,102481,"Williams, Richard",richard.williams@northernpipeline.com,100266_NRTHP,EE100266_CO001,1.0,2018-08-06
100267,EE100267,CO004,Jennifer,Jennifer,Young,jennifer.young@alpineconstruction.com,1970-01-02,2018-07-23,2018-07-23,,62WHS3,Senior Warehouse Clerk,WHSE,RFT,A,Active,ALPNC,112,120,101486,"Peterson, Julie",julie.peterson@northernpipeline.com,100267_ALPNC,EE100267_CO004,1.0,
100268,EE100268,CO003,Samantha,Samantha,Li,samantha.li@prairieresources.ca,1999-11-17,2018-07-23,2018-07-23,,13CSR1,Customer Service Representative,CSR,RFT,A,Active,PRMRE,124,110,102338,"Jones, James",james.jones@northernpipeline.com,100268_PRMRE,EE100268_CO003,1.0,
100269,EE100269,CO004,Janet,Janet,Stewart,janet.stewart@alpineconstruction.com,1990-12-20,2018-07-24,2018-07-24,,34IT2,Software Developer,IT,RFT,T,Terminated,ALPNC,121,80,,,,100269_ALPNC,EE100269_CO004,1.0,2019-04-11
100270,EE100270,CO003,Jeffrey,Jeffrey,Weber,jeffrey.weber@prairieresources.ca,1985-06-19,2018-07-25,2018-07-25,,36IT3,Senior Systems Administrator,IT,RFT,T,Terminated,PRMRE,115,160,,,,100270_PRMRE,EE100270_CO003,1.0,2020-09-27
100271,EE100271,CO002,Katherine,Katherine,Ramirez,katherine.ramirez@westmarkmanufacturing.com,1972-04-12,2018-07-25,2018-07-25,,02ADM2,Administrative Coordinator,ADMIN,RFT,A,Active,WSTMF,107,240,102828,"Diaz, Paul",paul.diaz@westmarkmanufacturing.com,100271_WSTMF,EE100271_CO002,1.0,
100272,EE100272,CO004,Anna,Anna,Collins,anna.collins@alpineconstruction.com,1999-11-25,2018-07-27,2018-07-27,,33IT2,Systems Administrator,IT,TFT,T,Terminated,ALPNC,116,170,,,,100272_ALPNC,EE100272_CO004,1.0,2024-02-14
100273,EE100273,CO003,Carolyn,Carolyn,Weber,carolyn.weber@prairieresources.ca,1974-10-05,2018-08-01,2018-08-01,,79ANL3,Senior Data Analyst,ANLYT,RFT,T,Terminated,PRMRE,100,100,,,,100273_PRMRE,EE100273_CO003,1.0,2018-12-12
100274,EE100274,CO001,Andrew,Andrew,Anderson,andrew.anderson@northernpipeline.com,1986-04-17,2018-08-02,2018-08-02,,14CSR2,Customer Service Specialist,CSR,CON,T,Terminated,NRTHP,119,90,101592,"Nguyen, John",john.nguyen@northernpipeline.com,100274_NRTHP,EE100274_CO001,1.0,2020-03-14
100275,EE100275,CO004,Carol,Carol,Clark,carol.clark@alpineconstruction.com,1995-09-09,2018-08-02,2018-08-02,,55TRD1,Apprentice Technician,TRD,RFT,T,Terminated,ALPNC,100,20,102004,"Ward, Raj",raj.ward@northernpipeline.com,100275_ALPNC,EE100275_CO004,1.0,2025-08-24
100276,EE100276,CO004,Maria,Maria,Davis,maria.davis@alpineconstruction.com,1981-08-28,2018-08-03,2018-08-03,,83SUP4,Shift Supervisor,SUPV,TFT,A,Active,ALPNC,115,190,,,,100276_ALPNC,EE100276_CO004,1.0,
100277,EE100277,CO002,James,James,Evans,james.evans@westmarkmanufacturing.com,1984-11-15,2018-08-03,2018-08-03,,35IT3,Senior Developer,IT,RPT,A,Active,WSTMF,100,100,,,,100277_WSTMF,EE100277_CO002,0.49,
100278,EE100278,CO001,Sarah,Sarah,Ramirez,sarah.ramirez@northernpipeline.com,1993-01-02,2018-08-03,2018-08-03,,77ANL1,Data Analyst,ANLYT,RFT,T,Terminated,NRTHP,113,110,100425,"Bailey, Sharon",sharon.bailey@northernpipeline.com,100278_NRTHP,EE100278_CO001,1.0,2023-04-29
100279,EE100279,CO004,Carlos,Carlos,Hernandez,carlos.hernandez@alpineconstruction.com,1986-08-08,2018-08-03,2018-08-03,,20ENG3,Senior Engineer,ENGR,RFT,A,Active,ALPNC,121,10,,,,100279_ALPNC,EE100279_CO004,1.0,
100280,EE100280,CO003,Christine,Christine,Singh,christine.singh@prairieresources.ca,1989-10-25,2018-08-03,2018-08-03,,78ANL2,Business Analyst,ANLYT,RFT,T,Terminated,PRMRE,115,210,100349,"Gutierrez, Paul",paul.gutierrez@prairieresources.ca,100280_PRMRE,EE100280_CO003,1.0,2021-04-18
100281,EE100281,CO003,Frank,Frank,Hughes,frank.hughes@prairieresources.ca,1985-05-07,2018-08-07,2018-08-07,,60WHS1,Warehouse Associate,WHSE,RFT,A,Active,PRMRE,117,120,,,,100281_PRMRE,EE100281_CO003,1.0,
100282,EE100282,CO002,Jack,Jack,Taylor,jack.taylor@westmarkmanufacturing.com,1980-06-30,2018-08-07,2018-08-07,,78ANL2,Business Analyst,ANLYT,TAW,T,Terminated,WSTMF,108,210,,,,100282_WSTMF,EE100282_CO002,1.0,2018-12-14
100283,EE100283,CO004,Patricia,Patricia,Larsson,patricia.larsson@alpineconstruction.com,1971-03-14,2018-08-08,2018-08-08,,59TRD5,Shop Foreman,TRD,RFT,A,Active,ALPNC,102,110,,,,100283_ALPNC,EE100283_CO004,1.0,
100284,EE100284,CO003,Jonathan,Jonathan,Wright,jonathan.wright@prairieresources.ca,1999-07-03,2018-08-08,2018-08-08,,68TEC4,Technical Specialist,TECH,RFT,T,Terminated,PRMRE,123,10,102401,"Young, Samuel",samuel.young@northernpipeline.com,100284_PRMRE,EE100284_CO003,1.0,2019-11-12
100285,EE100285,CO003,Nathan,Nathan,Adams,nathan.adams@prairieresources.ca,1965-04-02,2018-08-08,2018-08-08,,48OPS1,Operations Assistant,OPS,CON,T,Terminated,PRMRE,118,100,101234,"Turner, Anthony",anthony.turner@northernpipeline.com,100285_PRMRE,EE100285_CO003,1.0,2019-10-11
100286,EE100286,CO001,Olivia,Olivia,Kelly,olivia.kelly@northernpipeline.com,2000-04-30,2018-08-09,2018-08-09,,06ACC1,Accounts Receivable Clerk,ACCTG,RFT,A,Active,NRTHP,112,50,,,,100286_NRTHP,EE100286_CO001,1.0,
100287,EE100287,CO004,Catherine,Catherine,Perez,catherine.perez@alpineconstruction.com,1988-01-02,2018-08-10,2018-08-10,,34IT2,Software Developer,IT,RFT,T,Terminated,ALPNC,112,20,101852,"Morgan, Ronald",ronald.morgan@northernpipeline.com,100287_ALPNC,EE100287_CO004,1.0,2018-11-29
100288,EE100288,CO004,Mark,Mark,Taylor,mark.taylor@alpineconstruction.com,1981-06-13,2018-08-14,2018-08-14,,70MKT1,Marketing Coordinator,MKTG,TFT,T,Terminated,ALPNC,124,170,102836,"Alvarez, Deborah",deborah.alvarez@westmarkmanufacturing.com,100288_ALPNC,EE100288_CO004,1.0,2024-08-24
100289,EE100289,CO004,Janet,Janet,Li,janet.li@alpineconstruction.com,1984-06-13,2018-08-16,2018-08-16,,66TEC2,Service Technician,TECH,RFT,T,Terminated,ALPNC,119,100,,,,100289_ALPNC,EE100289_CO004,1.0,2023-11-03
100290,EE100290,CO001,James,James,Gutierrez,james.gutierrez@northernpipeline.com,1993-02-20,2018-08-16,2018-08-16,,14CSR2,Customer Service Specialist,CSR,RPT,T,Terminated,NRTHP,121,170,,,,100290_NRTHP,EE100290_CO001,0.42,2021-09-12
100291,EE100291,CO002,Laura,Laura,Olsson,laura.olsson@westmarkmanufacturing.com,1989-02-22,2018-08-16,2018-08-16,,50OPS3,Operations Specialist,OPS,RFT,A,Active,WSTMF,124,60,102033,"Anderson, Heather",heather.anderson@alpineconstruction.com,100291_WSTMF,EE100291_CO002,1.0,
100292,EE100292,CO002,Amanda,Amanda,Kelly,amanda.kelly@westmarkmanufacturing.com,1991-03-03,2018-08-17,2018-08-17,,80ANL4,Analytics Lead,ANLYT,TAW,T,Terminated,WSTMF,107,10,,,,100292_WSTMF,EE100292_CO002,1.0,2019-02-08
100293,EE100293,CO003,Anthony,Anthony,Nelson,anthony.nelson@prairieresources.ca,1992-06-06,2018-08-17,2018-08-17,,49OPS2,Operations Coordinator,OPS,CON,T,Terminated,PRMRE,116,60,102529,"Weber, Raymond",raymond.weber@prairieresources.ca,100293_PRMRE,EE100293_CO003,1.0,2018-08-18
100294,EE100294,CO004,Aisha,Aisha,Brown,aisha.brown@alpineconstruction.com,1977-10-21,2018-08-17,2018-08-17,,77ANL1,Data Analyst,ANLYT,RFT,T,Terminated,ALPNC,102,40,102262,"Williams, Richard",richard.williams@alpineconstruction.com,100294_ALPNC,EE100294_CO004,1.0,2021-04-29
100295,EE100295,CO001,Karen,Karen,Chavez,karen.chavez@northernpipeline.com,1983-04-05,2018-08-17,2018-08-17,,41SAL1,Sales Representative,SALES,CON,T,Terminated,NRTHP,117,170,,,,100295_NRTHP,EE100295_CO001,1.0,2019-10-22
100296,EE100296,CO002,Cynthia,Cynthia,Evans,cynthia.evans@westmarkmanufacturing.com,1993-05-07,2018-08-21,2018-08-21,,26HR2,HR Generalist,HR,CON,T,Terminated,WSTMF,118,40,102377,"Rodriguez, Fatima",fatima.rodriguez@prairieresources.ca,100296_WSTMF,EE100296_CO002,1.0,2019-07-30
100297,EE100297,CO002,Sarah,Sarah,Patel,sarah.patel@westmarkmanufacturing.com,1977-10-22,2018-08-22,2018-08-22,,37IT4,Technical Lead,IT,RFT,T,Terminated,WSTMF,107,240,,,,100297_WSTMF,EE100297_CO002,1.0,2020-06-06
100298,EE100298,CO001,Jerry,Jerry,Wong,jerry.wong@northernpipeline.com,1983-03-17,2018-08-23,2018-08-23,,18ENG1,Junior Engineer,ENGR,RFT,T,Terminated,NRTHP,111,170,100861,"Ortiz, Jose",jose.ortiz@alpineconstruction.com,100298_NRTHP,EE100298_CO001,1.0,2019-02-02
100299,EE100299,CO001,Sharon,Sharon,Walker,sharon.walker@northernpipeline.com,1978-04-08,2018-08-24,2018-08-24,,20ENG3,Senior Engineer,ENGR,RFT,T,Terminated,NRTHP,115,250,100992,"Moore, Ronald",ronald.moore@westmarkmanufacturing.com,100299_NRTHP,EE100299_CO001,1.0,2023-07-18
100300,EE100300,CO001,Daniel,Daniel,Gomez,daniel.gomez@northernpipeline.com,1979-10-16,2018-08-24,2018-08-24,,70MKT1,Marketing Coordinator,MKTG,CON,T,Terminated,NRTHP,109,130,,,,100300_NRTHP,EE100300_CO001,1.0,2023-03-27
100301,EE100301,CO001,Olga,Olga,Martinez,olga.martinez@northernpipeline.com,1994-09-20,2018-08-24,2018-08-24,,01ADM1,Administrative Assistant,ADMIN,RFT,A,Active,NRTHP,121,50,101661,"Thomas, Sakura",sakura.thomas@alpineconstruction.com,100301_NRTHP,EE100301_CO001,1.0,
100302,EE100302,CO002,Mohammed,Mohammed,Martin,mohammed.martin@westmarkmanufacturing.com,1992-08-25,2018-08-28,2018-08-28,,89PRO2,Project Coordinator,PROJ,RFT,T,Terminated,WSTMF,106,250,,,,100302_WSTMF,EE100302_CO002,1.0,2020-10-24
100303,EE100303,CO002,Raj,Raj,Young,raj.young@westmarkmanufacturing.com,1979-07-30,2018-08-31,2018-08-31,,01ADM1,Administrative Assistant,ADMIN,TFT,T,Terminated,WSTMF,124,20,100463,"Mitchell, Margaret",margaret.mitchell@prairieresources.ca,100303_WSTMF,EE100303_CO002,1.0,2025-11-04
100304,EE100304,CO003,Amanda,Amanda,Allen,amanda.allen@prairieresources.ca,1980-08-12,2018-08-31,2018-08-31,,06ACC1,Accounts Receivable Clerk,ACCTG,RFT,A,Active,PRMRE,100,20,102004,"Ward, Raj",raj.ward@northernpipeline.com,100304_PRMRE,EE100304_CO003,1.0,
100305,EE100305,CO003,David,David,Hughes,david.hughes@prairieresources.ca,1987-05-12,2018-08-31,2018-08-31,,51OPS4,Operations Lead,OPS,RFT,T,Terminated,PRMRE,105,30,,,,100305_PRMRE,EE100305_CO003,1.0,2019-12-07
100306,EE100306,CO001,Dorothy,Dorothy,Ramirez,dorothy.ramirez@northernpipeline.com,1985-03-11,2018-08-31,2018-08-31,,70MKT1,Marketing Coordinator,MKTG,RPT,A,Active,NRTHP,115,160,102695,"Anderson, Betty",betty.anderson@northernpipeline.com,100306_NRTHP,EE100306_CO001,0.5,
100307,EE100307,CO001,Stephen,Stephen,Tanaka,stephen.tanaka@northernpipeline.com,1974-04-27,2018-09-03,2018-09-03,,01ADM1,Administrative Assistant,ADMIN,RFT,A,Active,NRTHP,123,190,102767,"Rivera, Donald",donald.rivera@prairieresources.ca,100307_NRTHP,EE100307_CO001,1.0,
100308,EE100308,CO001,Jason,Jason,Baker,jason.baker@northernpipeline.com,1992-02-02,2018-09-03,2018-09-03,,06ACC1,Accounts Receivable Clerk,ACCTG,RFT,T,Terminated,NRTHP,124,100,102781,"Bennett, Sandra",sandra.bennett@northernpipeline.com,100308_NRTHP,EE100308_CO001,1.0,2023-12-09
100309,EE100309,CO002,Nancy,Nancy,Parker,nancy.parker@westmarkmanufacturing.com,1981-06-09,2018-09-04,2018-09-04,,33IT2,Systems Administrator,IT,RFT,T,Terminated,WSTMF,106,130,,,,100309_WSTMF,EE100309_CO002,1.0,2019-03-25
100310,EE100310,CO002,Michael,Michael,Ross,michael.ross@westmarkmanufacturing.com,1989-03-27,2018-09-04,2018-09-04,,49OPS2,Operations Coordinator,OPS,RFT,A,Active,WSTMF,105,120,,,,100310_WSTMF,EE100310_CO002,1.0,
100311,EE100311,CO004,Jonathan,Jonathan,Young,jonathan.young@alpineconstruction.com,1988-10-23,2018-09-04,2018-09-04,,33IT2,Systems Administrator,IT,CON,A,Active,ALPNC,111,70,100206,"Richardson, Sakura",sakura.richardson@northernpipeline.com,100311_ALPNC,EE100311_CO004,1.0,
100312,EE100312,CO004,Marie,Marie,Yamamoto,marie.yamamoto@alpineconstruction.com,1976-02-20,2018-09-05,2018-09-05,,72MKT3,Senior Marketing Specialist,MKTG,RFT,T,Terminated,ALPNC,121,170,,,,100312_ALPNC,EE100312_CO004,1.0,2022-01-30
100313,EE100313,CO001,Priya,Priya,Larsson,priya.larsson@northernpipeline.com,1977-12-03,2018-09-06,2018-09-06,,73MKT4,Marketing Lead,MKTG,RFT,A,Active,NRTHP,108,190,,,,100313_NRTHP,EE100313_CO001,1.0,
100314,EE100314,CO004,Diane,Diane,Walker,diane.walker@alpineconstruction.com,1977-11-12,2018-09-06,2018-09-06,,65TEC1,Field Technician,TECH,RFT,A,Active,ALPNC,115,40,102391,"Rivera, Jose",jose.rivera@prairieresources.ca,100314_ALPNC,EE100314_CO004,1.0,
100315,EE100315,CO004,Wei,Wei,King,wei.king@alpineconstruction.com,1973-01-23,2018-09-07,2018-09-07,,55TRD1,Apprentice Technician,TRD,RPT,T,Terminated,ALPNC,100,170,100931,"Scott, Joseph",joseph.scott@prairieresources.ca,100315_ALPNC,EE100315_CO004,0.41,2023-10-18
100316,EE100316,CO003,Joyce,Joyce,Hughes,joyce.hughes@prairieresources.ca,1986-05-11,2018-09-07,2018-09-07,,58TRD4,Lead Technician,TRD,RFT,T,Terminated,PRMRE,123,20,,,,100316_PRMRE,EE100316_CO003,1.0,2020-01-30
100317,EE100317,CO004,Stephanie,Stephanie,Johnson,stephanie.johnson@alpineconstruction.com,1980-02-24,2018-09-07,2018-09-07,,94LEG2,Paralegal,LEGAL,CON,A,Active,ALPNC,104,200,102297,"Diaz, Virginia",virginia.diaz@alpineconstruction.com,100317_ALPNC,EE100317_CO004,1.0,
100318,EE100318,CO002,Charles,Charles,Davis,charles.davis@westmarkmanufacturing.com,1989-10-23,2018-09-07,2018-09-07,,18ENG1,Junior Engineer,ENGR,RFT,T,Terminated,WSTMF,118,40,102377,"Rodriguez, Fatima",fatima.rodriguez@prairieresources.ca,100318_WSTMF,EE100318_CO002,1.0,2019-10-21
100319,EE100319,CO003,Dmitri,Dmitri,Anderson,dmitri.anderson@prairieresources.ca,1983-03-28,2018-09-07,2018-09-07,,19ENG2,Engineer,ENGR,RPT,T,Terminated,PRMRE,124,90,100652,"Smith, Larry",larry.smith@westmarkmanufacturing.com,100319_PRMRE,EE100319_CO003,0.77,2019-02-20
100320,EE100320,CO001,Yuki,Yuki,Price,yuki.price@northernpipeline.com,1988-07-03,2018-09-07,2018-09-07,,63WHS4,Warehouse Lead,WHSE,RFT,A,Active,NRTHP,108,180,,,,100320_NRTHP,EE100320_CO001,1.0,
100321,EE100321,CO001,Scott,Scott,Fischer,scott.fischer@northernpipeline.com,1986-08-08,2018-09-11,2018-09-11,,35IT3,Senior Developer,IT,TFT,T,Terminated,NRTHP,117,160,,,,100321_NRTHP,EE100321_CO001,1.0,2019-08-06
100322,EE100322,CO001,Pierre,Pierre,Turner,pierre.turner@northernpipeline.com,1981-03-26,2018-09-12,2018-09-12,,18ENG1,Junior Engineer,ENGR,RPT,T,Terminated,NRTHP,123,120,102934,"Schneider, Nicholas",nicholas.schneider@northernpipeline.com,100322_NRTHP,EE100322_CO001,0.62,2019-08-31
100323,EE100323,CO003,Wei,Wei,Cook,wei.cook@prairieresources.ca,1995-03-26,2018-09-13,2018-09-13,,07ACC2,Accountant,ACCTG,RPT,T,Terminated,PRMRE,118,60,102844,"Allen, Michael",michael.allen@northernpipeline.com,100323_PRMRE,EE100323_CO003,0.69,2019-08-13
100324,EE100324,CO002,Priya,Priya,Ruiz,priya.ruiz@westmarkmanufacturing.com,1966-05-12,2018-09-14,2018-09-14,,13CSR1,Customer Service Representative,CSR,RFT,A,Active,WSTMF,122,110,100644,"Ross, Carol",carol.ross@prairieresources.ca,100324_WSTMF,EE100324_CO002,1.0,
100325,EE100325,CO003,Donald,Donald,Hill,donald.hill@prairieresources.ca,1996-12-16,2018-09-14,2018-09-14,,90PRO3,Project Manager,PROJ,RFT,A,Active,PRMRE,124,60,102033,"Anderson, Heather",heather.anderson@alpineconstruction.com,100325_PRMRE,EE100325_CO003,1.0,
100326,EE100326,CO004,Andrew,Andrew,Persson,andrew.persson@alpineconstruction.com,1999-04-19,2018-09-14,2018-09-14,,01ADM1,Administrative Assistant,ADMIN,RFT,T,Terminated,ALPNC,114,30,,,,100326_ALPNC,EE100326_CO004,1.0,2019-06-12
100327,EE100327,CO001,Brian,Brian,Morris,brian.morris@northernpipeline.com,1975-04-20,2018-09-14,2018-09-14,,27HR3,Senior HR Generalist,HR,RFT,T,Terminated,NRTHP,100,100,,,,100327_NRTHP,EE100327_CO001,1.0,2019-05-12
100328,EE100328,CO003,Daniel,Daniel,Anderson,daniel.anderson@prairieresources.ca,1979-08-08,2018-09-14,2018-09-14,,01ADM1,Administrative Assistant,ADMIN,RFT,T,Terminated,PRMRE,123,170,,,,100328_PRMRE,EE100328_CO003,1.0,2025-11-25
100329,EE100329,CO003,Janet,Janet,Schulz,janet.schulz@prairieresources.ca,1980-09-21,2018-09-14,2018-09-14,,44SAL4,Sales Team Lead,SALES,RPT,T,Terminated,PRMRE,118,240,102039,"Ramos, Diane",diane.ramos@prairieresources.ca,100329_PRMRE,EE100329_CO003,0.52,2019-05-24
100330,EE100330,CO004,Virginia,Virginia,Baker,virginia.baker@alpineconstruction.com,1980-08-18,2018-09-14,2018-09-14,,18ENG1,Junior Engineer,ENGR,RFT,T,Terminated,ALPNC,116,240,,,,100330_ALPNC,EE100330_CO004,1.0,2024-01-15
100331,EE100331,CO004,Edward,Edward,Morgan,edward.morgan@alpineconstruction.com,1986-11-13,2018-09-14,2018-09-14,,34IT2,Software Developer,IT,RFT,T,Terminated,ALPNC,124,120,,,,100331_ALPNC,EE100331_CO004,1.0,2021-04-10
100332,EE100332,CO002,Eric,Eric,Meyer,eric.meyer@westmarkmanufacturing.com,1994-10-19,2018-09-18,2018-09-18,,60WHS1,Warehouse Associate,WHSE,TFT,T,Terminated,WSTMF,107,130,,,,100332_WSTMF,EE100332_CO002,1.0,2019-05-23
100333,EE100333,CO001,Jack,Jack,Williams,jack.williams@northernpipeline.com,1986-05-18,2018-09-18,2018-09-18,,19ENG2,Engineer,ENGR,RFT,T,Terminated,NRTHP,114,230,,,,100333_NRTHP,EE100333_CO001,1.0,2019-06-27
100334,EE100334,CO003,Carol,Carol,Rivera,carol.rivera@prairieresources.ca,1992-10-12,2018-09-18,2018-09-18,,79ANL3,Senior Data Analyst,ANLYT,RFT,A,Active,PRMRE,124,30,101397,"Alvarez, Janet",janet.alvarez@prairieresources.ca,100334_PRMRE,EE100334_CO003,1.0,
100335,EE100335,CO001,Mary,Mary,Clark,mary.clark@northernpipeline.com,1977-04-21,2018-09-21,2018-09-21,,28HR4,HR Business Partner,HR,RFT,T,Terminated,NRTHP,122,50,,,,100335_NRTHP,EE100335_CO001,1.0,2020-10-12
100336,EE100336,CO004,Katherine,Katherine,Campbell,katherine.campbell@alpineconstruction.com,1988-05-22,2018-09-21,2018-09-21,,66TEC2,Service Technician,TECH,CON,A,Active,ALPNC,112,100,102556,"Morgan, Matthew",matthew.morgan@northernpipeline.com,100336_ALPNC,EE100336_CO004,1.0,
100337,EE100337,CO002,Dennis,Dennis,Ross,dennis.ross@westmarkmanufacturing.com,1994-11-23,2018-09-21,2018-09-21,,94LEG2,Paralegal,LEGAL,RFT,A,Active,WSTMF,118,60,102844,"Allen, Michael",michael.allen@northernpipeline.com,100337_WSTMF,EE100337_CO002,1.0,
100338,EE100338,CO003,Sharon,Sharon,White,sharon.white@prairieresources.ca,1990-03-11,2018-09-21,2018-09-21,,89PRO2,Project Coordinator,PROJ,RFT,T,Terminated,PRMRE,102,130,102468,"Morgan, Sofia",sofia.morgan@prairieresources.ca,100338_PRMRE,EE100338_CO003,1.0,2021-11-29
100339,EE100339,CO001,Dennis,Dennis,Schulz,dennis.schulz@northernpipeline.com,1982-07-04,2018-09-21,2018-09-21,,77ANL1,Data Analyst,ANLYT,RFT,T,Terminated,NRTHP,119,240,100179,"Cox, John",john.cox@alpineconstruction.com,100339_NRTHP,EE100339_CO001,1.0,2021-04-06
100340,EE100340,CO003,Mei,Mei,Rodriguez,mei.rodriguez@prairieresources.ca,1991-10-11,2018-09-24,2018-09-24,,05ACC1,Accounts Payable Clerk,ACCTG,RFT,A,Active,PRMRE,117,200,101375,"Phillips, Alexander",alexander.phillips@prairieresources.ca,100340_PRMRE,EE100340_CO003,1.0,
100341,EE100341,CO001,Nancy,Nancy,Wang,nancy.wang@northernpipeline.com,1994-12-18,2018-09-24,2018-09-24,,15CSR3,Senior Customer Service Specialist,CSR,RFT,T,Terminated,NRTHP,104,130,,,,100341_NRTHP,EE100341_CO001,1.0,2021-09-11
100342,EE100342,CO001,Betty,Betty,Nilsson,betty.nilsson@northernpipeline.com,1984-07-06,2018-09-25,2018-09-25,,48OPS1,Operations Assistant,OPS,RFT,T,Terminated,NRTHP,114,240,100980,"Kim, Laura",laura.kim@northernpipeline.com,100342_NRTHP,EE100342_CO001,1.0,2022-03-07
100343,EE100343,CO001,Susan,Susan,Andersson,susan.andersson@northernpipeline.com,1983-10-31,2018-09-26,2018-09-26,,56TRD2,Journeyman Technician,TRD,RFT,T,Terminated,NRTHP,122,40,101880,"Roberts, Christine",christine.roberts@westmarkmanufacturing.com,100343_NRTHP,EE100343_CO001,1.0,2019-12-18
100344,EE100344,CO004,Anna,Anna,Watson,anna.watson@alpineconstruction.com,1992-03-23,2018-09-26,2018-09-26,,78ANL2,Business Analyst,ANLYT,RPT,A,Active,ALPNC,100,250,102201,"Reed, Sandra",sandra.reed@westmarkmanufacturing.com,100344_ALPNC,EE100344_CO004,0.52,
100345,EE100345,CO004,Ryan,Ryan,Zhang,ryan.zhang@alpineconstruction.com,1991-01-24,2018-09-27,2018-09-27,,15CSR3,Senior Customer Service Specialist,CSR,RFT,A,Active,ALPNC,121,30,,,,100345_ALPNC,EE100345_CO004,1.0,
100346,EE100346,CO001,Donald,Donald,Liu,donald.liu@northernpipeline.com,1984-02-01,2018-09-28,2018-09-28,,83SUP4,Shift Supervisor,SUPV,RFT,A,Active,NRTHP,120,160,,,,100346_NRTHP,EE100346_CO001,1.0,
100347,EE100347,CO002,Aaron,Aaron,Adams,aaron.adams@westmarkmanufacturing.com,2000-03-07,2018-09-28,2018-09-28,,49OPS2,Operations Coordinator,OPS,RFT,T,Terminated,WSTMF,106,160,,,,100347_WSTMF,EE100347_CO002,1.0,2024-02-14
100348,EE100348,CO003,Matthew,Matthew,Castillo,matthew.castillo@prairieresources.ca,2000-04-13,2018-09-28,2018-09-28,,66TEC2,Service Technician,TECH,RFT,A,Active,PRMRE,102,190,102877,"Jackson, Pierre",pierre.jackson@prairieresources.ca,100348_PRMRE,EE100348_CO003,1.0,
100349,EE100349,CO003,Paul,Paul,Gutierrez,paul.gutierrez@prairieresources.ca,1993-10-17,2018-09-28,2018-09-28,,17CSR5,Customer Service Manager,CSR,RFT,A,Active,PRMRE,115,210,,,,100349_PRMRE,EE100349_CO003,1.0,
100350,EE100350,CO003,Margaret,Margaret,Hughes,margaret.hughes@prairieresources.ca,1988-10-28,2018-09-28,2018-09-28,,60WHS1,Warehouse Associate,WHSE,CON,T,Terminated,PRMRE,115,230,101987,"Schmidt, Priya",priya.schmidt@westmarkmanufacturing.com,100350_PRMRE,EE100350_CO003,1.0,2022-02-05
100351,EE100351,CO001,Yuki,Yuki,Wang,yuki.wang@northernpipeline.com,1983-05-08,2018-09-28,2018-09-28,,41SAL1,Sales Representative,SALES,RPT,T,Terminated,NRTHP,111,60,102908,"Reed, Richard",richard.reed@westmarkmanufacturing.com,100351_NRTHP,EE100351_CO001,0.55,2021-12-13
100352,EE100352,CO002,Ruth,Ruth,James,ruth.james@westmarkmanufacturing.com,1972-01-27,2018-10-01,2018-10-01,,05ACC1,Accounts Payable Clerk,ACCTG,RPT,T,Terminated,WSTMF,102,220,102813,"Mitchell, John",john.mitchell@alpineconstruction.com,100352_WSTMF,EE100352_CO002,0.69,2020-02-10
100353,EE100353,CO001,Matthew,Matthew,Persson,matthew.persson@northernpipeline.com,1978-09-16,2018-10-02,2018-10-02,,50OPS3,Operations Specialist,OPS,RFT,T,Terminated,NRTHP,101,50,,,,100353_NRTHP,EE100353_CO001,1.0,2021-01-06
100354,EE100354,CO003,Marie,Marie,Ross,marie.ross@prairieresources.ca,1988-07-17,2018-10-02,2018-10-02,,32IT1,IT Support Technician,IT,CON,T,Terminated,PRMRE,122,130,102268,"Johansson, Eric",eric.johansson@westmarkmanufacturing.com,100354_PRMRE,EE100354_CO003,1.0,2019-04-06
100355,EE100355,CO002,Ahmed,Ahmed,Castillo,ahmed.castillo@westmarkmanufacturing.com,1987-09-11,2018-10-02,2018-10-02,,34IT2,Software Developer,IT,CON,A,Active,WSTMF,111,130,100890,"Green, Ryan",ryan.green@alpineconstruction.com,100355_WSTMF,EE100355_CO002,1.0,
100356,EE100356,CO004,Anna,Anna,Kelly,anna.kelly@alpineconstruction.com,1997-01-07,2018-10-02,2018-10-02,,94LEG2,Paralegal,LEGAL,RFT,A,Active,ALPNC,115,100,102590,"Rodriguez, Isabella",isabella.rodriguez@westmarkmanufacturing.com,100356_ALPNC,EE100356_CO004,1.0,
100357,EE100357,CO004,Laura,Laura,Cox,laura.cox@alpineconstruction.com,1987-06-19,2018-10-02,2018-10-02,,85SUP5,Regional Supervisor,SUPV,RFT,T,Terminated,ALPNC,115,60,,,,100357_ALPNC,EE100357_CO004,1.0,2020-03-16
100358,EE100358,CO003,Donna,Donna,Reyes,donna.reyes@prairieresources.ca,1988-12-27,2018-10-02,2018-10-02,,89PRO2,Project Coordinator,PROJ,RPT,A,Active,PRMRE,118,210,101721,"Larsson, Aaron",aaron.larsson@northernpipeline.com,100358_PRMRE,EE100358_CO003,0.71,
100359,EE100359,CO003,Robert,Robert,Myers,robert.myers@prairieresources.ca,1983-05-24,2018-10-05,2018-10-05,,55TRD1,Apprentice Technician,TRD,RFT,A,Active,PRMRE,118,30,,,,100359_PRMRE,EE100359_CO003,1.0,
100360,EE100360,CO002,David,David,James,david.james@westmarkmanufacturing.com,1995-08-28,2018-10-05,2018-10-05,,08ACC3,Senior Accountant,ACCTG,RFT,A,Active,WSTMF,104,130,,,,100360_WSTMF,EE100360_CO002,1.0,
100361,EE100361,CO001,Richard,Richard,Morgan,richard.morgan@northernpipeline.com,1981-06-17,2018-10-05,2018-10-05,,90PRO3,Project Manager,PROJ,RFT,A,Active,NRTHP,104,190,,,,100361_NRTHP,EE100361_CO001,1.0,
100362,EE100362,CO003,Donna,Donna,Miller,donna.miller@prairieresources.ca,1971-01-24,2018-10-05,2018-10-05,,43SAL3,Senior Account Executive,SALES,RFT,A,Active,PRMRE,115,120,101288,"Baker, Brandon",brandon.baker@alpineconstruction.com,100362_PRMRE,EE100362_CO003,1.0,
100363,EE100363,CO004,Donald,Donald,Adams,donald.adams@alpineconstruction.com,1988-07-23,2018-10-05,2018-10-05,,05ACC1,Accounts Payable Clerk,ACCTG,RFT,T,Terminated,ALPNC,112,100,102556,"Morgan, Matthew",matthew.morgan@northernpipeline.com,100363_ALPNC,EE100363_CO004,1.0,2022-06-17
100364,EE100364,CO004,Dorothy,Dorothy,Nelson,dorothy.nelson@alpineconstruction.com,1982-10-03,2018-10-05,2018-10-05,,02ADM2,Administrative Coordinator,ADMIN,RFT,T,Terminated,ALPNC,124,140,100787,"Lopez, Isabella",isabella.lopez@alpineconstruction.com,100364_ALPNC,EE100364_CO004,1.0,2019-03-29
100365,EE100365,CO001,Michelle,Michelle,Wilson,michelle.wilson@northernpipeline.com,1980-06-22,2018-10-09,2018-10-09,,06ACC1,Accounts Receivable Clerk,ACCTG,RFT,T,Terminated,NRTHP,104,60,101066,"Wong, Margaret",margaret.wong@alpineconstruction.com,100365_NRTHP,EE100365_CO001,1.0,2025-10-28
100366,EE100366,CO004,Michael,Michael,Cooper,michael.cooper@alpineconstruction.com,1991-03-22,2018-10-10,2018-10-10,,61WHS2,Warehouse Clerk,WHSE,RFT,T,Terminated,ALPNC,102,10,102485,"Ramos, Helen",helen.ramos@alpineconstruction.com,100366_ALPNC,EE100366_CO004,1.0,2020-06-18
100367,EE100367,CO002,Giovanni,Giovanni,Hill,giovanni.hill@westmarkmanufacturing.com,1984-03-09,2018-10-10,2018-10-10,,06ACC1,Accounts Receivable Clerk,ACCTG,RFT,A,Active,WSTMF,111,20,,,,100367_WSTMF,EE100367_CO002,1.0,
100368,EE100368,CO001,Daniel,Daniel,Foster,daniel.foster@northernpipeline.com,1986-01-08,2018-10-11,2018-10-11,,70MKT1,Marketing Coordinator,MKTG,RPT,A,Active,NRTHP,122,180,101289,"Allen, Patricia",patricia.allen@westmarkmanufacturing.com,100368_NRTHP,EE100368_CO001,0.5,
100369,EE100369,CO001,Julie,Julie,Wang,julie.wang@northernpipeline.com,1986-06-25,2018-10-12,2018-10-12,,55TRD1,Apprentice Technician,TRD,RFT,T,Terminated,NRTHP,119,140,102516,"Weber, Jessica",jessica.weber@alpineconstruction.com,100369_NRTHP,EE100369_CO001,1.0,2020-10-13
100370,EE100370,CO002,Patricia,Patricia,Ward,patricia.ward@westmarkmanufacturing.com,1993-11-15,2018-10-12,2018-10-12,,65TEC1,Field Technician,TECH,RFT,A,Active,WSTMF,107,90,,,,100370_WSTMF,EE100370_CO002,1.0,
100371,EE100371,CO001,Dmitri,Dmitri,Becker,dmitri.becker@northernpipeline.com,1986-01-04,2018-10-12,2018-10-12,,26HR2,HR Generalist,HR,RFT,A,Active,NRTHP,100,30,101389,"Stewart, Jacob",jacob.stewart@alpineconstruction.com,100371_NRTHP,EE100371_CO001,1.0,
100372,EE100372,CO002,Sakura,Sakura,Howard,sakura.howard@westmarkmanufacturing.com,1982-09-17,2018-10-12,2018-10-12,,33IT2,Systems Administrator,IT,RFT,T,Terminated,WSTMF,115,130,101190,"Morris, Julie",julie.morris@prairieresources.ca,100372_WSTMF,EE100372_CO002,1.0,2019-09-26
100373,EE100373,CO002,Giovanni,Giovanni,Collins,giovanni.collins@westmarkmanufacturing.com,1972-09-16,2018-10-15,2018-10-15,,07ACC2,Accountant,ACCTG,RFT,A,Active,WSTMF,110,110,,,,100373_WSTMF,EE100373_CO002,1.0,
100374,EE100374,CO002,Larry,Larry,Baker,larry.baker@westmarkmanufacturing.com,1977-03-13,2018-10-16,2018-10-16,,77ANL1,Data Analyst,ANLYT,RFT,T,Terminated,WSTMF,108,250,102717,"Gray, Susan",susan.gray@westmarkmanufacturing.com,100374_WSTMF,EE100374_CO002,1.0,2022-03-07
100375,EE100375,CO004,Priya,Priya,Kim,priya.kim@alpineconstruction.com,1965-10-12,2018-10-16,2018-10-16,,70MKT1,Marketing Coordinator,MKTG,RFT,T,Terminated,ALPNC,104,170,102275,"Williams, Cynthia",cynthia.williams@westmarkmanufacturing.com,100375_ALPNC,EE100375_CO004,1.0,2019-05-12
100376,EE100376,CO002,Nathan,Nathan,Perez,nathan.perez@westmarkmanufacturing.com,1994-06-22,2018-10-16,2018-10-16,,70MKT1,Marketing Coordinator,MKTG,RFT,T,Terminated,WSTMF,110,130,,,,100376_WSTMF,EE100376_CO002,1.0,2022-02-17
100377,EE100377,CO003,Joshua,Joshua,Johansson,joshua.johansson@prairieresources.ca,1978-02-19,2018-10-16,2018-10-16,,67TEC3,Senior Service Technician,TECH,RFT,T,Terminated,PRMRE,116,70,101496,"Hill, Gregory",gregory.hill@prairieresources.ca,100377_PRMRE,EE100377_CO003,1.0,2025-05-11
100378,EE100378,CO001,Nicole,Nicole,Moore,nicole.moore@northernpipeline.com,1985-09-20,2018-10-17,2018-10-17,,02ADM2,Administrative Coordinator,ADMIN,CON,T,Terminated,NRTHP,113,30,,,,100378_NRTHP,EE100378_CO001,1.0,2019-08-16
100379,EE100379,CO003,Jack,Jack,Ramos,jack.ramos@prairieresources.ca,1965-04-17,2018-10-17,2018-10-17,,96LEG4,Senior Legal Counsel,LEGAL,TAW,T,Terminated,PRMRE,123,50,,,,100379_PRMRE,EE100379_CO003,1.0,2020-05-28
100380,EE100380,CO004,Elizabeth,Elizabeth,Gonzalez,elizabeth.gonzalez@alpineconstruction.com,1994-11-02,2018-10-17,2018-10-17,,62WHS3,Senior Warehouse Clerk,WHSE,RFT,T,Terminated,ALPNC,100,150,,,,100380_ALPNC,EE100380_CO004,1.0,2019-04-23
100381,EE100381,CO001,Linda,Linda,Watson,linda.watson@northernpipeline.com,1994-12-23,2018-10-18,2018-10-18,,34IT2,Software Developer,IT,RFT,T,Terminated,NRTHP,104,50,102316,"Watson, Heather",heather.watson@westmarkmanufacturing.com,100381_NRTHP,EE100381_CO001,1.0,2019-05-20
100382,EE100382,CO002,Thomas,Thomas,Johnson,thomas.johnson@westmarkmanufacturing.com,1992-02-27,2018-10-18,2018-10-18,,78ANL2,Business Analyst,ANLYT,RPT,A,Active,WSTMF,107,160,,,,100382_WSTMF,EE100382_CO002,0.71,
100383,EE100383,CO002,Sarah,Sarah,Edwards,sarah.edwards@westmarkmanufacturing.com,2000-09-26,2018-10-19,2018-10-19,,15CSR3,Senior Customer Service Specialist,CSR,RFT,T,Terminated,WSTMF,102,60,,,,100383_WSTMF,EE100383_CO002,1.0,2019-06-05
100384,EE100384,CO003,Ahmed,Ahmed,Martin,ahmed.martin@prairieresources.ca,1992-10-21,2018-10-19,2018-10-19,,07ACC2,Accountant,ACCTG,RFT,T,Terminated,PRMRE,124,90,100652,"Smith, Larry",larry.smith@westmarkmanufacturing.com,100384_PRMRE,EE100384_CO003,1.0,2020-03-10
100385,EE100385,CO003,Larry,Larry,Lopez,larry.lopez@prairieresources.ca,1994-02-27,2018-10-22,2018-10-22,,26HR2,HR Generalist,HR,TFT,A,Active,PRMRE,105,50,,,,100385_PRMRE,EE100385_CO003,1.0,
100386,EE100386,CO002,Daniel,Daniel,Howard,daniel.howard@westmarkmanufacturing.com,1985-10-20,2018-10-23,2018-10-23,,13CSR1,Customer Service Representative,CSR,RFT,A,Active,WSTMF,105,20,102730,"Wood, George",george.wood@prairieresources.ca,100386_WSTMF,EE100386_CO002,1.0,
100387,EE100387,CO001,Jonathan,Jonathan,Cook,jonathan.cook@northernpipeline.com,1983-09-23,2018-10-23,2018-10-23,,01ADM1,Administrative Assistant,ADMIN,RPT,T,Terminated,NRTHP,104,200,102297,"Diaz, Virginia",virginia.diaz@alpineconstruction.com,100387_NRTHP,EE100387_CO001,0.6,2019-03-10
100388,EE100388,CO003,Joyce,Joyce,Eriksson,joyce.eriksson@prairieresources.ca,1968-06-25,2018-10-24,2018-10-24,,78ANL2,Business Analyst,ANLYT,RFT,T,Terminated,PRMRE,122,50,101619,"Smith, Donald",donald.smith@westmarkmanufacturing.com,100388_PRMRE,EE100388_CO003,1.0,2020-12-27
100389,EE100389,CO004,Nancy,Nancy,Gomez,nancy.gomez@alpineconstruction.com,1977-09-06,2018-10-24,2018-10-24,,65TEC1,Field Technician,TECH,TFT,T,Terminated,ALPNC,116,70,101496,"Hill, Gregory",gregory.hill@prairieresources.ca,100389_ALPNC,EE100389_CO004,1.0,2021-08-11
100390,EE100390,CO004,Charles,Charles,Robinson,charles.robinson@alpineconstruction.com,1992-07-10,2018-10-24,2018-10-24,,14CSR2,Customer Service Specialist,CSR,RFT,T,Terminated,ALPNC,112,180,,,,100390_ALPNC,EE100390_CO004,1.0,2022-04-12
100391,EE100391,CO002,Nathan,Nathan,Shah,nathan.shah@westmarkmanufacturing.com,1995-05-08,2018-10-26,2018-10-26,,18ENG1,Junior Engineer,ENGR,RFT,T,Terminated,WSTMF,113,50,101008,"Nguyen, Benjamin",benjamin.nguyen@westmarkmanufacturing.com,100391_WSTMF,EE100391_CO002,1.0,2018-11-12
100392,EE100392,CO001,Emma,Emma,Watson,emma.watson@northernpipeline.com,1982-10-11,2018-10-26,2018-10-26,,26HR2,HR Generalist,HR,CON,T,Terminated,NRTHP,109,100,,,,100392_NRTHP,EE100392_CO001,1.0,2021-03-25
100393,EE100393,CO003,Sarah,Sarah,Evans,sarah.evans@prairieresources.ca,2000-10-17,2018-10-26,2018-10-26,,02ADM2,Administrative Coordinator,ADMIN,RFT,T,Terminated,PRMRE,123,170,,,,100393_PRMRE,EE100393_CO003,1.0,2020-04-28
100394,EE100394,CO002,Melissa,Melissa,Young,melissa.young@westmarkmanufacturing.com,1968-08-26,2018-10-26,2018-10-26,,03ADM3,Senior Administrative Coordinator,ADMIN,RPT,T,Terminated,WSTMF,124,220,100427,"Brown, David",david.brown@westmarkmanufacturing.com,100394_WSTMF,EE100394_CO002,0.73,2023-08-09
100395,EE100395,CO004,Brandon,Brandon,Gray,brandon.gray@alpineconstruction.com,1974-12-06,2018-10-26,2018-10-26,,13CSR1,Customer Service Representative,CSR,RFT,T,Terminated,ALPNC,121,210,101318,"Gonzalez, Rachel",rachel.gonzalez@prairieresources.ca,100395_ALPNC,EE100395_CO004,1.0,2019-07-30
100396,EE100396,CO003,Henry,Henry,Singh,henry.singh@prairieresources.ca,1991-03-21,2018-11-02,2018-11-02,,13CSR1,Customer Service Representative,CSR,RFT,A,Active,PRMRE,105,100,100497,"Phillips, Betty",betty.phillips@westmarkmanufacturing.com,100396_PRMRE,EE100396_CO003,1.0,
100397,EE100397,CO001,Dennis,Dennis,Cox,dennis.cox@northernpipeline.com,2000-09-04,2018-11-02,2018-11-02,,01ADM1,Administrative Assistant,ADMIN,RPT,A,Active,NRTHP,118,120,102476,"Hernandez, Joseph",joseph.hernandez@westmarkmanufacturing.com,100397_NRTHP,EE100397_CO001,0.63,
100398,EE100398,CO001,Jennifer,Jennifer,Bennett,jennifer.bennett@northernpipeline.com,1973-09-19,2018-11-02,2018-11-02,,55TRD1,Apprentice Technician,TRD,RFT,T,Terminated,NRTHP,100,230,102585,"Howard, Fatima",fatima.howard@alpineconstruction.com,100398_NRTHP,EE100398_CO001,1.0,2020-09-14
100399,EE100399,CO001,Matthew,Matthew,Richardson,matthew.richardson@northernpipeline.com,1988-08-03,2018-11-02,2018-11-02,,01ADM1,Administrative Assistant,ADMIN,TAW,T,Terminated,NRTHP,117,10,101488,"Castillo, Sandra",sandra.castillo@prairieresources.ca,100399_NRTHP,EE100399_CO001,1.0,2019-03-11
100400,EE100400,CO001,Raymond,Raymond,Martinez,raymond.martinez@northernpipeline.com,1974-04-05,2018-11-02,2018-11-02,,05ACC1,Accounts Payable Clerk,ACCTG,RFT,T,Terminated,NRTHP,103,210,,,,100400_NRTHP,EE100400_CO001,1.0,2020-07-05
100401,EE100401,CO003,Jessica,Jessica,Schulz,jessica.schulz@prairieresources.ca,2000-04-30,2018-11-06,2018-11-06,,56TRD2,Journeyman Technician,TRD,RFT,A,Active,PRMRE,123,240,101281,"Green, George",george.green@prairieresources.ca,100401_PRMRE,EE100401_CO003,1.0,
100402,EE100402,CO003,Sharon,Sharon,Campbell,sharon.campbell@prairieresources.ca,1992-02-12,2018-11-07,2018-11-07,,42SAL2,Account Executive,SALES,RFT,T,Terminated,PRMRE,118,50,,,,100402_PRMRE,EE100402_CO003,1.0,2020-05-27
100403,EE100403,CO004,Yuki,Yuki,Persson,yuki.persson@alpineconstruction.com,1986-03-28,2018-11-08,2018-11-08,,77ANL1,Data Analyst,ANLYT,RFT,T,Terminated,ALPNC,116,100,102766,"Nelson, Emily",emily.nelson@prairieresources.ca,100403_ALPNC,EE100403_CO004,1.0,2020-03-14
100404,EE100404,CO001,Kevin,Kevin,Sanchez,kevin.sanchez@northernpipeline.com,1985-12-10,2018-11-08,2018-11-08,,16CSR4,Customer Service Team Lead,CSR,RFT,T,Terminated,NRTHP,115,50,,,,100404_NRTHP,EE100404_CO001,1.0,2019-03-13
100405,EE100405,CO002,Yuki,Yuki,Nguyen,yuki.nguyen@westmarkmanufacturing.com,1991-03-14,2018-11-09,2018-11-09,,32IT1,IT Support Technician,IT,RFT,T,Terminated,WSTMF,104,230,101952,"Phillips, Astrid",astrid.phillips@westmarkmanufacturing.com,100405_WSTMF,EE100405_CO002,1.0,2019-12-02
100406,EE100406,CO004,Scott,Scott,Becker,scott.becker@alpineconstruction.com,1979-12-12,2018-11-09,2018-11-09,,66TEC2,Service Technician,TECH,RFT,A,Active,ALPNC,119,70,102257,"Wong, Pierre",pierre.wong@northernpipeline.com,100406_ALPNC,EE100406_CO004,1.0,
100407,EE100407,CO002,Ronald,Ronald,Karlsson,ronald.karlsson@westmarkmanufacturing.com,1997-01-10,2018-11-13,2018-11-13,,72MKT3,Senior Marketing Specialist,MKTG,RFT,T,Terminated,WSTMF,108,180,100320,"Price, Yuki",yuki.price@northernpipeline.com,100407_WSTMF,EE100407_CO002,1.0,2019-10-06
100408,EE100408,CO004,Jason,Jason,Rodriguez,jason.rodriguez@alpineconstruction.com,1988-11-09,2018-11-14,2018-11-14,,43SAL3,Senior Account Executive,SALES,RPT,T,Terminated,ALPNC,116,160,,,,100408_ALPNC,EE100408_CO004,0.78,2019-01-14
100409,EE100409,CO001,Lars,Lars,Weber,lars.weber@northernpipeline.com,1985-08-30,2018-11-16,2018-11-16,,32IT1,IT Support Technician,IT,CON,T,Terminated,NRTHP,115,70,,,,100409_NRTHP,EE100409_CO001,1.0,2019-01-23
100410,EE100410,CO003,Anthony,Anthony,Wood,anthony.wood@prairieresources.ca,1981-08-19,2018-11-19,2018-11-19,,09ACC4,Accounting Lead,ACCTG,RPT,T,Terminated,PRMRE,121,10,,,,100410_PRMRE,EE100410_CO003,0.6,2020-06-11
100411,EE100411,CO001,Linda,Linda,Schneider,linda.schneider@northernpipeline.com,1979-01-06,2018-11-19,2018-11-19,,71MKT2,Marketing Specialist,MKTG,RFT,T,Terminated,NRTHP,122,160,100003,"Liu, Barbara",barbara.liu@northernpipeline.com,100411_NRTHP,EE100411_CO001,1.0,2020-08-08
100412,EE100412,CO002,Sarah,Sarah,Smith,sarah.smith@westmarkmanufacturing.com,1998-08-21,2018-11-19,2018-11-19,,49OPS2,Operations Coordinator,OPS,RFT,T,Terminated,WSTMF,107,10,,,,100412_WSTMF,EE100412_CO002,1.0,2021-05-03
100413,EE100413,CO002,Helen,Helen,Taylor,helen.taylor@westmarkmanufacturing.com,2000-06-18,2018-11-19,2018-11-19,,03ADM3,Senior Administrative Coordinator,ADMIN,RFT,T,Terminated,WSTMF,106,40,,,,100413_WSTMF,EE100413_CO002,1.0,2021-10-18
100414,EE100414,CO001,Thomas,Thomas,Green,thomas.green@northernpipeline.com,1974-05-18,2018-11-20,2018-11-20,,89PRO2,Project Coordinator,PROJ,CON,A,Active,NRTHP,117,210,,,,100414_NRTHP,EE100414_CO001,1.0,
100415,EE100415,CO003,Olga,Olga,Wilson,olga.wilson@prairieresources.ca,1983-04-20,2018-11-20,2018-11-20,,48OPS1,Operations Assistant,OPS,RFT,T,Terminated,PRMRE,118,70,,,,100415_PRMRE,EE100415_CO003,1.0,2019-04-10
100416,EE100416,CO001,Joyce,Joyce,Rogers,joyce.rogers@northernpipeline.com,1994-07-05,2018-11-20,2018-11-20,,01ADM1,Administrative Assistant,ADMIN,RFT,T,Terminated,NRTHP,121,230,102034,"Bailey, Amanda",amanda.bailey@alpineconstruction.com,100416_NRTHP,EE100416_CO001,1.0,2019-01-08
100417,EE100417,CO002,Barbara,Barbara,Ruiz,barbara.ruiz@westmarkmanufacturing.com,1971-07-12,2018-11-22,2018-11-22,,66TEC2,Service Technician,TECH,CON,A,Active,WSTMF,104,160,102299,"Martinez, Jessica",jessica.martinez@northernpipeline.com,100417_WSTMF,EE100417_CO002,1.0,
100418,EE100418,CO002,Priya,Priya,Turner,priya.turner@westmarkmanufacturing.com,1985-01-30,2018-11-22,2018-11-22,,33IT2,Systems Administrator,IT,CON,T,Terminated,WSTMF,107,210,,,,100418_WSTMF,EE100418_CO002,1.0,2019-06-05
100419,EE100419,CO002,Dmitri,Dmitri,Evans,dmitri.evans@westmarkmanufacturing.com,1975-04-11,2018-11-28,2018-11-28,,77ANL1,Data Analyst,ANLYT,RFT,T,Terminated,WSTMF,115,20,101427,"Tanaka, Wei",wei.tanaka@prairieresources.ca,100419_WSTMF,EE100419_CO002,1.0,2022-09-29
100420,EE100420,CO001,Angela,Angela,Morgan,angela.morgan@northernpipeline.com,1986-06-13,2018-11-28,2018-11-28,,78ANL2,Business Analyst,ANLYT,RFT,A,Active,NRTHP,103,30,,,,100420_NRTHP,EE100420_CO001,1.0,
100421,EE100421,CO001,Sarah,Sarah,Adams,sarah.adams@northernpipeline.com,1966-03-29,2018-11-30,2018-11-30,,84SUP5,Area Supervisor,SUPV,RFT,A,Active,NRTHP,121,190,,,,100421_NRTHP,EE100421_CO001,1.0,
100422,EE100422,CO004,James,James,Kelly,james.kelly@alpineconstruction.com,1969-06-10,2018-12-03,2018-12-03,,81ANL5,Analytics Manager,ANLYT,RFT,T,Terminated,ALPNC,114,180,,,,100422_ALPNC,EE100422_CO004,1.0,2019-03-10
100423,EE100423,CO002,Tyler,Tyler,Campbell,tyler.campbell@westmarkmanufacturing.com,1989-04-12,2018-12-04,2018-12-04,,71MKT2,Marketing Specialist,MKTG,RPT,T,Terminated,WSTMF,108,40,102445,"Roberts, Alexander",alexander.roberts@northernpipeline.com,100423_WSTMF,EE100423_CO002,0.43,2019-01-09
100424,EE100424,CO002,Hans,Hans,Schulz,hans.schulz@westmarkmanufacturing.com,1977-08-05,2018-12-05,2018-12-05,,60WHS1,Warehouse Associate,WHSE,TAW,A,Active,WSTMF,115,100,102590,"Rodriguez, Isabella",isabella.rodriguez@westmarkmanufacturing.com,100424_WSTMF,EE100424_CO002,1.0,
100425,EE100425,CO001,Sharon,Sharon,Bailey,sharon.bailey@northernpipeline.com,1980-03-23,2018-12-07,2018-12-07,,26HR2,HR Generalist,HR,RPT,A,Active,NRTHP,113,110,,,,100425_NRTHP,EE100425_CO001,0.53,
100426,EE100426,CO004,Aaron,Aaron,Morales,aaron.morales@alpineconstruction.com,1973-07-30,2018-12-07,2018-12-07,,79ANL3,Senior Data Analyst,ANLYT,RPT,T,Terminated,ALPNC,104,60,101066,"Wong, Margaret",margaret.wong@alpineconstruction.com,100426_ALPNC,EE100426_CO004,0.58,2019-05-27
100427,EE100427,CO002,David,David,Brown,david.brown@westmarkmanufacturing.com,1995-12-29,2018-12-10,2018-12-10,,85SUP5,Regional Supervisor,SUPV,CON,A,Active,WSTMF,124,220,,,,100427_WSTMF,EE100427_CO002,1.0,
100428,EE100428,CO001,Jose,Jose,Thompson,jose.thompson@northernpipeline.com,1980-03-13,2018-12-11,2018-12-11,,02ADM2,Administrative Coordinator,ADMIN,RFT,T,Terminated,NRTHP,122,210,101716,"Martinez, Angela",angela.martinez@westmarkmanufacturing.com,100428_NRTHP,EE100428_CO001,1.0,2019-11-10
100429,EE100429,CO003,Kenneth,Kenneth,Murphy,kenneth.murphy@prairieresources.ca,1976-06-23,2018-12-11,2018-12-11,,41SAL1,Sales Representative,SALES,RFT,A,Active,PRMRE,100,240,102150,"Jimenez, Anthony",anthony.jimenez@westmarkmanufacturing.com,100429_PRMRE,EE100429_CO003,1.0,
100430,EE100430,CO002,Sofia,Sofia,Castillo,sofia.castillo@westmarkmanufacturing.com,2000-08-17,2018-12-13,2018-12-13,,49OPS2,Operations Coordinator,OPS,RFT,T,Terminated,WSTMF,108,210,,,,100430_WSTMF,EE100430_CO002,1.0,2024-09-19
100431,EE100431,CO001,Mary,Mary,Mendoza,mary.mendoza@northernpipeline.com,1998-06-13,2018-12-14,2018-12-14,,02ADM2,Administrative Coordinator,ADMIN,RFT,T,Terminated,NRTHP,124,40,,,,100431_NRTHP,EE100431_CO001,1.0,2024-09-15
100432,EE100432,CO004,James,James,Weber,james.weber@alpineconstruction.com,2000-01-17,2018-12-14,2018-12-14,,91PRO4,Senior Project Manager,PROJ,RFT,A,Active,ALPNC,115,60,,,,100432_ALPNC,EE100432_CO004,1.0,
100433,EE100433,CO001,Priya,Priya,Nguyen,priya.nguyen@northernpipeline.com,1989-03-25,2018-12-19,2018-12-19,,80ANL4,Analytics Lead,ANLYT,RPT,A,Active,NRTHP,103,220,,,,100433_NRTHP,EE100433_CO001,0.61,
100434,EE100434,CO002,Tyler,Tyler,Evans,tyler.evans@westmarkmanufacturing.com,1979-02-10,2018-12-20,2018-12-20,,07ACC2,Accountant,ACCTG,RFT,A,Active,WSTMF,108,60,101866,"Walker, Dmitri",dmitri.walker@westmarkmanufacturing.com,100434_WSTMF,EE100434_CO002,1.0,
100435,EE100435,CO002,David,David,Wilson,david.wilson@westmarkmanufacturing.com,1971-07-29,2018-12-21,2018-12-21,,32IT1,IT Support Technician,IT,RFT,T,Terminated,WSTMF,113,240,102205,"Flores, Pierre",pierre.flores@northernpipeline.com,100435_WSTMF,EE100435_CO002,1.0,2020-12-20
100436,EE100436,CO002,Dmitri,Dmitri,Carter,dmitri.carter@westmarkmanufacturing.com,1986-02-04,2018-12-21,2018-12-21,,05ACC1,Accounts Payable Clerk,ACCTG,RPT,T,Terminated,WSTMF,118,40,102377,"Rodriguez, Fatima",fatima.rodriguez@prairieresources.ca,100436_WSTMF,EE100436_CO002,0.65,2019-10-02
100437,EE100437,CO003,Michelle,Michelle,Scott,michelle.scott@prairieresources.ca,1970-11-04,2018-12-21,2018-12-21,,83SUP4,Shift Supervisor,SUPV,RFT,T,Terminated,PRMRE,124,70,102457,"Ross, Pamela",pamela.ross@westmarkmanufacturing.com,100437_PRMRE,EE100437_CO003,1.0,2019-08-23
100438,EE100438,CO002,Timothy,Timothy,Baker,timothy.baker@westmarkmanufacturing.com,2000-10-11,2018-12-25,2018-12-25,,03ADM3,Senior Administrative Coordinator,ADMIN,RFT,T,Terminated,WSTMF,124,190,,,,100438_WSTMF,EE100438_CO002,1.0,2022-03-12
100439,EE100439,CO004,Ingrid,Ingrid,Cooper,ingrid.cooper@alpineconstruction.com,2000-08-30,2019-01-01,2019-01-01,,13CSR1,Customer Service Representative,CSR,RPT,T,Terminated,ALPNC,112,30,,,,100439_ALPNC,EE100439_CO004,0.77,2021-04-26
100440,EE100440,CO004,Olivia,Olivia,Yamamoto,olivia.yamamoto@alpineconstruction.com,1988-01-08,2019-01-03,2019-01-03,,60WHS1,Warehouse Associate,WHSE,RFT,T,Terminated,ALPNC,119,220,102893,"Long, Aisha",aisha.long@northernpipeline.com,100440_ALPNC,EE100440_CO004,1.0,2020-06-20
100441,EE100441,CO002,Jack,Jack,Parker,jack.parker@westmarkmanufacturing.com,1983-09-04,2019-01-04,2019-01-04,,06ACC1,Accounts Receivable Clerk,ACCTG,RFT,T,Terminated,WSTMF,108,50,,,,100441_WSTMF,EE100441_CO002,1.0,2020-12-06
100442,EE100442,CO004,Brian,Brian,Andersson,brian.andersson@alpineconstruction.com,1987-11-08,2019-01-04,2019-01-04,,07ACC2,Accountant,ACCTG,TFT,T,Terminated,ALPNC,124,30,101397,"Alvarez, Janet",janet.alvarez@prairieresources.ca,100442_ALPNC,EE100442_CO004,1.0,2020-01-14
100443,EE100443,CO004,Sarah,Sarah,Carter,sarah.carter@alpineconstruction.com,2000-04-25,2019-01-04,2019-01-04,,55TRD1,Apprentice Technician,TRD,RFT,A,Active,ALPNC,111,70,100206,"Richardson, Sakura",sakura.richardson@northernpipeline.com,100443_ALPNC,EE100443_CO004,1.0,
100444,EE100444,CO001,Henry,Henry,Morris,henry.morris@northernpipeline.com,1987-01-17,2019-01-04,2019-01-04,,79ANL3,Senior Data Analyst,ANLYT,RFT,T,Terminated,NRTHP,118,140,,,,100444_NRTHP,EE100444_CO001,1.0,2022-03-17
100445,EE100445,CO001,Ingrid,Ingrid,Gonzalez,ingrid.gonzalez@northernpipeline.com,2000-01-18,2019-01-07,2019-01-07,,90PRO3,Project Manager,PROJ,CON,A,Active,NRTHP,123,130,,,,100445_NRTHP,EE100445_CO001,1.0,
100446,EE100446,CO001,Patricia,Patricia,Weber,patricia.weber@northernpipeline.com,1980-07-08,2019-01-08,2019-01-08,,65TEC1,Field Technician,TECH,RFT,A,Active,NRTHP,124,180,101270,"Roberts, Frank",frank.roberts@prairieresources.ca,100446_NRTHP,EE100446_CO001,1.0,
100447,EE100447,CO002,Joyce,Joyce,Patel,joyce.patel@westmarkmanufacturing.com,1983-08-17,2019-01-09,2019-01-09,,83SUP4,Shift Supervisor,SUPV,CON,A,Active,WSTMF,108,240,,,,100447_WSTMF,EE100447_CO002,1.0,
100448,EE100448,CO004,Larry,Larry,Hall,larry.hall@alpineconstruction.com,1996-12-21,2019-01-09,2019-01-09,,14CSR2,Customer Service Specialist,CSR,RFT,T,Terminated,ALPNC,102,50,102746,"Castillo, Nathan",nathan.castillo@alpineconstruction.com,100448_ALPNC,EE100448_CO004,1.0,2019-11-30
100449,EE100449,CO001,Charles,Charles,Gomez,charles.gomez@northernpipeline.com,1992-06-07,2019-01-10,2019-01-10,,57TRD3,Senior Technician,TRD,RFT,A,Active,NRTHP,111,160,,,,100449_NRTHP,EE100449_CO001,1.0,
100450,EE100450,CO002,Debra,Debra,Nilsson,debra.nilsson@westmarkmanufacturing.com,1998-01-03,2019-01-10,2019-01-10,,34IT2,Software Developer,IT,RFT,A,Active,WSTMF,100,120,102980,"Jackson, Christopher",christopher.jackson@westmarkmanufacturing.com,100450_WSTMF,EE100450_CO002,1.0,
100451,EE100451,CO003,Dorothy,Dorothy,Persson,dorothy.persson@prairieresources.ca,1987-10-13,2019-01-10,2019-01-10,,26HR2,HR Generalist,HR,RFT,T,Terminated,PRMRE,105,100,,,,100451_PRMRE,EE100451_CO003,1.0,2023-04-23
100452,EE100452,CO004,Sarah,Sarah,Sanchez,sarah.sanchez@alpineconstruction.com,1978-01-20,2019-01-11,2019-01-11,,68TEC4,Technical Specialist,TECH,RFT,T,Terminated,ALPNC,102,100,,,,100452_ALPNC,EE100452_CO004,1.0,2026-01-28
100453,EE100453,CO004,Ashley,Ashley,Lee,ashley.lee@alpineconstruction.com,1996-06-14,2019-01-11,2019-01-11,,16CSR4,Customer Service Team Lead,CSR,RFT,T,Terminated,ALPNC,112,120,,,,100453_ALPNC,EE100453_CO004,1.0,2020-05-15
100454,EE100454,CO003,Jennifer,Jennifer,Campbell,jennifer.campbell@prairieresources.ca,1981-09-18,2019-01-15,2019-01-15,,77ANL1,Data Analyst,ANLYT,RFT,T,Terminated,PRMRE,116,230,100181,"Brown, Anthony",anthony.brown@prairieresources.ca,100454_PRMRE,EE100454_CO003,1.0,2023-03-28
100455,EE100455,CO003,Anthony,Anthony,Morris,anthony.morris@prairieresources.ca,1992-06-30,2019-01-17,2019-01-17,,61WHS2,Warehouse Clerk,WHSE,RFT,A,Active,PRMRE,117,190,,,,100455_PRMRE,EE100455_CO003,1.0,
100456,EE100456,CO001,Pamela,Pamela,Williams,pamela.williams@northernpipeline.com,1994-03-01,2019-01-17,2019-01-17,,13CSR1,Customer Service Representative,CSR,RPT,T,Terminated,NRTHP,100,100,100277,"Evans, James",james.evans@westmarkmanufacturing.com,100456_NRTHP,EE100456_CO001,0.73,2022-07-29
100457,EE100457,CO004,Helen,Helen,Thomas,helen.thomas@alpineconstruction.com,1988-05-02,2019-01-18,2019-01-18,,19ENG2,Engineer,ENGR,RPT,T,Terminated,ALPNC,119,120,,,,100457_ALPNC,EE100457_CO004,0.7,2023-11-04
100458,EE100458,CO001,Jason,Jason,Brown,jason.brown@northernpipeline.com,1997-11-25,2019-01-18,2019-01-18,,49OPS2,Operations Coordinator,OPS,RPT,A,Active,NRTHP,108,190,100313,"Larsson, Priya",priya.larsson@northernpipeline.com,100458_NRTHP,EE100458_CO001,0.77,
100459,EE100459,CO001,Heather,Heather,Mendoza,heather.mendoza@northernpipeline.com,1993-01-20,2019-01-18,2019-01-18,,65TEC1,Field Technician,TECH,RFT,T,Terminated,NRTHP,114,60,101378,"Olsson, Robert",robert.olsson@alpineconstruction.com,100459_NRTHP,EE100459_CO001,1.0,2019-05-06
100460,EE100460,CO002,Melissa,Melissa,Flores,melissa.flores@westmarkmanufacturing.com,1998-10-06,2019-01-18,2019-01-18,,65TEC1,Field Technician,TECH,CON,A,Active,WSTMF,106,220,102083,"Mueller, Raymond",raymond.mueller@westmarkmanufacturing.com,100460_WSTMF,EE100460_CO002,1.0,
100461,EE100461,CO002,Donna,Donna,Young,donna.young@westmarkmanufacturing.com,1967-05-02,2019-01-21,2019-01-21,,55TRD1,Apprentice Technician,TRD,RPT,T,Terminated,WSTMF,118,140,101731,"Young, Jose",jose.young@northernpipeline.com,100461_WSTMF,EE100461_CO002,0.52,2022-10-19
100462,EE100462,CO001,Thomas,Thomas,Lee,thomas.lee@northernpipeline.com,1986-06-14,2019-01-22,2019-01-22,,42SAL2,Account Executive,SALES,RFT,T,Terminated,NRTHP,103,110,,,,100462_NRTHP,EE100462_CO001,1.0,2022-03-11
100463,EE100463,CO003,Margaret,Margaret,Mitchell,margaret.mitchell@prairieresources.ca,1993-03-14,2019-01-22,2019-01-22,,94LEG2,Paralegal,LEGAL,RFT,A,Active,PRMRE,124,20,,,,100463_PRMRE,EE100463_CO003,1.0,
100464,EE100464,CO004,Janet,Janet,Wang,janet.wang@alpineconstruction.com,1984-03-15,2019-01-23,2019-01-23,,32IT1,IT Support Technician,IT,RFT,T,Terminated,ALPNC,116,180,101899,"Patel, Cynthia",cynthia.patel@northernpipeline.com,100464_ALPNC,EE100464_CO004,1.0,2020-10-02
100465,EE100465,CO002,Justin,Justin,Meyer,justin.meyer@westmarkmanufacturing.com,1989-01-13,2019-01-25,2019-01-25,,88EXE6,Vice President,EXEC,RFT,T,Terminated,WSTMF,118,230,,,,100465_WSTMF,EE100465_CO002,1.0,2021-01-09
100466,EE100466,CO002,David,David,Ramirez,david.ramirez@westmarkmanufacturing.com,1989-10-28,2019-01-25,2019-01-25,,96LEG4,Senior Legal Counsel,LEGAL,RFT,A,Active,WSTMF,110,150,,,,100466_WSTMF,EE100466_CO002,1.0,
100467,EE100467,CO003,Amanda,Amanda,Wagner,amanda.wagner@prairieresources.ca,1980-03-30,2019-01-25,2019-01-25,,26HR2,HR Generalist,HR,RPT,T,Terminated,PRMRE,122,160,100003,"Liu, Barbara",barbara.liu@northernpipeline.com,100467_PRMRE,EE100467_CO003,0.55,2019-06-14
100468,EE100468,CO002,Jacob,Jacob,Lopez,jacob.lopez@westmarkmanufacturing.com,1979-06-09,2019-02-01,2019-02-01,,65TEC1,Field Technician,TECH,RFT,A,Active,WSTMF,113,190,,,,100468_WSTMF,EE100468_CO002,1.0,
100469,EE100469,CO001,Ingrid,Ingrid,Li,ingrid.li@northernpipeline.com,1992-02-09,2019-02-01,2019-02-01,,60WHS1,Warehouse Associate,WHSE,RFT,A,Active,NRTHP,103,100,102842,"Diaz, Kevin",kevin.diaz@northernpipeline.com,100469_NRTHP,EE100469_CO001,1.0,
100470,EE100470,CO003,Jacob,Jacob,Smith,jacob.smith@prairieresources.ca,1992-10-14,2019-02-04,2019-02-04,,01ADM1,Administrative Assistant,ADMIN,RPT,T,Terminated,PRMRE,102,230,102105,"Wang, Melissa",melissa.wang@prairieresources.ca,100470_PRMRE,EE100470_CO003,0.71,2020-08-19
100471,EE100471,CO003,Rachel,Rachel,Miller,rachel.miller@prairieresources.ca,1989-05-03,2019-02-05,2019-02-05,,41SAL1,Sales Representative,SALES,RFT,T,Terminated,PRMRE,100,50,101996,"Scott, Ashley",ashley.scott@prairieresources.ca,100471_PRMRE,EE100471_CO003,1.0,2024-10-26
100472,EE100472,CO004,Mohammed,Mohammed,Patel,mohammed.patel@alpineconstruction.com,2000-04-10,2019-02-07,2019-02-07,,85SUP5,Regional Supervisor,SUPV,RFT,T,Terminated,ALPNC,121,220,,,,100472_ALPNC,EE100472_CO004,1.0,2019-02-10
100473,EE100473,CO001,Sofia,Sofia,Kim,sofia.kim@northernpipeline.com,2000-04-20,2019-02-07,2019-02-07,,25HR1,HR Coordinator,HR,RFT,T,Terminated,NRTHP,104,170,102275,"Williams, Cynthia",cynthia.williams@westmarkmanufacturing.com,100473_NRTHP,EE100473_CO001,1.0,2021-12-14
100474,EE100474,CO004,Sakura,Sakura,Chen,sakura.chen@alpineconstruction.com,1974-02-07,2019-02-08,2019-02-08,,79ANL3,Senior Data Analyst,ANLYT,RFT,T,Terminated,ALPNC,114,80,,,,100474_ALPNC,EE100474_CO004,1.0,2019-12-02
100475,EE100475,CO002,Janet,Janet,King,janet.king@westmarkmanufacturing.com,1970-10-01,2019-02-08,2019-02-08,,14CSR2,Customer Service Specialist,CSR,RFT,T,Terminated,WSTMF,100,30,101389,"Stewart, Jacob",jacob.stewart@alpineconstruction.com,100475_WSTMF,EE100475_CO002,1.0,2020-09-01
100476,EE100476,CO001,Matthew,Matthew,Jackson,matthew.jackson@northernpipeline.com,1989-11-30,2019-02-08,2019-02-08,,05ACC1,Accounts Payable Clerk,ACCTG,RFT,T,Terminated,NRTHP,113,140,,,,100476_NRTHP,EE100476_CO001,1.0,2019-06-15
100477,EE100477,CO004,Carlos,Carlos,Williams,carlos.williams@alpineconstruction.com,1981-04-09,2019-02-08,2019-02-08,,69TEC5,Technical Services Manager,TECH,TFT,T,Terminated,ALPNC,121,50,,,,100477_ALPNC,EE100477_CO004,1.0,2020-08-30
100478,EE100478,CO003,Joyce,Joyce,Lopez,joyce.lopez@prairieresources.ca,1983-11-25,2019-02-08,2019-02-08,,32IT1,IT Support Technician,IT,RFT,A,Active,PRMRE,122,80,101768,"Mueller, Kenneth",kenneth.mueller@prairieresources.ca,100478_PRMRE,EE100478_CO003,1.0,
100479,EE100479,CO003,Jonathan,Jonathan,Foster,jonathan.foster@prairieresources.ca,1956-11-05,2019-02-11,2019-02-11,,32IT1,IT Support Technician,IT,RFT,T,Terminated,PRMRE,105,190,102664,"Hernandez, Marie",marie.hernandez@prairieresources.ca,100479_PRMRE,EE100479_CO003,1.0,2021-11-19
100480,EE100480,CO003,Pamela,Pamela,Hughes,pamela.hughes@prairieresources.ca,1975-11-21,2019-02-14,2019-02-14,,04ADM4,Executive Assistant,ADMIN,RFT,A,Active,PRMRE,117,40,,,,100480_PRMRE,EE100480_CO003,1.0,
100481,EE100481,CO004,Sharon,Sharon,Evans,sharon.evans@alpineconstruction.com,1988-09-18,2019-02-15,2019-02-15,,49OPS2,Operations Coordinator,OPS,RFT,A,Active,ALPNC,102,40,102262,"Williams, Richard",richard.williams@alpineconstruction.com,100481_ALPNC,EE100481_CO004,1.0,
100482,EE100482,CO002,Dorothy,Dorothy,Tanaka,dorothy.tanaka@westmarkmanufacturing.com,1996-06-07,2019-02-15,2019-02-15,,60WHS1,Warehouse Associate,WHSE,CON,T,Terminated,WSTMF,107,120,,,,100482_WSTMF,EE100482_CO002,1.0,2021-06-10
100483,EE100483,CO002,Matthew,Matthew,Brown,matthew.brown@westmarkmanufacturing.com,2000-04-21,2019-02-18,2019-02-18,,35IT3,Senior Developer,IT,RFT,T,Terminated,WSTMF,102,40,,,,100483_WSTMF,EE100483_CO002,1.0,2021-11-13
100484,EE100484,CO001,Laura,Laura,Foster,laura.foster@northernpipeline.com,1984-08-10,2019-02-20,2019-02-20,,15CSR3,Senior Customer Service Specialist,CSR,RPT,T,Terminated,NRTHP,117,40,100480,"Hughes, Pamela",pamela.hughes@prairieresources.ca,100484_NRTHP,EE100484_CO001,0.58,2019-08-17
100485,EE100485,CO003,Astrid,Astrid,Stewart,astrid.stewart@prairieresources.ca,1994-10-28,2019-02-21,2019-02-21,,15CSR3,Senior Customer Service Specialist,CSR,RFT,T,Terminated,PRMRE,117,120,,,,100485_PRMRE,EE100485_CO003,1.0,2022-08-15
100486,EE100486,CO004,Jack,Jack,Li,jack.li@alpineconstruction.com,2000-03-21,2019-02-21,2019-02-21,,32IT1,IT Support Technician,IT,RFT,T,Terminated,ALPNC,121,230,102034,"Bailey, Amanda",amanda.bailey@alpineconstruction.com,100486_ALPNC,EE100486_CO004,1.0,2025-03-06
100487,EE100487,CO004,Stephen,Stephen,Nilsson,stephen.nilsson@alpineconstruction.com,1993-07-25,2019-02-22,2019-02-22,,13CSR1,Customer Service Representative,CSR,RPT,T,Terminated,ALPNC,102,180,101822,"Jimenez, Melissa",melissa.jimenez@alpineconstruction.com,100487_ALPNC,EE100487_CO004,0.62,2020-02-18
100488,EE100488,CO002,Deborah,Deborah,Thompson,deborah.thompson@westmarkmanufacturing.com,1997-05-03,2019-02-22,2019-02-22,,35IT3,Senior Developer,IT,RFT,T,Terminated,WSTMF,115,180,100860,"Morgan, Nicole",nicole.morgan@prairieresources.ca,100488_WSTMF,EE100488_CO002,1.0,2019-12-22
100489,EE100489,CO004,Olga,Olga,Ruiz,olga.ruiz@alpineconstruction.com,1971-02-23,2019-02-22,2019-02-22,,77ANL1,Data Analyst,ANLYT,RFT,T,Terminated,ALPNC,111,250,102191,"Green, Cynthia",cynthia.green@alpineconstruction.com,100489_ALPNC,EE100489_CO004,1.0,2021-08-02
100490,EE100490,CO004,Donna,Donna,Lewis,donna.lewis@alpineconstruction.com,1978-10-03,2019-02-27,2019-02-27,,48OPS1,Operations Assistant,OPS,RFT,A,Active,ALPNC,119,200,102789,"Anderson, Michael",michael.anderson@alpineconstruction.com,100490_ALPNC,EE100490_CO004,1.0,
100491,EE100491,CO001,Andrew,Andrew,Schneider,andrew.schneider@northernpipeline.com,1987-06-14,2019-02-28,2019-02-28,,35IT3,Senior Developer,IT,RFT,T,Terminated,NRTHP,112,110,,,,100491_NRTHP,EE100491_CO001,1.0,2021-02-09
100492,EE100492,CO001,Amanda,Amanda,Miller,amanda.miller@northernpipeline.com,1973-03-06,2019-02-28,2019-02-28,,25HR1,HR Coordinator,HR,RFT,T,Terminated,NRTHP,121,150,101583,"Hughes, Michael",michael.hughes@alpineconstruction.com,100492_NRTHP,EE100492_CO001,1.0,2019-07-19
100493,EE100493,CO002,Emma,Emma,Roberts,emma.roberts@westmarkmanufacturing.com,1986-09-30,2019-03-01,2019-03-01,,07ACC2,Accountant,ACCTG,RFT,T,Terminated,WSTMF,108,50,,,,100493_WSTMF,EE100493_CO002,1.0,2019-06-28
100494,EE100494,CO001,Zara,Zara,Perez,zara.perez@northernpipeline.com,1996-02-01,2019-03-01,2019-03-01,,95LEG3,Legal Counsel,LEGAL,RFT,T,Terminated,NRTHP,112,190,100738,"Jones, Dennis",dennis.jones@alpineconstruction.com,100494_NRTHP,EE100494_CO001,1.0,2022-10-17
100495,EE100495,CO004,Nathan,Nathan,Cruz,nathan.cruz@alpineconstruction.com,1971-08-03,2019-03-01,2019-03-01,,41SAL1,Sales Representative,SALES,RFT,A,Active,ALPNC,112,180,101730,"Price, Jacob",jacob.price@alpineconstruction.com,100495_ALPNC,EE100495_CO004,1.0,
100496,EE100496,CO001,Ahmed,Ahmed,Hill,ahmed.hill@northernpipeline.com,1981-08-30,2019-03-01,2019-03-01,,79ANL3,Senior Data Analyst,ANLYT,RFT,T,Terminated,NRTHP,121,190,100421,"Adams, Sarah",sarah.adams@northernpipeline.com,100496_NRTHP,EE100496_CO001,1.0,2020-03-24
100497,EE100497,CO002,Betty,Betty,Phillips,betty.phillips@westmarkmanufacturing.com,1997-10-26,2019-03-01,2019-03-01,,94LEG2,Paralegal,LEGAL,RFT,A,Active,WSTMF,105,100,,,,100497_WSTMF,EE100497_CO002,1.0,
100498,EE100498,CO002,Sakura,Sakura,Karlsson,sakura.karlsson@westmarkmanufacturing.com,1988-03-12,2019-03-01,2019-03-01,,06ACC1,Accounts Receivable Clerk,ACCTG,RFT,A,Active,WSTMF,104,190,100361,"Morgan, Richard",richard.morgan@northernpipeline.com,100498_WSTMF,EE100498_CO002,1.0,
100499,EE100499,CO003,Jacob,Jacob,Mueller,jacob.mueller@prairieresources.ca,1995-08-04,2019-03-04,2019-03-04,,89PRO2,Project Coordinator,PROJ,RFT,A,Active,PRMRE,115,220,102648,"Flores, Ashley",ashley.flores@prairieresources.ca,100499_PRMRE,EE100499_CO003,1.0,
100500,EE100500,CO004,Marie,Marie,Chavez,marie.chavez@alpineconstruction.com,2000-12-25,2019-03-05,2019-03-05,,55TRD1,Apprentice Technician,TRD,RFT,T,Terminated,ALPNC,102,220,102813,"Mitchell, John",john.mitchell@alpineconstruction.com,100500_ALPNC,EE100500_CO004,1.0,2019-04-28
100501,EE100501,CO003,Anthony,Anthony,Young,anthony.young@prairieresources.ca,1977-08-10,2019-03-05,2019-03-05,,60WHS1,Warehouse Associate,WHSE,CON,T,Terminated,PRMRE,124,160,100599,"Johansson, Jonathan",jonathan.johansson@prairieresources.ca,100501_PRMRE,EE100501_CO003,1.0,2019-07-29
100502,EE100502,CO002,Susan,Susan,Jimenez,susan.jimenez@westmarkmanufacturing.com,1967-11-20,2019-03-05,2019-03-05,,77ANL1,Data Analyst,ANLYT,RPT,T,Terminated,WSTMF,106,130,100791,"Castillo, Aisha",aisha.castillo@westmarkmanufacturing.com,100502_WSTMF,EE100502_CO002,0.42,2021-09-05
100503,EE100503,CO001,Nicholas,Nicholas,Torres,nicholas.torres@northernpipeline.com,2000-07-10,2019-03-05,2019-03-05,,07ACC2,Accountant,ACCTG,RFT,T,Terminated,NRTHP,120,180,101748,"Howard, Brian",brian.howard@northernpipeline.com,100503_NRTHP,EE100503_CO001,1.0,2022-12-08
100504,EE100504,CO002,Heather,Heather,Flores,heather.flores@westmarkmanufacturing.com,1982-02-04,2019-03-06,2019-03-06,,48OPS1,Operations Assistant,OPS,RFT,A,Active,WSTMF,107,40,101830,"Taylor, William",william.taylor@westmarkmanufacturing.com,100504_WSTMF,EE100504_CO002,1.0,
100505,EE100505,CO004,Stephanie,Stephanie,Larsson,stephanie.larsson@alpineconstruction.com,1993-04-21,2019-03-07,2019-03-07,,55TRD1,Apprentice Technician,TRD,RFT,A,Active,ALPNC,111,70,100206,"Richardson, Sakura",sakura.richardson@northernpipeline.com,100505_ALPNC,EE100505_CO004,1.0,
100506,EE100506,CO002,Heather,Heather,Johnson,heather.johnson@westmarkmanufacturing.com,1992-01-25,2019-03-08,2019-03-08,,50OPS3,Operations Specialist,OPS,CON,T,Terminated,WSTMF,108,40,102445,"Roberts, Alexander",alexander.roberts@northernpipeline.com,100506_WSTMF,EE100506_CO002,1.0,2025-06-26
100507,EE100507,CO003,Paul,Paul,Reyes,paul.reyes@prairieresources.ca,1992-03-17,2019-03-08,2019-03-08,,37IT4,Technical Lead,IT,RFT,T,Terminated,PRMRE,124,20,,,,100507_PRMRE,EE100507_CO003,1.0,2020-05-21
100508,EE100508,CO003,Heather,Heather,Turner,heather.turner@prairieresources.ca,1995-04-02,2019-03-08,2019-03-08,,48OPS1,Operations Assistant,OPS,RPT,T,Terminated,PRMRE,124,190,,,,100508_PRMRE,EE100508_CO003,0.42,2023-01-16
100509,EE100509,CO004,Anthony,Anthony,Nilsson,anthony.nilsson@alpineconstruction.com,1986-06-08,2019-03-11,2019-03-11,,05ACC1,Accounts Payable Clerk,ACCTG,RFT,T,Terminated,ALPNC,114,240,100980,"Kim, Laura",laura.kim@northernpipeline.com,100509_ALPNC,EE100509_CO004,1.0,2024-05-08
100510,EE100510,CO001,John,John,Thomas,john.thomas@northernpipeline.com,1995-05-25,2019-03-12,2019-03-12,,71MKT2,Marketing Specialist,MKTG,RFT,T,Terminated,NRTHP,103,140,,,,100510_NRTHP,EE100510_CO001,1.0,2019-12-11
100511,EE100511,CO002,Pamela,Pamela,Hughes,pamela.hughes@westmarkmanufacturing.com,1984-05-13,2019-03-12,2019-03-12,,70MKT1,Marketing Coordinator,MKTG,RFT,A,Active,WSTMF,118,130,100080,"Campbell, Carol",carol.campbell@prairieresources.ca,100511_WSTMF,EE100511_CO002,1.0,
100512,EE100512,CO002,Jason,Jason,Long,jason.long@westmarkmanufacturing.com,1987-07-05,2019-03-12,2019-03-12,,05ACC1,Accounts Payable Clerk,ACCTG,RFT,T,Terminated,WSTMF,110,240,102931,"Cook, Aaron",aaron.cook@westmarkmanufacturing.com,100512_WSTMF,EE100512_CO002,1.0,2022-01-06
100513,EE100513,CO002,Anna,Anna,Hill,anna.hill@westmarkmanufacturing.com,1989-09-18,2019-03-14,2019-03-14,,25HR1,HR Coordinator,HR,RFT,A,Active,WSTMF,115,30,102360,"Castillo, Timothy",timothy.castillo@westmarkmanufacturing.com,100513_WSTMF,EE100513_CO002,1.0,
100514,EE100514,CO004,Shirley,Shirley,Mitchell,shirley.mitchell@alpineconstruction.com,1997-02-26,2019-03-14,2019-03-14,,08ACC3,Senior Accountant,ACCTG,RPT,A,Active,ALPNC,100,40,102372,"Lopez, Jonathan",jonathan.lopez@alpineconstruction.com,100514_ALPNC,EE100514_CO004,0.66,
100515,EE100515,CO004,Giovanni,Giovanni,Castillo,giovanni.castillo@alpineconstruction.com,1992-04-29,2019-03-15,2019-03-15,,42SAL2,Account Executive,SALES,RFT,A,Active,ALPNC,124,240,100234,"Morgan, Kenji",kenji.morgan@westmarkmanufacturing.com,100515_ALPNC,EE100515_CO004,1.0,
100516,EE100516,CO002,Jacob,Jacob,Robinson,jacob.robinson@westmarkmanufacturing.com,1979-11-12,2019-03-18,2019-03-18,,19ENG2,Engineer,ENGR,RFT,T,Terminated,WSTMF,118,100,,,,100516_WSTMF,EE100516_CO002,1.0,2022-07-27
100517,EE100517,CO003,Katherine,Katherine,Chavez,katherine.chavez@prairieresources.ca,1981-11-03,2019-03-18,2019-03-18,,26HR2,HR Generalist,HR,RFT,T,Terminated,PRMRE,124,180,101270,"Roberts, Frank",frank.roberts@prairieresources.ca,100517_PRMRE,EE100517_CO003,1.0,2021-07-07
100518,EE100518,CO004,Christopher,Christopher,Bennett,christopher.bennett@alpineconstruction.com,1996-07-10,2019-03-18,2019-03-18,,25HR1,HR Coordinator,HR,RFT,T,Terminated,ALPNC,116,220,101724,"Morales, Fatima",fatima.morales@northernpipeline.com,100518_ALPNC,EE100518_CO004,1.0,2021-03-02
100519,EE100519,CO002,Eric,Eric,Larsson,eric.larsson@westmarkmanufacturing.com,1986-05-09,2019-03-18,2019-03-18,,90PRO3,Project Manager,PROJ,RPT,T,Terminated,WSTMF,106,220,,,,100519_WSTMF,EE100519_CO002,0.72,2025-10-28
100520,EE100520,CO004,Samantha,Samantha,Davis,samantha.davis@alpineconstruction.com,1979-11-12,2019-03-19,2019-03-19,,41SAL1,Sales Representative,SALES,RFT,T,Terminated,ALPNC,114,160,102948,"Diaz, Ashley",ashley.diaz@northernpipeline.com,100520_ALPNC,EE100520_CO004,1.0,2022-01-31
100521,EE100521,CO003,Charles,Charles,Young,charles.young@prairieresources.ca,2000-12-26,2019-03-21,2019-03-21,,71MKT2,Marketing Specialist,MKTG,RFT,T,Terminated,PRMRE,102,150,100842,"Reed, Larry",larry.reed@prairieresources.ca,100521_PRMRE,EE100521_CO003,1.0,2020-02-19
100522,EE100522,CO002,Kathleen,Kathleen,Zhang,kathleen.zhang@westmarkmanufacturing.com,1981-09-04,2019-03-22,2019-03-22,,78ANL2,Business Analyst,ANLYT,RFT,T,Terminated,WSTMF,110,30,101429,"Evans, Kathleen",kathleen.evans@westmarkmanufacturing.com,100522_WSTMF,EE100522_CO002,1.0,2019-08-02
100523,EE100523,CO001,Mei,Mei,Edwards,mei.edwards@northernpipeline.com,1993-07-24,2019-03-22,2019-03-22,,77ANL1,Data Analyst,ANLYT,RFT,T,Terminated,NRTHP,103,90,102416,"Cook, Astrid",astrid.cook@northernpipeline.com,100523_NRTHP,EE100523_CO001,1.0,2021-10-21
100524,EE100524,CO001,Jonathan,Jonathan,Gray,jonathan.gray@northernpipeline.com,1981-12-12,2019-03-22,2019-03-22,,83SUP4,Shift Supervisor,SUPV,TFT,T,Terminated,NRTHP,124,160,,,,100524_NRTHP,EE100524_CO001,1.0,2022-04-21
100525,EE100525,CO001,Sharon,Sharon,Jimenez,sharon.jimenez@northernpipeline.com,1994-04-07,2019-03-22,2019-03-22,,05ACC1,Accounts Payable Clerk,ACCTG,RFT,T,Terminated,NRTHP,119,60,101668,"Collins, Barbara",barbara.collins@northernpipeline.com,100525_NRTHP,EE100525_CO001,1.0,2023-01-19
100526,EE100526,CO004,Yuki,Yuki,Anderson,yuki.anderson@alpineconstruction.com,2000-06-18,2019-03-25,2019-03-25,,63WHS4,Warehouse Lead,WHSE,CON,T,Terminated,ALPNC,104,20,,,,100526_ALPNC,EE100526_CO004,1.0,2020-02-20
100527,EE100527,CO001,Edward,Edward,Miller,edward.miller@northernpipeline.com,2000-07-30,2019-03-26,2019-03-26,,48OPS1,Operations Assistant,OPS,RFT,T,Terminated,NRTHP,124,220,100427,"Brown, David",david.brown@westmarkmanufacturing.com,100527_NRTHP,EE100527_CO001,1.0,2022-10-08
100528,EE100528,CO001,Zara,Zara,Ramirez,zara.ramirez@northernpipeline.com,1986-05-14,2019-03-27,2019-03-27,,26HR2,HR Generalist,HR,RFT,A,Active,NRTHP,117,210,,,,100528_NRTHP,EE100528_CO001,1.0,
100529,EE100529,CO001,Christine,Christine,Zhang,christine.zhang@northernpipeline.com,1984-11-24,2019-03-28,2019-03-28,,19ENG2,Engineer,ENGR,RFT,A,Active,NRTHP,119,180,,,,100529_NRTHP,EE100529_CO001,1.0,
100530,EE100530,CO002,Daniel,Daniel,Liu,daniel.liu@westmarkmanufacturing.com,1997-02-09,2019-04-01,2019-04-01,,33IT2,Systems Administrator,IT,RPT,T,Terminated,WSTMF,113,180,,,,100530_WSTMF,EE100530_CO002,0.65,2023-07-15
100531,EE100531,CO003,Jessica,Jessica,Davis,jessica.davis@prairieresources.ca,1980-06-12,2019-04-02,2019-04-02,,02ADM2,Administrative Coordinator,ADMIN,TFT,T,Terminated,PRMRE,116,90,102267,"Schmidt, Kimberly",kimberly.schmidt@alpineconstruction.com,100531_PRMRE,EE100531_CO003,1.0,2019-11-17
100532,EE100532,CO001,Patrick,Patrick,Bennett,patrick.bennett@northernpipeline.com,2001-01-24,2019-04-04,2019-04-04,,33IT2,Systems Administrator,IT,TFT,T,Terminated,NRTHP,123,230,,,,100532_NRTHP,EE100532_CO001,1.0,2024-01-02
100533,EE100533,CO002,Justin,Justin,Martinez,justin.martinez@westmarkmanufacturing.com,1987-12-22,2019-04-04,2019-04-04,,72MKT3,Senior Marketing Specialist,MKTG,RPT,T,Terminated,WSTMF,102,70,,,,100533_WSTMF,EE100533_CO002,0.76,2025-01-11
100534,EE100534,CO002,Andrew,Andrew,Garcia,andrew.garcia@westmarkmanufacturing.com,2000-03-20,2019-04-05,2019-04-05,,72MKT3,Senior Marketing Specialist,MKTG,CON,T,Terminated,WSTMF,122,30,,,,100534_WSTMF,EE100534_CO002,1.0,2019-07-25
100535,EE100535,CO004,Dmitri,Dmitri,Wright,dmitri.wright@alpineconstruction.com,1993-04-18,2019-04-05,2019-04-05,,70MKT1,Marketing Coordinator,MKTG,RFT,A,Active,ALPNC,114,170,,,,100535_ALPNC,EE100535_CO004,1.0,
100536,EE100536,CO004,Cynthia,Cynthia,Stewart,cynthia.stewart@alpineconstruction.com,1987-03-17,2019-04-05,2019-04-05,,07ACC2,Accountant,ACCTG,RFT,T,Terminated,ALPNC,119,90,101592,"Nguyen, John",john.nguyen@northernpipeline.com,100536_ALPNC,EE100536_CO004,1.0,2023-10-03
100537,EE100537,CO004,Yuki,Yuki,Andersson,yuki.andersson@alpineconstruction.com,1995-05-06,2019-04-05,2019-04-05,,94LEG2,Paralegal,LEGAL,RFT,T,Terminated,ALPNC,102,190,102877,"Jackson, Pierre",pierre.jackson@prairieresources.ca,100537_ALPNC,EE100537_CO004,1.0,2023-12-18
100538,EE100538,CO001,Angela,Angela,Rodriguez,angela.rodriguez@northernpipeline.com,1991-02-05,2019-04-05,2019-04-05,,55TRD1,Apprentice Technician,TRD,RFT,T,Terminated,NRTHP,111,40,101448,"Chen, Kenneth",kenneth.chen@alpineconstruction.com,100538_NRTHP,EE100538_CO001,1.0,2019-11-05
100539,EE100539,CO001,Sharon,Sharon,Becker,sharon.becker@northernpipeline.com,1977-03-18,2019-04-05,2019-04-05,,18ENG1,Junior Engineer,ENGR,RPT,A,Active,NRTHP,101,190,102129,"Wood, Richard",richard.wood@northernpipeline.com,100539_NRTHP,EE100539_CO001,0.66,
100540,EE100540,CO001,Debra,Debra,Lopez,debra.lopez@northernpipeline.com,1992-08-14,2019-04-08,2019-04-08,,25HR1,HR Coordinator,HR,CON,T,Terminated,NRTHP,111,250,102191,"Green, Cynthia",cynthia.green@alpineconstruction.com,100540_NRTHP,EE100540_CO001,1.0,2023-06-25
100541,EE100541,CO002,Carol,Carol,Reed,carol.reed@westmarkmanufacturing.com,1978-08-26,2019-04-08,2019-04-08,,27HR3,Senior HR Generalist,HR,RFT,T,Terminated,WSTMF,118,210,101721,"Larsson, Aaron",aaron.larsson@northernpipeline.com,100541_WSTMF,EE100541_CO002,1.0,2019-09-18
100542,EE100542,CO002,Wei,Wei,Parker,wei.parker@westmarkmanufacturing.com,1998-10-16,2019-04-08,2019-04-08,,78ANL2,Business Analyst,ANLYT,RFT,T,Terminated,WSTMF,124,220,100427,"Brown, David",david.brown@westmarkmanufacturing.com,100542_WSTMF,EE100542_CO002,1.0,2019-08-15
100543,EE100543,CO001,Lars,Lars,Diaz,lars.diaz@northernpipeline.com,1981-11-08,2019-04-09,2019-04-09,,02ADM2,Administrative Coordinator,ADMIN,RPT,T,Terminated,NRTHP,120,40,,,,100543_NRTHP,EE100543_CO001,0.6,2020-12-16
100544,EE100544,CO004,Cynthia,Cynthia,Eriksson,cynthia.eriksson@alpineconstruction.com,1972-09-14,2019-04-10,2019-04-10,,66TEC2,Service Technician,TECH,CON,A,Active,ALPNC,116,30,102136,"Zhang, Anthony",anthony.zhang@northernpipeline.com,100544_ALPNC,EE100544_CO004,1.0,
100545,EE100545,CO003,Michael,Michael,Ross,michael.ross@prairieresources.ca,2000-05-08,2019-04-11,2019-04-11,,94LEG2,Paralegal,LEGAL,RFT,A,Active,PRMRE,115,130,101190,"Morris, Julie",julie.morris@prairieresources.ca,100545_PRMRE,EE100545_CO003,1.0,
100546,EE100546,CO001,Priya,Priya,Ruiz,priya.ruiz@northernpipeline.com,1994-05-02,2019-04-12,2019-04-12,,08ACC3,Senior Accountant,ACCTG,RFT,A,Active,NRTHP,100,200,,,,100546_NRTHP,EE100546_CO001,1.0,
100547,EE100547,CO003,Carolyn,Carolyn,Nelson,carolyn.nelson@prairieresources.ca,1981-12-11,2019-04-12,2019-04-12,,62WHS3,Senior Warehouse Clerk,WHSE,CON,T,Terminated,PRMRE,121,30,,,,100547_PRMRE,EE100547_CO003,1.0,2020-11-18
100548,EE100548,CO001,Emma,Emma,Price,emma.price@northernpipeline.com,1989-11-18,2019-04-12,2019-04-12,,33IT2,Systems Administrator,IT,RFT,A,Active,NRTHP,121,70,,,,100548_NRTHP,EE100548_CO001,1.0,
100549,EE100549,CO003,Edward,Edward,Martinez,edward.martinez@prairieresources.ca,1983-12-17,2019-04-12,2019-04-12,,26HR2,HR Generalist,HR,RFT,T,Terminated,PRMRE,124,170,102836,"Alvarez, Deborah",deborah.alvarez@westmarkmanufacturing.com,100549_PRMRE,EE100549_CO003,1.0,2020-04-27
100550,EE100550,CO004,Patrick,Patrick,Nilsson,patrick.nilsson@alpineconstruction.com,1993-12-13,2019-04-12,2019-04-12,,13CSR1,Customer Service Representative,CSR,RFT,T,Terminated,ALPNC,100,190,102532,"Brown, Melissa",melissa.brown@westmarkmanufacturing.com,100550_ALPNC,EE100550_CO004,1.0,2024-01-27
100551,EE100551,CO004,Kenneth,Kenneth,Alvarez,kenneth.alvarez@alpineconstruction.com,1986-05-08,2019-04-12,2019-04-12,,05ACC1,Accounts Payable Clerk,ACCTG,CON,A,Active,ALPNC,104,50,102316,"Watson, Heather",heather.watson@westmarkmanufacturing.com,100551_ALPNC,EE100551_CO004,1.0,
100552,EE100552,CO004,Adam,Adam,Hall,adam.hall@alpineconstruction.com,1989-01-03,2019-04-15,2019-04-15,,48OPS1,Operations Assistant,OPS,RFT,T,Terminated,ALPNC,104,50,102316,"Watson, Heather",heather.watson@westmarkmanufacturing.com,100552_ALPNC,EE100552_CO004,1.0,2021-03-07
100553,EE100553,CO002,Hans,Hans,Mendoza,hans.mendoza@westmarkmanufacturing.com,1975-07-14,2019-04-16,2019-04-16,,61WHS2,Warehouse Clerk,WHSE,RFT,T,Terminated,WSTMF,110,130,,,,100553_WSTMF,EE100553_CO002,1.0,2020-04-02
100554,EE100554,CO004,Jeffrey,Jeffrey,Lopez,jeffrey.lopez@alpineconstruction.com,1984-10-25,2019-04-18,2019-04-18,,25HR1,HR Coordinator,HR,RPT,T,Terminated,ALPNC,111,60,102908,"Reed, Richard",richard.reed@westmarkmanufacturing.com,100554_ALPNC,EE100554_CO004,0.64,2021-10-12
100555,EE100555,CO003,Lisa,Lisa,Meyer,lisa.meyer@prairieresources.ca,1983-05-13,2019-04-19,2019-04-19,,94LEG2,Paralegal,LEGAL,TFT,T,Terminated,PRMRE,117,10,101488,"Castillo, Sandra",sandra.castillo@prairieresources.ca,100555_PRMRE,EE100555_CO003,1.0,2019-06-03
100556,EE100556,CO004,Michael,Michael,Ross,michael.ross@alpineconstruction.com,1991-11-05,2019-04-22,2019-04-22,,48OPS1,Operations Assistant,OPS,RFT,A,Active,ALPNC,116,250,,,,100556_ALPNC,EE100556_CO004,1.0,
100557,EE100557,CO001,Justin,Justin,Collins,justin.collins@northernpipeline.com,1991-11-14,2019-04-23,2019-04-23,,19ENG2,Engineer,ENGR,RPT,T,Terminated,NRTHP,114,210,,,,100557_NRTHP,EE100557_CO001,0.77,2019-05-16
100558,EE100558,CO001,Olivia,Olivia,Jimenez,olivia.jimenez@northernpipeline.com,1992-03-21,2019-04-24,2019-04-24,,65TEC1,Field Technician,TECH,CON,T,Terminated,NRTHP,121,140,101613,"Baker, Pierre",pierre.baker@alpineconstruction.com,100558_NRTHP,EE100558_CO001,1.0,2020-08-12
100559,EE100559,CO001,Mary,Mary,James,mary.james@northernpipeline.com,1984-03-23,2019-04-24,2019-04-24,,77ANL1,Data Analyst,ANLYT,RFT,T,Terminated,NRTHP,104,240,,,,100559_NRTHP,EE100559_CO001,1.0,2019-09-07
100560,EE100560,CO003,Fatima,Fatima,Robinson,fatima.robinson@prairieresources.ca,1991-06-24,2019-04-24,2019-04-24,,06ACC1,Accounts Receivable Clerk,ACCTG,RFT,T,Terminated,PRMRE,116,170,,,,100560_PRMRE,EE100560_CO003,1.0,2023-02-13
100561,EE100561,CO003,Joshua,Joshua,Mueller,joshua.mueller@prairieresources.ca,1984-10-10,2019-04-25,2019-04-25,,43SAL3,Senior Account Executive,SALES,RFT,T,Terminated,PRMRE,122,160,100003,"Liu, Barbara",barbara.liu@northernpipeline.com,100561_PRMRE,EE100561_CO003,1.0,2023-03-10
100562,EE100562,CO003,Fatima,Fatima,Bennett,fatima.bennett@prairieresources.ca,1967-03-27,2019-04-26,2019-04-26,,15CSR3,Senior Customer Service Specialist,CSR,RFT,T,Terminated,PRMRE,100,130,101590,"Karlsson, Aaron",aaron.karlsson@prairieresources.ca,100562_PRMRE,EE100562_CO003,1.0,2025-06-11
100563,EE100563,CO002,Eric,Eric,Li,eric.li@westmarkmanufacturing.com,1978-06-25,2019-04-26,2019-04-26,,57TRD3,Senior Technician,TRD,RPT,A,Active,WSTMF,108,200,,,,100563_WSTMF,EE100563_CO002,0.66,
100564,EE100564,CO002,Kenneth,Kenneth,Bennett,kenneth.bennett@westmarkmanufacturing.com,1991-03-01,2019-04-26,2019-04-26,,79ANL3,Senior Data Analyst,ANLYT,RFT,T,Terminated,WSTMF,104,40,100700,"Jackson, Tyler",tyler.jackson@westmarkmanufacturing.com,100564_WSTMF,EE100564_CO002,1.0,2019-12-23
100565,EE100565,CO004,Kimberly,Kimberly,Kelly,kimberly.kelly@alpineconstruction.com,1974-12-19,2019-04-26,2019-04-26,,56TRD2,Journeyman Technician,TRD,CON,T,Terminated,ALPNC,114,70,,,,100565_ALPNC,EE100565_CO004,1.0,2023-02-23
100566,EE100566,CO004,Diane,Diane,Peterson,diane.peterson@alpineconstruction.com,1992-02-12,2019-04-26,2019-04-26,,38IT5,IT Manager,IT,RFT,T,Terminated,ALPNC,102,220,,,,100566_ALPNC,EE100566_CO004,1.0,2019-06-20
100567,EE100567,CO002,Brian,Brian,Reed,brian.reed@westmarkmanufacturing.com,2000-10-29,2019-04-26,2019-04-26,,02ADM2,Administrative Coordinator,ADMIN,RFT,T,Terminated,WSTMF,111,130,100890,"Green, Ryan",ryan.green@alpineconstruction.com,100567_WSTMF,EE100567_CO002,1.0,2022-08-22
100568,EE100568,CO001,Lisa,Lisa,Cruz,lisa.cruz@northernpipeline.com,1997-06-10,2019-04-26,2019-04-26,,09ACC4,Accounting Lead,ACCTG,RFT,T,Terminated,NRTHP,104,140,,,,100568_NRTHP,EE100568_CO001,1.0,2025-03-18
100569,EE100569,CO004,Shirley,Shirley,Olsson,shirley.olsson@alpineconstruction.com,2000-12-15,2019-04-26,2019-04-26,,95LEG3,Legal Counsel,LEGAL,RFT,A,Active,ALPNC,112,190,100738,"Jones, Dennis",dennis.jones@alpineconstruction.com,100569_ALPNC,EE100569_CO004,1.0,
100570,EE100570,CO003,Giovanni,Giovanni,Reyes,giovanni.reyes@prairieresources.ca,1990-12-27,2019-04-26,2019-04-26,,02ADM2,Administrative Coordinator,ADMIN,RFT,T,Terminated,PRMRE,118,190,,,,100570_PRMRE,EE100570_CO003,1.0,2020-07-07
100571,EE100571,CO004,Christine,Christine,Torres,christine.torres@alpineconstruction.com,1987-04-03,2019-04-26,2019-04-26,,55TRD1,Apprentice Technician,TRD,RPT,A,Active,ALPNC,121,200,102280,"Gomez, Virginia",virginia.gomez@northernpipeline.com,100571_ALPNC,EE100571_CO004,0.68,
100572,EE100572,CO003,Zara,Zara,Baker,zara.baker@prairieresources.ca,1970-10-07,2019-04-26,2019-04-26,,41SAL1,Sales Representative,SALES,CON,T,Terminated,PRMRE,115,30,102360,"Castillo, Timothy",timothy.castillo@westmarkmanufacturing.com,100572_PRMRE,EE100572_CO003,1.0,2020-06-19
100573,EE100573,CO001,Raj,Raj,Bailey,raj.bailey@northernpipeline.com,1983-12-14,2019-04-26,2019-04-26,,06ACC1,Accounts Receivable Clerk,ACCTG,RPT,A,Active,NRTHP,111,80,100773,"Olsson, Debra",debra.olsson@alpineconstruction.com,100573_NRTHP,EE100573_CO001,0.78,
100574,EE100574,CO003,Fatima,Fatima,Ramos,fatima.ramos@prairieresources.ca,1989-06-10,2019-04-26,2019-04-26,,65TEC1,Field Technician,TECH,CON,T,Terminated,PRMRE,105,140,101279,"Gomez, Kathleen",kathleen.gomez@westmarkmanufacturing.com,100574_PRMRE,EE100574_CO003,1.0,2020-07-08
100575,EE100575,CO001,Janet,Janet,Carter,janet.carter@northernpipeline.com,1978-10-18,2019-04-26,2019-04-26,,08ACC3,Senior Accountant,ACCTG,RFT,A,Active,NRTHP,115,190,100276,"Davis, Maria",maria.davis@alpineconstruction.com,100575_NRTHP,EE100575_CO001,1.0,
100576,EE100576,CO004,Linda,Linda,Kumar,linda.kumar@alpineconstruction.com,2001-01-29,2019-05-01,2019-05-01,,14CSR2,Customer Service Specialist,CSR,RPT,A,Active,ALPNC,121,120,101473,"Mueller, Giovanni",giovanni.mueller@northernpipeline.com,100576_ALPNC,EE100576_CO004,0.61,
100577,EE100577,CO003,Maria,Maria,Watson,maria.watson@prairieresources.ca,1984-09-30,2019-05-01,2019-05-01,,65TEC1,Field Technician,TECH,RPT,T,Terminated,PRMRE,117,30,102438,"Kumar, Dorothy",dorothy.kumar@northernpipeline.com,100577_PRMRE,EE100577_CO003,0.73,2021-01-22
100578,EE100578,CO001,Christine,Christine,Roberts,christine.roberts@northernpipeline.com,1980-02-08,2019-05-01,2019-05-01,,66TEC2,Service Technician,TECH,RFT,T,Terminated,NRTHP,119,30,,,,100578_NRTHP,EE100578_CO001,1.0,2022-12-09
100579,EE100579,CO004,Steven,Steven,Collins,steven.collins@alpineconstruction.com,2000-05-27,2019-05-02,2019-05-02,,07ACC2,Accountant,ACCTG,RFT,T,Terminated,ALPNC,115,80,101251,"Li, Matthew",matthew.li@westmarkmanufacturing.com,100579_ALPNC,EE100579_CO004,1.0,2022-02-18
100580,EE100580,CO002,Kenneth,Kenneth,Patel,kenneth.patel@westmarkmanufacturing.com,1975-10-10,2019-05-02,2019-05-02,,70MKT1,Marketing Coordinator,MKTG,TFT,T,Terminated,WSTMF,100,30,101389,"Stewart, Jacob",jacob.stewart@alpineconstruction.com,100580_WSTMF,EE100580_CO002,1.0,2023-06-11
100581,EE100581,CO003,Olga,Olga,Shah,olga.shah@prairieresources.ca,1983-12-03,2019-05-03,2019-05-03,,61WHS2,Warehouse Clerk,WHSE,CON,T,Terminated,PRMRE,100,70,,,,100581_PRMRE,EE100581_CO003,1.0,2020-07-22
100582,EE100582,CO002,Jacob,Jacob,Eriksson,jacob.eriksson@westmarkmanufacturing.com,1992-03-28,2019-05-03,2019-05-03,,55TRD1,Apprentice Technician,TRD,CON,A,Active,WSTMF,104,20,100864,"Moore, Benjamin",benjamin.moore@alpineconstruction.com,100582_WSTMF,EE100582_CO002,1.0,
100583,EE100583,CO001,Jose,Jose,Foster,jose.foster@northernpipeline.com,1980-09-23,2019-05-03,2019-05-03,,91PRO4,Senior Project Manager,PROJ,RPT,T,Terminated,NRTHP,121,40,,,,100583_NRTHP,EE100583_CO001,0.4,2021-06-13
100584,EE100584,CO002,Heather,Heather,Wood,heather.wood@westmarkmanufacturing.com,1964-08-27,2019-05-03,2019-05-03,,64WHS5,Warehouse Manager,WHSE,RFT,A,Active,WSTMF,110,80,,,,100584_WSTMF,EE100584_CO002,1.0,
100585,EE100585,CO004,Donna,Donna,Mitchell,donna.mitchell@alpineconstruction.com,1985-07-06,2019-05-06,2019-05-06,,34IT2,Software Developer,IT,RFT,T,Terminated,ALPNC,112,250,,,,100585_ALPNC,EE100585_CO004,1.0,2019-11-10
100586,EE100586,CO003,Scott,Scott,Rogers,scott.rogers@prairieresources.ca,1985-05-02,2019-05-07,2019-05-07,,90PRO3,Project Manager,PROJ,TAW,A,Active,PRMRE,121,230,102034,"Bailey, Amanda",amanda.bailey@alpineconstruction.com,100586_PRMRE,EE100586_CO003,1.0,
100587,EE100587,CO004,Linda,Linda,Evans,linda.evans@alpineconstruction.com,1991-08-02,2019-05-07,2019-05-07,,14CSR2,Customer Service Specialist,CSR,RFT,T,Terminated,ALPNC,102,210,101824,"Martin, Edward",edward.martin@prairieresources.ca,100587_ALPNC,EE100587_CO004,1.0,2019-10-22
100588,EE100588,CO003,Eric,Eric,Alvarez,eric.alvarez@prairieresources.ca,1995-11-17,2019-05-08,2019-05-08,,25HR1,HR Coordinator,HR,RFT,T,Terminated,PRMRE,122,70,101370,"Nilsson, Samantha",samantha.nilsson@westmarkmanufacturing.com,100588_PRMRE,EE100588_CO003,1.0,2020-08-17
100589,EE100589,CO002,Emily,Emily,Hill,emily.hill@westmarkmanufacturing.com,1978-10-04,2019-05-08,2019-05-08,,48OPS1,Operations Assistant,OPS,RFT,A,Active,WSTMF,105,30,101914,"Rodriguez, Carlos",carlos.rodriguez@prairieresources.ca,100589_WSTMF,EE100589_CO002,1.0,
100590,EE100590,CO002,John,John,Smith,john.smith@westmarkmanufacturing.com,1995-11-10,2019-05-09,2019-05-09,,09ACC4,Accounting Lead,ACCTG,RFT,T,Terminated,WSTMF,124,220,100427,"Brown, David",david.brown@westmarkmanufacturing.com,100590_WSTMF,EE100590_CO002,1.0,2020-10-07
100591,EE100591,CO003,Kenji,Kenji,Ross,kenji.ross@prairieresources.ca,1987-03-21,2019-05-09,2019-05-09,,34IT2,Software Developer,IT,RFT,T,Terminated,PRMRE,118,110,,,,100591_PRMRE,EE100591_CO003,1.0,2020-04-01
100592,EE100592,CO003,Jessica,Jessica,Martin,jessica.martin@prairieresources.ca,1992-01-30,2019-05-09,2019-05-09,,27HR3,Senior HR Generalist,HR,RFT,T,Terminated,PRMRE,100,190,102532,"Brown, Melissa",melissa.brown@westmarkmanufacturing.com,100592_PRMRE,EE100592_CO003,1.0,2021-03-11
100593,EE100593,CO003,Daniel,Daniel,Castillo,daniel.castillo@prairieresources.ca,1982-07-24,2019-05-09,2019-05-09,,48OPS1,Operations Assistant,OPS,RFT,A,Active,PRMRE,105,140,101279,"Gomez, Kathleen",kathleen.gomez@westmarkmanufacturing.com,100593_PRMRE,EE100593_CO003,1.0,
100594,EE100594,CO001,Justin,Justin,Castillo,justin.castillo@northernpipeline.com,1984-01-17,2019-05-09,2019-05-09,,94LEG2,Paralegal,LEGAL,RFT,T,Terminated,NRTHP,116,100,102766,"Nelson, Emily",emily.nelson@prairieresources.ca,100594_NRTHP,EE100594_CO001,1.0,2019-10-31
100595,EE100595,CO001,Karen,Karen,Nguyen,karen.nguyen@northernpipeline.com,1976-08-05,2019-05-10,2019-05-10,,61WHS2,Warehouse Clerk,WHSE,RFT,T,Terminated,NRTHP,114,180,102185,"Mueller, Jonathan",jonathan.mueller@northernpipeline.com,100595_NRTHP,EE100595_CO001,1.0,2019-12-05
100596,EE100596,CO003,Shirley,Shirley,Weber,shirley.weber@prairieresources.ca,1992-10-18,2019-05-10,2019-05-10,,34IT2,Software Developer,IT,RFT,T,Terminated,PRMRE,115,220,102648,"Flores, Ashley",ashley.flores@prairieresources.ca,100596_PRMRE,EE100596_CO003,1.0,2023-12-21
100597,EE100597,CO004,Henry,Henry,Parker,henry.parker@alpineconstruction.com,1989-09-17,2019-05-10,2019-05-10,,95LEG3,Legal Counsel,LEGAL,RFT,A,Active,ALPNC,121,20,100758,"Nelson, Diane",diane.nelson@prairieresources.ca,100597_ALPNC,EE100597_CO004,1.0,
100598,EE100598,CO002,Ingrid,Ingrid,Kelly,ingrid.kelly@westmarkmanufacturing.com,1996-10-29,2019-05-10,2019-05-10,,89PRO2,Project Coordinator,PROJ,RPT,A,Active,WSTMF,100,160,102626,"Diaz, Patricia",patricia.diaz@alpineconstruction.com,100598_WSTMF,EE100598_CO002,0.8,
100599,EE100599,CO003,Jonathan,Jonathan,Johansson,jonathan.johansson@prairieresources.ca,1991-08-06,2019-05-10,2019-05-10,,51OPS4,Operations Lead,OPS,RFT,A,Active,PRMRE,124,160,,,,100599_PRMRE,EE100599_CO003,1.0,
100600,EE100600,CO004,Stephen,Stephen,Hill,stephen.hill@alpineconstruction.com,1984-02-09,2019-05-13,2019-05-13,,42SAL2,Account Executive,SALES,RFT,T,Terminated,ALPNC,112,120,101486,"Peterson, Julie",julie.peterson@northernpipeline.com,100600_ALPNC,EE100600_CO004,1.0,2021-02-17
100601,EE100601,CO002,Zara,Zara,Moore,zara.moore@westmarkmanufacturing.com,1979-06-21,2019-05-13,2019-05-13,,14CSR2,Customer Service Specialist,CSR,RFT,T,Terminated,WSTMF,108,40,102445,"Roberts, Alexander",alexander.roberts@northernpipeline.com,100601_WSTMF,EE100601_CO002,1.0,2026-01-17
100602,EE100602,CO003,Yuki,Yuki,Hill,yuki.hill@prairieresources.ca,1997-04-04,2019-05-13,2019-05-13,,55TRD1,Apprentice Technician,TRD,RFT,A,Active,PRMRE,115,80,101251,"Li, Matthew",matthew.li@westmarkmanufacturing.com,100602_PRMRE,EE100602_CO003,1.0,
100603,EE100603,CO004,Christopher,Christopher,Gonzalez,christopher.gonzalez@alpineconstruction.com,1978-06-08,2019-05-14,2019-05-14,,70MKT1,Marketing Coordinator,MKTG,RFT,T,Terminated,ALPNC,112,170,102237,"Peterson, Lisa",lisa.peterson@northernpipeline.com,100603_ALPNC,EE100603_CO004,1.0,2025-10-03
100604,EE100604,CO002,Mei,Mei,Williams,mei.williams@westmarkmanufacturing.com,1974-02-05,2019-05-14,2019-05-14,,70MKT1,Marketing Coordinator,MKTG,RFT,T,Terminated,WSTMF,100,190,102532,"Brown, Melissa",melissa.brown@westmarkmanufacturing.com,100604_WSTMF,EE100604_CO002,1.0,2019-08-25
100605,EE100605,CO004,Nancy,Nancy,Cooper,nancy.cooper@alpineconstruction.com,1982-10-14,2019-05-14,2019-05-14,,02ADM2,Administrative Coordinator,ADMIN,RFT,T,Terminated,ALPNC,104,180,102929,"Parker, Anna",anna.parker@westmarkmanufacturing.com,100605_ALPNC,EE100605_CO004,1.0,2021-02-27
100606,EE100606,CO001,Olga,Olga,Scott,olga.scott@northernpipeline.com,1968-07-19,2019-05-17,2019-05-17,,81ANL5,Analytics Manager,ANLYT,RFT,T,Terminated,NRTHP,124,20,,,,100606_NRTHP,EE100606_CO001,1.0,2023-03-27
100607,EE100607,CO001,Fatima,Fatima,Diaz,fatima.diaz@northernpipeline.com,1995-02-10,2019-05-17,2019-05-17,,14CSR2,Customer Service Specialist,CSR,RFT,T,Terminated,NRTHP,103,210,,,,100607_NRTHP,EE100607_CO001,1.0,2022-03-16
100608,EE100608,CO001,Anna,Anna,Reyes,anna.reyes@northernpipeline.com,2000-03-28,2019-05-17,2019-05-17,,01ADM1,Administrative Assistant,ADMIN,RPT,T,Terminated,NRTHP,114,140,,,,100608_NRTHP,EE100608_CO001,0.59,2019-06-17
100609,EE100609,CO001,Margaret,Margaret,Jones,margaret.jones@northernpipeline.com,2000-12-01,2019-05-17,2019-05-17,,73MKT4,Marketing Lead,MKTG,RFT,T,Terminated,NRTHP,114,30,,,,100609_NRTHP,EE100609_CO001,1.0,2020-07-02
100610,EE100610,CO002,Isabella,Isabella,Li,isabella.li@westmarkmanufacturing.com,1973-01-15,2019-05-17,2019-05-17,,49OPS2,Operations Coordinator,OPS,RFT,T,Terminated,WSTMF,118,50,,,,100610_WSTMF,EE100610_CO002,1.0,2020-03-30
100611,EE100611,CO001,Nicholas,Nicholas,Harris,nicholas.harris@northernpipeline.com,1980-07-31,2019-05-17,2019-05-17,,41SAL1,Sales Representative,SALES,RFT,T,Terminated,NRTHP,109,230,,,,100611_NRTHP,EE100611_CO001,1.0,2019-12-25
100612,EE100612,CO002,Mohammed,Mohammed,Evans,mohammed.evans@westmarkmanufacturing.com,1987-12-14,2019-05-17,2019-05-17,,94LEG2,Paralegal,LEGAL,RPT,T,Terminated,WSTMF,118,230,100254,"Fischer, Jessica",jessica.fischer@westmarkmanufacturing.com,100612_WSTMF,EE100612_CO002,0.7,2019-07-07
100613,EE100613,CO002,Olga,Olga,Myers,olga.myers@westmarkmanufacturing.com,1985-01-07,2019-05-20,2019-05-20,,02ADM2,Administrative Coordinator,ADMIN,RFT,A,Active,WSTMF,104,190,100361,"Morgan, Richard",richard.morgan@northernpipeline.com,100613_WSTMF,EE100613_CO002,1.0,
100614,EE100614,CO002,Nicholas,Nicholas,Ramos,nicholas.ramos@westmarkmanufacturing.com,1999-02-12,2019-05-20,2019-05-20,,71MKT2,Marketing Specialist,MKTG,CON,T,Terminated,WSTMF,118,170,,,,100614_WSTMF,EE100614_CO002,1.0,2020-05-23
100615,EE100615,CO003,Rebecca,Rebecca,Jones,rebecca.jones@prairieresources.ca,1963-04-24,2019-05-21,2019-05-21,,14CSR2,Customer Service Specialist,CSR,RFT,T,Terminated,PRMRE,116,50,100007,"Becker, Gary",gary.becker@alpineconstruction.com,100615_PRMRE,EE100615_CO003,1.0,2020-10-25
100616,EE100616,CO001,Amy,Amy,Singh,amy.singh@northernpipeline.com,1986-02-18,2019-05-22,2019-05-22,,04ADM4,Executive Assistant,ADMIN,RFT,T,Terminated,NRTHP,109,140,,,,100616_NRTHP,EE100616_CO001,1.0,2019-10-14
100617,EE100617,CO004,Cynthia,Cynthia,Hughes,cynthia.hughes@alpineconstruction.com,1986-03-11,2019-05-22,2019-05-22,,96LEG4,Senior Legal Counsel,LEGAL,RPT,A,Active,ALPNC,102,140,,,,100617_ALPNC,EE100617_CO004,0.57,
100618,EE100618,CO004,Kathleen,Kathleen,Castillo,kathleen.castillo@alpineconstruction.com,1980-03-07,2019-05-22,2019-05-22,,36IT3,Senior Systems Administrator,IT,RFT,T,Terminated,ALPNC,116,60,102529,"Weber, Raymond",raymond.weber@prairieresources.ca,100618_ALPNC,EE100618_CO004,1.0,2019-11-14
100619,EE100619,CO003,Nancy,Nancy,Sanders,nancy.sanders@prairieresources.ca,1982-12-09,2019-05-23,2019-05-23,,08ACC3,Senior Accountant,ACCTG,RFT,A,Active,PRMRE,115,60,100038,"Edwards, Michael",michael.edwards@alpineconstruction.com,100619_PRMRE,EE100619_CO003,1.0,
100620,EE100620,CO001,Sakura,Sakura,Hall,sakura.hall@northernpipeline.com,1985-01-13,2019-05-24,2019-05-24,,21ENG4,Principal Engineer,ENGR,RFT,A,Active,NRTHP,102,80,,,,100620_NRTHP,EE100620_CO001,1.0,
100621,EE100621,CO004,Amanda,Amanda,Flores,amanda.flores@alpineconstruction.com,1994-11-03,2019-05-24,2019-05-24,,20ENG3,Senior Engineer,ENGR,RFT,T,Terminated,ALPNC,112,190,100738,"Jones, Dennis",dennis.jones@alpineconstruction.com,100621_ALPNC,EE100621_CO004,1.0,2020-04-27
100622,EE100622,CO004,Debra,Debra,Bailey,debra.bailey@alpineconstruction.com,1983-05-31,2019-05-24,2019-05-24,,50OPS3,Operations Specialist,OPS,RPT,T,Terminated,ALPNC,112,50,,,,100622_ALPNC,EE100622_CO004,0.61,2025-03-12
100623,EE100623,CO002,Justin,Justin,Adams,justin.adams@westmarkmanufacturing.com,1968-12-26,2019-05-24,2019-05-24,,24ENG7,VP of Engineering,ENGR,RFT,A,Active,WSTMF,122,170,,,,100623_WSTMF,EE100623_CO002,1.0,
100624,EE100624,CO004,Ahmed,Ahmed,Wood,ahmed.wood@alpineconstruction.com,1974-03-31,2019-05-24,2019-05-24,,69TEC5,Technical Services Manager,TECH,RFT,A,Active,ALPNC,121,110,,,,100624_ALPNC,EE100624_CO004,1.0,
100625,EE100625,CO002,Shirley,Shirley,Rodriguez,shirley.rodriguez@westmarkmanufacturing.com,1972-01-22,2019-05-27,2019-05-27,,20ENG3,Senior Engineer,ENGR,RFT,A,Active,WSTMF,108,100,,,,100625_WSTMF,EE100625_CO002,1.0,
100626,EE100626,CO003,Nathan,Nathan,Becker,nathan.becker@prairieresources.ca,1992-10-05,2019-05-28,2019-05-28,,78ANL2,Business Analyst,ANLYT,RPT,T,Terminated,PRMRE,118,250,102494,"Singh, Jerry",jerry.singh@westmarkmanufacturing.com,100626_PRMRE,EE100626_CO003,0.76,2019-10-16
100627,EE100627,CO004,Olga,Olga,Perez,olga.perez@alpineconstruction.com,1996-09-26,2019-05-31,2019-05-31,,92PRO5,Program Manager,PROJ,TFT,T,Terminated,ALPNC,104,130,,,,100627_ALPNC,EE100627_CO004,1.0,2022-12-12
100628,EE100628,CO003,Dorothy,Dorothy,Ruiz,dorothy.ruiz@prairieresources.ca,1989-04-26,2019-06-03,2019-06-03,,65TEC1,Field Technician,TECH,RFT,A,Active,PRMRE,105,80,101419,"Morales, Mary",mary.morales@prairieresources.ca,100628_PRMRE,EE100628_CO003,1.0,
100629,EE100629,CO003,Janet,Janet,Murphy,janet.murphy@prairieresources.ca,1986-08-11,2019-06-04,2019-06-04,,50OPS3,Operations Specialist,OPS,RFT,A,Active,PRMRE,100,40,102372,"Lopez, Jonathan",jonathan.lopez@alpineconstruction.com,100629_PRMRE,EE100629_CO003,1.0,
100630,EE100630,CO004,Dorothy,Dorothy,Alvarez,dorothy.alvarez@alpineconstruction.com,1976-07-20,2019-06-05,2019-06-05,,43SAL3,Senior Account Executive,SALES,RFT,T,Terminated,ALPNC,100,100,,,,100630_ALPNC,EE100630_CO004,1.0,2020-01-25
100631,EE100631,CO002,Wei,Wei,Mueller,wei.mueller@westmarkmanufacturing.com,2001-04-18,2019-06-06,2019-06-06,,35IT3,Senior Developer,IT,CON,T,Terminated,WSTMF,100,50,101996,"Scott, Ashley",ashley.scott@prairieresources.ca,100631_WSTMF,EE100631_CO002,1.0,2020-09-17
100632,EE100632,CO001,Ahmed,Ahmed,Schneider,ahmed.schneider@northernpipeline.com,1972-02-24,2019-06-07,2019-06-07,,02ADM2,Administrative Coordinator,ADMIN,RFT,T,Terminated,NRTHP,118,20,,,,100632_NRTHP,EE100632_CO001,1.0,2021-08-13
100633,EE100633,CO004,Ruth,Ruth,Richardson,ruth.richardson@alpineconstruction.com,1989-02-13,2019-06-07,2019-06-07,,81ANL5,Analytics Manager,ANLYT,RFT,A,Active,ALPNC,112,90,,,,100633_ALPNC,EE100633_CO004,1.0,
100634,EE100634,CO001,Susan,Susan,Lewis,susan.lewis@northernpipeline.com,1991-07-18,2019-06-07,2019-06-07,,02ADM2,Administrative Coordinator,ADMIN,RFT,T,Terminated,NRTHP,103,200,,,,100634_NRTHP,EE100634_CO001,1.0,2020-10-13
100635,EE100635,CO001,Ronald,Ronald,Liu,ronald.liu@northernpipeline.com,1998-01-21,2019-06-10,2019-06-10,,29HR5,HR Manager,HR,RFT,T,Terminated,NRTHP,124,240,,,,100635_NRTHP,EE100635_CO001,1.0,2023-11-12
100636,EE100636,CO001,Jessica,Jessica,Ramirez,jessica.ramirez@northernpipeline.com,2001-04-15,2019-06-10,2019-06-10,,05ACC1,Accounts Payable Clerk,ACCTG,CON,T,Terminated,NRTHP,115,120,101288,"Baker, Brandon",brandon.baker@alpineconstruction.com,100636_NRTHP,EE100636_CO001,1.0,2021-03-07
100637,EE100637,CO003,Virginia,Virginia,Martinez,virginia.martinez@prairieresources.ca,1979-05-22,2019-06-10,2019-06-10,,42SAL2,Account Executive,SALES,RFT,T,Terminated,PRMRE,121,230,102034,"Bailey, Amanda",amanda.bailey@alpineconstruction.com,100637_PRMRE,EE100637_CO003,1.0,2019-08-14
100638,EE100638,CO004,Michelle,Michelle,Anderson,michelle.anderson@alpineconstruction.com,1987-01-11,2019-06-10,2019-06-10,,67TEC3,Senior Service Technician,TECH,RFT,T,Terminated,ALPNC,119,190,,,,100638_ALPNC,EE100638_CO004,1.0,2024-01-03
100639,EE100639,CO003,Astrid,Astrid,Liu,astrid.liu@prairieresources.ca,2000-03-20,2019-06-10,2019-06-10,,05ACC1,Accounts Payable Clerk,ACCTG,TFT,A,Active,PRMRE,123,80,,,,100639_PRMRE,EE100639_CO003,1.0,
100640,EE100640,CO001,Joyce,Joyce,Garcia,joyce.garcia@northernpipeline.com,1999-12-22,2019-06-10,2019-06-10,,15CSR3,Senior Customer Service Specialist,CSR,CON,T,Terminated,NRTHP,101,230,,,,100640_NRTHP,EE100640_CO001,1.0,2019-11-14
100641,EE100641,CO001,Joshua,Joshua,Rodriguez,joshua.rodriguez@northernpipeline.com,1990-10-07,2019-06-11,2019-06-11,,18ENG1,Junior Engineer,ENGR,RFT,A,Active,NRTHP,100,50,101996,"Scott, Ashley",ashley.scott@prairieresources.ca,100641_NRTHP,EE100641_CO001,1.0,
100642,EE100642,CO003,Sandra,Sandra,Singh,sandra.singh@prairieresources.ca,1970-10-14,2019-06-11,2019-06-11,,43SAL3,Senior Account Executive,SALES,RFT,T,Terminated,PRMRE,123,40,,,,100642_PRMRE,EE100642_CO003,1.0,2020-04-17
100643,EE100643,CO004,Frank,Frank,Nelson,frank.nelson@alpineconstruction.com,1990-05-09,2019-06-11,2019-06-11,,67TEC3,Senior Service Technician,TECH,RPT,T,Terminated,ALPNC,112,210,,,,100643_ALPNC,EE100643_CO004,0.69,2022-10-28
100644,EE100644,CO003,Carol,Carol,Ross,carol.ross@prairieresources.ca,2001-05-19,2019-06-12,2019-06-12,,33IT2,Systems Administrator,IT,RFT,A,Active,PRMRE,122,110,,,,100644_PRMRE,EE100644_CO003,1.0,
100645,EE100645,CO001,Michael,Michael,Cruz,michael.cruz@northernpipeline.com,1989-09-16,2019-06-13,2019-06-13,,35IT3,Senior Developer,IT,CON,T,Terminated,NRTHP,116,140,,,,100645_NRTHP,EE100645_CO001,1.0,2020-10-31
100646,EE100646,CO003,Barbara,Barbara,Gray,barbara.gray@prairieresources.ca,1990-04-26,2019-06-13,2019-06-13,,34IT2,Software Developer,IT,RFT,A,Active,PRMRE,105,30,101914,"Rodriguez, Carlos",carlos.rodriguez@prairieresources.ca,100646_PRMRE,EE100646_CO003,1.0,
100647,EE100647,CO004,Ronald,Ronald,Ward,ronald.ward@alpineconstruction.com,2000-09-02,2019-06-13,2019-06-13,,60WHS1,Warehouse Associate,WHSE,RFT,A,Active,ALPNC,115,230,101987,"Schmidt, Priya",priya.schmidt@westmarkmanufacturing.com,100647_ALPNC,EE100647_CO004,1.0,
100648,EE100648,CO001,Margaret,Margaret,Wong,margaret.wong@northernpipeline.com,1988-05-27,2019-06-14,2019-06-14,,89PRO2,Project Coordinator,PROJ,RFT,T,Terminated,NRTHP,117,110,,,,100648_NRTHP,EE100648_CO001,1.0,2023-09-19
100649,EE100649,CO001,Helen,Helen,Kumar,helen.kumar@northernpipeline.com,1989-08-15,2019-06-14,2019-06-14,,95LEG3,Legal Counsel,LEGAL,RPT,T,Terminated,NRTHP,120,250,,,,100649_NRTHP,EE100649_CO001,0.55,2019-07-25
100650,EE100650,CO002,Amy,Amy,Carter,amy.carter@westmarkmanufacturing.com,1980-12-06,2019-06-14,2019-06-14,,60WHS1,Warehouse Associate,WHSE,CON,T,Terminated,WSTMF,106,50,,,,100650_WSTMF,EE100650_CO002,1.0,2020-06-07
100651,EE100651,CO001,Linda,Linda,Diaz,linda.diaz@northernpipeline.com,1969-04-29,2019-06-17,2019-06-17,,19ENG2,Engineer,ENGR,RFT,T,Terminated,NRTHP,109,10,,,,100651_NRTHP,EE100651_CO001,1.0,2022-07-02
100652,EE100652,CO002,Larry,Larry,Smith,larry.smith@westmarkmanufacturing.com,1976-01-09,2019-06-18,2019-06-18,,84SUP5,Area Supervisor,SUPV,RFT,A,Active,WSTMF,124,90,,,,100652_WSTMF,EE100652_CO002,1.0,
100653,EE100653,CO001,Brandon,Brandon,Edwards,brandon.edwards@northernpipeline.com,1990-06-06,2019-06-18,2019-06-18,,18ENG1,Junior Engineer,ENGR,RPT,A,Active,NRTHP,109,50,101719,"Martinez, Amy",amy.martinez@northernpipeline.com,100653_NRTHP,EE100653_CO001,0.51,
100654,EE100654,CO002,Zara,Zara,Thompson,zara.thompson@westmarkmanufacturing.com,1998-07-16,2019-06-19,2019-06-19,,44SAL4,Sales Team Lead,SALES,CON,T,Terminated,WSTMF,102,70,,,,100654_WSTMF,EE100654_CO002,1.0,2020-09-30
100655,EE100655,CO004,Karen,Karen,Hill,karen.hill@alpineconstruction.com,1962-03-21,2019-06-20,2019-06-20,,65TEC1,Field Technician,TECH,RFT,T,Terminated,ALPNC,102,90,102610,"Stewart, Christine",christine.stewart@westmarkmanufacturing.com,100655_ALPNC,EE100655_CO004,1.0,2020-10-18
100656,EE100656,CO004,Joyce,Joyce,Andersson,joyce.andersson@alpineconstruction.com,1987-04-04,2019-06-20,2019-06-20,,06ACC1,Accounts Receivable Clerk,ACCTG,RFT,T,Terminated,ALPNC,116,250,,,,100656_ALPNC,EE100656_CO004,1.0,2022-09-09
100657,EE100657,CO002,Anthony,Anthony,Johansson,anthony.johansson@westmarkmanufacturing.com,1986-12-05,2019-06-21,2019-06-21,,34IT2,Software Developer,IT,TAW,T,Terminated,WSTMF,108,50,,,,100657_WSTMF,EE100657_CO002,1.0,2021-05-02
100658,EE100658,CO003,Joyce,Joyce,Cook,joyce.cook@prairieresources.ca,1987-11-05,2019-06-21,2019-06-21,,14CSR2,Customer Service Specialist,CSR,RFT,A,Active,PRMRE,116,50,100007,"Becker, Gary",gary.becker@alpineconstruction.com,100658_PRMRE,EE100658_CO003,1.0,
100659,EE100659,CO004,Benjamin,Benjamin,Walker,benjamin.walker@alpineconstruction.com,1985-12-20,2019-06-21,2019-06-21,,08ACC3,Senior Accountant,ACCTG,CON,A,Active,ALPNC,119,230,,,,100659_ALPNC,EE100659_CO004,1.0,
100660,EE100660,CO001,Nancy,Nancy,Liu,nancy.liu@northernpipeline.com,1989-02-13,2019-06-21,2019-06-21,,73MKT4,Marketing Lead,MKTG,RFT,T,Terminated,NRTHP,111,80,,,,100660_NRTHP,EE100660_CO001,1.0,2022-12-31
100661,EE100661,CO001,Andrew,Andrew,Roberts,andrew.roberts@northernpipeline.com,1993-05-27,2019-06-21,2019-06-21,,61WHS2,Warehouse Clerk,WHSE,RFT,A,Active,NRTHP,101,90,101169,"Schneider, Christopher",christopher.schneider@northernpipeline.com,100661_NRTHP,EE100661_CO001,1.0,
100662,EE100662,CO002,Henry,Henry,Li,henry.li@westmarkmanufacturing.com,1993-05-26,2019-06-21,2019-06-21,,21ENG4,Principal Engineer,ENGR,RFT,T,Terminated,WSTMF,105,10,,,,100662_WSTMF,EE100662_CO002,1.0,2020-01-10
100663,EE100663,CO001,Carolyn,Carolyn,Kim,carolyn.kim@northernpipeline.com,1988-01-17,2019-06-21,2019-06-21,,19ENG2,Engineer,ENGR,RFT,A,Active,NRTHP,111,100,,,,100663_NRTHP,EE100663_CO001,1.0,
100664,EE100664,CO001,Yuki,Yuki,Howard,yuki.howard@northernpipeline.com,1992-11-19,2019-06-24,2019-06-24,,60WHS1,Warehouse Associate,WHSE,RFT,T,Terminated,NRTHP,104,230,101952,"Phillips, Astrid",astrid.phillips@westmarkmanufacturing.com,100664_NRTHP,EE100664_CO001,1.0,2023-05-03
100665,EE100665,CO002,Carlos,Carlos,Karlsson,carlos.karlsson@westmarkmanufacturing.com,1994-08-06,2019-06-24,2019-06-24,,04ADM4,Executive Assistant,ADMIN,RFT,T,Terminated,WSTMF,118,180,,,,100665_WSTMF,EE100665_CO002,1.0,2019-07-01
100666,EE100666,CO004,Ruth,Ruth,Allen,ruth.allen@alpineconstruction.com,1985-07-16,2019-06-24,2019-06-24,,41SAL1,Sales Representative,SALES,RPT,T,Terminated,ALPNC,102,170,101871,"Martin, George",george.martin@alpineconstruction.com,100666_ALPNC,EE100666_CO004,0.4,2020-06-28
100667,EE100667,CO004,Nathan,Nathan,Ruiz,nathan.ruiz@alpineconstruction.com,1990-02-02,2019-06-27,2019-06-27,,14CSR2,Customer Service Specialist,CSR,RFT,T,Terminated,ALPNC,116,200,102378,"Cook, Patrick",patrick.cook@prairieresources.ca,100667_ALPNC,EE100667_CO004,1.0,2021-01-06
100668,EE100668,CO002,Jerry,Jerry,Richardson,jerry.richardson@westmarkmanufacturing.com,1972-03-10,2019-06-28,2019-06-28,,06ACC1,Accounts Receivable Clerk,ACCTG,RPT,A,Active,WSTMF,106,40,101842,"Adams, Aisha",aisha.adams@westmarkmanufacturing.com,100668_WSTMF,EE100668_CO002,0.65,
100669,EE100669,CO002,Linda,Linda,Parker,linda.parker@westmarkmanufacturing.com,2000-09-21,2019-07-01,2019-07-01,,33IT2,Systems Administrator,IT,CON,T,Terminated,WSTMF,122,120,100170,"Persson, Margaret",margaret.persson@prairieresources.ca,100669_WSTMF,EE100669_CO002,1.0,2021-01-17
100670,EE100670,CO003,Susan,Susan,Taylor,susan.taylor@prairieresources.ca,1977-01-16,2019-07-02,2019-07-02,,07ACC2,Accountant,ACCTG,RFT,A,Active,PRMRE,116,160,,,,100670_PRMRE,EE100670_CO003,1.0,
100671,EE100671,CO002,Ruth,Ruth,Roberts,ruth.roberts@westmarkmanufacturing.com,1974-09-23,2019-07-03,2019-07-03,,49OPS2,Operations Coordinator,OPS,RPT,A,Active,WSTMF,113,230,,,,100671_WSTMF,EE100671_CO002,0.59,
100672,EE100672,CO004,Jacob,Jacob,Li,jacob.li@alpineconstruction.com,2000-07-11,2019-07-03,2019-07-03,,63WHS4,Warehouse Lead,WHSE,RFT,T,Terminated,ALPNC,111,110,100019,"Wright, Kenji",kenji.wright@northernpipeline.com,100672_ALPNC,EE100672_CO004,1.0,2024-01-10
100673,EE100673,CO004,Kevin,Kevin,Nelson,kevin.nelson@alpineconstruction.com,1990-11-14,2019-07-05,2019-07-05,,05ACC1,Accounts Payable Clerk,ACCTG,RFT,A,Active,ALPNC,116,250,,,,100673_ALPNC,EE100673_CO004,1.0,
100674,EE100674,CO001,Lars,Lars,Mitchell,lars.mitchell@northernpipeline.com,1990-10-06,2019-07-05,2019-07-05,,42SAL2,Account Executive,SALES,RFT,T,Terminated,NRTHP,124,80,101078,"Cruz, Alexander",alexander.cruz@westmarkmanufacturing.com,100674_NRTHP,EE100674_CO001,1.0,2022-04-04
100675,EE100675,CO003,Kathleen,Kathleen,King,kathleen.king@prairieresources.ca,2001-06-18,2019-07-05,2019-07-05,,34IT2,Software Developer,IT,RPT,T,Terminated,PRMRE,121,250,100240,"Morris, Joshua",joshua.morris@northernpipeline.com,100675_PRMRE,EE100675_CO003,0.77,2019-10-20
100676,EE100676,CO001,Paul,Paul,Hughes,paul.hughes@northernpipeline.com,1994-12-26,2019-07-05,2019-07-05,,41SAL1,Sales Representative,SALES,RFT,A,Active,NRTHP,118,30,,,,100676_NRTHP,EE100676_CO001,1.0,
100677,EE100677,CO001,Joseph,Joseph,Miller,joseph.miller@northernpipeline.com,1998-09-10,2019-07-08,2019-07-08,,08ACC3,Senior Accountant,ACCTG,RFT,A,Active,NRTHP,102,150,100842,"Reed, Larry",larry.reed@prairieresources.ca,100677_NRTHP,EE100677_CO001,1.0,
100678,EE100678,CO001,Donald,Donald,Walker,donald.walker@northernpipeline.com,1969-12-09,2019-07-08,2019-07-08,,57TRD3,Senior Technician,TRD,RFT,T,Terminated,NRTHP,113,70,,,,100678_NRTHP,EE100678_CO001,1.0,2022-07-26
100679,EE100679,CO002,Sharon,Sharon,Gonzalez,sharon.gonzalez@westmarkmanufacturing.com,1978-01-05,2019-07-10,2019-07-10,,15CSR3,Senior Customer Service Specialist,CSR,RFT,T,Terminated,WSTMF,105,150,,,,100679_WSTMF,EE100679_CO002,1.0,2023-03-13
100680,EE100680,CO003,Sharon,Sharon,Morris,sharon.morris@prairieresources.ca,1974-10-26,2019-07-10,2019-07-10,,48OPS1,Operations Assistant,OPS,RFT,T,Terminated,PRMRE,117,200,101375,"Phillips, Alexander",alexander.phillips@prairieresources.ca,100680_PRMRE,EE100680_CO003,1.0,2020-05-08
100681,EE100681,CO004,Carolyn,Carolyn,Kim,carolyn.kim@alpineconstruction.com,1979-12-20,2019-07-11,2019-07-11,,66TEC2,Service Technician,TECH,RFT,T,Terminated,ALPNC,111,220,101356,"Schulz, Angela",angela.schulz@alpineconstruction.com,100681_ALPNC,EE100681_CO004,1.0,2022-03-07
100682,EE100682,CO003,Carlos,Carlos,Bailey,carlos.bailey@prairieresources.ca,1999-07-06,2019-07-11,2019-07-11,,21ENG4,Principal Engineer,ENGR,RFT,T,Terminated,PRMRE,100,30,,,,100682_PRMRE,EE100682_CO003,1.0,2020-03-03
100683,EE100683,CO004,Melissa,Melissa,Karlsson,melissa.karlsson@alpineconstruction.com,1992-10-05,2019-07-15,2019-07-15,,06ACC1,Accounts Receivable Clerk,ACCTG,RFT,T,Terminated,ALPNC,102,180,101822,"Jimenez, Melissa",melissa.jimenez@alpineconstruction.com,100683_ALPNC,EE100683_CO004,1.0,2022-10-27
100684,EE100684,CO002,Brandon,Brandon,Ross,brandon.ross@westmarkmanufacturing.com,1983-05-07,2019-07-15,2019-07-15,,32IT1,IT Support Technician,IT,CON,A,Active,WSTMF,100,180,102279,"Wood, John",john.wood@prairieresources.ca,100684_WSTMF,EE100684_CO002,1.0,
100685,EE100685,CO002,Deborah,Deborah,Robinson,deborah.robinson@westmarkmanufacturing.com,1999-12-10,2019-07-15,2019-07-15,,20ENG3,Senior Engineer,ENGR,RFT,T,Terminated,WSTMF,107,40,101830,"Taylor, William",william.taylor@westmarkmanufacturing.com,100685_WSTMF,EE100685_CO002,1.0,2020-07-11
100686,EE100686,CO003,Deborah,Deborah,Harris,deborah.harris@prairieresources.ca,1979-12-07,2019-07-16,2019-07-16,,08ACC3,Senior Accountant,ACCTG,RFT,A,Active,PRMRE,100,110,101160,"Andersson, Sarah",sarah.andersson@northernpipeline.com,100686_PRMRE,EE100686_CO003,1.0,
100687,EE100687,CO002,Catherine,Catherine,Thompson,catherine.thompson@westmarkmanufacturing.com,1990-04-19,2019-07-17,2019-07-17,,35IT3,Senior Developer,IT,RPT,T,Terminated,WSTMF,110,150,100466,"Ramirez, David",david.ramirez@westmarkmanufacturing.com,100687_WSTMF,EE100687_CO002,0.55,2020-06-08
100688,EE100688,CO004,Laura,Laura,Larsson,laura.larsson@alpineconstruction.com,1991-01-29,2019-07-17,2019-07-17,,32IT1,IT Support Technician,IT,RFT,A,Active,ALPNC,121,70,100548,"Price, Emma",emma.price@northernpipeline.com,100688_ALPNC,EE100688_CO004,1.0,
100689,EE100689,CO001,Shirley,Shirley,Bailey,shirley.bailey@northernpipeline.com,1979-12-08,2019-07-19,2019-07-19,,95LEG3,Legal Counsel,LEGAL,RFT,T,Terminated,NRTHP,124,70,102457,"Ross, Pamela",pamela.ross@westmarkmanufacturing.com,100689_NRTHP,EE100689_CO001,1.0,2020-06-11
100690,EE100690,CO002,Benjamin,Benjamin,Green,benjamin.green@westmarkmanufacturing.com,1983-06-01,2019-07-19,2019-07-19,,66TEC2,Service Technician,TECH,RFT,T,Terminated,WSTMF,102,200,,,,100690_WSTMF,EE100690_CO002,1.0,2022-03-30
100691,EE100691,CO004,Shirley,Shirley,Myers,shirley.myers@alpineconstruction.com,1991-01-16,2019-07-19,2019-07-19,,34IT2,Software Developer,IT,RPT,T,Terminated,ALPNC,102,80,100620,"Hall, Sakura",sakura.hall@northernpipeline.com,100691_ALPNC,EE100691_CO004,0.6,2020-10-18
100692,EE100692,CO001,Tyler,Tyler,Wang,tyler.wang@northernpipeline.com,1975-12-04,2019-07-19,2019-07-19,,83SUP4,Shift Supervisor,SUPV,RFT,A,Active,NRTHP,118,160,,,,100692_NRTHP,EE100692_CO001,1.0,
100693,EE100693,CO003,Julie,Julie,Hernandez,julie.hernandez@prairieresources.ca,1998-05-21,2019-07-19,2019-07-19,,60WHS1,Warehouse Associate,WHSE,RFT,A,Active,PRMRE,118,170,,,,100693_PRMRE,EE100693_CO003,1.0,
100694,EE100694,CO004,Ahmed,Ahmed,James,ahmed.james@alpineconstruction.com,1980-10-14,2019-07-22,2019-07-22,,07ACC2,Accountant,ACCTG,RFT,A,Active,ALPNC,124,30,101397,"Alvarez, Janet",janet.alvarez@prairieresources.ca,100694_ALPNC,EE100694_CO004,1.0,
100695,EE100695,CO004,Priya,Priya,Phillips,priya.phillips@alpineconstruction.com,1982-06-06,2019-07-22,2019-07-22,,19ENG2,Engineer,ENGR,TAW,A,Active,ALPNC,116,90,102267,"Schmidt, Kimberly",kimberly.schmidt@alpineconstruction.com,100695_ALPNC,EE100695_CO004,1.0,
100696,EE100696,CO002,Lisa,Lisa,Mitchell,lisa.mitchell@westmarkmanufacturing.com,1991-05-23,2019-07-22,2019-07-22,,04ADM4,Executive Assistant,ADMIN,RFT,T,Terminated,WSTMF,115,170,102467,"Hill, Lars",lars.hill@westmarkmanufacturing.com,100696_WSTMF,EE100696_CO002,1.0,2019-08-13
100697,EE100697,CO002,Sakura,Sakura,Foster,sakura.foster@westmarkmanufacturing.com,1984-03-19,2019-07-22,2019-07-22,,48OPS1,Operations Assistant,OPS,RFT,A,Active,WSTMF,113,240,102205,"Flores, Pierre",pierre.flores@northernpipeline.com,100697_WSTMF,EE100697_CO002,1.0,
100698,EE100698,CO003,Christine,Christine,Nilsson,christine.nilsson@prairieresources.ca,1999-11-15,2019-07-24,2019-07-24,,20ENG3,Senior Engineer,ENGR,RFT,A,Active,PRMRE,124,80,101078,"Cruz, Alexander",alexander.cruz@westmarkmanufacturing.com,100698_PRMRE,EE100698_CO003,1.0,
100699,EE100699,CO002,Catherine,Catherine,Castillo,catherine.castillo@westmarkmanufacturing.com,1978-04-26,2019-07-25,2019-07-25,,60WHS1,Warehouse Associate,WHSE,RFT,T,Terminated,WSTMF,107,190,,,,100699_WSTMF,EE100699_CO002,1.0,2025-02-02
100700,EE100700,CO002,Tyler,Tyler,Jackson,tyler.jackson@westmarkmanufacturing.com,1989-06-13,2019-07-26,2019-07-26,,68TEC4,Technical Specialist,TECH,RFT,A,Active,WSTMF,104,40,,,,100700_WSTMF,EE100700_CO002,1.0,
100701,EE100701,CO001,Brenda,Brenda,Baker,brenda.baker@northernpipeline.com,1993-07-18,2019-07-26,2019-07-26,,25HR1,HR Coordinator,HR,RFT,T,Terminated,NRTHP,120,190,,,,100701_NRTHP,EE100701_CO001,1.0,2020-12-12
100702,EE100702,CO002,Melissa,Melissa,Reed,melissa.reed@westmarkmanufacturing.com,1977-03-25,2019-07-26,2019-07-26,,78ANL2,Business Analyst,ANLYT,RFT,A,Active,WSTMF,100,150,,,,100702_WSTMF,EE100702_CO002,1.0,
100703,EE100703,CO001,Margaret,Margaret,Miller,margaret.miller@northernpipeline.com,1994-12-19,2019-07-26,2019-07-26,,19ENG2,Engineer,ENGR,RFT,T,Terminated,NRTHP,115,90,102088,"Moore, Matthew",matthew.moore@westmarkmanufacturing.com,100703_NRTHP,EE100703_CO001,1.0,2024-11-10
100704,EE100704,CO002,Marie,Marie,Hughes,marie.hughes@westmarkmanufacturing.com,2001-03-05,2019-07-26,2019-07-26,,02ADM2,Administrative Coordinator,ADMIN,RFT,T,Terminated,WSTMF,124,100,102781,"Bennett, Sandra",sandra.bennett@northernpipeline.com,100704_WSTMF,EE100704_CO002,1.0,2020-07-27
100705,EE100705,CO004,Richard,Richard,Mitchell,richard.mitchell@alpineconstruction.com,2000-08-14,2019-08-01,2019-08-01,,13CSR1,Customer Service Representative,CSR,RPT,T,Terminated,ALPNC,112,30,,,,100705_ALPNC,EE100705_CO004,0.73,2019-12-22
100706,EE100706,CO002,Debra,Debra,Richardson,debra.richardson@westmarkmanufacturing.com,1980-12-03,2019-08-02,2019-08-02,,80ANL4,Analytics Lead,ANLYT,RFT,T,Terminated,WSTMF,124,100,,,,100706_WSTMF,EE100706_CO002,1.0,2022-06-08
100707,EE100707,CO002,Aisha,Aisha,Yamamoto,aisha.yamamoto@westmarkmanufacturing.com,2000-05-14,2019-08-02,2019-08-02,,42SAL2,Account Executive,SALES,RFT,T,Terminated,WSTMF,113,150,,,,100707_WSTMF,EE100707_CO002,1.0,2024-09-21
100708,EE100708,CO001,Richard,Richard,Thomas,richard.thomas@northernpipeline.com,1970-01-01,2019-08-05,2019-08-05,,01ADM1,Administrative Assistant,ADMIN,RFT,T,Terminated,NRTHP,124,190,,,,100708_NRTHP,EE100708_CO001,1.0,2019-11-05
100709,EE100709,CO001,Sandra,Sandra,Gray,sandra.gray@northernpipeline.com,2000-08-27,2019-08-06,2019-08-06,,55TRD1,Apprentice Technician,TRD,RFT,T,Terminated,NRTHP,123,240,101281,"Green, George",george.green@prairieresources.ca,100709_NRTHP,EE100709_CO001,1.0,2019-10-01
100710,EE100710,CO004,Carolyn,Carolyn,Perez,carolyn.perez@alpineconstruction.com,1971-06-08,2019-08-07,2019-08-07,,35IT3,Senior Developer,IT,RPT,A,Active,ALPNC,119,170,101534,"Myers, Giovanni",giovanni.myers@alpineconstruction.com,100710_ALPNC,EE100710_CO004,0.43,
100711,EE100711,CO004,Katherine,Katherine,Wood,katherine.wood@alpineconstruction.com,1984-12-21,2019-08-08,2019-08-08,,14CSR2,Customer Service Specialist,CSR,RFT,A,Active,ALPNC,111,100,,,,100711_ALPNC,EE100711_CO004,1.0,
100712,EE100712,CO003,Diane,Diane,Price,diane.price@prairieresources.ca,1988-05-21,2019-08-08,2019-08-08,,72MKT3,Senior Marketing Specialist,MKTG,RFT,T,Terminated,PRMRE,100,110,101160,"Andersson, Sarah",sarah.andersson@northernpipeline.com,100712_PRMRE,EE100712_CO003,1.0,2020-11-15
100713,EE100713,CO002,Lars,Lars,Morris,lars.morris@westmarkmanufacturing.com,1992-11-06,2019-08-13,2019-08-13,,77ANL1,Data Analyst,ANLYT,RPT,T,Terminated,WSTMF,111,70,100206,"Richardson, Sakura",sakura.richardson@northernpipeline.com,100713_WSTMF,EE100713_CO002,0.54,2019-10-08
100714,EE100714,CO002,Eric,Eric,Schneider,eric.schneider@westmarkmanufacturing.com,1984-05-12,2019-08-13,2019-08-13,,19ENG2,Engineer,ENGR,RFT,T,Terminated,WSTMF,100,230,102585,"Howard, Fatima",fatima.howard@alpineconstruction.com,100714_WSTMF,EE100714_CO002,1.0,2022-06-14
100715,EE100715,CO001,Joseph,Joseph,Hernandez,joseph.hernandez@northernpipeline.com,1987-12-14,2019-08-14,2019-08-14,,02ADM2,Administrative Coordinator,ADMIN,RFT,T,Terminated,NRTHP,115,250,100992,"Moore, Ronald",ronald.moore@westmarkmanufacturing.com,100715_NRTHP,EE100715_CO001,1.0,2023-06-25
100716,EE100716,CO003,Carolyn,Carolyn,Schneider,carolyn.schneider@prairieresources.ca,1976-01-09,2019-08-14,2019-08-14,,15CSR3,Senior Customer Service Specialist,CSR,RFT,T,Terminated,PRMRE,122,130,102268,"Johansson, Eric",eric.johansson@westmarkmanufacturing.com,100716_PRMRE,EE100716_CO003,1.0,2021-07-18
100717,EE100717,CO004,Ruth,Ruth,Weber,ruth.weber@alpineconstruction.com,1985-11-09,2019-08-15,2019-08-15,,18ENG1,Junior Engineer,ENGR,RFT,A,Active,ALPNC,124,60,102033,"Anderson, Heather",heather.anderson@alpineconstruction.com,100717_ALPNC,EE100717_CO004,1.0,
100718,EE100718,CO003,Emily,Emily,Lee,emily.lee@prairieresources.ca,1986-03-04,2019-08-16,2019-08-16,,68TEC4,Technical Specialist,TECH,RFT,T,Terminated,PRMRE,100,80,,,,100718_PRMRE,EE100718_CO003,1.0,2020-09-30
100719,EE100719,CO001,Emily,Emily,Fischer,emily.fischer@northernpipeline.com,1991-02-09,2019-08-16,2019-08-16,,55TRD1,Apprentice Technician,TRD,RPT,A,Active,NRTHP,121,170,100093,"Hall, Jessica",jessica.hall@alpineconstruction.com,100719_NRTHP,EE100719_CO001,0.63,
100720,EE100720,CO002,Justin,Justin,Mendoza,justin.mendoza@westmarkmanufacturing.com,1988-04-22,2019-08-19,2019-08-19,,09ACC4,Accounting Lead,ACCTG,RFT,T,Terminated,WSTMF,110,110,,,,100720_WSTMF,EE100720_CO002,1.0,2020-07-16
100721,EE100721,CO004,Larry,Larry,Walker,larry.walker@alpineconstruction.com,1984-05-27,2019-08-20,2019-08-20,,09ACC4,Accounting Lead,ACCTG,RFT,A,Active,ALPNC,115,50,,,,100721_ALPNC,EE100721_CO004,1.0,
100722,EE100722,CO001,Ruth,Ruth,Wilson,ruth.wilson@northernpipeline.com,2001-06-01,2019-08-21,2019-08-21,,61WHS2,Warehouse Clerk,WHSE,RFT,T,Terminated,NRTHP,100,100,100277,"Evans, James",james.evans@westmarkmanufacturing.com,100722_NRTHP,EE100722_CO001,1.0,2024-03-27
100723,EE100723,CO003,Priya,Priya,Jimenez,priya.jimenez@prairieresources.ca,2000-10-13,2019-08-21,2019-08-21,,13CSR1,Customer Service Representative,CSR,RFT,A,Active,PRMRE,123,200,101298,"Schmidt, Ruth",ruth.schmidt@prairieresources.ca,100723_PRMRE,EE100723_CO003,1.0,
100724,EE100724,CO004,Samuel,Samuel,Lee,samuel.lee@alpineconstruction.com,1980-02-04,2019-08-23,2019-08-23,,61WHS2,Warehouse Clerk,WHSE,RFT,T,Terminated,ALPNC,104,250,102707,"Kim, Maria",maria.kim@alpineconstruction.com,100724_ALPNC,EE100724_CO004,1.0,2025-01-14
100725,EE100725,CO003,Anthony,Anthony,Green,anthony.green@prairieresources.ca,1986-07-23,2019-08-23,2019-08-23,,77ANL1,Data Analyst,ANLYT,CON,T,Terminated,PRMRE,100,30,101389,"Stewart, Jacob",jacob.stewart@alpineconstruction.com,100725_PRMRE,EE100725_CO003,1.0,2022-07-11
100726,EE100726,CO002,Pamela,Pamela,Miller,pamela.miller@westmarkmanufacturing.com,1989-02-22,2019-08-23,2019-08-23,,06ACC1,Accounts Receivable Clerk,ACCTG,RFT,A,Active,WSTMF,102,170,101871,"Martin, George",george.martin@alpineconstruction.com,100726_WSTMF,EE100726_CO002,1.0,
100727,EE100727,CO002,Raymond,Raymond,Torres,raymond.torres@westmarkmanufacturing.com,1987-01-03,2019-08-23,2019-08-23,,05ACC1,Accounts Payable Clerk,ACCTG,RFT,T,Terminated,WSTMF,107,170,101018,"Cooper, Virginia",virginia.cooper@westmarkmanufacturing.com,100727_WSTMF,EE100727_CO002,1.0,2025-12-29
100728,EE100728,CO003,Barbara,Barbara,Brooks,barbara.brooks@prairieresources.ca,1984-02-10,2019-08-23,2019-08-23,,43SAL3,Senior Account Executive,SALES,RPT,T,Terminated,PRMRE,100,50,101996,"Scott, Ashley",ashley.scott@prairieresources.ca,100728_PRMRE,EE100728_CO003,0.69,2019-11-11
100729,EE100729,CO003,Christopher,Christopher,Cruz,christopher.cruz@prairieresources.ca,1992-09-29,2019-08-23,2019-08-23,,08ACC3,Senior Accountant,ACCTG,RFT,T,Terminated,PRMRE,116,180,101899,"Patel, Cynthia",cynthia.patel@northernpipeline.com,100729_PRMRE,EE100729_CO003,1.0,2022-03-06
100730,EE100730,CO001,Elizabeth,Elizabeth,Johnson,elizabeth.johnson@northernpipeline.com,1995-06-11,2019-08-23,2019-08-23,,14CSR2,Customer Service Specialist,CSR,RFT,T,Terminated,NRTHP,123,220,102187,"Howard, Kathleen",kathleen.howard@prairieresources.ca,100730_NRTHP,EE100730_CO001,1.0,2022-09-06
100731,EE100731,CO003,William,William,Stewart,william.stewart@prairieresources.ca,1986-01-19,2019-08-23,2019-08-23,,65TEC1,Field Technician,TECH,RFT,T,Terminated,PRMRE,102,110,100283,"Larsson, Patricia",patricia.larsson@alpineconstruction.com,100731_PRMRE,EE100731_CO003,1.0,2021-10-21
100732,EE100732,CO001,Mark,Mark,Wilson,mark.wilson@northernpipeline.com,1996-12-26,2019-08-26,2019-08-26,,41SAL1,Sales Representative,SALES,RFT,A,Active,NRTHP,117,170,,,,100732_NRTHP,EE100732_CO001,1.0,
100733,EE100733,CO002,Patricia,Patricia,Evans,patricia.evans@westmarkmanufacturing.com,1983-06-26,2019-08-28,2019-08-28,,85SUP5,Regional Supervisor,SUPV,RFT,T,Terminated,WSTMF,118,50,,,,100733_WSTMF,EE100733_CO002,1.0,2021-05-22
100734,EE100734,CO003,Nathan,Nathan,Miller,nathan.miller@prairieresources.ca,2000-11-18,2019-08-28,2019-08-28,,33IT2,Systems Administrator,IT,RPT,T,Terminated,PRMRE,116,170,,,,100734_PRMRE,EE100734_CO003,0.76,2019-10-27
100735,EE100735,CO004,Ruth,Ruth,Allen,ruth.allen@alpineconstruction.com,1977-08-13,2019-09-02,2019-09-02,,66TEC2,Service Technician,TECH,RFT,A,Active,ALPNC,112,40,,,,100735_ALPNC,EE100735_CO004,1.0,
100736,EE100736,CO004,Jason,Jason,Gomez,jason.gomez@alpineconstruction.com,1983-04-15,2019-09-03,2019-09-03,,34IT2,Software Developer,IT,RPT,T,Terminated,ALPNC,114,240,,,,100736_ALPNC,EE100736_CO004,0.55,2020-07-19
100737,EE100737,CO002,Emily,Emily,Cox,emily.cox@westmarkmanufacturing.com,1985-01-24,2019-09-03,2019-09-03,,05ACC1,Accounts Payable Clerk,ACCTG,RPT,A,Active,WSTMF,124,210,102698,"Lee, Emma",emma.lee@westmarkmanufacturing.com,100737_WSTMF,EE100737_CO002,0.59,
100738,EE100738,CO004,Dennis,Dennis,Jones,dennis.jones@alpineconstruction.com,1977-12-29,2019-09-04,2019-09-04,,93PRO6,Director of PMO,PROJ,RFT,A,Active,ALPNC,112,190,,,,100738_ALPNC,EE100738_CO004,1.0,
100739,EE100739,CO004,Amy,Amy,Andersson,amy.andersson@alpineconstruction.com,1971-05-12,2019-09-05,2019-09-05,,19ENG2,Engineer,ENGR,RPT,T,Terminated,ALPNC,116,100,102766,"Nelson, Emily",emily.nelson@prairieresources.ca,100739_ALPNC,EE100739_CO004,0.79,2025-03-31
100740,EE100740,CO001,Betty,Betty,Foster,betty.foster@northernpipeline.com,1977-05-30,2019-09-06,2019-09-06,,21ENG4,Principal Engineer,ENGR,RFT,A,Active,NRTHP,102,120,,,,100740_NRTHP,EE100740_CO001,1.0,
100741,EE100741,CO002,Rachel,Rachel,Mueller,rachel.mueller@westmarkmanufacturing.com,2001-06-29,2019-09-06,2019-09-06,,01ADM1,Administrative Assistant,ADMIN,RFT,T,Terminated,WSTMF,118,130,100080,"Campbell, Carol",carol.campbell@prairieresources.ca,100741_WSTMF,EE100741_CO002,1.0,2022-08-16
100742,EE100742,CO001,Heather,Heather,Morales,heather.morales@northernpipeline.com,2000-02-13,2019-09-06,2019-09-06,,60WHS1,Warehouse Associate,WHSE,RPT,T,Terminated,NRTHP,100,80,100205,"Andersson, Adam",adam.andersson@alpineconstruction.com,100742_NRTHP,EE100742_CO001,0.55,2023-05-14
100743,EE100743,CO003,Kenji,Kenji,Green,kenji.green@prairieresources.ca,1994-04-12,2019-09-06,2019-09-06,,18ENG1,Junior Engineer,ENGR,CON,T,Terminated,PRMRE,105,10,101036,"Sanders, Anthony",anthony.sanders@prairieresources.ca,100743_PRMRE,EE100743_CO003,1.0,2022-06-06
100744,EE100744,CO003,Janet,Janet,Harris,janet.harris@prairieresources.ca,1987-07-31,2019-09-06,2019-09-06,,19ENG2,Engineer,ENGR,RPT,A,Active,PRMRE,105,240,101695,"Hall, Maria",maria.hall@prairieresources.ca,100744_PRMRE,EE100744_CO003,0.53,
100745,EE100745,CO002,Yuki,Yuki,Nguyen,yuki.nguyen@westmarkmanufacturing.com,1981-12-18,2019-09-09,2019-09-09,,25HR1,HR Coordinator,HR,RPT,A,Active,WSTMF,108,30,,,,100745_WSTMF,EE100745_CO002,0.48,
100746,EE100746,CO002,Olga,Olga,Eriksson,olga.eriksson@westmarkmanufacturing.com,1994-11-27,2019-09-09,2019-09-09,,41SAL1,Sales Representative,SALES,RFT,A,Active,WSTMF,107,50,,,,100746_WSTMF,EE100746_CO002,1.0,
100747,EE100747,CO002,Sakura,Sakura,Tanaka,sakura.tanaka@westmarkmanufacturing.com,1986-01-30,2019-09-09,2019-09-09,,61WHS2,Warehouse Clerk,WHSE,RPT,A,Active,WSTMF,102,10,102485,"Ramos, Helen",helen.ramos@alpineconstruction.com,100747_WSTMF,EE100747_CO002,0.61,
100748,EE100748,CO002,Mary,Mary,Ortiz,mary.ortiz@westmarkmanufacturing.com,1995-08-07,2019-09-09,2019-09-09,,49OPS2,Operations Coordinator,OPS,RFT,A,Active,WSTMF,118,230,100254,"Fischer, Jessica",jessica.fischer@westmarkmanufacturing.com,100748_WSTMF,EE100748_CO002,1.0,
100749,EE100749,CO003,Andrew,Andrew,Ross,andrew.ross@prairieresources.ca,1993-09-24,2019-09-10,2019-09-10,,19ENG2,Engineer,ENGR,RFT,T,Terminated,PRMRE,122,50,101619,"Smith, Donald",donald.smith@westmarkmanufacturing.com,100749_PRMRE,EE100749_CO003,1.0,2021-08-03
100750,EE100750,CO002,Stephanie,Stephanie,Cook,stephanie.cook@westmarkmanufacturing.com,2000-12-26,2019-09-11,2019-09-11,,36IT3,Senior Systems Administrator,IT,RFT,A,Active,WSTMF,113,170,,,,100750_WSTMF,EE100750_CO002,1.0,
100751,EE100751,CO004,Laura,Laura,White,laura.white@alpineconstruction.com,1997-02-26,2019-09-11,2019-09-11,,56TRD2,Journeyman Technician,TRD,RFT,A,Active,ALPNC,115,30,102360,"Castillo, Timothy",timothy.castillo@westmarkmanufacturing.com,100751_ALPNC,EE100751_CO004,1.0,
100752,EE100752,CO002,Eric,Eric,Morris,eric.morris@westmarkmanufacturing.com,2001-07-14,2019-09-11,2019-09-11,,70MKT1,Marketing Coordinator,MKTG,RFT,T,Terminated,WSTMF,106,130,100791,"Castillo, Aisha",aisha.castillo@westmarkmanufacturing.com,100752_WSTMF,EE100752_CO002,1.0,2026-01-28
100753,EE100753,CO003,Yuki,Yuki,Gomez,yuki.gomez@prairieresources.ca,1997-07-22,2019-09-13,2019-09-13,,70MKT1,Marketing Coordinator,MKTG,CON,T,Terminated,PRMRE,123,90,,,,100753_PRMRE,EE100753_CO003,1.0,2021-02-04
100754,EE100754,CO002,Nicole,Nicole,Evans,nicole.evans@westmarkmanufacturing.com,1977-02-20,2019-09-13,2019-09-13,,27HR3,Senior HR Generalist,HR,RFT,A,Active,WSTMF,111,110,100019,"Wright, Kenji",kenji.wright@northernpipeline.com,100754_WSTMF,EE100754_CO002,1.0,
100755,EE100755,CO001,Jeffrey,Jeffrey,Jackson,jeffrey.jackson@northernpipeline.com,1997-03-15,2019-09-13,2019-09-13,,07ACC2,Accountant,ACCTG,RFT,A,Active,NRTHP,111,140,,,,100755_NRTHP,EE100755_CO001,1.0,
100756,EE100756,CO001,Jennifer,Jennifer,Chen,jennifer.chen@northernpipeline.com,1961-03-03,2019-09-13,2019-09-13,,18ENG1,Junior Engineer,ENGR,CON,T,Terminated,NRTHP,118,60,102844,"Allen, Michael",michael.allen@northernpipeline.com,100756_NRTHP,EE100756_CO001,1.0,2019-11-29
100757,EE100757,CO001,Helen,Helen,Wong,helen.wong@northernpipeline.com,1983-01-31,2019-09-13,2019-09-13,,95LEG3,Legal Counsel,LEGAL,RFT,T,Terminated,NRTHP,118,190,,,,100757_NRTHP,EE100757_CO001,1.0,2019-09-28
100758,EE100758,CO003,Diane,Diane,Nelson,diane.nelson@prairieresources.ca,1986-05-22,2019-09-13,2019-09-13,,16CSR4,Customer Service Team Lead,CSR,RPT,A,Active,PRMRE,121,20,,,,100758_PRMRE,EE100758_CO003,0.66,
100759,EE100759,CO004,Karen,Karen,Shah,karen.shah@alpineconstruction.com,1996-03-15,2019-09-13,2019-09-13,,42SAL2,Account Executive,SALES,TFT,T,Terminated,ALPNC,104,210,,,,100759_ALPNC,EE100759_CO004,1.0,2020-07-08
100760,EE100760,CO004,Laura,Laura,Parker,laura.parker@alpineconstruction.com,1980-02-24,2019-09-13,2019-09-13,,35IT3,Senior Developer,IT,TFT,T,Terminated,ALPNC,115,130,101190,"Morris, Julie",julie.morris@prairieresources.ca,100760_ALPNC,EE100760_CO004,1.0,2025-10-25
100761,EE100761,CO001,Susan,Susan,Shah,susan.shah@northernpipeline.com,1993-08-20,2019-09-16,2019-09-16,,26HR2,HR Generalist,HR,RFT,T,Terminated,NRTHP,111,140,,,,100761_NRTHP,EE100761_CO001,1.0,2021-06-09
100762,EE100762,CO002,Ronald,Ronald,Moore,ronald.moore@westmarkmanufacturing.com,1986-03-18,2019-09-16,2019-09-16,,08ACC3,Senior Accountant,ACCTG,RFT,T,Terminated,WSTMF,111,240,100802,"Brown, Laura",laura.brown@alpineconstruction.com,100762_WSTMF,EE100762_CO002,1.0,2022-08-28
100763,EE100763,CO002,Anna,Anna,Bailey,anna.bailey@westmarkmanufacturing.com,1962-04-10,2019-09-17,2019-09-17,,20ENG3,Senior Engineer,ENGR,RFT,A,Active,WSTMF,102,100,,,,100763_WSTMF,EE100763_CO002,1.0,
100764,EE100764,CO003,Brandon,Brandon,Foster,brandon.foster@prairieresources.ca,1988-01-04,2019-09-17,2019-09-17,,19ENG2,Engineer,ENGR,RFT,T,Terminated,PRMRE,100,30,101389,"Stewart, Jacob",jacob.stewart@alpineconstruction.com,100764_PRMRE,EE100764_CO003,1.0,2020-09-15
100765,EE100765,CO001,Henry,Henry,Sanchez,henry.sanchez@northernpipeline.com,1975-12-16,2019-09-17,2019-09-17,,36IT3,Senior Systems Administrator,IT,RFT,T,Terminated,NRTHP,102,240,101786,"Cox, Kevin",kevin.cox@alpineconstruction.com,100765_NRTHP,EE100765_CO001,1.0,2023-10-10
100766,EE100766,CO003,Alexander,Alexander,Brown,alexander.brown@prairieresources.ca,1995-07-17,2019-09-18,2019-09-18,,70MKT1,Marketing Coordinator,MKTG,RPT,A,Active,PRMRE,115,60,100038,"Edwards, Michael",michael.edwards@alpineconstruction.com,100766_PRMRE,EE100766_CO003,0.76,
100767,EE100767,CO001,Timothy,Timothy,Rivera,timothy.rivera@northernpipeline.com,1988-07-23,2019-09-18,2019-09-18,,01ADM1,Administrative Assistant,ADMIN,RFT,A,Active,NRTHP,120,200,,,,100767_NRTHP,EE100767_CO001,1.0,
100768,EE100768,CO003,Charles,Charles,Schneider,charles.schneider@prairieresources.ca,1970-02-03,2019-09-18,2019-09-18,,65TEC1,Field Technician,TECH,TFT,T,Terminated,PRMRE,116,240,,,,100768_PRMRE,EE100768_CO003,1.0,2024-08-27
100769,EE100769,CO003,Jose,Jose,Ruiz,jose.ruiz@prairieresources.ca,1994-03-09,2019-09-18,2019-09-18,,32IT1,IT Support Technician,IT,RFT,T,Terminated,PRMRE,115,150,102289,"Price, Angela",angela.price@prairieresources.ca,100769_PRMRE,EE100769_CO003,1.0,2022-02-28
100770,EE100770,CO001,Debra,Debra,Baker,debra.baker@northernpipeline.com,1969-01-18,2019-09-20,2019-09-20,,48OPS1,Operations Assistant,OPS,RFT,T,Terminated,NRTHP,100,180,102279,"Wood, John",john.wood@prairieresources.ca,100770_NRTHP,EE100770_CO001,1.0,2021-02-12
100771,EE100771,CO001,Emma,Emma,Eriksson,emma.eriksson@northernpipeline.com,1980-04-05,2019-09-20,2019-09-20,,43SAL3,Senior Account Executive,SALES,TFT,A,Active,NRTHP,119,70,102257,"Wong, Pierre",pierre.wong@northernpipeline.com,100771_NRTHP,EE100771_CO001,1.0,
100772,EE100772,CO001,Andrew,Andrew,Nguyen,andrew.nguyen@northernpipeline.com,1992-09-29,2019-09-20,2019-09-20,,61WHS2,Warehouse Clerk,WHSE,RPT,A,Active,NRTHP,108,70,,,,100772_NRTHP,EE100772_CO001,0.44,
100773,EE100773,CO004,Debra,Debra,Olsson,debra.olsson@alpineconstruction.com,1981-07-16,2019-09-20,2019-09-20,,27HR3,Senior HR Generalist,HR,RPT,A,Active,ALPNC,111,80,,,,100773_ALPNC,EE100773_CO004,0.64,
100774,EE100774,CO001,Aaron,Aaron,Wang,aaron.wang@northernpipeline.com,1978-07-30,2019-09-20,2019-09-20,,06ACC1,Accounts Receivable Clerk,ACCTG,RFT,T,Terminated,NRTHP,123,80,,,,100774_NRTHP,EE100774_CO001,1.0,2019-11-15
100775,EE100775,CO004,Nicholas,Nicholas,Schmidt,nicholas.schmidt@alpineconstruction.com,1981-01-13,2019-09-23,2019-09-23,,65TEC1,Field Technician,TECH,RFT,A,Active,ALPNC,100,30,101389,"Stewart, Jacob",jacob.stewart@alpineconstruction.com,100775_ALPNC,EE100775_CO004,1.0,
100776,EE100776,CO001,John,John,Myers,john.myers@northernpipeline.com,2001-07-11,2019-09-24,2019-09-24,,01ADM1,Administrative Assistant,ADMIN,RFT,T,Terminated,NRTHP,103,240,,,,100776_NRTHP,EE100776_CO001,1.0,2020-02-21
100777,EE100777,CO004,Alexander,Alexander,Zhang,alexander.zhang@alpineconstruction.com,1995-04-05,2019-09-24,2019-09-24,,70MKT1,Marketing Coordinator,MKTG,RFT,T,Terminated,ALPNC,124,190,,,,100777_ALPNC,EE100777_CO004,1.0,2023-02-26
100778,EE100778,CO003,Barbara,Barbara,Diaz,barbara.diaz@prairieresources.ca,1990-05-17,2019-09-25,2019-09-25,,20ENG3,Senior Engineer,ENGR,RFT,A,Active,PRMRE,122,100,101678,"Chavez, Eric",eric.chavez@westmarkmanufacturing.com,100778_PRMRE,EE100778_CO003,1.0,
100779,EE100779,CO003,Sarah,Sarah,Moore,sarah.moore@prairieresources.ca,1988-06-11,2019-09-25,2019-09-25,,70MKT1,Marketing Coordinator,MKTG,RFT,T,Terminated,PRMRE,122,40,101880,"Roberts, Christine",christine.roberts@westmarkmanufacturing.com,100779_PRMRE,EE100779_CO003,1.0,2023-09-19
100780,EE100780,CO004,Zara,Zara,Zhang,zara.zhang@alpineconstruction.com,1981-01-15,2019-09-25,2019-09-25,,06ACC1,Accounts Receivable Clerk,ACCTG,RFT,T,Terminated,ALPNC,112,160,100151,"Bennett, Robert",robert.bennett@alpineconstruction.com,100780_ALPNC,EE100780_CO004,1.0,2020-03-31
100781,EE100781,CO001,Donna,Donna,Jimenez,donna.jimenez@northernpipeline.com,1986-05-26,2019-09-25,2019-09-25,,42SAL2,Account Executive,SALES,RFT,T,Terminated,NRTHP,103,30,,,,100781_NRTHP,EE100781_CO001,1.0,2020-10-13
100782,EE100782,CO003,Richard,Richard,Andersson,richard.andersson@prairieresources.ca,2000-11-30,2019-09-26,2019-09-26,,07ACC2,Accountant,ACCTG,RFT,T,Terminated,PRMRE,102,20,102972,"Ruiz, Maria",maria.ruiz@alpineconstruction.com,100782_PRMRE,EE100782_CO003,1.0,2023-01-19
100783,EE100783,CO004,Marie,Marie,Eriksson,marie.eriksson@alpineconstruction.com,1984-02-18,2019-09-27,2019-09-27,,57TRD3,Senior Technician,TRD,RFT,T,Terminated,ALPNC,115,190,100276,"Davis, Maria",maria.davis@alpineconstruction.com,100783_ALPNC,EE100783_CO004,1.0,2020-06-23
100784,EE100784,CO003,Lars,Lars,Shah,lars.shah@prairieresources.ca,1981-04-09,2019-09-27,2019-09-27,,38IT5,IT Manager,IT,RPT,T,Terminated,PRMRE,122,100,,,,100784_PRMRE,EE100784_CO003,0.75,2021-09-03
100785,EE100785,CO004,Mohammed,Mohammed,Nilsson,mohammed.nilsson@alpineconstruction.com,1982-08-12,2019-09-27,2019-09-27,,70MKT1,Marketing Coordinator,MKTG,RFT,T,Terminated,ALPNC,104,240,,,,100785_ALPNC,EE100785_CO004,1.0,2023-10-29
100786,EE100786,CO003,Donna,Donna,Morales,donna.morales@prairieresources.ca,1977-02-11,2019-09-27,2019-09-27,,94LEG2,Paralegal,LEGAL,RFT,A,Active,PRMRE,121,230,102034,"Bailey, Amanda",amanda.bailey@alpineconstruction.com,100786_PRMRE,EE100786_CO003,1.0,
100787,EE100787,CO004,Isabella,Isabella,Lopez,isabella.lopez@alpineconstruction.com,1979-07-06,2019-09-27,2019-09-27,,38IT5,IT Manager,IT,RFT,A,Active,ALPNC,124,140,,,,100787_ALPNC,EE100787_CO004,1.0,
100788,EE100788,CO004,Janet,Janet,Collins,janet.collins@alpineconstruction.com,1983-04-05,2019-10-01,2019-10-01,,37IT4,Technical Lead,IT,RFT,A,Active,ALPNC,119,110,,,,100788_ALPNC,EE100788_CO004,1.0,
100789,EE100789,CO004,Barbara,Barbara,Watson,barbara.watson@alpineconstruction.com,1988-05-17,2019-10-01,2019-10-01,,48OPS1,Operations Assistant,OPS,RFT,A,Active,ALPNC,114,160,102948,"Diaz, Ashley",ashley.diaz@northernpipeline.com,100789_ALPNC,EE100789_CO004,1.0,
100790,EE100790,CO004,Brian,Brian,Yamamoto,brian.yamamoto@alpineconstruction.com,2001-05-12,2019-10-02,2019-10-02,,42SAL2,Account Executive,SALES,RFT,T,Terminated,ALPNC,112,150,102404,"Schneider, Patricia",patricia.schneider@alpineconstruction.com,100790_ALPNC,EE100790_CO004,1.0,2021-10-02
100791,EE100791,CO002,Aisha,Aisha,Castillo,aisha.castillo@westmarkmanufacturing.com,1983-09-06,2019-10-03,2019-10-03,,14CSR2,Customer Service Specialist,CSR,RFT,A,Active,WSTMF,106,130,,,,100791_WSTMF,EE100791_CO002,1.0,
100792,EE100792,CO002,Mary,Mary,Myers,mary.myers@westmarkmanufacturing.com,1985-03-26,2019-10-04,2019-10-04,,32IT1,IT Support Technician,IT,CON,T,Terminated,WSTMF,111,190,101390,"Harris, Kenneth",kenneth.harris@northernpipeline.com,100792_WSTMF,EE100792_CO002,1.0,2021-08-30
100793,EE100793,CO004,Stephen,Stephen,Jackson,stephen.jackson@alpineconstruction.com,1984-12-23,2019-10-04,2019-10-04,,43SAL3,Senior Account Executive,SALES,RPT,T,Terminated,ALPNC,121,50,101661,"Thomas, Sakura",sakura.thomas@alpineconstruction.com,100793_ALPNC,EE100793_CO004,0.63,2021-06-20
100794,EE100794,CO003,Brandon,Brandon,Ward,brandon.ward@prairieresources.ca,2000-03-02,2019-10-07,2019-10-07,,13CSR1,Customer Service Representative,CSR,RPT,T,Terminated,PRMRE,123,120,102934,"Schneider, Nicholas",nicholas.schneider@northernpipeline.com,100794_PRMRE,EE100794_CO003,0.56,2022-08-24
100795,EE100795,CO002,Kenneth,Kenneth,Martin,kenneth.martin@westmarkmanufacturing.com,1998-02-05,2019-10-07,2019-10-07,,41SAL1,Sales Representative,SALES,CON,T,Terminated,WSTMF,124,250,,,,100795_WSTMF,EE100795_CO002,1.0,2020-01-06
100796,EE100796,CO001,Stephen,Stephen,Reyes,stephen.reyes@northernpipeline.com,1977-07-07,2019-10-08,2019-10-08,,55TRD1,Apprentice Technician,TRD,TAW,T,Terminated,NRTHP,104,120,101422,"James, Hans",hans.james@northernpipeline.com,100796_NRTHP,EE100796_CO001,1.0,2021-10-12
100797,EE100797,CO001,Zara,Zara,Morgan,zara.morgan@northernpipeline.com,1987-12-06,2019-10-10,2019-10-10,,60WHS1,Warehouse Associate,WHSE,RPT,T,Terminated,NRTHP,114,60,101378,"Olsson, Robert",robert.olsson@alpineconstruction.com,100797_NRTHP,EE100797_CO001,0.57,2022-08-06
100798,EE100798,CO001,Steven,Steven,Cox,steven.cox@northernpipeline.com,1981-05-27,2019-10-11,2019-10-11,,72MKT3,Senior Marketing Specialist,MKTG,RFT,T,Terminated,NRTHP,101,100,,,,100798_NRTHP,EE100798_CO001,1.0,2023-06-16
100799,EE100799,CO002,Joyce,Joyce,Davis,joyce.davis@westmarkmanufacturing.com,1987-10-16,2019-10-11,2019-10-11,,06ACC1,Accounts Receivable Clerk,ACCTG,TFT,T,Terminated,WSTMF,108,250,102717,"Gray, Susan",susan.gray@westmarkmanufacturing.com,100799_WSTMF,EE100799_CO002,1.0,2022-06-27
100800,EE100800,CO002,Ingrid,Ingrid,Murphy,ingrid.murphy@westmarkmanufacturing.com,1987-01-19,2019-10-11,2019-10-11,,19ENG2,Engineer,ENGR,RFT,T,Terminated,WSTMF,124,140,100787,"Lopez, Isabella",isabella.lopez@alpineconstruction.com,100800_WSTMF,EE100800_CO002,1.0,2022-10-30
100801,EE100801,CO002,Rachel,Rachel,Campbell,rachel.campbell@westmarkmanufacturing.com,1978-01-11,2019-10-11,2019-10-11,,72MKT3,Senior Marketing Specialist,MKTG,RFT,T,Terminated,WSTMF,106,120,,,,100801_WSTMF,EE100801_CO002,1.0,2024-05-09
100802,EE100802,CO004,Laura,Laura,Brown,laura.brown@alpineconstruction.com,1993-10-11,2019-10-11,2019-10-11,,16CSR4,Customer Service Team Lead,CSR,RFT,A,Active,ALPNC,111,240,,,,100802_ALPNC,EE100802_CO004,1.0,
100803,EE100803,CO004,Heather,Heather,Karlsson,heather.karlsson@alpineconstruction.com,1987-03-17,2019-10-11,2019-10-11,,57TRD3,Senior Technician,TRD,RFT,T,Terminated,ALPNC,114,220,,,,100803_ALPNC,EE100803_CO004,1.0,2021-05-06
100804,EE100804,CO002,Anthony,Anthony,Myers,anthony.myers@westmarkmanufacturing.com,1992-01-09,2019-10-14,2019-10-14,,21ENG4,Principal Engineer,ENGR,RFT,A,Active,WSTMF,124,90,100652,"Smith, Larry",larry.smith@westmarkmanufacturing.com,100804_WSTMF,EE100804_CO002,1.0,
100805,EE100805,CO001,Amy,Amy,Miller,amy.miller@northernpipeline.com,1992-09-10,2019-10-14,2019-10-14,,77ANL1,Data Analyst,ANLYT,RFT,T,Terminated,NRTHP,121,100,,,,100805_NRTHP,EE100805_CO001,1.0,2021-08-22
100806,EE100806,CO002,Christine,Christine,Wang,christine.wang@westmarkmanufacturing.com,1991-01-05,2019-10-14,2019-10-14,,43SAL3,Senior Account Executive,SALES,RFT,T,Terminated,WSTMF,105,10,,,,100806_WSTMF,EE100806_CO002,1.0,2020-05-31
100807,EE100807,CO002,Karen,Karen,Ortiz,karen.ortiz@westmarkmanufacturing.com,1985-02-21,2019-10-14,2019-10-14,,55TRD1,Apprentice Technician,TRD,CON,T,Terminated,WSTMF,108,220,101152,"Ross, Edward",edward.ross@northernpipeline.com,100807_WSTMF,EE100807_CO002,1.0,2020-02-23
100808,EE100808,CO003,Brenda,Brenda,Taylor,brenda.taylor@prairieresources.ca,1991-12-22,2019-10-14,2019-10-14,,36IT3,Senior Systems Administrator,IT,RFT,T,Terminated,PRMRE,118,140,,,,100808_PRMRE,EE100808_CO003,1.0,2025-12-28
100809,EE100809,CO004,Carol,Carol,Green,carol.green@alpineconstruction.com,1975-08-12,2019-10-15,2019-10-15,,78ANL2,Business Analyst,ANLYT,RFT,T,Terminated,ALPNC,116,160,,,,100809_ALPNC,EE100809_CO004,1.0,2020-11-16
100810,EE100810,CO001,Barbara,Barbara,Parker,barbara.parker@northernpipeline.com,1996-08-14,2019-10-16,2019-10-16,,58TRD4,Lead Technician,TRD,RFT,A,Active,NRTHP,109,220,,,,100810_NRTHP,EE100810_CO001,1.0,
100811,EE100811,CO004,Ashley,Ashley,Smith,ashley.smith@alpineconstruction.com,1989-04-19,2019-10-18,2019-10-18,,18ENG1,Junior Engineer,ENGR,RFT,A,Active,ALPNC,116,240,,,,100811_ALPNC,EE100811_CO004,1.0,
100812,EE100812,CO001,Stephen,Stephen,Eriksson,stephen.eriksson@northernpipeline.com,1992-05-30,2019-10-18,2019-10-18,,55TRD1,Apprentice Technician,TRD,RFT,T,Terminated,NRTHP,102,30,100967,"Clark, Kenneth",kenneth.clark@prairieresources.ca,100812_NRTHP,EE100812_CO001,1.0,2023-03-06
100813,EE100813,CO004,Michelle,Michelle,Foster,michelle.foster@alpineconstruction.com,1973-08-15,2019-10-18,2019-10-18,,02ADM2,Administrative Coordinator,ADMIN,RFT,T,Terminated,ALPNC,116,30,102136,"Zhang, Anthony",anthony.zhang@northernpipeline.com,100813_ALPNC,EE100813_CO004,1.0,2024-10-16
100814,EE100814,CO002,Astrid,Astrid,Hall,astrid.hall@westmarkmanufacturing.com,1986-03-01,2019-10-18,2019-10-18,,26HR2,HR Generalist,HR,TAW,A,Active,WSTMF,100,220,100923,"Kelly, Barbara",barbara.kelly@prairieresources.ca,100814_WSTMF,EE100814_CO002,1.0,
100815,EE100815,CO001,Brandon,Brandon,Harris,brandon.harris@northernpipeline.com,1977-06-08,2019-10-18,2019-10-18,,13CSR1,Customer Service Representative,CSR,RFT,T,Terminated,NRTHP,124,210,102698,"Lee, Emma",emma.lee@westmarkmanufacturing.com,100815_NRTHP,EE100815_CO001,1.0,2020-09-04
100816,EE100816,CO004,Aisha,Aisha,Williams,aisha.williams@alpineconstruction.com,2001-07-22,2019-10-18,2019-10-18,,17CSR5,Customer Service Manager,CSR,RFT,T,Terminated,ALPNC,116,240,,,,100816_ALPNC,EE100816_CO004,1.0,2020-09-22
100817,EE100817,CO003,Heather,Heather,Anderson,heather.anderson@prairieresources.ca,1985-06-25,2019-10-23,2019-10-23,,72MKT3,Senior Marketing Specialist,MKTG,RFT,A,Active,PRMRE,105,230,,,,100817_PRMRE,EE100817_CO003,1.0,
100818,EE100818,CO002,Raymond,Raymond,Kumar,raymond.kumar@westmarkmanufacturing.com,1979-05-08,2019-10-23,2019-10-23,,41SAL1,Sales Representative,SALES,RFT,T,Terminated,WSTMF,124,50,101154,"Wilson, Andrew",andrew.wilson@alpineconstruction.com,100818_WSTMF,EE100818_CO002,1.0,2020-02-11
100819,EE100819,CO002,Jessica,Jessica,Schulz,jessica.schulz@westmarkmanufacturing.com,1986-12-28,2019-10-23,2019-10-23,,32IT1,IT Support Technician,IT,RFT,A,Active,WSTMF,115,240,102901,"Olsson, Charles",charles.olsson@westmarkmanufacturing.com,100819_WSTMF,EE100819_CO002,1.0,
100820,EE100820,CO002,Cynthia,Cynthia,Martinez,cynthia.martinez@westmarkmanufacturing.com,1976-11-27,2019-10-24,2019-10-24,,13CSR1,Customer Service Representative,CSR,RFT,A,Active,WSTMF,106,70,101220,"Perez, Brandon",brandon.perez@westmarkmanufacturing.com,100820_WSTMF,EE100820_CO002,1.0,
100821,EE100821,CO004,Catherine,Catherine,Morales,catherine.morales@alpineconstruction.com,1993-03-21,2019-10-24,2019-10-24,,63WHS4,Warehouse Lead,WHSE,RFT,A,Active,ALPNC,100,90,,,,100821_ALPNC,EE100821_CO004,1.0,
100822,EE100822,CO002,Ryan,Ryan,Zhang,ryan.zhang@westmarkmanufacturing.com,1973-02-21,2019-10-25,2019-10-25,,79ANL3,Senior Data Analyst,ANLYT,RFT,T,Terminated,WSTMF,104,160,,,,100822_WSTMF,EE100822_CO002,1.0,2021-08-24
100823,EE100823,CO004,Donna,Donna,Martinez,donna.martinez@alpineconstruction.com,1965-05-06,2019-10-25,2019-10-25,,18ENG1,Junior Engineer,ENGR,RFT,T,Terminated,ALPNC,100,160,102626,"Diaz, Patricia",patricia.diaz@alpineconstruction.com,100823_ALPNC,EE100823_CO004,1.0,2020-11-18
100824,EE100824,CO004,Nicole,Nicole,Thompson,nicole.thompson@alpineconstruction.com,1990-12-31,2019-10-25,2019-10-25,,32IT1,IT Support Technician,IT,CON,T,Terminated,ALPNC,100,120,102980,"Jackson, Christopher",christopher.jackson@westmarkmanufacturing.com,100824_ALPNC,EE100824_CO004,1.0,2020-03-02
100825,EE100825,CO002,Amy,Amy,Gonzalez,amy.gonzalez@westmarkmanufacturing.com,1991-11-27,2019-10-25,2019-10-25,,06ACC1,Accounts Receivable Clerk,ACCTG,RFT,T,Terminated,WSTMF,102,100,100763,"Bailey, Anna",anna.bailey@westmarkmanufacturing.com,100825_WSTMF,EE100825_CO002,1.0,2020-08-13
100826,EE100826,CO001,Kenneth,Kenneth,Gray,kenneth.gray@northernpipeline.com,1973-04-15,2019-10-25,2019-10-25,,18ENG1,Junior Engineer,ENGR,RFT,T,Terminated,NRTHP,121,210,101318,"Gonzalez, Rachel",rachel.gonzalez@prairieresources.ca,100826_NRTHP,EE100826_CO001,1.0,2020-09-20
100827,EE100827,CO001,Kimberly,Kimberly,Davis,kimberly.davis@northernpipeline.com,1972-08-25,2019-10-25,2019-10-25,,94LEG2,Paralegal,LEGAL,RFT,T,Terminated,NRTHP,100,220,100923,"Kelly, Barbara",barbara.kelly@prairieresources.ca,100827_NRTHP,EE100827_CO001,1.0,2022-06-16
100828,EE100828,CO002,Joseph,Joseph,Miller,joseph.miller@westmarkmanufacturing.com,1993-07-27,2019-10-28,2019-10-28,,89PRO2,Project Coordinator,PROJ,CON,T,Terminated,WSTMF,110,60,,,,100828_WSTMF,EE100828_CO002,1.0,2020-07-16
100829,EE100829,CO004,Donna,Donna,Lewis,donna.lewis@alpineconstruction.com,1992-04-23,2019-10-28,2019-10-28,,05ACC1,Accounts Payable Clerk,ACCTG,RFT,A,Active,ALPNC,100,10,102752,"Carter, Michelle",michelle.carter@alpineconstruction.com,100829_ALPNC,EE100829_CO004,1.0,
100830,EE100830,CO002,Amanda,Amanda,Smith,amanda.smith@westmarkmanufacturing.com,1990-07-20,2019-11-01,2019-11-01,,26HR2,HR Generalist,HR,RPT,T,Terminated,WSTMF,100,130,101590,"Karlsson, Aaron",aaron.karlsson@prairieresources.ca,100830_WSTMF,EE100830_CO002,0.77,2023-05-07
100831,EE100831,CO003,Ruth,Ruth,Howard,ruth.howard@prairieresources.ca,2001-04-21,2019-11-01,2019-11-01,,33IT2,Systems Administrator,IT,RFT,T,Terminated,PRMRE,105,100,,,,100831_PRMRE,EE100831_CO003,1.0,2024-03-11
100832,EE100832,CO002,Margaret,Margaret,Mendoza,margaret.mendoza@westmarkmanufacturing.com,1997-10-22,2019-11-01,2019-11-01,,94LEG2,Paralegal,LEGAL,RFT,T,Terminated,WSTMF,102,60,101520,"Olsson, Jason",jason.olsson@alpineconstruction.com,100832_WSTMF,EE100832_CO002,1.0,2022-02-23
100833,EE100833,CO004,Kathleen,Kathleen,Bailey,kathleen.bailey@alpineconstruction.com,1998-09-12,2019-11-01,2019-11-01,,07ACC2,Accountant,ACCTG,RFT,T,Terminated,ALPNC,111,10,101010,"Martinez, Sofia",sofia.martinez@alpineconstruction.com,100833_ALPNC,EE100833_CO004,1.0,2024-02-28
100834,EE100834,CO002,William,William,Wood,william.wood@westmarkmanufacturing.com,1995-03-12,2019-11-05,2019-11-05,,02ADM2,Administrative Coordinator,ADMIN,RFT,T,Terminated,WSTMF,111,70,100206,"Richardson, Sakura",sakura.richardson@northernpipeline.com,100834_WSTMF,EE100834_CO002,1.0,2024-06-09
100835,EE100835,CO001,Jack,Jack,Harris,jack.harris@northernpipeline.com,1988-03-21,2019-11-06,2019-11-06,,03ADM3,Senior Administrative Coordinator,ADMIN,CON,T,Terminated,NRTHP,118,20,,,,100835_NRTHP,EE100835_CO001,1.0,2020-03-03
100836,EE100836,CO002,Benjamin,Benjamin,Brown,benjamin.brown@westmarkmanufacturing.com,1985-04-09,2019-11-08,2019-11-08,,89PRO2,Project Coordinator,PROJ,RPT,A,Active,WSTMF,110,80,100584,"Wood, Heather",heather.wood@westmarkmanufacturing.com,100836_WSTMF,EE100836_CO002,0.64,
100837,EE100837,CO003,Jeffrey,Jeffrey,Zhang,jeffrey.zhang@prairieresources.ca,1971-12-06,2019-11-08,2019-11-08,,67TEC3,Senior Service Technician,TECH,RPT,T,Terminated,PRMRE,105,150,,,,100837_PRMRE,EE100837_CO003,0.54,2025-01-04
100838,EE100838,CO002,Zara,Zara,Patel,zara.patel@westmarkmanufacturing.com,1996-11-28,2019-11-11,2019-11-11,,25HR1,HR Coordinator,HR,RPT,A,Active,WSTMF,107,30,102321,"Gray, Karen",karen.gray@westmarkmanufacturing.com,100838_WSTMF,EE100838_CO002,0.66,
100839,EE100839,CO002,George,George,Wood,george.wood@westmarkmanufacturing.com,1978-03-20,2019-11-13,2019-11-13,,35IT3,Senior Developer,IT,RPT,A,Active,WSTMF,105,180,,,,100839_WSTMF,EE100839_CO002,0.67,
100840,EE100840,CO003,Priya,Priya,Larsson,priya.larsson@prairieresources.ca,1989-12-18,2019-11-13,2019-11-13,,05ACC1,Accounts Payable Clerk,ACCTG,TFT,T,Terminated,PRMRE,117,120,,,,100840_PRMRE,EE100840_CO003,1.0,2020-03-03
100841,EE100841,CO001,Olga,Olga,Weber,olga.weber@northernpipeline.com,1988-06-18,2019-11-13,2019-11-13,,49OPS2,Operations Coordinator,OPS,RFT,A,Active,NRTHP,114,100,,,,100841_NRTHP,EE100841_CO001,1.0,
100842,EE100842,CO003,Larry,Larry,Reed,larry.reed@prairieresources.ca,1981-02-06,2019-11-14,2019-11-14,,16CSR4,Customer Service Team Lead,CSR,RFT,A,Active,PRMRE,102,150,,,,100842_PRMRE,EE100842_CO003,1.0,
100843,EE100843,CO002,Joshua,Joshua,Larsson,joshua.larsson@westmarkmanufacturing.com,1999-04-20,2019-11-15,2019-11-15,,95LEG3,Legal Counsel,LEGAL,RFT,A,Active,WSTMF,104,130,,,,100843_WSTMF,EE100843_CO002,1.0,
100844,EE100844,CO004,Adam,Adam,Persson,adam.persson@alpineconstruction.com,1984-09-01,2019-11-15,2019-11-15,,19ENG2,Engineer,ENGR,RFT,T,Terminated,ALPNC,104,30,102699,"Ramos, Rachel",rachel.ramos@westmarkmanufacturing.com,100844_ALPNC,EE100844_CO004,1.0,2024-06-19
100845,EE100845,CO004,Samantha,Samantha,Watson,samantha.watson@alpineconstruction.com,1986-10-04,2019-11-15,2019-11-15,,60WHS1,Warehouse Associate,WHSE,RFT,T,Terminated,ALPNC,112,120,101486,"Peterson, Julie",julie.peterson@northernpipeline.com,100845_ALPNC,EE100845_CO004,1.0,2021-01-18
100846,EE100846,CO004,Charles,Charles,Wood,charles.wood@alpineconstruction.com,1983-04-15,2019-11-18,2019-11-18,,07ACC2,Accountant,ACCTG,RFT,T,Terminated,ALPNC,100,140,101268,"Schulz, Jonathan",jonathan.schulz@westmarkmanufacturing.com,100846_ALPNC,EE100846_CO004,1.0,2021-10-18
100847,EE100847,CO004,Daniel,Daniel,Peterson,daniel.peterson@alpineconstruction.com,1985-03-13,2019-11-19,2019-11-19,,38IT5,IT Manager,IT,RFT,A,Active,ALPNC,104,70,,,,100847_ALPNC,EE100847_CO004,1.0,
100848,EE100848,CO003,Rachel,Rachel,Larsson,rachel.larsson@prairieresources.ca,1962-12-15,2019-11-19,2019-11-19,,36IT3,Senior Systems Administrator,IT,RFT,T,Terminated,PRMRE,117,40,100480,"Hughes, Pamela",pamela.hughes@prairieresources.ca,100848_PRMRE,EE100848_CO003,1.0,2020-05-14
100849,EE100849,CO001,Sarah,Sarah,Larsson,sarah.larsson@northernpipeline.com,1994-07-31,2019-11-20,2019-11-20,,65TEC1,Field Technician,TECH,RPT,A,Active,NRTHP,120,120,,,,100849_NRTHP,EE100849_CO001,0.42,
100850,EE100850,CO004,Olga,Olga,Baker,olga.baker@alpineconstruction.com,1993-01-12,2019-11-22,2019-11-22,,18ENG1,Junior Engineer,ENGR,CON,T,Terminated,ALPNC,100,10,102752,"Carter, Michelle",michelle.carter@alpineconstruction.com,100850_ALPNC,EE100850_CO004,1.0,2022-11-22
100851,EE100851,CO002,Fatima,Fatima,Schulz,fatima.schulz@westmarkmanufacturing.com,1994-05-31,2019-11-22,2019-11-22,,25HR1,HR Coordinator,HR,RFT,T,Terminated,WSTMF,104,160,102299,"Martinez, Jessica",jessica.martinez@northernpipeline.com,100851_WSTMF,EE100851_CO002,1.0,2020-07-18
100852,EE100852,CO003,James,James,Bennett,james.bennett@prairieresources.ca,1993-10-11,2019-11-22,2019-11-22,,20ENG3,Senior Engineer,ENGR,RPT,A,Active,PRMRE,117,10,,,,100852_PRMRE,EE100852_CO003,0.65,
100853,EE100853,CO004,Priya,Priya,Robinson,priya.robinson@alpineconstruction.com,1994-04-25,2019-11-22,2019-11-22,,33IT2,Systems Administrator,IT,RFT,T,Terminated,ALPNC,116,240,,,,100853_ALPNC,EE100853_CO004,1.0,2020-12-14
100854,EE100854,CO001,Betty,Betty,Wang,betty.wang@northernpipeline.com,1975-12-25,2019-11-26,2019-11-26,,18ENG1,Junior Engineer,ENGR,RFT,T,Terminated,NRTHP,103,10,102029,"Hall, Melissa",melissa.hall@northernpipeline.com,100854_NRTHP,EE100854_CO001,1.0,2024-05-03
100855,EE100855,CO001,Sarah,Sarah,Phillips,sarah.phillips@northernpipeline.com,1973-03-19,2019-11-27,2019-11-27,,90PRO3,Project Manager,PROJ,RFT,T,Terminated,NRTHP,112,180,,,,100855_NRTHP,EE100855_CO001,1.0,2022-04-02
100856,EE100856,CO004,Joshua,Joshua,Edwards,joshua.edwards@alpineconstruction.com,1992-12-29,2019-12-02,2019-12-02,,65TEC1,Field Technician,TECH,RFT,T,Terminated,ALPNC,102,80,100620,"Hall, Sakura",sakura.hall@northernpipeline.com,100856_ALPNC,EE100856_CO004,1.0,2025-06-25
100857,EE100857,CO002,Timothy,Timothy,Allen,timothy.allen@westmarkmanufacturing.com,1996-02-15,2019-12-05,2019-12-05,,56TRD2,Journeyman Technician,TRD,RFT,A,Active,WSTMF,105,150,,,,100857_WSTMF,EE100857_CO002,1.0,
100858,EE100858,CO001,Dennis,Dennis,Martinez,dennis.martinez@northernpipeline.com,1983-04-13,2019-12-06,2019-12-06,,02ADM2,Administrative Coordinator,ADMIN,RFT,A,Active,NRTHP,103,50,,,,100858_NRTHP,EE100858_CO001,1.0,
100859,EE100859,CO003,Sofia,Sofia,Stewart,sofia.stewart@prairieresources.ca,1993-10-31,2019-12-06,2019-12-06,,06ACC1,Accounts Receivable Clerk,ACCTG,RFT,T,Terminated,PRMRE,123,230,,,,100859_PRMRE,EE100859_CO003,1.0,2020-01-18
100860,EE100860,CO003,Nicole,Nicole,Morgan,nicole.morgan@prairieresources.ca,1981-05-19,2019-12-09,2019-12-09,,22ENG5,Engineering Manager,ENGR,RPT,A,Active,PRMRE,115,180,,,,100860_PRMRE,EE100860_CO003,0.55,
100861,EE100861,CO004,Jose,Jose,Ortiz,jose.ortiz@alpineconstruction.com,1985-07-22,2019-12-09,2019-12-09,,07ACC2,Accountant,ACCTG,RFT,A,Active,ALPNC,111,170,,,,100861_ALPNC,EE100861_CO004,1.0,
100862,EE100862,CO004,Betty,Betty,Kim,betty.kim@alpineconstruction.com,2001-12-08,2019-12-11,2019-12-11,,32IT1,IT Support Technician,IT,CON,T,Terminated,ALPNC,100,160,102626,"Diaz, Patricia",patricia.diaz@alpineconstruction.com,100862_ALPNC,EE100862_CO004,1.0,2021-12-08
100863,EE100863,CO003,Nathan,Nathan,Tanaka,nathan.tanaka@prairieresources.ca,1972-04-05,2019-12-11,2019-12-11,,78ANL2,Business Analyst,ANLYT,CON,T,Terminated,PRMRE,121,10,100233,"Morris, Jeffrey",jeffrey.morris@alpineconstruction.com,100863_PRMRE,EE100863_CO003,1.0,2021-05-21
100864,EE100864,CO004,Benjamin,Benjamin,Moore,benjamin.moore@alpineconstruction.com,1970-08-02,2019-12-11,2019-12-11,,42SAL2,Account Executive,SALES,RPT,A,Active,ALPNC,104,20,,,,100864_ALPNC,EE100864_CO004,0.62,
100865,EE100865,CO001,Charles,Charles,Martin,charles.martin@northernpipeline.com,1994-06-14,2019-12-13,2019-12-13,,05ACC1,Accounts Payable Clerk,ACCTG,RFT,T,Terminated,NRTHP,118,140,101731,"Young, Jose",jose.young@northernpipeline.com,100865_NRTHP,EE100865_CO001,1.0,2021-06-10
100866,EE100866,CO001,Dennis,Dennis,Becker,dennis.becker@northernpipeline.com,1991-08-23,2019-12-13,2019-12-13,,34IT2,Software Developer,IT,RFT,A,Active,NRTHP,109,220,100810,"Parker, Barbara",barbara.parker@northernpipeline.com,100866_NRTHP,EE100866_CO001,1.0,
100867,EE100867,CO003,Henry,Henry,Persson,henry.persson@prairieresources.ca,1985-11-27,2019-12-13,2019-12-13,,32IT1,IT Support Technician,IT,RFT,T,Terminated,PRMRE,122,250,102017,"Young, Timothy",timothy.young@northernpipeline.com,100867_PRMRE,EE100867_CO003,1.0,2020-07-27
100868,EE100868,CO004,Isabella,Isabella,Taylor,isabella.taylor@alpineconstruction.com,1984-12-09,2019-12-13,2019-12-13,,42SAL2,Account Executive,SALES,RPT,T,Terminated,ALPNC,124,130,102158,"Flores, Joyce",joyce.flores@prairieresources.ca,100868_ALPNC,EE100868_CO004,0.51,2021-08-06
100869,EE100869,CO003,Jason,Jason,Castillo,jason.castillo@prairieresources.ca,1981-08-24,2019-12-13,2019-12-13,,10ACC5,Accounting Manager,ACCTG,RFT,T,Terminated,PRMRE,116,100,,,,100869_PRMRE,EE100869_CO003,1.0,2020-07-21
100870,EE100870,CO004,Rachel,Rachel,Cruz,rachel.cruz@alpineconstruction.com,1967-12-11,2019-12-25,2019-12-25,,60WHS1,Warehouse Associate,WHSE,RFT,T,Terminated,ALPNC,116,240,,,,100870_ALPNC,EE100870_CO004,1.0,2020-03-31
100871,EE100871,CO004,Helen,Helen,Walker,helen.walker@alpineconstruction.com,1989-08-29,2019-12-25,2019-12-25,,01ADM1,Administrative Assistant,ADMIN,TAW,T,Terminated,ALPNC,114,80,,,,100871_ALPNC,EE100871_CO004,1.0,2020-12-11
100872,EE100872,CO004,Justin,Justin,Tanaka,justin.tanaka@alpineconstruction.com,1995-06-05,2019-12-27,2019-12-27,,90PRO3,Project Manager,PROJ,RPT,A,Active,ALPNC,102,130,102468,"Morgan, Sofia",sofia.morgan@prairieresources.ca,100872_ALPNC,EE100872_CO004,0.57,
100873,EE100873,CO003,Ryan,Ryan,Walker,ryan.walker@prairieresources.ca,2001-02-23,2019-12-27,2019-12-27,,48OPS1,Operations Assistant,OPS,TFT,T,Terminated,PRMRE,100,120,102980,"Jackson, Christopher",christopher.jackson@westmarkmanufacturing.com,100873_PRMRE,EE100873_CO003,1.0,2021-10-23
100874,EE100874,CO003,Timothy,Timothy,Ross,timothy.ross@prairieresources.ca,1995-05-25,2020-01-01,2020-01-01,,32IT1,IT Support Technician,IT,RFT,T,Terminated,PRMRE,100,160,102626,"Diaz, Patricia",patricia.diaz@alpineconstruction.com,100874_PRMRE,EE100874_CO003,1.0,2020-09-30
100875,EE100875,CO004,Yuki,Yuki,Collins,yuki.collins@alpineconstruction.com,1988-02-02,2020-01-01,2020-01-01,,20ENG3,Senior Engineer,ENGR,RFT,A,Active,ALPNC,121,190,100421,"Adams, Sarah",sarah.adams@northernpipeline.com,100875_ALPNC,EE100875_CO004,1.0,
100876,EE100876,CO001,Kevin,Kevin,White,kevin.white@northernpipeline.com,1970-10-22,2020-01-01,2020-01-01,,65TEC1,Field Technician,TECH,RFT,T,Terminated,NRTHP,116,250,,,,100876_NRTHP,EE100876_CO001,1.0,2020-01-18
100877,EE100877,CO002,Ingrid,Ingrid,Gonzalez,ingrid.gonzalez@westmarkmanufacturing.com,1993-12-21,2020-01-02,2020-01-02,,67TEC3,Senior Service Technician,TECH,RPT,T,Terminated,WSTMF,105,90,101404,"Wilson, Diane",diane.wilson@westmarkmanufacturing.com,100877_WSTMF,EE100877_CO002,0.76,2025-01-12
100878,EE100878,CO001,Ryan,Ryan,Schulz,ryan.schulz@northernpipeline.com,1985-04-27,2020-01-02,2020-01-02,,57TRD3,Senior Technician,TRD,RFT,A,Active,NRTHP,119,170,101534,"Myers, Giovanni",giovanni.myers@alpineconstruction.com,100878_NRTHP,EE100878_CO001,1.0,
100879,EE100879,CO002,Jennifer,Jennifer,Johnson,jennifer.johnson@westmarkmanufacturing.com,1988-09-17,2020-01-03,2020-01-03,,60WHS1,Warehouse Associate,WHSE,RFT,A,Active,WSTMF,122,90,101043,"Meyer, Anthony",anthony.meyer@northernpipeline.com,100879_WSTMF,EE100879_CO002,1.0,
100880,EE100880,CO001,Edward,Edward,Kelly,edward.kelly@northernpipeline.com,1976-04-02,2020-01-03,2020-01-03,,48OPS1,Operations Assistant,OPS,RFT,A,Active,NRTHP,119,240,100179,"Cox, John",john.cox@alpineconstruction.com,100880_NRTHP,EE100880_CO001,1.0,
100881,EE100881,CO004,Deborah,Deborah,Clark,deborah.clark@alpineconstruction.com,1962-01-22,2020-01-03,2020-01-03,,60WHS1,Warehouse Associate,WHSE,RFT,T,Terminated,ALPNC,102,190,102877,"Jackson, Pierre",pierre.jackson@prairieresources.ca,100881_ALPNC,EE100881_CO004,1.0,2022-01-27
100882,EE100882,CO001,Benjamin,Benjamin,Garcia,benjamin.garcia@northernpipeline.com,1993-07-31,2020-01-03,2020-01-03,,71MKT2,Marketing Specialist,MKTG,RFT,T,Terminated,NRTHP,122,120,100170,"Persson, Margaret",margaret.persson@prairieresources.ca,100882_NRTHP,EE100882_CO001,1.0,2020-05-29
100883,EE100883,CO003,Robert,Robert,Long,robert.long@prairieresources.ca,1992-12-18,2020-01-03,2020-01-03,,07ACC2,Accountant,ACCTG,RFT,T,Terminated,PRMRE,102,130,102468,"Morgan, Sofia",sofia.morgan@prairieresources.ca,100883_PRMRE,EE100883_CO003,1.0,2021-06-07
100884,EE100884,CO001,Betty,Betty,Lee,betty.lee@northernpipeline.com,1977-07-02,2020-01-07,2020-01-07,,18ENG1,Junior Engineer,ENGR,CON,T,Terminated,NRTHP,111,60,102908,"Reed, Richard",richard.reed@westmarkmanufacturing.com,100884_NRTHP,EE100884_CO001,1.0,2022-05-23
100885,EE100885,CO002,Sakura,Sakura,Liu,sakura.liu@westmarkmanufacturing.com,1981-11-16,2020-01-07,2020-01-07,,71MKT2,Marketing Specialist,MKTG,RFT,T,Terminated,WSTMF,113,140,,,,100885_WSTMF,EE100885_CO002,1.0,2020-07-24
100886,EE100886,CO003,Emma,Emma,Rodriguez,emma.rodriguez@prairieresources.ca,1969-02-01,2020-01-08,2020-01-08,,44SAL4,Sales Team Lead,SALES,RFT,A,Active,PRMRE,121,230,,,,100886_PRMRE,EE100886_CO003,1.0,
100887,EE100887,CO004,Stephen,Stephen,Brooks,stephen.brooks@alpineconstruction.com,1982-08-31,2020-01-08,2020-01-08,,77ANL1,Data Analyst,ANLYT,RFT,T,Terminated,ALPNC,115,210,100349,"Gutierrez, Paul",paul.gutierrez@prairieresources.ca,100887_ALPNC,EE100887_CO004,1.0,2020-07-30
100888,EE100888,CO002,Samantha,Samantha,Weber,samantha.weber@westmarkmanufacturing.com,1991-11-23,2020-01-08,2020-01-08,,18ENG1,Junior Engineer,ENGR,RFT,T,Terminated,WSTMF,105,170,,,,100888_WSTMF,EE100888_CO002,1.0,2021-12-04
100889,EE100889,CO002,Janet,Janet,Lee,janet.lee@westmarkmanufacturing.com,1982-11-17,2020-01-09,2020-01-09,,56TRD2,Journeyman Technician,TRD,TAW,A,Active,WSTMF,102,170,101871,"Martin, George",george.martin@alpineconstruction.com,100889_WSTMF,EE100889_CO002,1.0,
100890,EE100890,CO004,Ryan,Ryan,Green,ryan.green@alpineconstruction.com,1976-02-10,2020-01-10,2020-01-10,,29HR5,HR Manager,HR,RFT,A,Active,ALPNC,111,130,,,,100890_ALPNC,EE100890_CO004,1.0,
100891,EE100891,CO003,Anthony,Anthony,Liu,anthony.liu@prairieresources.ca,1979-02-18,2020-01-15,2020-01-15,,78ANL2,Business Analyst,ANLYT,CON,T,Terminated,PRMRE,115,50,100721,"Walker, Larry",larry.walker@alpineconstruction.com,100891_PRMRE,EE100891_CO003,1.0,2020-11-07
100892,EE100892,CO001,Scott,Scott,Phillips,scott.phillips@northernpipeline.com,1983-01-20,2020-01-16,2020-01-16,,43SAL3,Senior Account Executive,SALES,RFT,T,Terminated,NRTHP,117,40,100480,"Hughes, Pamela",pamela.hughes@prairieresources.ca,100892_NRTHP,EE100892_CO001,1.0,2021-08-08
100893,EE100893,CO001,David,David,Mendoza,david.mendoza@northernpipeline.com,1977-08-28,2020-01-16,2020-01-16,,27HR3,Senior HR Generalist,HR,RFT,A,Active,NRTHP,101,190,102129,"Wood, Richard",richard.wood@northernpipeline.com,100893_NRTHP,EE100893_CO001,1.0,
100894,EE100894,CO004,Rebecca,Rebecca,Scott,rebecca.scott@alpineconstruction.com,1977-01-14,2020-01-17,2020-01-17,,06ACC1,Accounts Receivable Clerk,ACCTG,TAW,A,Active,ALPNC,102,60,101520,"Olsson, Jason",jason.olsson@alpineconstruction.com,100894_ALPNC,EE100894_CO004,1.0,
100895,EE100895,CO004,George,George,Li,george.li@alpineconstruction.com,1974-02-23,2020-01-17,2020-01-17,,63WHS4,Warehouse Lead,WHSE,CON,A,Active,ALPNC,124,10,,,,100895_ALPNC,EE100895_CO004,1.0,
100896,EE100896,CO001,Mei,Mei,Sanders,mei.sanders@northernpipeline.com,1981-09-14,2020-01-20,2020-01-20,,89PRO2,Project Coordinator,PROJ,RFT,T,Terminated,NRTHP,113,100,,,,100896_NRTHP,EE100896_CO001,1.0,2020-03-20
100897,EE100897,CO002,Julie,Julie,Collins,julie.collins@westmarkmanufacturing.com,1989-08-12,2020-01-21,2020-01-21,,13CSR1,Customer Service Representative,CSR,RFT,T,Terminated,WSTMF,124,120,101806,"Campbell, Edward",edward.campbell@alpineconstruction.com,100897_WSTMF,EE100897_CO002,1.0,2020-09-27
100898,EE100898,CO003,Jerry,Jerry,Kumar,jerry.kumar@prairieresources.ca,1986-05-09,2020-01-21,2020-01-21,,55TRD1,Apprentice Technician,TRD,RPT,A,Active,PRMRE,116,60,102529,"Weber, Raymond",raymond.weber@prairieresources.ca,100898_PRMRE,EE100898_CO003,0.43,
100899,EE100899,CO001,Eric,Eric,Ward,eric.ward@northernpipeline.com,1975-11-19,2020-01-22,2020-01-22,,07ACC2,Accountant,ACCTG,RPT,T,Terminated,NRTHP,123,140,102554,"Kim, Marie",marie.kim@northernpipeline.com,100899_NRTHP,EE100899_CO001,0.67,2021-03-18
100900,EE100900,CO004,Steven,Steven,Green,steven.green@alpineconstruction.com,1996-11-12,2020-01-23,2020-01-23,,71MKT2,Marketing Specialist,MKTG,RFT,A,Active,ALPNC,100,70,,,,100900_ALPNC,EE100900_CO004,1.0,
100901,EE100901,CO001,Raymond,Raymond,Hernandez,raymond.hernandez@northernpipeline.com,1985-01-02,2020-01-24,2020-01-24,,34IT2,Software Developer,IT,CON,A,Active,NRTHP,102,210,101824,"Martin, Edward",edward.martin@prairieresources.ca,100901_NRTHP,EE100901_CO001,1.0,
100902,EE100902,CO001,Zara,Zara,Young,zara.young@northernpipeline.com,1991-10-03,2020-01-24,2020-01-24,,91PRO4,Senior Project Manager,PROJ,RFT,T,Terminated,NRTHP,101,240,,,,100902_NRTHP,EE100902_CO001,1.0,2022-09-25
100903,EE100903,CO003,Nathan,Nathan,Castillo,nathan.castillo@prairieresources.ca,1987-06-29,2020-01-24,2020-01-24,,55TRD1,Apprentice Technician,TRD,RFT,T,Terminated,PRMRE,102,10,102485,"Ramos, Helen",helen.ramos@alpineconstruction.com,100903_PRMRE,EE100903_CO003,1.0,2024-07-02
100904,EE100904,CO003,Nicholas,Nicholas,Smith,nicholas.smith@prairieresources.ca,1975-04-26,2020-01-27,2020-01-27,,25HR1,HR Coordinator,HR,RFT,A,Active,PRMRE,102,120,100740,"Foster, Betty",betty.foster@northernpipeline.com,100904_PRMRE,EE100904_CO003,1.0,
100905,EE100905,CO004,Christopher,Christopher,Taylor,christopher.taylor@alpineconstruction.com,1986-07-14,2020-01-27,2020-01-27,,19ENG2,Engineer,ENGR,RFT,A,Active,ALPNC,104,140,,,,100905_ALPNC,EE100905_CO004,1.0,
100906,EE100906,CO001,Carolyn,Carolyn,Parker,carolyn.parker@northernpipeline.com,1987-03-24,2020-01-31,2020-01-31,,13CSR1,Customer Service Representative,CSR,RFT,T,Terminated,NRTHP,119,110,100788,"Collins, Janet",janet.collins@alpineconstruction.com,100906_NRTHP,EE100906_CO001,1.0,2020-12-29
100907,EE100907,CO004,Richard,Richard,Lopez,richard.lopez@alpineconstruction.com,2001-02-19,2020-02-03,2020-02-03,,34IT2,Software Developer,IT,RPT,A,Active,ALPNC,124,230,102542,"Clark, Christopher",christopher.clark@northernpipeline.com,100907_ALPNC,EE100907_CO004,0.6,
100908,EE100908,CO002,Carlos,Carlos,Rodriguez,carlos.rodriguez@westmarkmanufacturing.com,1981-02-13,2020-02-04,2020-02-04,,30HR6,Director of Human Resources,HR,RFT,T,Terminated,WSTMF,111,220,101356,"Schulz, Angela",angela.schulz@alpineconstruction.com,100908_WSTMF,EE100908_CO002,1.0,2021-07-26
100909,EE100909,CO003,Cynthia,Cynthia,Persson,cynthia.persson@prairieresources.ca,1981-10-19,2020-02-04,2020-02-04,,07ACC2,Accountant,ACCTG,RPT,T,Terminated,PRMRE,124,60,102033,"Anderson, Heather",heather.anderson@alpineconstruction.com,100909_PRMRE,EE100909_CO003,0.48,2022-01-06
100910,EE100910,CO002,Brian,Brian,Edwards,brian.edwards@westmarkmanufacturing.com,1966-12-05,2020-02-06,2020-02-06,,48OPS1,Operations Assistant,OPS,RFT,A,Active,WSTMF,124,220,100427,"Brown, David",david.brown@westmarkmanufacturing.com,100910_WSTMF,EE100910_CO002,1.0,
100911,EE100911,CO003,Dennis,Dennis,Moore,dennis.moore@prairieresources.ca,1992-01-17,2020-02-06,2020-02-06,,89PRO2,Project Coordinator,PROJ,RFT,T,Terminated,PRMRE,124,210,102698,"Lee, Emma",emma.lee@westmarkmanufacturing.com,100911_PRMRE,EE100911_CO003,1.0,2022-08-14
100912,EE100912,CO003,Paul,Paul,Cooper,paul.cooper@prairieresources.ca,1985-03-22,2020-02-07,2020-02-07,,02ADM2,Administrative Coordinator,ADMIN,RFT,A,Active,PRMRE,102,130,102468,"Morgan, Sofia",sofia.morgan@prairieresources.ca,100912_PRMRE,EE100912_CO003,1.0,
100913,EE100913,CO001,Patrick,Patrick,Phillips,patrick.phillips@northernpipeline.com,1985-04-04,2020-02-10,2020-02-10,,42SAL2,Account Executive,SALES,RPT,A,Active,NRTHP,113,170,100750,"Cook, Stephanie",stephanie.cook@westmarkmanufacturing.com,100913_NRTHP,EE100913_CO001,0.61,
100914,EE100914,CO003,Donald,Donald,White,donald.white@prairieresources.ca,1972-12-15,2020-02-10,2020-02-10,,41SAL1,Sales Representative,SALES,RFT,A,Active,PRMRE,118,250,102494,"Singh, Jerry",jerry.singh@westmarkmanufacturing.com,100914_PRMRE,EE100914_CO003,1.0,
100915,EE100915,CO004,Brenda,Brenda,Taylor,brenda.taylor@alpineconstruction.com,1988-08-03,2020-02-12,2020-02-12,,15CSR3,Senior Customer Service Specialist,CSR,RFT,T,Terminated,ALPNC,116,70,101496,"Hill, Gregory",gregory.hill@prairieresources.ca,100915_ALPNC,EE100915_CO004,1.0,2021-06-07
100916,EE100916,CO001,Gary,Gary,Lopez,gary.lopez@northernpipeline.com,1985-12-17,2020-02-13,2020-02-13,,34IT2,Software Developer,IT,RFT,T,Terminated,NRTHP,123,250,101980,"Harris, Ahmed",ahmed.harris@northernpipeline.com,100916_NRTHP,EE100916_CO001,1.0,2022-01-19
100917,EE100917,CO001,Sarah,Sarah,Anderson,sarah.anderson@northernpipeline.com,1981-10-12,2020-02-13,2020-02-13,,02ADM2,Administrative Coordinator,ADMIN,RPT,T,Terminated,NRTHP,120,120,,,,100917_NRTHP,EE100917_CO001,0.55,2022-06-28
100918,EE100918,CO001,Steven,Steven,Allen,steven.allen@northernpipeline.com,1987-02-18,2020-02-19,2020-02-19,,38IT5,IT Manager,IT,RFT,T,Terminated,NRTHP,111,220,101356,"Schulz, Angela",angela.schulz@alpineconstruction.com,100918_NRTHP,EE100918_CO001,1.0,2020-08-04
100919,EE100919,CO004,Olga,Olga,Chen,olga.chen@alpineconstruction.com,1992-08-17,2020-02-19,2020-02-19,,65TEC1,Field Technician,TECH,RFT,T,Terminated,ALPNC,104,210,,,,100919_ALPNC,EE100919_CO004,1.0,2020-06-16
100920,EE100920,CO003,Sakura,Sakura,Hill,sakura.hill@prairieresources.ca,1987-02-16,2020-02-19,2020-02-19,,35IT3,Senior Developer,IT,RFT,T,Terminated,PRMRE,122,210,,,,100920_PRMRE,EE100920_CO003,1.0,2021-02-18
100921,EE100921,CO002,Rachel,Rachel,Mitchell,rachel.mitchell@westmarkmanufacturing.com,1978-01-23,2020-02-20,2020-02-20,,95LEG3,Legal Counsel,LEGAL,RFT,T,Terminated,WSTMF,122,190,,,,100921_WSTMF,EE100921_CO002,1.0,2020-11-29
100922,EE100922,CO004,Matthew,Matthew,Cruz,matthew.cruz@alpineconstruction.com,1998-11-04,2020-02-20,2020-02-20,,18ENG1,Junior Engineer,ENGR,RFT,A,Active,ALPNC,112,220,102048,"Parker, Ronald",ronald.parker@northernpipeline.com,100922_ALPNC,EE100922_CO004,1.0,
100923,EE100923,CO003,Barbara,Barbara,Kelly,barbara.kelly@prairieresources.ca,1986-08-14,2020-02-21,2020-02-21,,04ADM4,Executive Assistant,ADMIN,RFT,A,Active,PRMRE,100,220,,,,100923_PRMRE,EE100923_CO003,1.0,
100924,EE100924,CO001,Ryan,Ryan,Meyer,ryan.meyer@northernpipeline.com,1995-07-02,2020-02-21,2020-02-21,,13CSR1,Customer Service Representative,CSR,RFT,T,Terminated,NRTHP,119,30,,,,100924_NRTHP,EE100924_CO001,1.0,2020-02-26
100925,EE100925,CO003,Donald,Donald,Campbell,donald.campbell@prairieresources.ca,1976-03-30,2020-02-21,2020-02-21,,18ENG1,Junior Engineer,ENGR,RFT,A,Active,PRMRE,123,20,101817,"Adams, Sarah",sarah.adams@northernpipeline.com,100925_PRMRE,EE100925_CO003,1.0,
100926,EE100926,CO001,Michelle,Michelle,Wood,michelle.wood@northernpipeline.com,2001-07-25,2020-02-21,2020-02-21,,08ACC3,Senior Accountant,ACCTG,RPT,T,Terminated,NRTHP,108,40,102445,"Roberts, Alexander",alexander.roberts@northernpipeline.com,100926_NRTHP,EE100926_CO001,0.71,2022-09-12
100927,EE100927,CO002,Fatima,Fatima,Rivera,fatima.rivera@westmarkmanufacturing.com,1993-05-22,2020-02-21,2020-02-21,,66TEC2,Service Technician,TECH,RFT,T,Terminated,WSTMF,102,80,100620,"Hall, Sakura",sakura.hall@northernpipeline.com,100927_WSTMF,EE100927_CO002,1.0,2020-05-13
100928,EE100928,CO004,Melissa,Melissa,Hill,melissa.hill@alpineconstruction.com,1984-07-18,2020-02-24,2020-02-24,,42SAL2,Account Executive,SALES,CON,T,Terminated,ALPNC,111,40,101448,"Chen, Kenneth",kenneth.chen@alpineconstruction.com,100928_ALPNC,EE100928_CO004,1.0,2023-11-17
100929,EE100929,CO003,Jose,Jose,Sanchez,jose.sanchez@prairieresources.ca,1972-10-07,2020-02-25,2020-02-25,,48OPS1,Operations Assistant,OPS,RPT,A,Active,PRMRE,105,50,100385,"Lopez, Larry",larry.lopez@prairieresources.ca,100929_PRMRE,EE100929_CO003,0.64,
100930,EE100930,CO001,Christine,Christine,Evans,christine.evans@northernpipeline.com,1988-11-19,2020-02-25,2020-02-25,,51OPS4,Operations Lead,OPS,CON,T,Terminated,NRTHP,119,220,,,,100930_NRTHP,EE100930_CO001,1.0,2021-07-13
100931,EE100931,CO003,Joseph,Joseph,Scott,joseph.scott@prairieresources.ca,1993-10-06,2020-02-27,2020-02-27,,71MKT2,Marketing Specialist,MKTG,RFT,A,Active,PRMRE,100,170,,,,100931_PRMRE,EE100931_CO003,1.0,
100932,EE100932,CO004,Ryan,Ryan,Johnson,ryan.johnson@alpineconstruction.com,1969-06-07,2020-02-27,2020-02-27,,61WHS2,Warehouse Clerk,WHSE,RFT,A,Active,ALPNC,119,10,,,,100932_ALPNC,EE100932_CO004,1.0,
100933,EE100933,CO003,Amy,Amy,Nelson,amy.nelson@prairieresources.ca,2002-01-17,2020-02-28,2020-02-28,,69TEC5,Technical Services Manager,TECH,RFT,T,Terminated,PRMRE,115,10,,,,100933_PRMRE,EE100933_CO003,1.0,2023-09-09
100934,EE100934,CO002,Debra,Debra,Diaz,debra.diaz@westmarkmanufacturing.com,2001-07-16,2020-03-02,2020-03-02,,65TEC1,Field Technician,TECH,RFT,T,Terminated,WSTMF,106,230,102452,"Fischer, Nathan",nathan.fischer@westmarkmanufacturing.com,100934_WSTMF,EE100934_CO002,1.0,2021-05-19
100935,EE100935,CO004,Henry,Henry,Lee,henry.lee@alpineconstruction.com,1983-06-14,2020-03-03,2020-03-03,,65TEC1,Field Technician,TECH,RFT,A,Active,ALPNC,116,140,101433,"Persson, Benjamin",benjamin.persson@alpineconstruction.com,100935_ALPNC,EE100935_CO004,1.0,
100936,EE100936,CO001,Sofia,Sofia,Garcia,sofia.garcia@northernpipeline.com,1993-08-06,2020-03-04,2020-03-04,,14CSR2,Customer Service Specialist,CSR,RFT,A,Active,NRTHP,124,180,101270,"Roberts, Frank",frank.roberts@prairieresources.ca,100936_NRTHP,EE100936_CO001,1.0,
100937,EE100937,CO003,Michael,Michael,Ramirez,michael.ramirez@prairieresources.ca,1998-10-28,2020-03-04,2020-03-04,,67TEC3,Senior Service Technician,TECH,RFT,T,Terminated,PRMRE,117,190,,,,100937_PRMRE,EE100937_CO003,1.0,2025-06-16
100938,EE100938,CO003,Brenda,Brenda,Baker,brenda.baker@prairieresources.ca,1981-01-10,2020-03-04,2020-03-04,,63WHS4,Warehouse Lead,WHSE,TAW,T,Terminated,PRMRE,117,90,,,,100938_PRMRE,EE100938_CO003,1.0,2020-08-29
100939,EE100939,CO001,Olivia,Olivia,Singh,olivia.singh@northernpipeline.com,1986-01-21,2020-03-05,2020-03-05,,90PRO3,Project Manager,PROJ,RFT,T,Terminated,NRTHP,112,140,,,,100939_NRTHP,EE100939_CO001,1.0,2025-02-09
100940,EE100940,CO004,Carolyn,Carolyn,Parker,carolyn.parker@alpineconstruction.com,1993-11-25,2020-03-06,2020-03-06,,71MKT2,Marketing Specialist,MKTG,RFT,T,Terminated,ALPNC,114,240,,,,100940_ALPNC,EE100940_CO004,1.0,2021-07-09
100941,EE100941,CO003,Steven,Steven,Hall,steven.hall@prairieresources.ca,2000-07-01,2020-03-10,2020-03-10,,35IT3,Senior Developer,IT,RPT,T,Terminated,PRMRE,117,240,,,,100941_PRMRE,EE100941_CO003,0.77,2020-09-18
100942,EE100942,CO004,Ahmed,Ahmed,Sanders,ahmed.sanders@alpineconstruction.com,1980-01-20,2020-03-11,2020-03-11,,18ENG1,Junior Engineer,ENGR,RFT,A,Active,ALPNC,121,220,,,,100942_ALPNC,EE100942_CO004,1.0,
100943,EE100943,CO002,Dorothy,Dorothy,Mitchell,dorothy.mitchell@westmarkmanufacturing.com,1981-06-22,2020-03-12,2020-03-12,,03ADM3,Senior Administrative Coordinator,ADMIN,RPT,T,Terminated,WSTMF,107,110,101573,"Cox, Kevin",kevin.cox@westmarkmanufacturing.com,100943_WSTMF,EE100943_CO002,0.51,2024-12-10
100944,EE100944,CO001,Stephanie,Stephanie,Sanders,stephanie.sanders@northernpipeline.com,1988-12-18,2020-03-12,2020-03-12,,65TEC1,Field Technician,TECH,RFT,T,Terminated,NRTHP,120,170,101536,"Sanders, Jose",jose.sanders@northernpipeline.com,100944_NRTHP,EE100944_CO001,1.0,2023-03-24
100945,EE100945,CO002,Maria,Maria,Shah,maria.shah@westmarkmanufacturing.com,1969-05-08,2020-03-12,2020-03-12,,33IT2,Systems Administrator,IT,RFT,A,Active,WSTMF,115,10,102784,"Edwards, Stephen",stephen.edwards@northernpipeline.com,100945_WSTMF,EE100945_CO002,1.0,
100946,EE100946,CO004,Robert,Robert,Myers,robert.myers@alpineconstruction.com,1998-10-06,2020-03-13,2020-03-13,,55TRD1,Apprentice Technician,TRD,RFT,T,Terminated,ALPNC,115,50,100721,"Walker, Larry",larry.walker@alpineconstruction.com,100946_ALPNC,EE100946_CO004,1.0,2020-07-05
100947,EE100947,CO003,Julie,Julie,Lewis,julie.lewis@prairieresources.ca,2001-11-02,2020-03-13,2020-03-13,,25HR1,HR Coordinator,HR,RFT,T,Terminated,PRMRE,115,230,101987,"Schmidt, Priya",priya.schmidt@westmarkmanufacturing.com,100947_PRMRE,EE100947_CO003,1.0,2021-02-05
100948,EE100948,CO001,Adam,Adam,Rivera,adam.rivera@northernpipeline.com,1994-10-18,2020-03-13,2020-03-13,,90PRO3,Project Manager,PROJ,RFT,A,Active,NRTHP,112,80,,,,100948_NRTHP,EE100948_CO001,1.0,
100949,EE100949,CO002,Samuel,Samuel,Long,samuel.long@westmarkmanufacturing.com,1989-01-23,2020-03-13,2020-03-13,,13CSR1,Customer Service Representative,CSR,RFT,T,Terminated,WSTMF,124,250,,,,100949_WSTMF,EE100949_CO002,1.0,2020-08-22
100950,EE100950,CO001,Debra,Debra,Johansson,debra.johansson@northernpipeline.com,1985-07-15,2020-03-13,2020-03-13,,04ADM4,Executive Assistant,ADMIN,RFT,T,Terminated,NRTHP,102,70,,,,100950_NRTHP,EE100950_CO001,1.0,2022-01-04
100951,EE100951,CO002,Eric,Eric,Sanders,eric.sanders@westmarkmanufacturing.com,1990-10-27,2020-03-16,2020-03-16,,94LEG2,Paralegal,LEGAL,CON,T,Terminated,WSTMF,118,30,,,,100951_WSTMF,EE100951_CO002,1.0,2025-06-08
100952,EE100952,CO001,Jacob,Jacob,Rivera,jacob.rivera@northernpipeline.com,1984-10-23,2020-03-17,2020-03-17,,37IT4,Technical Lead,IT,RFT,A,Active,NRTHP,103,40,,,,100952_NRTHP,EE100952_CO001,1.0,
100953,EE100953,CO001,Amy,Amy,Hernandez,amy.hernandez@northernpipeline.com,2000-07-22,2020-03-18,2020-03-18,,62WHS3,Senior Warehouse Clerk,WHSE,RFT,A,Active,NRTHP,123,160,,,,100953_NRTHP,EE100953_CO001,1.0,
100954,EE100954,CO002,Olga,Olga,Diaz,olga.diaz@westmarkmanufacturing.com,1973-06-28,2020-03-19,2020-03-19,,36IT3,Senior Systems Administrator,IT,CON,T,Terminated,WSTMF,105,90,101404,"Wilson, Diane",diane.wilson@westmarkmanufacturing.com,100954_WSTMF,EE100954_CO002,1.0,2022-02-06
100955,EE100955,CO002,Matthew,Matthew,Adams,matthew.adams@westmarkmanufacturing.com,1988-11-30,2020-03-20,2020-03-20,,01ADM1,Administrative Assistant,ADMIN,RFT,T,Terminated,WSTMF,122,10,101560,"Jones, Lisa",lisa.jones@prairieresources.ca,100955_WSTMF,EE100955_CO002,1.0,2020-10-02
100956,EE100956,CO001,George,George,Hall,george.hall@northernpipeline.com,1976-08-11,2020-03-20,2020-03-20,,96LEG4,Senior Legal Counsel,LEGAL,RFT,A,Active,NRTHP,103,130,,,,100956_NRTHP,EE100956_CO001,1.0,
100957,EE100957,CO004,Steven,Steven,Becker,steven.becker@alpineconstruction.com,1984-08-20,2020-03-20,2020-03-20,,62WHS3,Senior Warehouse Clerk,WHSE,RFT,T,Terminated,ALPNC,102,100,,,,100957_ALPNC,EE100957_CO004,1.0,2021-12-01
100958,EE100958,CO002,Lisa,Lisa,Kelly,lisa.kelly@westmarkmanufacturing.com,1984-01-22,2020-03-20,2020-03-20,,65TEC1,Field Technician,TECH,RPT,A,Active,WSTMF,100,200,100546,"Ruiz, Priya",priya.ruiz@northernpipeline.com,100958_WSTMF,EE100958_CO002,0.73,
100959,EE100959,CO002,Yuki,Yuki,Nilsson,yuki.nilsson@westmarkmanufacturing.com,1982-06-18,2020-03-20,2020-03-20,,13CSR1,Customer Service Representative,CSR,RFT,A,Active,WSTMF,122,230,101500,"Cox, Pamela",pamela.cox@prairieresources.ca,100959_WSTMF,EE100959_CO002,1.0,
100960,EE100960,CO003,Emily,Emily,Ramirez,emily.ramirez@prairieresources.ca,1983-06-02,2020-03-23,2020-03-23,,08ACC3,Senior Accountant,ACCTG,RFT,T,Terminated,PRMRE,124,230,,,,100960_PRMRE,EE100960_CO003,1.0,2020-08-30
100961,EE100961,CO004,Wei,Wei,King,wei.king@alpineconstruction.com,1982-01-25,2020-03-23,2020-03-23,,27HR3,Senior HR Generalist,HR,CON,T,Terminated,ALPNC,115,100,,,,100961_ALPNC,EE100961_CO004,1.0,2021-01-22
100962,EE100962,CO001,Larry,Larry,Kumar,larry.kumar@northernpipeline.com,1975-01-13,2020-03-24,2020-03-24,,77ANL1,Data Analyst,ANLYT,RFT,A,Active,NRTHP,122,250,102017,"Young, Timothy",timothy.young@northernpipeline.com,100962_NRTHP,EE100962_CO001,1.0,
100963,EE100963,CO002,George,George,Meyer,george.meyer@westmarkmanufacturing.com,1986-08-29,2020-03-25,2020-03-25,,14CSR2,Customer Service Specialist,CSR,RPT,A,Active,WSTMF,113,20,,,,100963_WSTMF,EE100963_CO002,0.63,
100964,EE100964,CO001,Eric,Eric,Schulz,eric.schulz@northernpipeline.com,1980-07-02,2020-03-26,2020-03-26,,70MKT1,Marketing Coordinator,MKTG,RPT,A,Active,NRTHP,114,110,102212,"Ramos, Joyce",joyce.ramos@northernpipeline.com,100964_NRTHP,EE100964_CO001,0.41,
100965,EE100965,CO001,Mark,Mark,Jackson,mark.jackson@northernpipeline.com,1989-02-21,2020-03-26,2020-03-26,,41SAL1,Sales Representative,SALES,RFT,A,Active,NRTHP,122,150,,,,100965_NRTHP,EE100965_CO001,1.0,
100966,EE100966,CO003,Charles,Charles,Ruiz,charles.ruiz@prairieresources.ca,1973-05-30,2020-03-26,2020-03-26,,26HR2,HR Generalist,HR,RFT,T,Terminated,PRMRE,117,70,,,,100966_PRMRE,EE100966_CO003,1.0,2024-03-21
100967,EE100967,CO003,Kenneth,Kenneth,Clark,kenneth.clark@prairieresources.ca,1994-07-19,2020-03-27,2020-03-27,,15CSR3,Senior Customer Service Specialist,CSR,RFT,A,Active,PRMRE,102,30,,,,100967_PRMRE,EE100967_CO003,1.0,
100968,EE100968,CO002,Jonathan,Jonathan,Ortiz,jonathan.ortiz@westmarkmanufacturing.com,1970-03-25,2020-03-27,2020-03-27,,07ACC2,Accountant,ACCTG,RFT,A,Active,WSTMF,107,110,101573,"Cox, Kevin",kevin.cox@westmarkmanufacturing.com,100968_WSTMF,EE100968_CO002,1.0,
100969,EE100969,CO003,Ingrid,Ingrid,Torres,ingrid.torres@prairieresources.ca,1988-07-27,2020-03-27,2020-03-27,,14CSR2,Customer Service Specialist,CSR,CON,T,Terminated,PRMRE,123,230,,,,100969_PRMRE,EE100969_CO003,1.0,2025-09-17
100970,EE100970,CO003,Emily,Emily,Nelson,emily.nelson@prairieresources.ca,2001-07-14,2020-03-27,2020-03-27,,62WHS3,Senior Warehouse Clerk,WHSE,RFT,T,Terminated,PRMRE,115,140,,,,100970_PRMRE,EE100970_CO003,1.0,2022-04-21
100971,EE100971,CO001,Rebecca,Rebecca,Ramos,rebecca.ramos@northernpipeline.com,1986-04-13,2020-04-01,2020-04-01,,21ENG4,Principal Engineer,ENGR,RFT,T,Terminated,NRTHP,115,150,102289,"Price, Angela",angela.price@prairieresources.ca,100971_NRTHP,EE100971_CO001,1.0,2020-07-31
100972,EE100972,CO001,Deborah,Deborah,Stewart,deborah.stewart@northernpipeline.com,1995-03-17,2020-04-01,2020-04-01,,14CSR2,Customer Service Specialist,CSR,RFT,A,Active,NRTHP,103,60,,,,100972_NRTHP,EE100972_CO001,1.0,
100973,EE100973,CO003,Rachel,Rachel,Richardson,rachel.richardson@prairieresources.ca,1979-09-06,2020-04-03,2020-04-03,,79ANL3,Senior Data Analyst,ANLYT,RFT,T,Terminated,PRMRE,124,130,102158,"Flores, Joyce",joyce.flores@prairieresources.ca,100973_PRMRE,EE100973_CO003,1.0,2023-01-27
100974,EE100974,CO003,Betty,Betty,Hill,betty.hill@prairieresources.ca,1995-03-11,2020-04-06,2020-04-06,,01ADM1,Administrative Assistant,ADMIN,RFT,T,Terminated,PRMRE,122,190,102645,"Persson, Raj",raj.persson@westmarkmanufacturing.com,100974_PRMRE,EE100974_CO003,1.0,2022-06-30
100975,EE100975,CO002,Carolyn,Carolyn,Walker,carolyn.walker@westmarkmanufacturing.com,1992-06-02,2020-04-07,2020-04-07,,02ADM2,Administrative Coordinator,ADMIN,RFT,T,Terminated,WSTMF,100,180,,,,100975_WSTMF,EE100975_CO002,1.0,2025-12-25
100976,EE100976,CO002,Sofia,Sofia,Long,sofia.long@westmarkmanufacturing.com,2001-06-17,2020-04-08,2020-04-08,,61WHS2,Warehouse Clerk,WHSE,RFT,T,Terminated,WSTMF,107,180,100161,"Mendoza, Ahmed",ahmed.mendoza@westmarkmanufacturing.com,100976_WSTMF,EE100976_CO002,1.0,2020-11-16
100977,EE100977,CO004,Ashley,Ashley,Allen,ashley.allen@alpineconstruction.com,1992-07-02,2020-04-08,2020-04-08,,89PRO2,Project Coordinator,PROJ,RPT,A,Active,ALPNC,121,120,101473,"Mueller, Giovanni",giovanni.mueller@northernpipeline.com,100977_ALPNC,EE100977_CO004,0.62,
100978,EE100978,CO003,Deborah,Deborah,Green,deborah.green@prairieresources.ca,2001-04-16,2020-04-09,2020-04-09,,21ENG4,Principal Engineer,ENGR,CON,T,Terminated,PRMRE,118,180,,,,100978_PRMRE,EE100978_CO003,1.0,2021-12-17
100979,EE100979,CO001,Larry,Larry,Murphy,larry.murphy@northernpipeline.com,2002-01-08,2020-04-09,2020-04-09,,48OPS1,Operations Assistant,OPS,RFT,A,Active,NRTHP,119,30,,,,100979_NRTHP,EE100979_CO001,1.0,
100980,EE100980,CO001,Laura,Laura,Kim,laura.kim@northernpipeline.com,1980-10-20,2020-04-09,2020-04-09,,56TRD2,Journeyman Technician,TRD,RFT,A,Active,NRTHP,114,240,,,,100980_NRTHP,EE100980_CO001,1.0,
100981,EE100981,CO001,Frank,Frank,Davis,frank.davis@northernpipeline.com,1980-11-12,2020-04-09,2020-04-09,,94LEG2,Paralegal,LEGAL,RPT,T,Terminated,NRTHP,115,210,100349,"Gutierrez, Paul",paul.gutierrez@prairieresources.ca,100981_NRTHP,EE100981_CO001,0.5,2025-08-10
100982,EE100982,CO003,Jerry,Jerry,Moore,jerry.moore@prairieresources.ca,1984-03-29,2020-04-09,2020-04-09,,65TEC1,Field Technician,TECH,RFT,A,Active,PRMRE,115,90,102088,"Moore, Matthew",matthew.moore@westmarkmanufacturing.com,100982_PRMRE,EE100982_CO003,1.0,
100983,EE100983,CO002,Steven,Steven,Ross,steven.ross@westmarkmanufacturing.com,1997-12-09,2020-04-09,2020-04-09,,19ENG2,Engineer,ENGR,RFT,T,Terminated,WSTMF,110,40,102656,"Kim, Emily",emily.kim@westmarkmanufacturing.com,100983_WSTMF,EE100983_CO002,1.0,2025-02-13
100984,EE100984,CO003,Deborah,Deborah,Gray,deborah.gray@prairieresources.ca,1989-03-22,2020-04-10,2020-04-10,,44SAL4,Sales Team Lead,SALES,RFT,T,Terminated,PRMRE,100,50,,,,100984_PRMRE,EE100984_CO003,1.0,2021-01-13
100985,EE100985,CO002,Susan,Susan,Walker,susan.walker@westmarkmanufacturing.com,1989-01-25,2020-04-10,2020-04-10,,32IT1,IT Support Technician,IT,RFT,A,Active,WSTMF,100,10,102752,"Carter, Michelle",michelle.carter@alpineconstruction.com,100985_WSTMF,EE100985_CO002,1.0,
100986,EE100986,CO003,Samuel,Samuel,Li,samuel.li@prairieresources.ca,1999-09-04,2020-04-10,2020-04-10,,33IT2,Systems Administrator,IT,RFT,A,Active,PRMRE,123,240,101281,"Green, George",george.green@prairieresources.ca,100986_PRMRE,EE100986_CO003,1.0,
100987,EE100987,CO003,Ryan,Ryan,Yamamoto,ryan.yamamoto@prairieresources.ca,1973-03-31,2020-04-10,2020-04-10,,58TRD4,Lead Technician,TRD,RFT,A,Active,PRMRE,124,140,100787,"Lopez, Isabella",isabella.lopez@alpineconstruction.com,100987_PRMRE,EE100987_CO003,1.0,
100988,EE100988,CO002,Ahmed,Ahmed,Wang,ahmed.wang@westmarkmanufacturing.com,1979-05-01,2020-04-10,2020-04-10,,16CSR4,Customer Service Team Lead,CSR,RPT,A,Active,WSTMF,107,60,,,,100988_WSTMF,EE100988_CO002,0.59,
100989,EE100989,CO001,Joyce,Joyce,Gray,joyce.gray@northernpipeline.com,1991-04-08,2020-04-13,2020-04-13,,70MKT1,Marketing Coordinator,MKTG,CON,T,Terminated,NRTHP,100,180,102279,"Wood, John",john.wood@prairieresources.ca,100989_NRTHP,EE100989_CO001,1.0,2020-08-28
100990,EE100990,CO001,Olga,Olga,King,olga.king@northernpipeline.com,1987-12-02,2020-04-14,2020-04-14,,07ACC2,Accountant,ACCTG,RFT,T,Terminated,NRTHP,112,160,100151,"Bennett, Robert",robert.bennett@alpineconstruction.com,100990_NRTHP,EE100990_CO001,1.0,2021-02-09
100991,EE100991,CO001,Anna,Anna,Foster,anna.foster@northernpipeline.com,1985-05-15,2020-04-15,2020-04-15,,57TRD3,Senior Technician,TRD,RPT,T,Terminated,NRTHP,108,30,,,,100991_NRTHP,EE100991_CO001,0.75,2022-08-20
100992,EE100992,CO002,Ronald,Ronald,Moore,ronald.moore@westmarkmanufacturing.com,2001-08-30,2020-04-15,2020-04-15,,29HR5,HR Manager,HR,RPT,A,Active,WSTMF,115,250,,,,100992_WSTMF,EE100992_CO002,0.45,
100993,EE100993,CO001,Shirley,Shirley,Jackson,shirley.jackson@northernpipeline.com,1990-07-11,2020-04-15,2020-04-15,,05ACC1,Accounts Payable Clerk,ACCTG,RFT,A,Active,NRTHP,115,250,100992,"Moore, Ronald",ronald.moore@westmarkmanufacturing.com,100993_NRTHP,EE100993_CO001,1.0,
100994,EE100994,CO003,Linda,Linda,Morris,linda.morris@prairieresources.ca,1994-10-17,2020-04-16,2020-04-16,,60WHS1,Warehouse Associate,WHSE,RFT,T,Terminated,PRMRE,123,130,100445,"Gonzalez, Ingrid",ingrid.gonzalez@northernpipeline.com,100994_PRMRE,EE100994_CO003,1.0,2022-07-30
100995,EE100995,CO001,Olga,Olga,Price,olga.price@northernpipeline.com,1998-11-26,2020-04-16,2020-04-16,,03ADM3,Senior Administrative Coordinator,ADMIN,CON,T,Terminated,NRTHP,124,180,101270,"Roberts, Frank",frank.roberts@prairieresources.ca,100995_NRTHP,EE100995_CO001,1.0,2020-10-25
100996,EE100996,CO001,John,John,Brown,john.brown@northernpipeline.com,1990-11-13,2020-04-16,2020-04-16,,35IT3,Senior Developer,IT,RFT,T,Terminated,NRTHP,101,220,,,,100996_NRTHP,EE100996_CO001,1.0,2021-04-30
100997,EE100997,CO003,Timothy,Timothy,Sanchez,timothy.sanchez@prairieresources.ca,1970-06-03,2020-04-17,2020-04-17,,70MKT1,Marketing Coordinator,MKTG,RFT,T,Terminated,PRMRE,117,210,100414,"Green, Thomas",thomas.green@northernpipeline.com,100997_PRMRE,EE100997_CO003,1.0,2021-06-20
100998,EE100998,CO003,Robert,Robert,Ramirez,robert.ramirez@prairieresources.ca,1981-05-17,2020-04-17,2020-04-17,,55TRD1,Apprentice Technician,TRD,RFT,T,Terminated,PRMRE,115,80,101251,"Li, Matthew",matthew.li@westmarkmanufacturing.com,100998_PRMRE,EE100998_CO003,1.0,2022-02-11
100999,EE100999,CO004,Scott,Scott,King,scott.king@alpineconstruction.com,1994-03-05,2020-04-17,2020-04-17,,22ENG5,Engineering Manager,ENGR,RFT,T,Terminated,ALPNC,112,100,,,,100999_ALPNC,EE100999_CO004,1.0,2020-11-28
101000,EE101000,CO001,Benjamin,Benjamin,Flores,benjamin.flores@northernpipeline.com,1982-12-13,2020-04-17,2020-04-17,,90PRO3,Project Manager,PROJ,RPT,T,Terminated,NRTHP,112,120,101486,"Peterson, Julie",julie.peterson@northernpipeline.com,101000_NRTHP,EE101000_CO001,0.61,2021-02-25
101001,EE101001,CO001,Samuel,Samuel,Green,samuel.green@northernpipeline.com,1975-03-30,2020-04-20,2020-04-20,,05ACC1,Accounts Payable Clerk,ACCTG,RFT,T,Terminated,NRTHP,103,240,,,,101001_NRTHP,EE101001_CO001,1.0,2022-03-20
101002,EE101002,CO001,Aisha,Aisha,King,aisha.king@northernpipeline.com,1979-03-12,2020-04-20,2020-04-20,,66TEC2,Service Technician,TECH,RFT,T,Terminated,NRTHP,100,150,,,,101002_NRTHP,EE101002_CO001,1.0,2021-03-28
101003,EE101003,CO004,Ryan,Ryan,White,ryan.white@alpineconstruction.com,1987-08-19,2020-04-20,2020-04-20,,41SAL1,Sales Representative,SALES,RPT,A,Active,ALPNC,114,200,102155,"Young, James",james.young@northernpipeline.com,101003_ALPNC,EE101003_CO004,0.52,
101004,EE101004,CO003,Zara,Zara,Walker,zara.walker@prairieresources.ca,1994-08-26,2020-04-21,2020-04-21,,94LEG2,Paralegal,LEGAL,RFT,T,Terminated,PRMRE,124,190,,,,101004_PRMRE,EE101004_CO003,1.0,2021-04-09
101005,EE101005,CO004,Robert,Robert,Wagner,robert.wagner@alpineconstruction.com,1981-12-11,2020-04-22,2020-04-22,,63WHS4,Warehouse Lead,WHSE,CON,A,Active,ALPNC,100,130,,,,101005_ALPNC,EE101005_CO004,1.0,
101006,EE101006,CO003,Sofia,Sofia,Brooks,sofia.brooks@prairieresources.ca,1984-10-15,2020-04-23,2020-04-23,,25HR1,HR Coordinator,HR,RFT,T,Terminated,PRMRE,102,10,102485,"Ramos, Helen",helen.ramos@alpineconstruction.com,101006_PRMRE,EE101006_CO003,1.0,2025-08-21
101007,EE101007,CO002,Janet,Janet,Baker,janet.baker@westmarkmanufacturing.com,1980-01-05,2020-04-24,2020-04-24,,89PRO2,Project Coordinator,PROJ,RFT,T,Terminated,WSTMF,122,190,102645,"Persson, Raj",raj.persson@westmarkmanufacturing.com,101007_WSTMF,EE101007_CO002,1.0,2021-08-30
101008,EE101008,CO002,Benjamin,Benjamin,Nguyen,benjamin.nguyen@westmarkmanufacturing.com,1981-07-30,2020-04-24,2020-04-24,,14CSR2,Customer Service Specialist,CSR,RFT,A,Active,WSTMF,113,50,,,,101008_WSTMF,EE101008_CO002,1.0,
101009,EE101009,CO002,Jose,Jose,Persson,jose.persson@westmarkmanufacturing.com,1977-08-22,2020-04-24,2020-04-24,,61WHS2,Warehouse Clerk,WHSE,RFT,A,Active,WSTMF,100,20,102004,"Ward, Raj",raj.ward@northernpipeline.com,101009_WSTMF,EE101009_CO002,1.0,
101010,EE101010,CO004,Sofia,Sofia,Martinez,sofia.martinez@alpineconstruction.com,1993-09-15,2020-04-24,2020-04-24,,35IT3,Senior Developer,IT,RFT,A,Active,ALPNC,111,10,,,,101010_ALPNC,EE101010_CO004,1.0,
101011,EE101011,CO002,Giovanni,Giovanni,Perez,giovanni.perez@westmarkmanufacturing.com,1974-05-18,2020-04-24,2020-04-24,,61WHS2,Warehouse Clerk,WHSE,RFT,A,Active,WSTMF,124,30,101397,"Alvarez, Janet",janet.alvarez@prairieresources.ca,101011_WSTMF,EE101011_CO002,1.0,
101012,EE101012,CO003,Ruth,Ruth,Johansson,ruth.johansson@prairieresources.ca,1987-05-05,2020-04-27,2020-04-27,,67TEC3,Senior Service Technician,TECH,RFT,T,Terminated,PRMRE,100,240,,,,101012_PRMRE,EE101012_CO003,1.0,2020-06-25
101013,EE101013,CO001,Dmitri,Dmitri,Nguyen,dmitri.nguyen@northernpipeline.com,1968-01-10,2020-04-27,2020-04-27,,25HR1,HR Coordinator,HR,RPT,A,Active,NRTHP,118,90,102839,"Jackson, Scott",scott.jackson@prairieresources.ca,101013_NRTHP,EE101013_CO001,0.61,
101014,EE101014,CO001,Kenneth,Kenneth,Moore,kenneth.moore@northernpipeline.com,1994-12-07,2020-04-28,2020-04-28,,16CSR4,Customer Service Team Lead,CSR,RFT,T,Terminated,NRTHP,116,240,,,,101014_NRTHP,EE101014_CO001,1.0,2022-07-13
101015,EE101015,CO002,Rachel,Rachel,Martinez,rachel.martinez@westmarkmanufacturing.com,1971-01-01,2020-04-28,2020-04-28,,13CSR1,Customer Service Representative,CSR,RFT,T,Terminated,WSTMF,124,80,101078,"Cruz, Alexander",alexander.cruz@westmarkmanufacturing.com,101015_WSTMF,EE101015_CO002,1.0,2023-09-23
101016,EE101016,CO003,Aisha,Aisha,Mitchell,aisha.mitchell@prairieresources.ca,1987-04-30,2020-05-01,2020-05-01,,01ADM1,Administrative Assistant,ADMIN,RPT,A,Active,PRMRE,124,140,100787,"Lopez, Isabella",isabella.lopez@alpineconstruction.com,101016_PRMRE,EE101016_CO003,0.55,
101017,EE101017,CO004,Helen,Helen,Mueller,helen.mueller@alpineconstruction.com,1994-11-30,2020-05-01,2020-05-01,,49OPS2,Operations Coordinator,OPS,RFT,A,Active,ALPNC,100,130,101590,"Karlsson, Aaron",aaron.karlsson@prairieresources.ca,101017_ALPNC,EE101017_CO004,1.0,
101018,EE101018,CO002,Virginia,Virginia,Cooper,virginia.cooper@westmarkmanufacturing.com,1992-07-29,2020-05-01,2020-05-01,,66TEC2,Service Technician,TECH,RFT,A,Active,WSTMF,107,170,,,,101018_WSTMF,EE101018_CO002,1.0,
101019,EE101019,CO003,Richard,Richard,Nelson,richard.nelson@prairieresources.ca,1991-06-21,2020-05-04,2020-05-04,,68TEC4,Technical Specialist,TECH,RFT,T,Terminated,PRMRE,123,250,101980,"Harris, Ahmed",ahmed.harris@northernpipeline.com,101019_PRMRE,EE101019_CO003,1.0,2025-04-18
101020,EE101020,CO003,Aaron,Aaron,Ramirez,aaron.ramirez@prairieresources.ca,1983-07-30,2020-05-04,2020-05-04,,55TRD1,Apprentice Technician,TRD,RPT,T,Terminated,PRMRE,105,160,102319,"Wagner, Michelle",michelle.wagner@prairieresources.ca,101020_PRMRE,EE101020_CO003,0.79,2020-05-08
101021,EE101021,CO002,Jack,Jack,Nguyen,jack.nguyen@westmarkmanufacturing.com,1983-02-06,2020-05-07,2020-05-07,,34IT2,Software Developer,IT,RFT,T,Terminated,WSTMF,104,40,100700,"Jackson, Tyler",tyler.jackson@westmarkmanufacturing.com,101021_WSTMF,EE101021_CO002,1.0,2021-09-26
101022,EE101022,CO003,Giovanni,Giovanni,White,giovanni.white@prairieresources.ca,1993-08-05,2020-05-07,2020-05-07,,59TRD5,Shop Foreman,TRD,RPT,T,Terminated,PRMRE,121,60,,,,101022_PRMRE,EE101022_CO003,0.56,2020-11-11
101023,EE101023,CO003,Pierre,Pierre,Myers,pierre.myers@prairieresources.ca,1988-11-11,2020-05-08,2020-05-08,,90PRO3,Project Manager,PROJ,RFT,A,Active,PRMRE,105,70,,,,101023_PRMRE,EE101023_CO003,1.0,
101024,EE101024,CO003,Timothy,Timothy,Parker,timothy.parker@prairieresources.ca,1967-01-22,2020-05-08,2020-05-08,,72MKT3,Senior Marketing Specialist,MKTG,RFT,T,Terminated,PRMRE,123,10,102401,"Young, Samuel",samuel.young@northernpipeline.com,101024_PRMRE,EE101024_CO003,1.0,2021-09-23
101025,EE101025,CO004,Lisa,Lisa,Morgan,lisa.morgan@alpineconstruction.com,1970-12-15,2020-05-08,2020-05-08,,35IT3,Senior Developer,IT,RFT,T,Terminated,ALPNC,121,190,100421,"Adams, Sarah",sarah.adams@northernpipeline.com,101025_ALPNC,EE101025_CO004,1.0,2023-09-15
101026,EE101026,CO002,Michelle,Michelle,Tanaka,michelle.tanaka@westmarkmanufacturing.com,1983-08-03,2020-05-08,2020-05-08,,06ACC1,Accounts Receivable Clerk,ACCTG,RPT,A,Active,WSTMF,110,40,102656,"Kim, Emily",emily.kim@westmarkmanufacturing.com,101026_WSTMF,EE101026_CO002,0.74,
101027,EE101027,CO001,Jerry,Jerry,Singh,jerry.singh@northernpipeline.com,1988-04-29,2020-05-08,2020-05-08,,50OPS3,Operations Specialist,OPS,RFT,A,Active,NRTHP,104,130,,,,101027_NRTHP,EE101027_CO001,1.0,
101028,EE101028,CO004,Elizabeth,Elizabeth,Ramos,elizabeth.ramos@alpineconstruction.com,1986-07-07,2020-05-08,2020-05-08,,35IT3,Senior Developer,IT,RPT,T,Terminated,ALPNC,114,40,,,,101028_ALPNC,EE101028_CO004,0.72,2020-07-04
101029,EE101029,CO001,Astrid,Astrid,Harris,astrid.harris@northernpipeline.com,1981-09-19,2020-05-08,2020-05-08,,43SAL3,Senior Account Executive,SALES,RFT,A,Active,NRTHP,101,50,,,,101029_NRTHP,EE101029_CO001,1.0,
101030,EE101030,CO002,Donald,Donald,Evans,donald.evans@westmarkmanufacturing.com,1998-07-08,2020-05-08,2020-05-08,,20ENG3,Senior Engineer,ENGR,RFT,T,Terminated,WSTMF,124,110,102338,"Jones, James",james.jones@northernpipeline.com,101030_WSTMF,EE101030_CO002,1.0,2020-11-06
101031,EE101031,CO001,Ryan,Ryan,Hill,ryan.hill@northernpipeline.com,1991-01-11,2020-05-08,2020-05-08,,89PRO2,Project Coordinator,PROJ,RFT,A,Active,NRTHP,112,90,100633,"Richardson, Ruth",ruth.richardson@alpineconstruction.com,101031_NRTHP,EE101031_CO001,1.0,
101032,EE101032,CO001,Christopher,Christopher,Olsson,christopher.olsson@northernpipeline.com,2001-05-28,2020-05-08,2020-05-08,,64WHS5,Warehouse Manager,WHSE,CON,A,Active,NRTHP,117,100,,,,101032_NRTHP,EE101032_CO001,1.0,
101033,EE101033,CO002,Priya,Priya,Price,priya.price@westmarkmanufacturing.com,1984-07-11,2020-05-11,2020-05-11,,33IT2,Systems Administrator,IT,RFT,T,Terminated,WSTMF,104,20,,,,101033_WSTMF,EE101033_CO002,1.0,2025-10-13
101034,EE101034,CO001,Emily,Emily,Hall,emily.hall@northernpipeline.com,1982-02-27,2020-05-11,2020-05-11,,60WHS1,Warehouse Associate,WHSE,RFT,T,Terminated,NRTHP,123,150,101602,"Gray, Shirley",shirley.gray@northernpipeline.com,101034_NRTHP,EE101034_CO001,1.0,2023-09-25
101035,EE101035,CO002,Aaron,Aaron,Roberts,aaron.roberts@westmarkmanufacturing.com,1992-06-11,2020-05-12,2020-05-12,,70MKT1,Marketing Coordinator,MKTG,RFT,T,Terminated,WSTMF,115,120,101288,"Baker, Brandon",brandon.baker@alpineconstruction.com,101035_WSTMF,EE101035_CO002,1.0,2020-12-30
101036,EE101036,CO003,Anthony,Anthony,Sanders,anthony.sanders@prairieresources.ca,1973-05-03,2020-05-12,2020-05-12,,27HR3,Senior HR Generalist,HR,RFT,A,Active,PRMRE,105,10,,,,101036_PRMRE,EE101036_CO003,1.0,
101037,EE101037,CO001,Gary,Gary,Sanders,gary.sanders@northernpipeline.com,2000-10-01,2020-05-12,2020-05-12,,14CSR2,Customer Service Specialist,CSR,RFT,T,Terminated,NRTHP,103,190,,,,101037_NRTHP,EE101037_CO001,1.0,2021-10-22
101038,EE101038,CO002,Sandra,Sandra,Kelly,sandra.kelly@westmarkmanufacturing.com,2002-02-19,2020-05-13,2020-05-13,,06ACC1,Accounts Receivable Clerk,ACCTG,RFT,A,Active,WSTMF,107,200,101805,"Jones, Kimberly",kimberly.jones@westmarkmanufacturing.com,101038_WSTMF,EE101038_CO002,1.0,
101039,EE101039,CO002,Sakura,Sakura,Jones,sakura.jones@westmarkmanufacturing.com,1986-02-03,2020-05-14,2020-05-14,,55TRD1,Apprentice Technician,TRD,CON,A,Active,WSTMF,122,140,102218,"Tanaka, Ingrid",ingrid.tanaka@prairieresources.ca,101039_WSTMF,EE101039_CO002,1.0,
101040,EE101040,CO004,Eric,Eric,Zhang,eric.zhang@alpineconstruction.com,1978-04-15,2020-05-14,2020-05-14,,27HR3,Senior HR Generalist,HR,RFT,T,Terminated,ALPNC,112,70,,,,101040_ALPNC,EE101040_CO004,1.0,2022-01-06
101041,EE101041,CO003,Ryan,Ryan,Taylor,ryan.taylor@prairieresources.ca,1972-03-20,2020-05-15,2020-05-15,,07ACC2,Accountant,ACCTG,RFT,T,Terminated,PRMRE,100,140,101268,"Schulz, Jonathan",jonathan.schulz@westmarkmanufacturing.com,101041_PRMRE,EE101041_CO003,1.0,2021-07-07
101042,EE101042,CO001,Betty,Betty,Kumar,betty.kumar@northernpipeline.com,1993-04-22,2020-05-15,2020-05-15,,32IT1,IT Support Technician,IT,RFT,T,Terminated,NRTHP,109,230,,,,101042_NRTHP,EE101042_CO001,1.0,2022-04-24
101043,EE101043,CO001,Anthony,Anthony,Meyer,anthony.meyer@northernpipeline.com,1978-03-02,2020-05-15,2020-05-15,,78ANL2,Business Analyst,ANLYT,RFT,A,Active,NRTHP,122,90,,,,101043_NRTHP,EE101043_CO001,1.0,
101044,EE101044,CO003,Pamela,Pamela,Turner,pamela.turner@prairieresources.ca,1988-10-06,2020-05-15,2020-05-15,,91PRO4,Senior Project Manager,PROJ,RFT,T,Terminated,PRMRE,102,50,,,,101044_PRMRE,EE101044_CO003,1.0,2021-03-12
101045,EE101045,CO003,Pierre,Pierre,Collins,pierre.collins@prairieresources.ca,1989-08-26,2020-05-15,2020-05-15,,92PRO5,Program Manager,PROJ,RPT,L,Leave of Absence,PRMRE,122,190,,,,101045_PRMRE,EE101045_CO003,0.56,
101046,EE101046,CO004,Hans,Hans,Alvarez,hans.alvarez@alpineconstruction.com,1979-12-18,2020-05-15,2020-05-15,,19ENG2,Engineer,ENGR,RFT,T,Terminated,ALPNC,116,10,102461,"King, Alexander",alexander.king@northernpipeline.com,101046_ALPNC,EE101046_CO004,1.0,2021-11-28
101047,EE101047,CO002,Amy,Amy,Diaz,amy.diaz@westmarkmanufacturing.com,1982-02-21,2020-05-15,2020-05-15,,55TRD1,Apprentice Technician,TRD,RFT,T,Terminated,WSTMF,110,90,,,,101047_WSTMF,EE101047_CO002,1.0,2024-07-25
101048,EE101048,CO001,Dorothy,Dorothy,Hughes,dorothy.hughes@northernpipeline.com,2002-05-02,2020-05-18,2020-05-18,,01ADM1,Administrative Assistant,ADMIN,RPT,T,Terminated,NRTHP,101,20,,,,101048_NRTHP,EE101048_CO001,0.66,2022-05-27
101049,EE101049,CO004,Olivia,Olivia,Tanaka,olivia.tanaka@alpineconstruction.com,1973-07-09,2020-05-18,2020-05-18,,71MKT2,Marketing Specialist,MKTG,RFT,T,Terminated,ALPNC,104,80,,,,101049_ALPNC,EE101049_CO004,1.0,2020-08-31
101050,EE101050,CO004,John,John,Johnson,john.johnson@alpineconstruction.com,1975-04-05,2020-05-18,2020-05-18,,06ACC1,Accounts Receivable Clerk,ACCTG,RFT,A,Active,ALPNC,114,70,101358,"Campbell, Tyler",tyler.campbell@alpineconstruction.com,101050_ALPNC,EE101050_CO004,1.0,
101051,EE101051,CO002,Robert,Robert,Bennett,robert.bennett@westmarkmanufacturing.com,1995-04-19,2020-05-18,2020-05-18,,55TRD1,Apprentice Technician,TRD,RPT,T,Terminated,WSTMF,111,10,101010,"Martinez, Sofia",sofia.martinez@alpineconstruction.com,101051_WSTMF,EE101051_CO002,0.64,2021-06-13
101052,EE101052,CO001,Brenda,Brenda,Morris,brenda.morris@northernpipeline.com,1984-06-25,2020-05-19,2020-05-19,,77ANL1,Data Analyst,ANLYT,RFT,T,Terminated,NRTHP,121,10,100233,"Morris, Jeffrey",jeffrey.morris@alpineconstruction.com,101052_NRTHP,EE101052_CO001,1.0,2020-11-16
101053,EE101053,CO001,Samantha,Samantha,Martinez,samantha.martinez@northernpipeline.com,1983-08-04,2020-05-21,2020-05-21,,90PRO3,Project Manager,PROJ,CON,A,Active,NRTHP,112,140,,,,101053_NRTHP,EE101053_CO001,1.0,
101054,EE101054,CO001,Benjamin,Benjamin,Cook,benjamin.cook@northernpipeline.com,1986-01-31,2020-05-22,2020-05-22,,77ANL1,Data Analyst,ANLYT,RFT,T,Terminated,NRTHP,108,110,,,,101054_NRTHP,EE101054_CO001,1.0,2024-04-20
101055,EE101055,CO003,Joseph,Joseph,Collins,joseph.collins@prairieresources.ca,1993-06-30,2020-05-22,2020-05-22,,56TRD2,Journeyman Technician,TRD,TFT,T,Terminated,PRMRE,121,200,102280,"Gomez, Virginia",virginia.gomez@northernpipeline.com,101055_PRMRE,EE101055_CO003,1.0,2025-11-06
101056,EE101056,CO004,Robert,Robert,Singh,robert.singh@alpineconstruction.com,1995-05-20,2020-05-22,2020-05-22,,02ADM2,Administrative Coordinator,ADMIN,RFT,T,Terminated,ALPNC,115,150,102289,"Price, Angela",angela.price@prairieresources.ca,101056_ALPNC,EE101056_CO004,1.0,2023-06-10
101057,EE101057,CO002,Justin,Justin,Stewart,justin.stewart@westmarkmanufacturing.com,1989-04-10,2020-05-22,2020-05-22,,95LEG3,Legal Counsel,LEGAL,RFT,A,Active,WSTMF,108,60,101866,"Walker, Dmitri",dmitri.walker@westmarkmanufacturing.com,101057_WSTMF,EE101057_CO002,1.0,
101058,EE101058,CO003,Rebecca,Rebecca,Carter,rebecca.carter@prairieresources.ca,1976-09-25,2020-05-22,2020-05-22,,32IT1,IT Support Technician,IT,RFT,A,Active,PRMRE,116,90,102267,"Schmidt, Kimberly",kimberly.schmidt@alpineconstruction.com,101058_PRMRE,EE101058_CO003,1.0,
101059,EE101059,CO003,Samantha,Samantha,Olsson,samantha.olsson@prairieresources.ca,1982-09-04,2020-05-22,2020-05-22,,48OPS1,Operations Assistant,OPS,RFT,A,Active,PRMRE,115,170,102467,"Hill, Lars",lars.hill@westmarkmanufacturing.com,101059_PRMRE,EE101059_CO003,1.0,
101060,EE101060,CO004,Charles,Charles,Garcia,charles.garcia@alpineconstruction.com,1991-06-09,2020-05-22,2020-05-22,,95LEG3,Legal Counsel,LEGAL,RFT,T,Terminated,ALPNC,119,190,,,,101060_ALPNC,EE101060_CO004,1.0,2020-11-24
101061,EE101061,CO001,Dennis,Dennis,Stewart,dennis.stewart@northernpipeline.com,1981-02-27,2020-05-22,2020-05-22,,19ENG2,Engineer,ENGR,RPT,A,Active,NRTHP,111,110,100019,"Wright, Kenji",kenji.wright@northernpipeline.com,101061_NRTHP,EE101061_CO001,0.46,
101062,EE101062,CO001,Donald,Donald,Evans,donald.evans@northernpipeline.com,2002-03-26,2020-05-22,2020-05-22,,50OPS3,Operations Specialist,OPS,RFT,T,Terminated,NRTHP,114,110,,,,101062_NRTHP,EE101062_CO001,1.0,2022-01-20
101063,EE101063,CO002,Nathan,Nathan,Morales,nathan.morales@westmarkmanufacturing.com,1977-05-08,2020-05-25,2020-05-25,,09ACC4,Accounting Lead,ACCTG,RFT,A,Active,WSTMF,122,200,,,,101063_WSTMF,EE101063_CO002,1.0,
101064,EE101064,CO002,Henry,Henry,Castillo,henry.castillo@westmarkmanufacturing.com,2001-12-19,2020-05-26,2020-05-26,,05ACC1,Accounts Payable Clerk,ACCTG,RFT,T,Terminated,WSTMF,113,210,102016,"Robinson, Kimberly",kimberly.robinson@westmarkmanufacturing.com,101064_WSTMF,EE101064_CO002,1.0,2020-11-04
101065,EE101065,CO002,Raj,Raj,Morris,raj.morris@westmarkmanufacturing.com,1991-08-17,2020-06-01,2020-06-01,,03ADM3,Senior Administrative Coordinator,ADMIN,RFT,T,Terminated,WSTMF,110,220,,,,101065_WSTMF,EE101065_CO002,1.0,2023-09-12
101066,EE101066,CO004,Margaret,Margaret,Wong,margaret.wong@alpineconstruction.com,2000-02-20,2020-06-01,2020-06-01,,92PRO5,Program Manager,PROJ,RFT,A,Active,ALPNC,104,60,,,,101066_ALPNC,EE101066_CO004,1.0,
101067,EE101067,CO002,Raymond,Raymond,Zhang,raymond.zhang@westmarkmanufacturing.com,2001-01-24,2020-06-02,2020-06-02,,70MKT1,Marketing Coordinator,MKTG,RFT,A,Active,WSTMF,104,240,,,,101067_WSTMF,EE101067_CO002,1.0,
101068,EE101068,CO001,Nancy,Nancy,Morales,nancy.morales@northernpipeline.com,1977-01-20,2020-06-02,2020-06-02,,90PRO3,Project Manager,PROJ,RFT,T,Terminated,NRTHP,104,50,,,,101068_NRTHP,EE101068_CO001,1.0,2023-08-17
101069,EE101069,CO003,Nicholas,Nicholas,Cruz,nicholas.cruz@prairieresources.ca,1992-08-05,2020-06-04,2020-06-04,,73MKT4,Marketing Lead,MKTG,RFT,A,Active,PRMRE,124,80,101078,"Cruz, Alexander",alexander.cruz@westmarkmanufacturing.com,101069_PRMRE,EE101069_CO003,1.0,
101070,EE101070,CO001,Kenneth,Kenneth,Ortiz,kenneth.ortiz@northernpipeline.com,1985-04-16,2020-06-04,2020-06-04,,43SAL3,Senior Account Executive,SALES,CON,T,Terminated,NRTHP,115,70,,,,101070_NRTHP,EE101070_CO001,1.0,2024-10-09
101071,EE101071,CO003,Margaret,Margaret,Mueller,margaret.mueller@prairieresources.ca,1988-10-16,2020-06-05,2020-06-05,,07ACC2,Accountant,ACCTG,RFT,T,Terminated,PRMRE,102,90,102610,"Stewart, Christine",christine.stewart@westmarkmanufacturing.com,101071_PRMRE,EE101071_CO003,1.0,2024-12-14
101072,EE101072,CO001,Carol,Carol,Williams,carol.williams@northernpipeline.com,1983-07-09,2020-06-05,2020-06-05,,13CSR1,Customer Service Representative,CSR,CON,A,Active,NRTHP,118,160,100692,"Wang, Tyler",tyler.wang@northernpipeline.com,101072_NRTHP,EE101072_CO001,1.0,
101073,EE101073,CO002,Brenda,Brenda,Rodriguez,brenda.rodriguez@westmarkmanufacturing.com,1988-05-18,2020-06-05,2020-06-05,,55TRD1,Apprentice Technician,TRD,TAW,T,Terminated,WSTMF,122,80,101768,"Mueller, Kenneth",kenneth.mueller@prairieresources.ca,101073_WSTMF,EE101073_CO002,1.0,2023-06-24
101074,EE101074,CO002,Betty,Betty,Wood,betty.wood@westmarkmanufacturing.com,2000-10-13,2020-06-05,2020-06-05,,35IT3,Senior Developer,IT,RFT,A,Active,WSTMF,105,200,,,,101074_WSTMF,EE101074_CO002,1.0,
101075,EE101075,CO002,Paul,Paul,Perez,paul.perez@westmarkmanufacturing.com,1978-10-31,2020-06-05,2020-06-05,,14CSR2,Customer Service Specialist,CSR,RFT,T,Terminated,WSTMF,102,240,101786,"Cox, Kevin",kevin.cox@alpineconstruction.com,101075_WSTMF,EE101075_CO002,1.0,2021-02-08
101076,EE101076,CO002,Raymond,Raymond,Evans,raymond.evans@westmarkmanufacturing.com,1993-02-17,2020-06-05,2020-06-05,,33IT2,Systems Administrator,IT,RPT,T,Terminated,WSTMF,124,240,100234,"Morgan, Kenji",kenji.morgan@westmarkmanufacturing.com,101076_WSTMF,EE101076_CO002,0.65,2021-05-02
101077,EE101077,CO004,Alexander,Alexander,Wang,alexander.wang@alpineconstruction.com,2002-05-17,2020-06-05,2020-06-05,,49OPS2,Operations Coordinator,OPS,RFT,T,Terminated,ALPNC,104,140,,,,101077_ALPNC,EE101077_CO004,1.0,2021-05-19
101078,EE101078,CO002,Alexander,Alexander,Cruz,alexander.cruz@westmarkmanufacturing.com,1993-01-29,2020-06-08,2020-06-08,,85SUP5,Regional Supervisor,SUPV,CON,A,Active,WSTMF,124,80,,,,101078_WSTMF,EE101078_CO002,1.0,
101079,EE101079,CO002,Adam,Adam,Nilsson,adam.nilsson@westmarkmanufacturing.com,1972-12-07,2020-06-09,2020-06-09,,77ANL1,Data Analyst,ANLYT,RFT,T,Terminated,WSTMF,106,180,,,,101079_WSTMF,EE101079_CO002,1.0,2021-01-22
101080,EE101080,CO003,Matthew,Matthew,Cooper,matthew.cooper@prairieresources.ca,1980-03-29,2020-06-09,2020-06-09,,94LEG2,Paralegal,LEGAL,RFT,T,Terminated,PRMRE,102,170,101871,"Martin, George",george.martin@alpineconstruction.com,101080_PRMRE,EE101080_CO003,1.0,2020-07-09
101081,EE101081,CO002,Edward,Edward,Cook,edward.cook@westmarkmanufacturing.com,1991-11-02,2020-06-10,2020-06-10,,26HR2,HR Generalist,HR,RFT,T,Terminated,WSTMF,118,250,102494,"Singh, Jerry",jerry.singh@westmarkmanufacturing.com,101081_WSTMF,EE101081_CO002,1.0,2020-09-03
101082,EE101082,CO004,Heather,Heather,Liu,heather.liu@alpineconstruction.com,1992-05-11,2020-06-10,2020-06-10,,45SAL5,Sales Manager,SALES,RFT,T,Terminated,ALPNC,100,90,,,,101082_ALPNC,EE101082_CO004,1.0,2021-09-02
101083,EE101083,CO002,Gregory,Gregory,Hughes,gregory.hughes@westmarkmanufacturing.com,1991-12-22,2020-06-10,2020-06-10,,58TRD4,Lead Technician,TRD,RFT,T,Terminated,WSTMF,113,20,,,,101083_WSTMF,EE101083_CO002,1.0,2020-09-03
101084,EE101084,CO001,Melissa,Melissa,Gonzalez,melissa.gonzalez@northernpipeline.com,1968-06-20,2020-06-10,2020-06-10,,90PRO3,Project Manager,PROJ,RFT,T,Terminated,NRTHP,115,100,,,,101084_NRTHP,EE101084_CO001,1.0,2021-01-03
101085,EE101085,CO002,Richard,Richard,Carter,richard.carter@westmarkmanufacturing.com,1985-02-14,2020-06-10,2020-06-10,,77ANL1,Data Analyst,ANLYT,RFT,T,Terminated,WSTMF,105,140,101279,"Gomez, Kathleen",kathleen.gomez@westmarkmanufacturing.com,101085_WSTMF,EE101085_CO002,1.0,2021-06-15
101086,EE101086,CO003,Lars,Lars,Reyes,lars.reyes@prairieresources.ca,1984-01-25,2020-06-12,2020-06-12,,94LEG2,Paralegal,LEGAL,RFT,T,Terminated,PRMRE,116,180,101899,"Patel, Cynthia",cynthia.patel@northernpipeline.com,101086_PRMRE,EE101086_CO003,1.0,2020-07-02
101087,EE101087,CO002,Olivia,Olivia,Bennett,olivia.bennett@westmarkmanufacturing.com,1978-03-09,2020-06-16,2020-06-16,,92PRO5,Program Manager,PROJ,RPT,T,Terminated,WSTMF,115,30,,,,101087_WSTMF,EE101087_CO002,0.53,2022-05-08
101088,EE101088,CO003,Priya,Priya,Clark,priya.clark@prairieresources.ca,1985-11-12,2020-06-16,2020-06-16,,48OPS1,Operations Assistant,OPS,RFT,T,Terminated,PRMRE,123,220,102187,"Howard, Kathleen",kathleen.howard@prairieresources.ca,101088_PRMRE,EE101088_CO003,1.0,2023-10-25
101089,EE101089,CO002,Kenneth,Kenneth,Perez,kenneth.perez@westmarkmanufacturing.com,1990-10-10,2020-06-16,2020-06-16,,39IT6,Director of IT,IT,CON,T,Terminated,WSTMF,102,90,,,,101089_WSTMF,EE101089_CO002,1.0,2021-05-08
101090,EE101090,CO001,Raj,Raj,Williams,raj.williams@northernpipeline.com,1989-07-20,2020-06-16,2020-06-16,,55TRD1,Apprentice Technician,TRD,RFT,T,Terminated,NRTHP,102,170,101871,"Martin, George",george.martin@alpineconstruction.com,101090_NRTHP,EE101090_CO001,1.0,2023-06-17
101091,EE101091,CO001,Angela,Angela,Tanaka,angela.tanaka@northernpipeline.com,1988-10-06,2020-06-17,2020-06-17,,67TEC3,Senior Service Technician,TECH,RFT,T,Terminated,NRTHP,119,10,,,,101091_NRTHP,EE101091_CO001,1.0,2020-08-10
101092,EE101092,CO003,Lisa,Lisa,Baker,lisa.baker@prairieresources.ca,1988-12-18,2020-06-18,2020-06-18,,08ACC3,Senior Accountant,ACCTG,CON,T,Terminated,PRMRE,100,100,,,,101092_PRMRE,EE101092_CO003,1.0,2021-01-17
101093,EE101093,CO002,Timothy,Timothy,Andersson,timothy.andersson@westmarkmanufacturing.com,1981-03-11,2020-06-18,2020-06-18,,01ADM1,Administrative Assistant,ADMIN,RFT,T,Terminated,WSTMF,100,110,101160,"Andersson, Sarah",sarah.andersson@northernpipeline.com,101093_WSTMF,EE101093_CO002,1.0,2024-11-20
101094,EE101094,CO003,Laura,Laura,Sanders,laura.sanders@prairieresources.ca,1987-07-31,2020-06-19,2020-06-19,,56TRD2,Journeyman Technician,TRD,RFT,T,Terminated,PRMRE,116,250,,,,101094_PRMRE,EE101094_CO003,1.0,2021-10-02
101095,EE101095,CO003,Lars,Lars,Nguyen,lars.nguyen@prairieresources.ca,1981-01-09,2020-06-19,2020-06-19,,79ANL3,Senior Data Analyst,ANLYT,RFT,T,Terminated,PRMRE,124,110,102338,"Jones, James",james.jones@northernpipeline.com,101095_PRMRE,EE101095_CO003,1.0,2021-03-17
101096,EE101096,CO002,Michael,Michael,Rivera,michael.rivera@westmarkmanufacturing.com,1989-03-16,2020-06-19,2020-06-19,,03ADM3,Senior Administrative Coordinator,ADMIN,RFT,A,Active,WSTMF,100,230,102585,"Howard, Fatima",fatima.howard@alpineconstruction.com,101096_WSTMF,EE101096_CO002,1.0,
101097,EE101097,CO003,William,William,Richardson,william.richardson@prairieresources.ca,1987-08-12,2020-06-19,2020-06-19,,77ANL1,Data Analyst,ANLYT,RPT,A,Active,PRMRE,115,110,102872,"Gray, Carolyn",carolyn.gray@prairieresources.ca,101097_PRMRE,EE101097_CO003,0.47,
101098,EE101098,CO001,Mary,Mary,Hernandez,mary.hernandez@northernpipeline.com,2002-01-27,2020-06-23,2020-06-23,,58TRD4,Lead Technician,TRD,RFT,A,Active,NRTHP,123,60,,,,101098_NRTHP,EE101098_CO001,1.0,
101099,EE101099,CO001,Carolyn,Carolyn,Parker,carolyn.parker@northernpipeline.com,1979-02-11,2020-06-23,2020-06-23,,68TEC4,Technical Specialist,TECH,RFT,T,Terminated,NRTHP,102,170,,,,101099_NRTHP,EE101099_CO001,1.0,2020-08-24
101100,EE101100,CO003,Helen,Helen,Wong,helen.wong@prairieresources.ca,1984-08-06,2020-06-23,2020-06-23,,42SAL2,Account Executive,SALES,RFT,T,Terminated,PRMRE,118,180,101922,"Kumar, Helen",helen.kumar@northernpipeline.com,101100_PRMRE,EE101100_CO003,1.0,2021-10-04
101101,EE101101,CO004,Samuel,Samuel,Brown,samuel.brown@alpineconstruction.com,1979-05-17,2020-06-24,2020-06-24,,03ADM3,Senior Administrative Coordinator,ADMIN,RFT,A,Active,ALPNC,102,50,102746,"Castillo, Nathan",nathan.castillo@alpineconstruction.com,101101_ALPNC,EE101101_CO004,1.0,
101102,EE101102,CO001,Jacob,Jacob,Flores,jacob.flores@northernpipeline.com,2001-08-12,2020-06-24,2020-06-24,,03ADM3,Senior Administrative Coordinator,ADMIN,RFT,A,Active,NRTHP,119,20,,,,101102_NRTHP,EE101102_CO001,1.0,
101103,EE101103,CO004,Brenda,Brenda,Adams,brenda.adams@alpineconstruction.com,1967-09-01,2020-06-25,2020-06-25,,25HR1,HR Coordinator,HR,RFT,T,Terminated,ALPNC,114,20,,,,101103_ALPNC,EE101103_CO004,1.0,2021-08-12
101104,EE101104,CO001,Giovanni,Giovanni,Hill,giovanni.hill@northernpipeline.com,1989-08-12,2020-06-25,2020-06-25,,70MKT1,Marketing Coordinator,MKTG,CON,T,Terminated,NRTHP,109,130,,,,101104_NRTHP,EE101104_CO001,1.0,2020-11-10
101105,EE101105,CO003,Samantha,Samantha,Anderson,samantha.anderson@prairieresources.ca,1977-05-30,2020-06-26,2020-06-26,,34IT2,Software Developer,IT,RPT,T,Terminated,PRMRE,116,190,102863,"Robinson, Andrew",andrew.robinson@alpineconstruction.com,101105_PRMRE,EE101105_CO003,0.63,2025-06-03
101106,EE101106,CO003,Stephanie,Stephanie,Ortiz,stephanie.ortiz@prairieresources.ca,1998-09-30,2020-06-26,2020-06-26,,34IT2,Software Developer,IT,RFT,T,Terminated,PRMRE,123,170,,,,101106_PRMRE,EE101106_CO003,1.0,2021-04-11
101107,EE101107,CO002,Carlos,Carlos,Nelson,carlos.nelson@westmarkmanufacturing.com,1982-05-04,2020-06-26,2020-06-26,,34IT2,Software Developer,IT,TAW,A,Active,WSTMF,100,120,102980,"Jackson, Christopher",christopher.jackson@westmarkmanufacturing.com,101107_WSTMF,EE101107_CO002,1.0,
101108,EE101108,CO002,Kimberly,Kimberly,Scott,kimberly.scott@westmarkmanufacturing.com,1998-10-22,2020-07-02,2020-07-02,,01ADM1,Administrative Assistant,ADMIN,RFT,T,Terminated,WSTMF,106,220,102083,"Mueller, Raymond",raymond.mueller@westmarkmanufacturing.com,101108_WSTMF,EE101108_CO002,1.0,2024-02-22
101109,EE101109,CO001,Kevin,Kevin,Bailey,kevin.bailey@northernpipeline.com,1995-02-17,2020-07-02,2020-07-02,,18ENG1,Junior Engineer,ENGR,RFT,T,Terminated,NRTHP,113,60,,,,101109_NRTHP,EE101109_CO001,1.0,2026-01-21
101110,EE101110,CO003,Sofia,Sofia,Ruiz,sofia.ruiz@prairieresources.ca,1969-04-23,2020-07-03,2020-07-03,,63WHS4,Warehouse Lead,WHSE,RFT,T,Terminated,PRMRE,115,170,102467,"Hill, Lars",lars.hill@westmarkmanufacturing.com,101110_PRMRE,EE101110_CO003,1.0,2020-09-09
101111,EE101111,CO003,Linda,Linda,Rogers,linda.rogers@prairieresources.ca,1990-04-14,2020-07-03,2020-07-03,,34IT2,Software Developer,IT,RFT,A,Active,PRMRE,115,20,101427,"Tanaka, Wei",wei.tanaka@prairieresources.ca,101111_PRMRE,EE101111_CO003,1.0,
101112,EE101112,CO002,Paul,Paul,Liu,paul.liu@westmarkmanufacturing.com,1985-08-26,2020-07-03,2020-07-03,,02ADM2,Administrative Coordinator,ADMIN,RFT,A,Active,WSTMF,105,180,100839,"Wood, George",george.wood@westmarkmanufacturing.com,101112_WSTMF,EE101112_CO002,1.0,
101113,EE101113,CO001,Sofia,Sofia,Torres,sofia.torres@northernpipeline.com,1979-11-16,2020-07-03,2020-07-03,,14CSR2,Customer Service Specialist,CSR,RFT,T,Terminated,NRTHP,113,170,100750,"Cook, Stephanie",stephanie.cook@westmarkmanufacturing.com,101113_NRTHP,EE101113_CO001,1.0,2021-07-10
101114,EE101114,CO002,Nathan,Nathan,Young,nathan.young@westmarkmanufacturing.com,1983-10-30,2020-07-03,2020-07-03,,91PRO4,Senior Project Manager,PROJ,RFT,A,Active,WSTMF,113,200,,,,101114_WSTMF,EE101114_CO002,1.0,
101115,EE101115,CO001,Benjamin,Benjamin,Lewis,benjamin.lewis@northernpipeline.com,1987-02-11,2020-07-03,2020-07-03,,55TRD1,Apprentice Technician,TRD,RFT,T,Terminated,NRTHP,108,70,100772,"Nguyen, Andrew",andrew.nguyen@northernpipeline.com,101115_NRTHP,EE101115_CO001,1.0,2021-05-05
101116,EE101116,CO002,Laura,Laura,Schulz,laura.schulz@westmarkmanufacturing.com,1984-09-26,2020-07-03,2020-07-03,,48OPS1,Operations Assistant,OPS,RFT,A,Active,WSTMF,108,220,101152,"Ross, Edward",edward.ross@northernpipeline.com,101116_WSTMF,EE101116_CO002,1.0,
101117,EE101117,CO003,Yuki,Yuki,Wong,yuki.wong@prairieresources.ca,1964-04-08,2020-07-06,2020-07-06,,55TRD1,Apprentice Technician,TRD,RPT,T,Terminated,PRMRE,118,210,101721,"Larsson, Aaron",aaron.larsson@northernpipeline.com,101117_PRMRE,EE101117_CO003,0.53,2024-08-03
101118,EE101118,CO003,Carolyn,Carolyn,Andersson,carolyn.andersson@prairieresources.ca,1988-12-27,2020-07-08,2020-07-08,,13CSR1,Customer Service Representative,CSR,RFT,A,Active,PRMRE,123,160,100953,"Hernandez, Amy",amy.hernandez@northernpipeline.com,101118_PRMRE,EE101118_CO003,1.0,
101119,EE101119,CO001,Ahmed,Ahmed,Alvarez,ahmed.alvarez@northernpipeline.com,1985-11-28,2020-07-08,2020-07-08,,55TRD1,Apprentice Technician,TRD,RPT,T,Terminated,NRTHP,115,220,102648,"Flores, Ashley",ashley.flores@prairieresources.ca,101119_NRTHP,EE101119_CO001,0.75,2023-03-16
101120,EE101120,CO004,Hans,Hans,Foster,hans.foster@alpineconstruction.com,1978-07-07,2020-07-09,2020-07-09,,18ENG1,Junior Engineer,ENGR,RFT,T,Terminated,ALPNC,114,150,100084,"Nelson, Anna",anna.nelson@alpineconstruction.com,101120_ALPNC,EE101120_CO004,1.0,2021-03-13
101121,EE101121,CO004,Benjamin,Benjamin,Morgan,benjamin.morgan@alpineconstruction.com,1976-12-08,2020-07-10,2020-07-10,,19ENG2,Engineer,ENGR,CON,T,Terminated,ALPNC,114,190,,,,101121_ALPNC,EE101121_CO004,1.0,2021-02-25
101122,EE101122,CO004,Virginia,Virginia,Johnson,virginia.johnson@alpineconstruction.com,1976-11-20,2020-07-10,2020-07-10,,32IT1,IT Support Technician,IT,RFT,A,Active,ALPNC,114,120,102960,"Bennett, Edward",edward.bennett@alpineconstruction.com,101122_ALPNC,EE101122_CO004,1.0,
101123,EE101123,CO001,Scott,Scott,Sanders,scott.sanders@northernpipeline.com,1982-07-02,2020-07-13,2020-07-13,,37IT4,Technical Lead,IT,RFT,T,Terminated,NRTHP,123,230,,,,101123_NRTHP,EE101123_CO001,1.0,2022-06-07
101124,EE101124,CO004,Ronald,Ronald,Martin,ronald.martin@alpineconstruction.com,2000-04-27,2020-07-13,2020-07-13,,03ADM3,Senior Administrative Coordinator,ADMIN,RFT,T,Terminated,ALPNC,115,130,101190,"Morris, Julie",julie.morris@prairieresources.ca,101124_ALPNC,EE101124_CO004,1.0,2022-05-30
101125,EE101125,CO003,Patricia,Patricia,Meyer,patricia.meyer@prairieresources.ca,1971-09-08,2020-07-14,2020-07-14,,02ADM2,Administrative Coordinator,ADMIN,RFT,A,Active,PRMRE,124,50,101154,"Wilson, Andrew",andrew.wilson@alpineconstruction.com,101125_PRMRE,EE101125_CO003,1.0,
101126,EE101126,CO002,Charles,Charles,Fischer,charles.fischer@westmarkmanufacturing.com,2000-02-07,2020-07-15,2020-07-15,,70MKT1,Marketing Coordinator,MKTG,RFT,T,Terminated,WSTMF,106,140,,,,101126_WSTMF,EE101126_CO002,1.0,2020-11-15
101127,EE101127,CO001,Joyce,Joyce,Wilson,joyce.wilson@northernpipeline.com,1984-08-04,2020-07-16,2020-07-16,,78ANL2,Business Analyst,ANLYT,RFT,A,Active,NRTHP,109,70,,,,101127_NRTHP,EE101127_CO001,1.0,
101128,EE101128,CO002,Katherine,Katherine,Jones,katherine.jones@westmarkmanufacturing.com,1996-05-29,2020-07-16,2020-07-16,,90PRO3,Project Manager,PROJ,RFT,T,Terminated,WSTMF,102,190,,,,101128_WSTMF,EE101128_CO002,1.0,2021-04-20
101129,EE101129,CO004,Sakura,Sakura,Becker,sakura.becker@alpineconstruction.com,1989-06-01,2020-07-17,2020-07-17,,65TEC1,Field Technician,TECH,CON,T,Terminated,ALPNC,111,110,100019,"Wright, Kenji",kenji.wright@northernpipeline.com,101129_ALPNC,EE101129_CO004,1.0,2020-11-23
101130,EE101130,CO004,Melissa,Melissa,Johnson,melissa.johnson@alpineconstruction.com,1985-07-25,2020-07-17,2020-07-17,,73MKT4,Marketing Lead,MKTG,RFT,A,Active,ALPNC,111,30,101516,"Cruz, Alexander",alexander.cruz@alpineconstruction.com,101130_ALPNC,EE101130_CO004,1.0,
101131,EE101131,CO001,James,James,Rivera,james.rivera@northernpipeline.com,1985-05-27,2020-07-17,2020-07-17,,49OPS2,Operations Coordinator,OPS,RFT,A,Active,NRTHP,113,110,,,,101131_NRTHP,EE101131_CO001,1.0,
101132,EE101132,CO002,Jonathan,Jonathan,Shah,jonathan.shah@westmarkmanufacturing.com,1984-01-24,2020-07-17,2020-07-17,,13CSR1,Customer Service Representative,CSR,RFT,A,Active,WSTMF,122,130,102268,"Johansson, Eric",eric.johansson@westmarkmanufacturing.com,101132_WSTMF,EE101132_CO002,1.0,
101133,EE101133,CO004,Fatima,Fatima,Gonzalez,fatima.gonzalez@alpineconstruction.com,1972-05-18,2020-07-20,2020-07-20,,33IT2,Systems Administrator,IT,RFT,T,Terminated,ALPNC,121,70,,,,101133_ALPNC,EE101133_CO004,1.0,2020-09-14
101134,EE101134,CO001,Brenda,Brenda,Torres,brenda.torres@northernpipeline.com,1983-12-29,2020-07-20,2020-07-20,,60WHS1,Warehouse Associate,WHSE,RFT,T,Terminated,NRTHP,103,30,100420,"Morgan, Angela",angela.morgan@northernpipeline.com,101134_NRTHP,EE101134_CO001,1.0,2021-08-20
101135,EE101135,CO001,Mary,Mary,Kumar,mary.kumar@northernpipeline.com,1990-09-09,2020-07-20,2020-07-20,,60WHS1,Warehouse Associate,WHSE,RFT,T,Terminated,NRTHP,111,100,100663,"Kim, Carolyn",carolyn.kim@northernpipeline.com,101135_NRTHP,EE101135_CO001,1.0,2021-04-17
101136,EE101136,CO003,Jonathan,Jonathan,James,jonathan.james@prairieresources.ca,1979-03-12,2020-07-21,2020-07-21,,25HR1,HR Coordinator,HR,RFT,T,Terminated,PRMRE,124,90,100652,"Smith, Larry",larry.smith@westmarkmanufacturing.com,101136_PRMRE,EE101136_CO003,1.0,2020-08-10
101137,EE101137,CO004,George,George,Eriksson,george.eriksson@alpineconstruction.com,1977-04-22,2020-07-22,2020-07-22,,03ADM3,Senior Administrative Coordinator,ADMIN,CON,T,Terminated,ALPNC,121,80,,,,101137_ALPNC,EE101137_CO004,1.0,2021-12-05
101138,EE101138,CO001,Ashley,Ashley,Perez,ashley.perez@northernpipeline.com,2001-02-27,2020-07-24,2020-07-24,,66TEC2,Service Technician,TECH,RFT,A,Active,NRTHP,116,30,102136,"Zhang, Anthony",anthony.zhang@northernpipeline.com,101138_NRTHP,EE101138_CO001,1.0,
101139,EE101139,CO001,Debra,Debra,Shah,debra.shah@northernpipeline.com,1982-12-14,2020-07-24,2020-07-24,,25HR1,HR Coordinator,HR,RPT,T,Terminated,NRTHP,122,20,102879,"Mueller, Dorothy",dorothy.mueller@northernpipeline.com,101139_NRTHP,EE101139_CO001,0.75,2021-02-13
101140,EE101140,CO004,Rebecca,Rebecca,Gutierrez,rebecca.gutierrez@alpineconstruction.com,1981-04-20,2020-07-24,2020-07-24,,77ANL1,Data Analyst,ANLYT,RPT,T,Terminated,ALPNC,102,250,,,,101140_ALPNC,EE101140_CO004,0.74,2021-07-26
101141,EE101141,CO003,Scott,Scott,Adams,scott.adams@prairieresources.ca,1991-02-20,2020-07-24,2020-07-24,,07ACC2,Accountant,ACCTG,CON,T,Terminated,PRMRE,102,70,102708,"Moore, Jessica",jessica.moore@westmarkmanufacturing.com,101141_PRMRE,EE101141_CO003,1.0,2024-05-15
101142,EE101142,CO003,Hans,Hans,Bailey,hans.bailey@prairieresources.ca,1975-05-26,2020-07-27,2020-07-27,,43SAL3,Senior Account Executive,SALES,RFT,T,Terminated,PRMRE,123,50,100075,"Gray, Catherine",catherine.gray@northernpipeline.com,101142_PRMRE,EE101142_CO003,1.0,2024-12-09
101143,EE101143,CO003,Margaret,Margaret,Eriksson,margaret.eriksson@prairieresources.ca,1990-04-04,2020-07-28,2020-07-28,,79ANL3,Senior Data Analyst,ANLYT,RPT,A,Active,PRMRE,100,140,101268,"Schulz, Jonathan",jonathan.schulz@westmarkmanufacturing.com,101143_PRMRE,EE101143_CO003,0.62,
101144,EE101144,CO001,Scott,Scott,Thomas,scott.thomas@northernpipeline.com,1986-10-13,2020-07-31,2020-07-31,,56TRD2,Journeyman Technician,TRD,RFT,A,Active,NRTHP,113,20,,,,101144_NRTHP,EE101144_CO001,1.0,
101145,EE101145,CO001,Kevin,Kevin,Richardson,kevin.richardson@northernpipeline.com,1990-07-14,2020-07-31,2020-07-31,,68TEC4,Technical Specialist,TECH,RFT,T,Terminated,NRTHP,119,90,,,,101145_NRTHP,EE101145_CO001,1.0,2021-02-15
101146,EE101146,CO001,Olivia,Olivia,Campbell,olivia.campbell@northernpipeline.com,1988-01-15,2020-07-31,2020-07-31,,61WHS2,Warehouse Clerk,WHSE,RFT,A,Active,NRTHP,112,90,100633,"Richardson, Ruth",ruth.richardson@alpineconstruction.com,101146_NRTHP,EE101146_CO001,1.0,
101147,EE101147,CO001,Jeffrey,Jeffrey,Adams,jeffrey.adams@northernpipeline.com,1998-12-29,2020-08-03,2020-08-03,,34IT2,Software Developer,IT,RFT,T,Terminated,NRTHP,101,20,,,,101147_NRTHP,EE101147_CO001,1.0,2022-01-05
101148,EE101148,CO002,Marie,Marie,Bailey,marie.bailey@westmarkmanufacturing.com,2002-02-24,2020-08-03,2020-08-03,,65TEC1,Field Technician,TECH,RFT,T,Terminated,WSTMF,113,80,,,,101148_WSTMF,EE101148_CO002,1.0,2024-08-27
101149,EE101149,CO004,Joshua,Joshua,Schmidt,joshua.schmidt@alpineconstruction.com,1973-04-26,2020-08-04,2020-08-04,,70MKT1,Marketing Coordinator,MKTG,CON,A,Active,ALPNC,124,50,101154,"Wilson, Andrew",andrew.wilson@alpineconstruction.com,101149_ALPNC,EE101149_CO004,1.0,
101150,EE101150,CO001,Brian,Brian,Evans,brian.evans@northernpipeline.com,1996-12-09,2020-08-06,2020-08-06,,55TRD1,Apprentice Technician,TRD,RFT,T,Terminated,NRTHP,101,220,101461,"Gutierrez, Donna",donna.gutierrez@northernpipeline.com,101150_NRTHP,EE101150_CO001,1.0,2021-07-12
101151,EE101151,CO001,Sharon,Sharon,Wood,sharon.wood@northernpipeline.com,1998-02-11,2020-08-06,2020-08-06,,16CSR4,Customer Service Team Lead,CSR,CON,T,Terminated,NRTHP,118,110,,,,101151_NRTHP,EE101151_CO001,1.0,2025-06-22
101152,EE101152,CO001,Edward,Edward,Ross,edward.ross@northernpipeline.com,2002-04-01,2020-08-06,2020-08-06,,43SAL3,Senior Account Executive,SALES,RFT,A,Active,NRTHP,108,220,,,,101152_NRTHP,EE101152_CO001,1.0,
101153,EE101153,CO002,Stephen,Stephen,Chen,stephen.chen@westmarkmanufacturing.com,1995-07-17,2020-08-07,2020-08-07,,19ENG2,Engineer,ENGR,RPT,T,Terminated,WSTMF,104,90,102432,"Cruz, Margaret",margaret.cruz@northernpipeline.com,101153_WSTMF,EE101153_CO002,0.48,2024-03-06
101154,EE101154,CO004,Andrew,Andrew,Wilson,andrew.wilson@alpineconstruction.com,2002-03-01,2020-08-07,2020-08-07,,52OPS5,Operations Manager,OPS,RFT,A,Active,ALPNC,124,50,,,,101154_ALPNC,EE101154_CO004,1.0,
101155,EE101155,CO004,Jose,Jose,Hill,jose.hill@alpineconstruction.com,1971-08-26,2020-08-07,2020-08-07,,48OPS1,Operations Assistant,OPS,RFT,T,Terminated,ALPNC,102,160,101777,"Brooks, Ingrid",ingrid.brooks@alpineconstruction.com,101155_ALPNC,EE101155_CO004,1.0,2026-01-11
101156,EE101156,CO003,Daniel,Daniel,Howard,daniel.howard@prairieresources.ca,1978-03-19,2020-08-07,2020-08-07,,02ADM2,Administrative Coordinator,ADMIN,CON,A,Active,PRMRE,100,90,100821,"Morales, Catherine",catherine.morales@alpineconstruction.com,101156_PRMRE,EE101156_CO003,1.0,
101157,EE101157,CO002,Wei,Wei,Brooks,wei.brooks@westmarkmanufacturing.com,1995-02-15,2020-08-10,2020-08-10,,19ENG2,Engineer,ENGR,RFT,T,Terminated,WSTMF,107,170,,,,101157_WSTMF,EE101157_CO002,1.0,2021-05-20
101158,EE101158,CO003,Paul,Paul,Liu,paul.liu@prairieresources.ca,1966-01-16,2020-08-10,2020-08-10,,59TRD5,Shop Foreman,TRD,RFT,T,Terminated,PRMRE,121,190,,,,101158_PRMRE,EE101158_CO003,1.0,2023-04-11
101159,EE101159,CO003,Brandon,Brandon,Johnson,brandon.johnson@prairieresources.ca,1979-01-18,2020-08-10,2020-08-10,,02ADM2,Administrative Coordinator,ADMIN,RFT,T,Terminated,PRMRE,117,10,101488,"Castillo, Sandra",sandra.castillo@prairieresources.ca,101159_PRMRE,EE101159_CO003,1.0,2022-11-19
101160,EE101160,CO001,Sarah,Sarah,Andersson,sarah.andersson@northernpipeline.com,1992-02-03,2020-08-14,2020-08-14,,46SAL6,Director of Sales,SALES,RFT,A,Active,NRTHP,100,110,,,,101160_NRTHP,EE101160_CO001,1.0,
101161,EE101161,CO003,Amy,Amy,Gray,amy.gray@prairieresources.ca,2002-05-18,2020-08-14,2020-08-14,,60WHS1,Warehouse Associate,WHSE,RFT,T,Terminated,PRMRE,123,140,102554,"Kim, Marie",marie.kim@northernpipeline.com,101161_PRMRE,EE101161_CO003,1.0,2021-10-18
101162,EE101162,CO004,Betty,Betty,Stewart,betty.stewart@alpineconstruction.com,1965-11-06,2020-08-14,2020-08-14,,71MKT2,Marketing Specialist,MKTG,RFT,T,Terminated,ALPNC,112,20,101852,"Morgan, Ronald",ronald.morgan@northernpipeline.com,101162_ALPNC,EE101162_CO004,1.0,2021-12-31
101163,EE101163,CO003,Samantha,Samantha,Price,samantha.price@prairieresources.ca,2001-11-12,2020-08-14,2020-08-14,,06ACC1,Accounts Receivable Clerk,ACCTG,RFT,T,Terminated,PRMRE,122,160,100003,"Liu, Barbara",barbara.liu@northernpipeline.com,101163_PRMRE,EE101163_CO003,1.0,2024-01-02
101164,EE101164,CO003,Sharon,Sharon,Schmidt,sharon.schmidt@prairieresources.ca,2002-04-17,2020-08-18,2020-08-18,,41SAL1,Sales Representative,SALES,RPT,T,Terminated,PRMRE,121,30,100345,"Zhang, Ryan",ryan.zhang@alpineconstruction.com,101164_PRMRE,EE101164_CO003,0.67,2021-02-12
101165,EE101165,CO001,Lisa,Lisa,Kim,lisa.kim@northernpipeline.com,1978-07-24,2020-08-19,2020-08-19,,56TRD2,Journeyman Technician,TRD,RFT,T,Terminated,NRTHP,108,240,100447,"Patel, Joyce",joyce.patel@westmarkmanufacturing.com,101165_NRTHP,EE101165_CO001,1.0,2021-01-05
101166,EE101166,CO001,Joyce,Joyce,Williams,joyce.williams@northernpipeline.com,1963-11-26,2020-08-19,2020-08-19,,32IT1,IT Support Technician,IT,RFT,T,Terminated,NRTHP,115,80,101251,"Li, Matthew",matthew.li@westmarkmanufacturing.com,101166_NRTHP,EE101166_CO001,1.0,2021-02-15
101167,EE101167,CO003,Aisha,Aisha,Anderson,aisha.anderson@prairieresources.ca,1974-10-05,2020-08-20,2020-08-20,,26HR2,HR Generalist,HR,TAW,T,Terminated,PRMRE,121,30,100345,"Zhang, Ryan",ryan.zhang@alpineconstruction.com,101167_PRMRE,EE101167_CO003,1.0,2021-01-11
101168,EE101168,CO002,Michelle,Michelle,Williams,michelle.williams@westmarkmanufacturing.com,1983-02-15,2020-08-20,2020-08-20,,94LEG2,Paralegal,LEGAL,RFT,T,Terminated,WSTMF,122,200,101063,"Morales, Nathan",nathan.morales@westmarkmanufacturing.com,101168_WSTMF,EE101168_CO002,1.0,2022-04-18
101169,EE101169,CO001,Christopher,Christopher,Schneider,christopher.schneider@northernpipeline.com,1982-10-18,2020-08-20,2020-08-20,,83SUP4,Shift Supervisor,SUPV,RFT,A,Active,NRTHP,101,90,,,,101169_NRTHP,EE101169_CO001,1.0,
101170,EE101170,CO004,Paul,Paul,Murphy,paul.murphy@alpineconstruction.com,1980-06-05,2020-08-21,2020-08-21,,62WHS3,Senior Warehouse Clerk,WHSE,RFT,T,Terminated,ALPNC,114,90,,,,101170_ALPNC,EE101170_CO004,1.0,2025-05-05
101171,EE101171,CO001,Donald,Donald,Wang,donald.wang@northernpipeline.com,1981-08-17,2020-08-21,2020-08-21,,04ADM4,Executive Assistant,ADMIN,CON,A,Active,NRTHP,102,220,102813,"Mitchell, John",john.mitchell@alpineconstruction.com,101171_NRTHP,EE101171_CO001,1.0,
101172,EE101172,CO002,Barbara,Barbara,Lopez,barbara.lopez@westmarkmanufacturing.com,1985-12-13,2020-08-21,2020-08-21,,94LEG2,Paralegal,LEGAL,RFT,T,Terminated,WSTMF,110,190,,,,101172_WSTMF,EE101172_CO002,1.0,2020-11-02
101173,EE101173,CO001,Sofia,Sofia,Ruiz,sofia.ruiz@northernpipeline.com,1987-04-23,2020-08-24,2020-08-24,,67TEC3,Senior Service Technician,TECH,RFT,T,Terminated,NRTHP,119,80,,,,101173_NRTHP,EE101173_CO001,1.0,2022-03-16
101174,EE101174,CO003,Lars,Lars,Castillo,lars.castillo@prairieresources.ca,1988-12-01,2020-08-25,2020-08-25,,60WHS1,Warehouse Associate,WHSE,RFT,T,Terminated,PRMRE,117,150,102422,"Torres, Matthew",matthew.torres@prairieresources.ca,101174_PRMRE,EE101174_CO003,1.0,2020-12-07
101175,EE101175,CO004,Jennifer,Jennifer,Reyes,jennifer.reyes@alpineconstruction.com,1995-10-30,2020-08-28,2020-08-28,,90PRO3,Project Manager,PROJ,RFT,T,Terminated,ALPNC,112,150,,,,101175_ALPNC,EE101175_CO004,1.0,2020-10-18
101176,EE101176,CO003,Jeffrey,Jeffrey,Martin,jeffrey.martin@prairieresources.ca,1991-03-08,2020-09-02,2020-09-02,,05ACC1,Accounts Payable Clerk,ACCTG,RPT,T,Terminated,PRMRE,102,50,102746,"Castillo, Nathan",nathan.castillo@alpineconstruction.com,101176_PRMRE,EE101176_CO003,0.4,2022-01-15
101177,EE101177,CO004,Giovanni,Giovanni,Thompson,giovanni.thompson@alpineconstruction.com,2002-07-02,2020-09-03,2020-09-03,,55TRD1,Apprentice Technician,TRD,RFT,A,Active,ALPNC,104,140,100905,"Taylor, Christopher",christopher.taylor@alpineconstruction.com,101177_ALPNC,EE101177_CO004,1.0,
101178,EE101178,CO001,Melissa,Melissa,Moore,melissa.moore@northernpipeline.com,1988-10-13,2020-09-03,2020-09-03,,62WHS3,Senior Warehouse Clerk,WHSE,RFT,T,Terminated,NRTHP,117,180,,,,101178_NRTHP,EE101178_CO001,1.0,2020-10-05
101179,EE101179,CO002,Joseph,Joseph,Tanaka,joseph.tanaka@westmarkmanufacturing.com,1998-01-25,2020-09-03,2020-09-03,,48OPS1,Operations Assistant,OPS,RFT,T,Terminated,WSTMF,110,180,,,,101179_WSTMF,EE101179_CO002,1.0,2023-12-17
101180,EE101180,CO004,Pierre,Pierre,Hill,pierre.hill@alpineconstruction.com,2000-02-03,2020-09-04,2020-09-04,,78ANL2,Business Analyst,ANLYT,RFT,T,Terminated,ALPNC,116,200,102378,"Cook, Patrick",patrick.cook@prairieresources.ca,101180_ALPNC,EE101180_CO004,1.0,2021-02-02
101181,EE101181,CO004,Jacob,Jacob,Howard,jacob.howard@alpineconstruction.com,1987-02-01,2020-09-04,2020-09-04,,50OPS3,Operations Specialist,OPS,RFT,A,Active,ALPNC,119,150,,,,101181_ALPNC,EE101181_CO004,1.0,
101182,EE101182,CO003,Anna,Anna,Singh,anna.singh@prairieresources.ca,1975-01-22,2020-09-04,2020-09-04,,35IT3,Senior Developer,IT,RFT,T,Terminated,PRMRE,122,180,,,,101182_PRMRE,EE101182_CO003,1.0,2022-03-20
101183,EE101183,CO002,Sarah,Sarah,Phillips,sarah.phillips@westmarkmanufacturing.com,1979-08-28,2020-09-04,2020-09-04,,36IT3,Senior Systems Administrator,IT,RFT,T,Terminated,WSTMF,102,150,100842,"Reed, Larry",larry.reed@prairieresources.ca,101183_WSTMF,EE101183_CO002,1.0,2024-10-23
101184,EE101184,CO002,Lars,Lars,Rogers,lars.rogers@westmarkmanufacturing.com,2002-07-30,2020-09-04,2020-09-04,,08ACC3,Senior Accountant,ACCTG,RFT,T,Terminated,WSTMF,110,70,,,,101184_WSTMF,EE101184_CO002,1.0,2020-11-04
101185,EE101185,CO004,Jessica,Jessica,Torres,jessica.torres@alpineconstruction.com,1997-12-15,2020-09-07,2020-09-07,,83SUP4,Shift Supervisor,SUPV,RFT,T,Terminated,ALPNC,116,180,,,,101185_ALPNC,EE101185_CO004,1.0,2024-07-20
101186,EE101186,CO002,Deborah,Deborah,Martinez,deborah.martinez@westmarkmanufacturing.com,1979-03-17,2020-09-08,2020-09-08,,32IT1,IT Support Technician,IT,RFT,T,Terminated,WSTMF,122,150,,,,101186_WSTMF,EE101186_CO002,1.0,2022-07-21
101187,EE101187,CO002,Anna,Anna,Castillo,anna.castillo@westmarkmanufacturing.com,1997-10-06,2020-09-08,2020-09-08,,39IT6,Director of IT,IT,RFT,T,Terminated,WSTMF,111,230,,,,101187_WSTMF,EE101187_CO002,1.0,2021-10-04
101188,EE101188,CO001,Raymond,Raymond,Edwards,raymond.edwards@northernpipeline.com,1991-04-22,2020-09-09,2020-09-09,,73MKT4,Marketing Lead,MKTG,RFT,A,Active,NRTHP,115,50,,,,101188_NRTHP,EE101188_CO001,1.0,
101189,EE101189,CO004,Steven,Steven,Jones,steven.jones@alpineconstruction.com,1983-06-06,2020-09-09,2020-09-09,,56TRD2,Journeyman Technician,TRD,RFT,A,Active,ALPNC,115,120,101288,"Baker, Brandon",brandon.baker@alpineconstruction.com,101189_ALPNC,EE101189_CO004,1.0,
101190,EE101190,CO003,Julie,Julie,Morris,julie.morris@prairieresources.ca,1998-05-09,2020-09-09,2020-09-09,,85SUP5,Regional Supervisor,SUPV,RFT,A,Active,PRMRE,115,130,,,,101190_PRMRE,EE101190_CO003,1.0,
101191,EE101191,CO001,Aisha,Aisha,Morris,aisha.morris@northernpipeline.com,1987-07-08,2020-09-10,2020-09-10,,80ANL4,Analytics Lead,ANLYT,RFT,T,Terminated,NRTHP,118,240,102039,"Ramos, Diane",diane.ramos@prairieresources.ca,101191_NRTHP,EE101191_CO001,1.0,2022-02-16
101192,EE101192,CO004,Stephanie,Stephanie,Davis,stephanie.davis@alpineconstruction.com,2002-06-29,2020-09-10,2020-09-10,,18ENG1,Junior Engineer,ENGR,RFT,T,Terminated,ALPNC,112,210,,,,101192_ALPNC,EE101192_CO004,1.0,2021-06-29
101193,EE101193,CO003,Gary,Gary,Miller,gary.miller@prairieresources.ca,1994-11-17,2020-09-10,2020-09-10,,36IT3,Senior Systems Administrator,IT,RFT,T,Terminated,PRMRE,116,190,102863,"Robinson, Andrew",andrew.robinson@alpineconstruction.com,101193_PRMRE,EE101193_CO003,1.0,2024-05-14
101194,EE101194,CO001,Amanda,Amanda,Williams,amanda.williams@northernpipeline.com,1985-02-11,2020-09-10,2020-09-10,,65TEC1,Field Technician,TECH,RPT,T,Terminated,NRTHP,116,250,,,,101194_NRTHP,EE101194_CO001,0.76,2026-01-18
101195,EE101195,CO003,Cynthia,Cynthia,Patel,cynthia.patel@prairieresources.ca,2002-02-05,2020-09-10,2020-09-10,,19ENG2,Engineer,ENGR,RFT,A,Active,PRMRE,100,90,100821,"Morales, Catherine",catherine.morales@alpineconstruction.com,101195_PRMRE,EE101195_CO003,1.0,
101196,EE101196,CO003,Aaron,Aaron,Stewart,aaron.stewart@prairieresources.ca,1984-05-13,2020-09-11,2020-09-11,,35IT3,Senior Developer,IT,RFT,A,Active,PRMRE,121,190,100421,"Adams, Sarah",sarah.adams@northernpipeline.com,101196_PRMRE,EE101196_CO003,1.0,
101197,EE101197,CO001,Nicole,Nicole,Hall,nicole.hall@northernpipeline.com,1989-04-07,2020-09-14,2020-09-14,,48OPS1,Operations Assistant,OPS,TFT,T,Terminated,NRTHP,103,20,,,,101197_NRTHP,EE101197_CO001,1.0,2020-12-22
101198,EE101198,CO003,Emma,Emma,Cox,emma.cox@prairieresources.ca,1983-03-30,2020-09-15,2020-09-15,,34IT2,Software Developer,IT,RFT,A,Active,PRMRE,116,190,102863,"Robinson, Andrew",andrew.robinson@alpineconstruction.com,101198_PRMRE,EE101198_CO003,1.0,
101199,EE101199,CO001,Adam,Adam,Evans,adam.evans@northernpipeline.com,1986-07-15,2020-09-15,2020-09-15,,70MKT1,Marketing Coordinator,MKTG,RFT,A,Active,NRTHP,103,140,,,,101199_NRTHP,EE101199_CO001,1.0,
101200,EE101200,CO004,Samuel,Samuel,Stewart,samuel.stewart@alpineconstruction.com,1975-02-02,2020-09-15,2020-09-15,,78ANL2,Business Analyst,ANLYT,CON,T,Terminated,ALPNC,121,150,101583,"Hughes, Michael",michael.hughes@alpineconstruction.com,101200_ALPNC,EE101200_CO004,1.0,2025-05-08
101201,EE101201,CO001,Ingrid,Ingrid,Brooks,ingrid.brooks@northernpipeline.com,1987-04-16,2020-09-15,2020-09-15,,41SAL1,Sales Representative,SALES,RPT,T,Terminated,NRTHP,121,180,,,,101201_NRTHP,EE101201_CO001,0.6,2021-08-27
101202,EE101202,CO001,Patricia,Patricia,Baker,patricia.baker@northernpipeline.com,1992-10-15,2020-09-16,2020-09-16,,27HR3,Senior HR Generalist,HR,RFT,A,Active,NRTHP,121,190,100421,"Adams, Sarah",sarah.adams@northernpipeline.com,101202_NRTHP,EE101202_CO001,1.0,
101203,EE101203,CO002,Angela,Angela,Hill,angela.hill@westmarkmanufacturing.com,1987-08-17,2020-09-17,2020-09-17,,13CSR1,Customer Service Representative,CSR,RFT,A,Active,WSTMF,104,60,101066,"Wong, Margaret",margaret.wong@alpineconstruction.com,101203_WSTMF,EE101203_CO002,1.0,
101204,EE101204,CO001,Ryan,Ryan,Morris,ryan.morris@northernpipeline.com,1983-05-31,2020-09-18,2020-09-18,,49OPS2,Operations Coordinator,OPS,RFT,T,Terminated,NRTHP,123,230,,,,101204_NRTHP,EE101204_CO001,1.0,2020-11-05
101205,EE101205,CO002,Dmitri,Dmitri,Lee,dmitri.lee@westmarkmanufacturing.com,1988-03-29,2020-09-18,2020-09-18,,70MKT1,Marketing Coordinator,MKTG,RFT,A,Active,WSTMF,111,140,100755,"Jackson, Jeffrey",jeffrey.jackson@northernpipeline.com,101205_WSTMF,EE101205_CO002,1.0,
101206,EE101206,CO004,Olga,Olga,Jones,olga.jones@alpineconstruction.com,1987-12-04,2020-09-18,2020-09-18,,32IT1,IT Support Technician,IT,RFT,A,Active,ALPNC,114,170,,,,101206_ALPNC,EE101206_CO004,1.0,
101207,EE101207,CO003,Jose,Jose,Harris,jose.harris@prairieresources.ca,1996-04-08,2020-09-18,2020-09-18,,05ACC1,Accounts Payable Clerk,ACCTG,RFT,A,Active,PRMRE,121,70,100548,"Price, Emma",emma.price@northernpipeline.com,101207_PRMRE,EE101207_CO003,1.0,
101208,EE101208,CO003,Aaron,Aaron,Allen,aaron.allen@prairieresources.ca,1995-03-19,2020-09-18,2020-09-18,,26HR2,HR Generalist,HR,RFT,T,Terminated,PRMRE,124,40,,,,101208_PRMRE,EE101208_CO003,1.0,2021-06-05
101209,EE101209,CO001,Sofia,Sofia,Scott,sofia.scott@northernpipeline.com,2002-04-09,2020-09-18,2020-09-18,,25HR1,HR Coordinator,HR,RFT,A,Active,NRTHP,116,80,101349,"Edwards, Aisha",aisha.edwards@prairieresources.ca,101209_NRTHP,EE101209_CO001,1.0,
101210,EE101210,CO003,Aisha,Aisha,Ortiz,aisha.ortiz@prairieresources.ca,1971-09-16,2020-09-21,2020-09-21,,77ANL1,Data Analyst,ANLYT,RFT,T,Terminated,PRMRE,118,100,101234,"Turner, Anthony",anthony.turner@northernpipeline.com,101210_PRMRE,EE101210_CO003,1.0,2021-08-31
101211,EE101211,CO001,Astrid,Astrid,Richardson,astrid.richardson@northernpipeline.com,2000-12-16,2020-09-21,2020-09-21,,18ENG1,Junior Engineer,ENGR,CON,T,Terminated,NRTHP,103,90,102416,"Cook, Astrid",astrid.cook@northernpipeline.com,101211_NRTHP,EE101211_CO001,1.0,2022-05-27
101212,EE101212,CO002,Mei,Mei,Long,mei.long@westmarkmanufacturing.com,1995-07-20,2020-09-22,2020-09-22,,67TEC3,Senior Service Technician,TECH,RFT,T,Terminated,WSTMF,122,50,,,,101212_WSTMF,EE101212_CO002,1.0,2021-11-27
101213,EE101213,CO004,Matthew,Matthew,Gray,matthew.gray@alpineconstruction.com,1996-08-25,2020-09-22,2020-09-22,,61WHS2,Warehouse Clerk,WHSE,CON,T,Terminated,ALPNC,102,50,102746,"Castillo, Nathan",nathan.castillo@alpineconstruction.com,101213_ALPNC,EE101213_CO004,1.0,2020-12-28
101214,EE101214,CO002,Diane,Diane,Wright,diane.wright@westmarkmanufacturing.com,1979-12-02,2020-09-23,2020-09-23,,32IT1,IT Support Technician,IT,RPT,T,Terminated,WSTMF,100,30,101389,"Stewart, Jacob",jacob.stewart@alpineconstruction.com,101214_WSTMF,EE101214_CO002,0.69,2022-11-08
101215,EE101215,CO004,Tyler,Tyler,Martinez,tyler.martinez@alpineconstruction.com,1991-01-17,2020-09-23,2020-09-23,,94LEG2,Paralegal,LEGAL,TFT,T,Terminated,ALPNC,121,120,101473,"Mueller, Giovanni",giovanni.mueller@northernpipeline.com,101215_ALPNC,EE101215_CO004,1.0,2022-03-21
101216,EE101216,CO003,Anna,Anna,Young,anna.young@prairieresources.ca,1976-01-03,2020-09-23,2020-09-23,,95LEG3,Legal Counsel,LEGAL,RFT,T,Terminated,PRMRE,105,160,,,,101216_PRMRE,EE101216_CO003,1.0,2020-11-20
101217,EE101217,CO004,Jeffrey,Jeffrey,Gomez,jeffrey.gomez@alpineconstruction.com,1994-11-20,2020-09-23,2020-09-23,,25HR1,HR Coordinator,HR,RFT,A,Active,ALPNC,104,230,101952,"Phillips, Astrid",astrid.phillips@westmarkmanufacturing.com,101217_ALPNC,EE101217_CO004,1.0,
101218,EE101218,CO002,Amy,Amy,Torres,amy.torres@westmarkmanufacturing.com,1986-05-07,2020-09-24,2020-09-24,,36IT3,Senior Systems Administrator,IT,RPT,T,Terminated,WSTMF,104,60,101066,"Wong, Margaret",margaret.wong@alpineconstruction.com,101218_WSTMF,EE101218_CO002,0.52,2024-09-08
101219,EE101219,CO001,Rebecca,Rebecca,Sanders,rebecca.sanders@northernpipeline.com,1997-07-11,2020-09-25,2020-09-25,,42SAL2,Account Executive,SALES,RFT,A,Active,NRTHP,113,250,,,,101219_NRTHP,EE101219_CO001,1.0,
101220,EE101220,CO002,Brandon,Brandon,Perez,brandon.perez@westmarkmanufacturing.com,1967-08-06,2020-09-25,2020-09-25,,72MKT3,Senior Marketing Specialist,MKTG,RFT,A,Active,WSTMF,106,70,,,,101220_WSTMF,EE101220_CO002,1.0,
101221,EE101221,CO001,Anna,Anna,Wang,anna.wang@northernpipeline.com,2000-03-13,2020-09-25,2020-09-25,,65TEC1,Field Technician,TECH,CON,A,Active,NRTHP,109,110,,,,101221_NRTHP,EE101221_CO001,1.0,
101222,EE101222,CO003,Priya,Priya,Bennett,priya.bennett@prairieresources.ca,1985-01-13,2020-09-25,2020-09-25,,65TEC1,Field Technician,TECH,RFT,A,Active,PRMRE,117,80,,,,101222_PRMRE,EE101222_CO003,1.0,
101223,EE101223,CO001,Robert,Robert,Cooper,robert.cooper@northernpipeline.com,1981-11-06,2020-09-25,2020-09-25,,95LEG3,Legal Counsel,LEGAL,RFT,T,Terminated,NRTHP,122,130,102268,"Johansson, Eric",eric.johansson@westmarkmanufacturing.com,101223_NRTHP,EE101223_CO001,1.0,2024-04-27
101224,EE101224,CO003,Katherine,Katherine,Ortiz,katherine.ortiz@prairieresources.ca,1984-01-25,2020-09-25,2020-09-25,,14CSR2,Customer Service Specialist,CSR,RFT,A,Active,PRMRE,115,240,102901,"Olsson, Charles",charles.olsson@westmarkmanufacturing.com,101224_PRMRE,EE101224_CO003,1.0,
101225,EE101225,CO001,Yuki,Yuki,Wong,yuki.wong@northernpipeline.com,1990-06-29,2020-09-28,2020-09-28,,35IT3,Senior Developer,IT,RFT,T,Terminated,NRTHP,100,40,102372,"Lopez, Jonathan",jonathan.lopez@alpineconstruction.com,101225_NRTHP,EE101225_CO001,1.0,2022-10-04
101226,EE101226,CO004,James,James,Alvarez,james.alvarez@alpineconstruction.com,1990-01-15,2020-10-01,2020-10-01,,05ACC1,Accounts Payable Clerk,ACCTG,TAW,T,Terminated,ALPNC,100,180,102279,"Wood, John",john.wood@prairieresources.ca,101226_ALPNC,EE101226_CO004,1.0,2021-11-03
101227,EE101227,CO001,Pamela,Pamela,Green,pamela.green@northernpipeline.com,1988-01-14,2020-10-01,2020-10-01,,55TRD1,Apprentice Technician,TRD,RFT,A,Active,NRTHP,117,90,,,,101227_NRTHP,EE101227_CO001,1.0,
101228,EE101228,CO003,Mary,Mary,Campbell,mary.campbell@prairieresources.ca,1990-05-30,2020-10-02,2020-10-02,,34IT2,Software Developer,IT,RPT,A,Active,PRMRE,105,80,101419,"Morales, Mary",mary.morales@prairieresources.ca,101228_PRMRE,EE101228_CO003,0.45,
101229,EE101229,CO004,Lars,Lars,Carter,lars.carter@alpineconstruction.com,1978-11-28,2020-10-02,2020-10-02,,83SUP4,Shift Supervisor,SUPV,RFT,T,Terminated,ALPNC,112,140,,,,101229_ALPNC,EE101229_CO004,1.0,2021-02-07
101230,EE101230,CO002,Rachel,Rachel,Collins,rachel.collins@westmarkmanufacturing.com,1965-10-30,2020-10-02,2020-10-02,,60WHS1,Warehouse Associate,WHSE,RFT,T,Terminated,WSTMF,122,140,102218,"Tanaka, Ingrid",ingrid.tanaka@prairieresources.ca,101230_WSTMF,EE101230_CO002,1.0,2020-11-16
101231,EE101231,CO001,Thomas,Thomas,Wright,thomas.wright@northernpipeline.com,1994-05-25,2020-10-06,2020-10-06,,18ENG1,Junior Engineer,ENGR,RFT,T,Terminated,NRTHP,116,160,100217,"Hall, Aisha",aisha.hall@northernpipeline.com,101231_NRTHP,EE101231_CO001,1.0,2024-10-10
101232,EE101232,CO003,Jacob,Jacob,Nelson,jacob.nelson@prairieresources.ca,2001-11-26,2020-10-06,2020-10-06,,06ACC1,Accounts Receivable Clerk,ACCTG,RFT,T,Terminated,PRMRE,124,10,100895,"Li, George",george.li@alpineconstruction.com,101232_PRMRE,EE101232_CO003,1.0,2021-08-29
101233,EE101233,CO004,Thomas,Thomas,Shah,thomas.shah@alpineconstruction.com,1988-11-17,2020-10-08,2020-10-08,,06ACC1,Accounts Receivable Clerk,ACCTG,RFT,T,Terminated,ALPNC,104,170,102275,"Williams, Cynthia",cynthia.williams@westmarkmanufacturing.com,101233_ALPNC,EE101233_CO004,1.0,2024-11-14
101234,EE101234,CO001,Anthony,Anthony,Turner,anthony.turner@northernpipeline.com,1962-12-21,2020-10-09,2020-10-09,,71MKT2,Marketing Specialist,MKTG,RFT,A,Active,NRTHP,118,100,,,,101234_NRTHP,EE101234_CO001,1.0,
101235,EE101235,CO001,Ryan,Ryan,Tanaka,ryan.tanaka@northernpipeline.com,1997-01-04,2020-10-09,2020-10-09,,66TEC2,Service Technician,TECH,RPT,T,Terminated,NRTHP,117,20,102028,"Hernandez, Patricia",patricia.hernandez@prairieresources.ca,101235_NRTHP,EE101235_CO001,0.78,2021-05-25
101236,EE101236,CO004,Nancy,Nancy,King,nancy.king@alpineconstruction.com,1972-02-14,2020-10-09,2020-10-09,,32IT1,IT Support Technician,IT,RPT,T,Terminated,ALPNC,116,10,102461,"King, Alexander",alexander.king@northernpipeline.com,101236_ALPNC,EE101236_CO004,0.71,2021-06-27
101237,EE101237,CO004,Nancy,Nancy,Cruz,nancy.cruz@alpineconstruction.com,1972-06-14,2020-10-09,2020-10-09,,33IT2,Systems Administrator,IT,RPT,A,Active,ALPNC,114,200,102155,"Young, James",james.young@northernpipeline.com,101237_ALPNC,EE101237_CO004,0.66,
101238,EE101238,CO004,Raymond,Raymond,Martinez,raymond.martinez@alpineconstruction.com,1994-03-18,2020-10-09,2020-10-09,,71MKT2,Marketing Specialist,MKTG,RFT,T,Terminated,ALPNC,119,240,100179,"Cox, John",john.cox@alpineconstruction.com,101238_ALPNC,EE101238_CO004,1.0,2021-06-04
101239,EE101239,CO002,Kenji,Kenji,Schmidt,kenji.schmidt@westmarkmanufacturing.com,1983-07-05,2020-10-09,2020-10-09,,35IT3,Senior Developer,IT,RFT,T,Terminated,WSTMF,100,80,,,,101239_WSTMF,EE101239_CO002,1.0,2025-11-27
101240,EE101240,CO004,Daniel,Daniel,Schulz,daniel.schulz@alpineconstruction.com,1972-07-30,2020-10-12,2020-10-12,,51OPS4,Operations Lead,OPS,RPT,T,Terminated,ALPNC,104,130,,,,101240_ALPNC,EE101240_CO004,0.51,2021-07-26
101241,EE101241,CO002,Charles,Charles,Jimenez,charles.jimenez@westmarkmanufacturing.com,1992-04-08,2020-10-14,2020-10-14,,71MKT2,Marketing Specialist,MKTG,RFT,A,Active,WSTMF,105,210,102177,"Wagner, Karen",karen.wagner@prairieresources.ca,101241_WSTMF,EE101241_CO002,1.0,
101242,EE101242,CO004,Heather,Heather,Sanchez,heather.sanchez@alpineconstruction.com,1991-08-31,2020-10-14,2020-10-14,,25HR1,HR Coordinator,HR,RFT,T,Terminated,ALPNC,121,180,,,,101242_ALPNC,EE101242_CO004,1.0,2021-03-10
101243,EE101243,CO001,Carlos,Carlos,Torres,carlos.torres@northernpipeline.com,1994-08-24,2020-10-14,2020-10-14,,34IT2,Software Developer,IT,RFT,A,Active,NRTHP,102,20,102972,"Ruiz, Maria",maria.ruiz@alpineconstruction.com,101243_NRTHP,EE101243_CO001,1.0,
101244,EE101244,CO002,Joseph,Joseph,Nguyen,joseph.nguyen@westmarkmanufacturing.com,1999-06-27,2020-10-15,2020-10-15,,27HR3,Senior HR Generalist,HR,RPT,A,Active,WSTMF,122,210,,,,101244_WSTMF,EE101244_CO002,0.62,
101245,EE101245,CO003,Timothy,Timothy,Reed,timothy.reed@prairieresources.ca,1994-11-27,2020-10-16,2020-10-16,,13CSR1,Customer Service Representative,CSR,RFT,A,Active,PRMRE,117,110,101442,"Kelly, Maria",maria.kelly@prairieresources.ca,101245_PRMRE,EE101245_CO003,1.0,
101246,EE101246,CO003,Ronald,Ronald,Fischer,ronald.fischer@prairieresources.ca,2000-10-22,2020-10-16,2020-10-16,,73MKT4,Marketing Lead,MKTG,RPT,T,Terminated,PRMRE,118,160,,,,101246_PRMRE,EE101246_CO003,0.55,2021-04-28
101247,EE101247,CO003,Andrew,Andrew,Martin,andrew.martin@prairieresources.ca,1988-06-10,2020-10-16,2020-10-16,,08ACC3,Senior Accountant,ACCTG,RFT,A,Active,PRMRE,102,150,100842,"Reed, Larry",larry.reed@prairieresources.ca,101247_PRMRE,EE101247_CO003,1.0,
101248,EE101248,CO004,Mohammed,Mohammed,Walker,mohammed.walker@alpineconstruction.com,1996-04-15,2020-10-16,2020-10-16,,90PRO3,Project Manager,PROJ,RFT,T,Terminated,ALPNC,116,150,,,,101248_ALPNC,EE101248_CO004,1.0,2021-10-09
101249,EE101249,CO003,Zara,Zara,Kim,zara.kim@prairieresources.ca,1985-12-23,2020-10-19,2020-10-19,,73MKT4,Marketing Lead,MKTG,RFT,T,Terminated,PRMRE,117,160,,,,101249_PRMRE,EE101249_CO003,1.0,2020-11-30
101250,EE101250,CO004,Olga,Olga,Schulz,olga.schulz@alpineconstruction.com,2002-06-14,2020-10-19,2020-10-19,,33IT2,Systems Administrator,IT,RFT,T,Terminated,ALPNC,116,30,102136,"Zhang, Anthony",anthony.zhang@northernpipeline.com,101250_ALPNC,EE101250_CO004,1.0,2025-07-04
101251,EE101251,CO002,Matthew,Matthew,Li,matthew.li@westmarkmanufacturing.com,1984-11-12,2020-10-19,2020-10-19,,44SAL4,Sales Team Lead,SALES,RPT,A,Active,WSTMF,115,80,,,,101251_WSTMF,EE101251_CO002,0.7,
101252,EE101252,CO004,David,David,Wright,david.wright@alpineconstruction.com,1980-01-09,2020-10-19,2020-10-19,,66TEC2,Service Technician,TECH,RFT,A,Active,ALPNC,119,120,,,,101252_ALPNC,EE101252_CO004,1.0,
101253,EE101253,CO001,Michael,Michael,Ruiz,michael.ruiz@northernpipeline.com,2002-06-22,2020-10-20,2020-10-20,,56TRD2,Journeyman Technician,TRD,RFT,T,Terminated,NRTHP,116,130,100069,"Jones, John",john.jones@alpineconstruction.com,101253_NRTHP,EE101253_CO001,1.0,2020-12-14
101254,EE101254,CO001,Jeffrey,Jeffrey,Ross,jeffrey.ross@northernpipeline.com,1985-01-30,2020-10-21,2020-10-21,,05ACC1,Accounts Payable Clerk,ACCTG,RFT,A,Active,NRTHP,109,170,,,,101254_NRTHP,EE101254_CO001,1.0,
101255,EE101255,CO004,Elizabeth,Elizabeth,Shah,elizabeth.shah@alpineconstruction.com,1976-07-11,2020-10-21,2020-10-21,,62WHS3,Senior Warehouse Clerk,WHSE,RFT,T,Terminated,ALPNC,102,250,,,,101255_ALPNC,EE101255_CO004,1.0,2022-07-18
101256,EE101256,CO004,Christopher,Christopher,Jackson,christopher.jackson@alpineconstruction.com,2000-11-10,2020-10-22,2020-10-22,,41SAL1,Sales Representative,SALES,RFT,A,Active,ALPNC,124,40,,,,101256_ALPNC,EE101256_CO004,1.0,
101257,EE101257,CO002,Timothy,Timothy,Flores,timothy.flores@westmarkmanufacturing.com,1972-07-06,2020-10-22,2020-10-22,,25HR1,HR Coordinator,HR,RFT,T,Terminated,WSTMF,108,50,,,,101257_WSTMF,EE101257_CO002,1.0,2022-01-17
101258,EE101258,CO004,Joshua,Joshua,Gray,joshua.gray@alpineconstruction.com,1984-06-04,2020-10-22,2020-10-22,,67TEC3,Senior Service Technician,TECH,RFT,A,Active,ALPNC,124,220,100427,"Brown, David",david.brown@westmarkmanufacturing.com,101258_ALPNC,EE101258_CO004,1.0,
101259,EE101259,CO003,Betty,Betty,Thomas,betty.thomas@prairieresources.ca,1996-09-12,2020-10-23,2020-10-23,,38IT5,IT Manager,IT,CON,T,Terminated,PRMRE,117,180,,,,101259_PRMRE,EE101259_CO003,1.0,2020-11-01
101260,EE101260,CO004,Dmitri,Dmitri,Harris,dmitri.harris@alpineconstruction.com,1988-11-18,2020-10-23,2020-10-23,,72MKT3,Senior Marketing Specialist,MKTG,RPT,T,Terminated,ALPNC,121,110,100624,"Wood, Ahmed",ahmed.wood@alpineconstruction.com,101260_ALPNC,EE101260_CO004,0.68,2021-11-12
101261,EE101261,CO003,Anthony,Anthony,Ortiz,anthony.ortiz@prairieresources.ca,1983-05-14,2020-10-23,2020-10-23,,02ADM2,Administrative Coordinator,ADMIN,RFT,T,Terminated,PRMRE,122,180,101289,"Allen, Patricia",patricia.allen@westmarkmanufacturing.com,101261_PRMRE,EE101261_CO003,1.0,2020-11-15
101262,EE101262,CO001,Sakura,Sakura,Foster,sakura.foster@northernpipeline.com,1988-01-28,2020-10-23,2020-10-23,,55TRD1,Apprentice Technician,TRD,CON,T,Terminated,NRTHP,112,40,100164,"Cruz, Linda",linda.cruz@alpineconstruction.com,101262_NRTHP,EE101262_CO001,1.0,2024-01-02
101263,EE101263,CO002,Christopher,Christopher,Ward,christopher.ward@westmarkmanufacturing.com,1983-05-07,2020-10-27,2020-10-27,,43SAL3,Senior Account Executive,SALES,CON,T,Terminated,WSTMF,105,220,,,,101263_WSTMF,EE101263_CO002,1.0,2024-10-04
101264,EE101264,CO002,Maria,Maria,Foster,maria.foster@westmarkmanufacturing.com,1997-11-10,2020-10-27,2020-10-27,,18ENG1,Junior Engineer,ENGR,RFT,T,Terminated,WSTMF,100,30,101389,"Stewart, Jacob",jacob.stewart@alpineconstruction.com,101264_WSTMF,EE101264_CO002,1.0,2021-07-20
101265,EE101265,CO003,Giovanni,Giovanni,Weber,giovanni.weber@prairieresources.ca,1986-11-06,2020-10-27,2020-10-27,,72MKT3,Senior Marketing Specialist,MKTG,RPT,T,Terminated,PRMRE,124,150,,,,101265_PRMRE,EE101265_CO003,0.49,2022-11-24
101266,EE101266,CO002,Kenji,Kenji,Collins,kenji.collins@westmarkmanufacturing.com,2002-08-06,2020-10-28,2020-10-28,,18ENG1,Junior Engineer,ENGR,RFT,A,Active,WSTMF,111,200,101844,"Cox, Frank",frank.cox@alpineconstruction.com,101266_WSTMF,EE101266_CO002,1.0,
101267,EE101267,CO001,Donald,Donald,Meyer,donald.meyer@northernpipeline.com,1990-06-12,2020-10-30,2020-10-30,,33IT2,Systems Administrator,IT,TFT,T,Terminated,NRTHP,114,90,,,,101267_NRTHP,EE101267_CO001,1.0,2023-09-13
101268,EE101268,CO002,Jonathan,Jonathan,Schulz,jonathan.schulz@westmarkmanufacturing.com,1998-07-07,2020-11-02,2020-11-02,,28HR4,HR Business Partner,HR,RPT,A,Active,WSTMF,100,140,,,,101268_WSTMF,EE101268_CO002,0.46,
101269,EE101269,CO002,Donna,Donna,Peterson,donna.peterson@westmarkmanufacturing.com,1996-08-25,2020-11-03,2020-11-03,,02ADM2,Administrative Coordinator,ADMIN,RFT,T,Terminated,WSTMF,110,60,,,,101269_WSTMF,EE101269_CO002,1.0,2021-01-30
101270,EE101270,CO003,Frank,Frank,Roberts,frank.roberts@prairieresources.ca,1976-05-03,2020-11-04,2020-11-04,,58TRD4,Lead Technician,TRD,CON,A,Active,PRMRE,124,180,,,,101270_PRMRE,EE101270_CO003,1.0,
101271,EE101271,CO004,Samantha,Samantha,Bennett,samantha.bennett@alpineconstruction.com,1978-04-28,2020-11-06,2020-11-06,,32IT1,IT Support Technician,IT,RFT,A,Active,ALPNC,124,220,100427,"Brown, David",david.brown@westmarkmanufacturing.com,101271_ALPNC,EE101271_CO004,1.0,
101272,EE101272,CO002,Andrew,Andrew,Chen,andrew.chen@westmarkmanufacturing.com,1982-02-11,2020-11-09,2020-11-09,,26HR2,HR Generalist,HR,RFT,T,Terminated,WSTMF,122,200,101063,"Morales, Nathan",nathan.morales@westmarkmanufacturing.com,101272_WSTMF,EE101272_CO002,1.0,2021-06-30
101273,EE101273,CO004,Anthony,Anthony,Chen,anthony.chen@alpineconstruction.com,1999-06-11,2020-11-10,2020-11-10,,80ANL4,Analytics Lead,ANLYT,RFT,T,Terminated,ALPNC,116,200,,,,101273_ALPNC,EE101273_CO004,1.0,2021-02-12
101274,EE101274,CO003,Joshua,Joshua,Edwards,joshua.edwards@prairieresources.ca,1992-02-12,2020-11-11,2020-11-11,,55TRD1,Apprentice Technician,TRD,RFT,T,Terminated,PRMRE,123,80,,,,101274_PRMRE,EE101274_CO003,1.0,2021-03-05
101275,EE101275,CO004,Anthony,Anthony,Kumar,anthony.kumar@alpineconstruction.com,1976-07-24,2020-11-11,2020-11-11,,78ANL2,Business Analyst,ANLYT,RFT,A,Active,ALPNC,114,90,,,,101275_ALPNC,EE101275_CO004,1.0,
101276,EE101276,CO001,Maria,Maria,Flores,maria.flores@northernpipeline.com,1987-03-11,2020-11-11,2020-11-11,,18ENG1,Junior Engineer,ENGR,RFT,T,Terminated,NRTHP,111,220,101356,"Schulz, Angela",angela.schulz@alpineconstruction.com,101276_NRTHP,EE101276_CO001,1.0,2020-12-28
101277,EE101277,CO003,Astrid,Astrid,Ward,astrid.ward@prairieresources.ca,1965-03-11,2020-11-13,2020-11-13,,70MKT1,Marketing Coordinator,MKTG,RFT,T,Terminated,PRMRE,100,250,102201,"Reed, Sandra",sandra.reed@westmarkmanufacturing.com,101277_PRMRE,EE101277_CO003,1.0,2021-07-19
101278,EE101278,CO004,Rachel,Rachel,James,rachel.james@alpineconstruction.com,1984-11-29,2020-11-13,2020-11-13,,26HR2,HR Generalist,HR,RFT,A,Active,ALPNC,104,110,102499,"White, Stephen",stephen.white@northernpipeline.com,101278_ALPNC,EE101278_CO004,1.0,
101279,EE101279,CO002,Kathleen,Kathleen,Gomez,kathleen.gomez@westmarkmanufacturing.com,1987-07-20,2020-11-13,2020-11-13,,27HR3,Senior HR Generalist,HR,RPT,A,Active,WSTMF,105,140,,,,101279_WSTMF,EE101279_CO002,0.45,
101280,EE101280,CO004,Patricia,Patricia,Yamamoto,patricia.yamamoto@alpineconstruction.com,1992-02-19,2020-11-13,2020-11-13,,50OPS3,Operations Specialist,OPS,CON,T,Terminated,ALPNC,124,210,102698,"Lee, Emma",emma.lee@westmarkmanufacturing.com,101280_ALPNC,EE101280_CO004,1.0,2021-05-14
101281,EE101281,CO003,George,George,Green,george.green@prairieresources.ca,1987-09-09,2020-11-16,2020-11-16,,38IT5,IT Manager,IT,RPT,A,Active,PRMRE,123,240,,,,101281_PRMRE,EE101281_CO003,0.52,
101282,EE101282,CO003,Justin,Justin,Gray,justin.gray@prairieresources.ca,1990-10-12,2020-11-17,2020-11-17,,05ACC1,Accounts Payable Clerk,ACCTG,RFT,T,Terminated,PRMRE,118,30,,,,101282_PRMRE,EE101282_CO003,1.0,2021-08-07
101283,EE101283,CO004,Stephen,Stephen,Long,stephen.long@alpineconstruction.com,1981-05-24,2020-11-18,2020-11-18,,65TEC1,Field Technician,TECH,TAW,T,Terminated,ALPNC,114,190,,,,101283_ALPNC,EE101283_CO004,1.0,2021-10-07
101284,EE101284,CO002,Angela,Angela,Ross,angela.ross@westmarkmanufacturing.com,1979-09-18,2020-11-20,2020-11-20,,62WHS3,Senior Warehouse Clerk,WHSE,RFT,T,Terminated,WSTMF,113,210,102016,"Robinson, Kimberly",kimberly.robinson@westmarkmanufacturing.com,101284_WSTMF,EE101284_CO002,1.0,2025-05-24
101285,EE101285,CO001,Stephanie,Stephanie,Clark,stephanie.clark@northernpipeline.com,1996-08-19,2020-11-23,2020-11-23,,42SAL2,Account Executive,SALES,RPT,A,Active,NRTHP,100,100,100277,"Evans, James",james.evans@westmarkmanufacturing.com,101285_NRTHP,EE101285_CO001,0.67,
101286,EE101286,CO002,Sarah,Sarah,Baker,sarah.baker@westmarkmanufacturing.com,2002-01-20,2020-11-25,2020-11-25,,49OPS2,Operations Coordinator,OPS,RPT,A,Active,WSTMF,106,80,,,,101286_WSTMF,EE101286_CO002,0.69,
101287,EE101287,CO001,Rachel,Rachel,Brown,rachel.brown@northernpipeline.com,2002-08-14,2020-11-25,2020-11-25,,71MKT2,Marketing Specialist,MKTG,RFT,T,Terminated,NRTHP,102,100,100763,"Bailey, Anna",anna.bailey@westmarkmanufacturing.com,101287_NRTHP,EE101287_CO001,1.0,2022-03-30
101288,EE101288,CO004,Brandon,Brandon,Baker,brandon.baker@alpineconstruction.com,1983-11-17,2020-11-27,2020-11-27,,68TEC4,Technical Specialist,TECH,RFT,A,Active,ALPNC,115,120,,,,101288_ALPNC,EE101288_CO004,1.0,
101289,EE101289,CO002,Patricia,Patricia,Allen,patricia.allen@westmarkmanufacturing.com,2000-10-14,2020-11-27,2020-11-27,,27HR3,Senior HR Generalist,HR,RFT,A,Active,WSTMF,122,180,,,,101289_WSTMF,EE101289_CO002,1.0,
101290,EE101290,CO003,Raymond,Raymond,Johnson,raymond.johnson@prairieresources.ca,2002-11-08,2020-11-27,2020-11-27,,70MKT1,Marketing Coordinator,MKTG,TFT,A,Active,PRMRE,117,30,102438,"Kumar, Dorothy",dorothy.kumar@northernpipeline.com,101290_PRMRE,EE101290_CO003,1.0,
101291,EE101291,CO002,Frank,Frank,Nelson,frank.nelson@westmarkmanufacturing.com,1985-01-16,2020-11-27,2020-11-27,,63WHS4,Warehouse Lead,WHSE,RFT,T,Terminated,WSTMF,108,190,,,,101291_WSTMF,EE101291_CO002,1.0,2020-12-18
101292,EE101292,CO003,Debra,Debra,Cruz,debra.cruz@prairieresources.ca,1964-06-03,2020-12-02,2020-12-02,,55TRD1,Apprentice Technician,TRD,RFT,T,Terminated,PRMRE,116,40,102705,"Martinez, Brian",brian.martinez@prairieresources.ca,101292_PRMRE,EE101292_CO003,1.0,2024-06-06
101293,EE101293,CO002,Nancy,Nancy,Persson,nancy.persson@westmarkmanufacturing.com,1989-09-02,2020-12-02,2020-12-02,,95LEG3,Legal Counsel,LEGAL,RFT,T,Terminated,WSTMF,111,230,,,,101293_WSTMF,EE101293_CO002,1.0,2021-10-03
101294,EE101294,CO001,Wei,Wei,Li,wei.li@northernpipeline.com,1980-04-30,2020-12-07,2020-12-07,,01ADM1,Administrative Assistant,ADMIN,RFT,T,Terminated,NRTHP,121,60,102633,"Edwards, Jessica",jessica.edwards@prairieresources.ca,101294_NRTHP,EE101294_CO001,1.0,2021-12-23
101295,EE101295,CO001,Charles,Charles,Sanchez,charles.sanchez@northernpipeline.com,1988-07-07,2020-12-07,2020-12-07,,05ACC1,Accounts Payable Clerk,ACCTG,RFT,A,Active,NRTHP,113,130,102623,"Wood, Margaret",margaret.wood@westmarkmanufacturing.com,101295_NRTHP,EE101295_CO001,1.0,
101296,EE101296,CO003,Dmitri,Dmitri,Nilsson,dmitri.nilsson@prairieresources.ca,1989-11-07,2020-12-09,2020-12-09,,60WHS1,Warehouse Associate,WHSE,RFT,T,Terminated,PRMRE,105,10,101036,"Sanders, Anthony",anthony.sanders@prairieresources.ca,101296_PRMRE,EE101296_CO003,1.0,2021-11-15
101297,EE101297,CO002,William,William,Jones,william.jones@westmarkmanufacturing.com,1979-05-27,2020-12-11,2020-12-11,,01ADM1,Administrative Assistant,ADMIN,CON,T,Terminated,WSTMF,100,130,101590,"Karlsson, Aaron",aaron.karlsson@prairieresources.ca,101297_WSTMF,EE101297_CO002,1.0,2023-02-04
101298,EE101298,CO003,Ruth,Ruth,Schmidt,ruth.schmidt@prairieresources.ca,1991-10-12,2020-12-14,2020-12-14,,30HR6,Director of Human Resources,HR,RFT,A,Active,PRMRE,123,200,,,,101298_PRMRE,EE101298_CO003,1.0,
101299,EE101299,CO004,Maria,Maria,Gray,maria.gray@alpineconstruction.com,1986-11-07,2020-12-15,2020-12-15,,60WHS1,Warehouse Associate,WHSE,RFT,T,Terminated,ALPNC,112,130,102000,"Martin, Eric",eric.martin@alpineconstruction.com,101299_ALPNC,EE101299_CO004,1.0,2023-03-06
101300,EE101300,CO003,Sandra,Sandra,Lewis,sandra.lewis@prairieresources.ca,1985-06-30,2020-12-15,2020-12-15,,41SAL1,Sales Representative,SALES,RFT,T,Terminated,PRMRE,117,240,102886,"Campbell, Ahmed",ahmed.campbell@prairieresources.ca,101300_PRMRE,EE101300_CO003,1.0,2023-09-16
101301,EE101301,CO001,Elizabeth,Elizabeth,Cox,elizabeth.cox@northernpipeline.com,1995-08-19,2020-12-16,2020-12-16,,60WHS1,Warehouse Associate,WHSE,RFT,A,Active,NRTHP,101,110,,,,101301_NRTHP,EE101301_CO001,1.0,
101302,EE101302,CO001,Olivia,Olivia,Rivera,olivia.rivera@northernpipeline.com,1979-04-17,2020-12-17,2020-12-17,,61WHS2,Warehouse Clerk,WHSE,RFT,A,Active,NRTHP,104,230,101952,"Phillips, Astrid",astrid.phillips@westmarkmanufacturing.com,101302_NRTHP,EE101302_CO001,1.0,
101303,EE101303,CO003,Carlos,Carlos,Baker,carlos.baker@prairieresources.ca,1990-10-08,2020-12-18,2020-12-18,,65TEC1,Field Technician,TECH,RFT,T,Terminated,PRMRE,105,250,102183,"Jimenez, Jacob",jacob.jimenez@prairieresources.ca,101303_PRMRE,EE101303_CO003,1.0,2021-03-04
101304,EE101304,CO001,Elizabeth,Elizabeth,Chen,elizabeth.chen@northernpipeline.com,1996-08-05,2020-12-18,2020-12-18,,26HR2,HR Generalist,HR,RFT,A,Active,NRTHP,118,210,101721,"Larsson, Aaron",aaron.larsson@northernpipeline.com,101304_NRTHP,EE101304_CO001,1.0,
101305,EE101305,CO001,Betty,Betty,Allen,betty.allen@northernpipeline.com,1983-01-14,2020-12-18,2020-12-18,,56TRD2,Journeyman Technician,TRD,RFT,T,Terminated,NRTHP,120,120,,,,101305_NRTHP,EE101305_CO001,1.0,2023-06-06
101306,EE101306,CO004,Giovanni,Giovanni,Price,giovanni.price@alpineconstruction.com,1997-03-14,2020-12-21,2020-12-21,,15CSR3,Senior Customer Service Specialist,CSR,RFT,T,Terminated,ALPNC,100,40,102372,"Lopez, Jonathan",jonathan.lopez@alpineconstruction.com,101306_ALPNC,EE101306_CO004,1.0,2022-07-28
101307,EE101307,CO002,Amy,Amy,Stewart,amy.stewart@westmarkmanufacturing.com,1988-09-28,2020-12-25,2020-12-25,,49OPS2,Operations Coordinator,OPS,RFT,T,Terminated,WSTMF,124,220,100427,"Brown, David",david.brown@westmarkmanufacturing.com,101307_WSTMF,EE101307_CO002,1.0,2023-01-22
101308,EE101308,CO003,Jerry,Jerry,Hill,jerry.hill@prairieresources.ca,1989-12-12,2020-12-25,2020-12-25,,95LEG3,Legal Counsel,LEGAL,CON,T,Terminated,PRMRE,100,140,101268,"Schulz, Jonathan",jonathan.schulz@westmarkmanufacturing.com,101308_PRMRE,EE101308_CO003,1.0,2021-05-13
101309,EE101309,CO004,Sarah,Sarah,Jackson,sarah.jackson@alpineconstruction.com,1978-07-28,2020-12-28,2020-12-28,,32IT1,IT Support Technician,IT,RFT,A,Active,ALPNC,102,130,102468,"Morgan, Sofia",sofia.morgan@prairieresources.ca,101309_ALPNC,EE101309_CO004,1.0,
101310,EE101310,CO004,Christopher,Christopher,Young,christopher.young@alpineconstruction.com,1984-04-19,2021-01-01,2021-01-01,,32IT1,IT Support Technician,IT,RFT,T,Terminated,ALPNC,116,210,101706,"Fischer, Jessica",jessica.fischer@northernpipeline.com,101310_ALPNC,EE101310_CO004,1.0,2023-06-05
101311,EE101311,CO001,Kevin,Kevin,Harris,kevin.harris@northernpipeline.com,1989-07-23,2021-01-01,2021-01-01,,78ANL2,Business Analyst,ANLYT,RFT,T,Terminated,NRTHP,111,230,,,,101311_NRTHP,EE101311_CO001,1.0,2022-02-08
101312,EE101312,CO001,Nancy,Nancy,Jackson,nancy.jackson@northernpipeline.com,1980-07-16,2021-01-01,2021-01-01,,01ADM1,Administrative Assistant,ADMIN,RFT,T,Terminated,NRTHP,116,180,101899,"Patel, Cynthia",cynthia.patel@northernpipeline.com,101312_NRTHP,EE101312_CO001,1.0,2022-06-09
101313,EE101313,CO001,Eric,Eric,Richardson,eric.richardson@northernpipeline.com,1975-02-05,2021-01-04,2021-01-04,,57TRD3,Senior Technician,TRD,RFT,T,Terminated,NRTHP,103,240,,,,101313_NRTHP,EE101313_CO001,1.0,2021-02-15
101314,EE101314,CO003,Zara,Zara,Taylor,zara.taylor@prairieresources.ca,1983-08-20,2021-01-04,2021-01-04,,25HR1,HR Coordinator,HR,RFT,T,Terminated,PRMRE,117,220,101599,"Ramirez, Lars",lars.ramirez@prairieresources.ca,101314_PRMRE,EE101314_CO003,1.0,2022-04-02
101315,EE101315,CO002,Ashley,Ashley,Green,ashley.green@westmarkmanufacturing.com,1988-04-28,2021-01-04,2021-01-04,,18ENG1,Junior Engineer,ENGR,RFT,A,Active,WSTMF,104,120,101422,"James, Hans",hans.james@northernpipeline.com,101315_WSTMF,EE101315_CO002,1.0,
101316,EE101316,CO003,Zara,Zara,Weber,zara.weber@prairieresources.ca,2002-06-21,2021-01-05,2021-01-05,,13CSR1,Customer Service Representative,CSR,RFT,A,Active,PRMRE,123,90,,,,101316_PRMRE,EE101316_CO003,1.0,
101317,EE101317,CO004,John,John,Ramos,john.ramos@alpineconstruction.com,1999-10-17,2021-01-06,2021-01-06,,18ENG1,Junior Engineer,ENGR,TAW,T,Terminated,ALPNC,102,240,101786,"Cox, Kevin",kevin.cox@alpineconstruction.com,101317_ALPNC,EE101317_CO004,1.0,2021-12-22
101318,EE101318,CO003,Rachel,Rachel,Gonzalez,rachel.gonzalez@prairieresources.ca,1992-05-04,2021-01-08,2021-01-08,,08ACC3,Senior Accountant,ACCTG,RFT,A,Active,PRMRE,121,210,,,,101318_PRMRE,EE101318_CO003,1.0,
101319,EE101319,CO001,Ryan,Ryan,Alvarez,ryan.alvarez@northernpipeline.com,1995-03-24,2021-01-08,2021-01-08,,43SAL3,Senior Account Executive,SALES,RFT,T,Terminated,NRTHP,103,180,,,,101319_NRTHP,EE101319_CO001,1.0,2023-06-21
101320,EE101320,CO003,Zara,Zara,Richardson,zara.richardson@prairieresources.ca,1990-04-21,2021-01-08,2021-01-08,,78ANL2,Business Analyst,ANLYT,RFT,T,Terminated,PRMRE,100,50,101996,"Scott, Ashley",ashley.scott@prairieresources.ca,101320_PRMRE,EE101320_CO003,1.0,2023-02-10
101321,EE101321,CO003,David,David,Brown,david.brown@prairieresources.ca,1988-03-23,2021-01-08,2021-01-08,,94LEG2,Paralegal,LEGAL,RFT,T,Terminated,PRMRE,122,40,101880,"Roberts, Christine",christine.roberts@westmarkmanufacturing.com,101321_PRMRE,EE101321_CO003,1.0,2021-06-19
101322,EE101322,CO002,Nicholas,Nicholas,Richardson,nicholas.richardson@westmarkmanufacturing.com,1983-04-19,2021-01-08,2021-01-08,,79ANL3,Senior Data Analyst,ANLYT,RFT,T,Terminated,WSTMF,115,240,102901,"Olsson, Charles",charles.olsson@westmarkmanufacturing.com,101322_WSTMF,EE101322_CO002,1.0,2021-06-20
101323,EE101323,CO003,Raj,Raj,Kelly,raj.kelly@prairieresources.ca,1989-06-21,2021-01-14,2021-01-14,,62WHS3,Senior Warehouse Clerk,WHSE,RPT,A,Active,PRMRE,117,130,,,,101323_PRMRE,EE101323_CO003,0.44,
101324,EE101324,CO004,Jennifer,Jennifer,Nilsson,jennifer.nilsson@alpineconstruction.com,1984-10-05,2021-01-15,2021-01-15,,65TEC1,Field Technician,TECH,TAW,A,Active,ALPNC,119,140,102516,"Weber, Jessica",jessica.weber@alpineconstruction.com,101324_ALPNC,EE101324_CO004,1.0,
101325,EE101325,CO004,Mark,Mark,Larsson,mark.larsson@alpineconstruction.com,1988-06-15,2021-01-15,2021-01-15,,78ANL2,Business Analyst,ANLYT,RFT,T,Terminated,ALPNC,112,140,101053,"Martinez, Samantha",samantha.martinez@northernpipeline.com,101325_ALPNC,EE101325_CO004,1.0,2021-07-31
101326,EE101326,CO002,Jerry,Jerry,Gonzalez,jerry.gonzalez@westmarkmanufacturing.com,2002-05-19,2021-01-15,2021-01-15,,77ANL1,Data Analyst,ANLYT,RFT,T,Terminated,WSTMF,106,220,102083,"Mueller, Raymond",raymond.mueller@westmarkmanufacturing.com,101326_WSTMF,EE101326_CO002,1.0,2022-06-26
101327,EE101327,CO002,Helen,Helen,Robinson,helen.robinson@westmarkmanufacturing.com,1998-06-12,2021-01-15,2021-01-15,,96LEG4,Senior Legal Counsel,LEGAL,RFT,T,Terminated,WSTMF,111,40,101448,"Chen, Kenneth",kenneth.chen@alpineconstruction.com,101327_WSTMF,EE101327_CO002,1.0,2025-11-11
101328,EE101328,CO002,Julie,Julie,Price,julie.price@westmarkmanufacturing.com,1990-07-05,2021-01-15,2021-01-15,,42SAL2,Account Executive,SALES,RFT,T,Terminated,WSTMF,106,90,101941,"Evans, Michael",michael.evans@westmarkmanufacturing.com,101328_WSTMF,EE101328_CO002,1.0,2021-05-29
101329,EE101329,CO003,Mary,Mary,Gonzalez,mary.gonzalez@prairieresources.ca,2001-09-30,2021-01-18,2021-01-18,,41SAL1,Sales Representative,SALES,RFT,T,Terminated,PRMRE,124,170,102836,"Alvarez, Deborah",deborah.alvarez@westmarkmanufacturing.com,101329_PRMRE,EE101329_CO003,1.0,2021-09-19
101330,EE101330,CO002,Rebecca,Rebecca,Collins,rebecca.collins@westmarkmanufacturing.com,1983-12-07,2021-01-18,2021-01-18,,70MKT1,Marketing Coordinator,MKTG,RFT,T,Terminated,WSTMF,111,190,101390,"Harris, Kenneth",kenneth.harris@northernpipeline.com,101330_WSTMF,EE101330_CO002,1.0,2024-02-14
101331,EE101331,CO003,Henry,Henry,Johansson,henry.johansson@prairieresources.ca,1973-04-04,2021-01-20,2021-01-20,,26HR2,HR Generalist,HR,RFT,A,Active,PRMRE,123,50,100075,"Gray, Catherine",catherine.gray@northernpipeline.com,101331_PRMRE,EE101331_CO003,1.0,
101332,EE101332,CO001,Rebecca,Rebecca,Andersson,rebecca.andersson@northernpipeline.com,1976-07-03,2021-01-21,2021-01-21,,57TRD3,Senior Technician,TRD,RFT,T,Terminated,NRTHP,115,240,102901,"Olsson, Charles",charles.olsson@westmarkmanufacturing.com,101332_NRTHP,EE101332_CO001,1.0,2024-06-04
101333,EE101333,CO001,Donna,Donna,Turner,donna.turner@northernpipeline.com,1991-07-01,2021-01-21,2021-01-21,,26HR2,HR Generalist,HR,RFT,A,Active,NRTHP,115,30,102360,"Castillo, Timothy",timothy.castillo@westmarkmanufacturing.com,101333_NRTHP,EE101333_CO001,1.0,
101334,EE101334,CO002,Dennis,Dennis,Ross,dennis.ross@westmarkmanufacturing.com,1974-08-15,2021-01-22,2021-01-22,,79ANL3,Senior Data Analyst,ANLYT,RFT,A,Active,WSTMF,110,70,,,,101334_WSTMF,EE101334_CO002,1.0,
101335,EE101335,CO003,Giovanni,Giovanni,Harris,giovanni.harris@prairieresources.ca,1988-01-02,2021-01-22,2021-01-22,,70MKT1,Marketing Coordinator,MKTG,RFT,T,Terminated,PRMRE,115,140,102983,"Baker, Adam",adam.baker@northernpipeline.com,101335_PRMRE,EE101335_CO003,1.0,2021-08-06
101336,EE101336,CO002,Deborah,Deborah,Schulz,deborah.schulz@westmarkmanufacturing.com,1992-06-01,2021-01-22,2021-01-22,,05ACC1,Accounts Payable Clerk,ACCTG,RFT,A,Active,WSTMF,106,50,,,,101336_WSTMF,EE101336_CO002,1.0,
101337,EE101337,CO003,Janet,Janet,Taylor,janet.taylor@prairieresources.ca,1995-05-02,2021-01-26,2021-01-26,,78ANL2,Business Analyst,ANLYT,RFT,A,Active,PRMRE,123,10,102401,"Young, Samuel",samuel.young@northernpipeline.com,101337_PRMRE,EE101337_CO003,1.0,
101338,EE101338,CO003,Ingrid,Ingrid,Martin,ingrid.martin@prairieresources.ca,1992-12-23,2021-01-27,2021-01-27,,01ADM1,Administrative Assistant,ADMIN,RFT,A,Active,PRMRE,122,110,100644,"Ross, Carol",carol.ross@prairieresources.ca,101338_PRMRE,EE101338_CO003,1.0,
101339,EE101339,CO002,Helen,Helen,Miller,helen.miller@westmarkmanufacturing.com,1993-01-18,2021-01-27,2021-01-27,,14CSR2,Customer Service Specialist,CSR,RFT,T,Terminated,WSTMF,118,130,100080,"Campbell, Carol",carol.campbell@prairieresources.ca,101339_WSTMF,EE101339_CO002,1.0,2024-10-22
101340,EE101340,CO001,Katherine,Katherine,Cooper,katherine.cooper@northernpipeline.com,1987-12-23,2021-02-01,2021-02-01,,01ADM1,Administrative Assistant,ADMIN,RFT,T,Terminated,NRTHP,117,240,102886,"Campbell, Ahmed",ahmed.campbell@prairieresources.ca,101340_NRTHP,EE101340_CO001,1.0,2022-02-27
101341,EE101341,CO002,Dmitri,Dmitri,White,dmitri.white@westmarkmanufacturing.com,1987-09-11,2021-02-03,2021-02-03,,05ACC1,Accounts Payable Clerk,ACCTG,CON,A,Active,WSTMF,107,130,,,,101341_WSTMF,EE101341_CO002,1.0,
101342,EE101342,CO004,Dorothy,Dorothy,Evans,dorothy.evans@alpineconstruction.com,1988-03-20,2021-02-05,2021-02-05,,06ACC1,Accounts Receivable Clerk,ACCTG,CON,T,Terminated,ALPNC,112,120,101486,"Peterson, Julie",julie.peterson@northernpipeline.com,101342_ALPNC,EE101342_CO004,1.0,2021-09-23
101343,EE101343,CO001,Isabella,Isabella,Garcia,isabella.garcia@northernpipeline.com,1984-07-06,2021-02-05,2021-02-05,,77ANL1,Data Analyst,ANLYT,RPT,A,Active,NRTHP,115,230,101987,"Schmidt, Priya",priya.schmidt@westmarkmanufacturing.com,101343_NRTHP,EE101343_CO001,0.49,
101344,EE101344,CO002,Laura,Laura,Murphy,laura.murphy@westmarkmanufacturing.com,1977-11-09,2021-02-05,2021-02-05,,13CSR1,Customer Service Representative,CSR,RFT,T,Terminated,WSTMF,111,240,100802,"Brown, Laura",laura.brown@alpineconstruction.com,101344_WSTMF,EE101344_CO002,1.0,2021-08-22
101345,EE101345,CO004,Kevin,Kevin,Schneider,kevin.schneider@alpineconstruction.com,1979-04-13,2021-02-08,2021-02-08,,45SAL5,Sales Manager,SALES,RFT,T,Terminated,ALPNC,121,220,,,,101345_ALPNC,EE101345_CO004,1.0,2025-07-07
101346,EE101346,CO004,Virginia,Virginia,Nelson,virginia.nelson@alpineconstruction.com,2003-01-31,2021-02-09,2021-02-09,,32IT1,IT Support Technician,IT,CON,T,Terminated,ALPNC,102,160,101777,"Brooks, Ingrid",ingrid.brooks@alpineconstruction.com,101346_ALPNC,EE101346_CO004,1.0,2021-06-17
101347,EE101347,CO003,Brandon,Brandon,Davis,brandon.davis@prairieresources.ca,2002-05-25,2021-02-09,2021-02-09,,70MKT1,Marketing Coordinator,MKTG,RPT,A,Active,PRMRE,124,150,,,,101347_PRMRE,EE101347_CO003,0.69,
101348,EE101348,CO001,Jason,Jason,Mendoza,jason.mendoza@northernpipeline.com,1979-09-22,2021-02-09,2021-02-09,,42SAL2,Account Executive,SALES,RFT,T,Terminated,NRTHP,121,190,100421,"Adams, Sarah",sarah.adams@northernpipeline.com,101348_NRTHP,EE101348_CO001,1.0,2021-10-17
101349,EE101349,CO003,Aisha,Aisha,Edwards,aisha.edwards@prairieresources.ca,2002-10-17,2021-02-10,2021-02-10,,57TRD3,Senior Technician,TRD,RPT,A,Active,PRMRE,116,80,,,,101349_PRMRE,EE101349_CO003,0.75,
101350,EE101350,CO002,Jennifer,Jennifer,Phillips,jennifer.phillips@westmarkmanufacturing.com,1991-02-22,2021-02-11,2021-02-11,,05ACC1,Accounts Payable Clerk,ACCTG,RFT,T,Terminated,WSTMF,110,80,100584,"Wood, Heather",heather.wood@westmarkmanufacturing.com,101350_WSTMF,EE101350_CO002,1.0,2025-07-19
101351,EE101351,CO001,John,John,Johnson,john.johnson@northernpipeline.com,2000-04-12,2021-02-12,2021-02-12,,79ANL3,Senior Data Analyst,ANLYT,RFT,A,Active,NRTHP,108,230,,,,101351_NRTHP,EE101351_CO001,1.0,
101352,EE101352,CO001,Sharon,Sharon,Miller,sharon.miller@northernpipeline.com,2002-07-22,2021-02-12,2021-02-12,,32IT1,IT Support Technician,IT,RFT,T,Terminated,NRTHP,114,180,102185,"Mueller, Jonathan",jonathan.mueller@northernpipeline.com,101352_NRTHP,EE101352_CO001,1.0,2023-04-03
101353,EE101353,CO003,Virginia,Virginia,Ward,virginia.ward@prairieresources.ca,1983-07-22,2021-02-12,2021-02-12,,89PRO2,Project Coordinator,PROJ,RFT,A,Active,PRMRE,116,130,100069,"Jones, John",john.jones@alpineconstruction.com,101353_PRMRE,EE101353_CO003,1.0,
101354,EE101354,CO004,Mary,Mary,Schmidt,mary.schmidt@alpineconstruction.com,1981-12-19,2021-02-15,2021-02-15,,84SUP5,Area Supervisor,SUPV,RFT,T,Terminated,ALPNC,124,20,,,,101354_ALPNC,EE101354_CO004,1.0,2024-05-22
101355,EE101355,CO002,Brian,Brian,Myers,brian.myers@westmarkmanufacturing.com,1995-02-23,2021-02-16,2021-02-16,,02ADM2,Administrative Coordinator,ADMIN,RFT,T,Terminated,WSTMF,111,100,,,,101355_WSTMF,EE101355_CO002,1.0,2021-09-11
101356,EE101356,CO004,Angela,Angela,Schulz,angela.schulz@alpineconstruction.com,2002-05-11,2021-02-16,2021-02-16,,87EXE7,President,EXEC,RFT,A,Active,ALPNC,111,220,,,,101356_ALPNC,EE101356_CO004,1.0,
101357,EE101357,CO003,Zara,Zara,Adams,zara.adams@prairieresources.ca,1994-06-22,2021-02-17,2021-02-17,,13CSR1,Customer Service Representative,CSR,RPT,T,Terminated,PRMRE,117,20,102028,"Hernandez, Patricia",patricia.hernandez@prairieresources.ca,101357_PRMRE,EE101357_CO003,0.61,2021-04-23
101358,EE101358,CO004,Tyler,Tyler,Campbell,tyler.campbell@alpineconstruction.com,1985-09-30,2021-02-17,2021-02-17,,34IT2,Software Developer,IT,RFT,A,Active,ALPNC,114,70,,,,101358_ALPNC,EE101358_CO004,1.0,
101359,EE101359,CO003,Raj,Raj,Sanders,raj.sanders@prairieresources.ca,2002-10-18,2021-02-18,2021-02-18,,07ACC2,Accountant,ACCTG,RFT,T,Terminated,PRMRE,118,70,,,,101359_PRMRE,EE101359_CO003,1.0,2021-06-14
101360,EE101360,CO001,William,William,Anderson,william.anderson@northernpipeline.com,1987-04-09,2021-02-19,2021-02-19,,13CSR1,Customer Service Representative,CSR,RFT,A,Active,NRTHP,117,220,101599,"Ramirez, Lars",lars.ramirez@prairieresources.ca,101360_NRTHP,EE101360_CO001,1.0,
101361,EE101361,CO003,Larry,Larry,Chavez,larry.chavez@prairieresources.ca,1990-02-18,2021-02-24,2021-02-24,,89PRO2,Project Coordinator,PROJ,RFT,T,Terminated,PRMRE,105,20,,,,101361_PRMRE,EE101361_CO003,1.0,2025-08-21
101362,EE101362,CO003,Richard,Richard,Shah,richard.shah@prairieresources.ca,1983-04-03,2021-02-24,2021-02-24,,14CSR2,Customer Service Specialist,CSR,RPT,A,Active,PRMRE,124,80,101078,"Cruz, Alexander",alexander.cruz@westmarkmanufacturing.com,101362_PRMRE,EE101362_CO003,0.51,
101363,EE101363,CO001,Hans,Hans,Richardson,hans.richardson@northernpipeline.com,1987-03-30,2021-02-25,2021-02-25,,77ANL1,Data Analyst,ANLYT,RFT,T,Terminated,NRTHP,122,180,101289,"Allen, Patricia",patricia.allen@westmarkmanufacturing.com,101363_NRTHP,EE101363_CO001,1.0,2023-04-16
101364,EE101364,CO002,Pamela,Pamela,Lewis,pamela.lewis@westmarkmanufacturing.com,1999-01-10,2021-02-26,2021-02-26,,35IT3,Senior Developer,IT,RFT,T,Terminated,WSTMF,118,230,,,,101364_WSTMF,EE101364_CO002,1.0,2022-11-19
101365,EE101365,CO002,Shirley,Shirley,Zhang,shirley.zhang@westmarkmanufacturing.com,1977-11-02,2021-02-26,2021-02-26,,01ADM1,Administrative Assistant,ADMIN,RFT,T,Terminated,WSTMF,105,220,102443,"Turner, Jeffrey",jeffrey.turner@prairieresources.ca,101365_WSTMF,EE101365_CO002,1.0,2025-05-11
101366,EE101366,CO001,Robert,Robert,Price,robert.price@northernpipeline.com,1990-04-10,2021-02-26,2021-02-26,,65TEC1,Field Technician,TECH,TAW,A,Active,NRTHP,122,30,101967,"Thomas, Shirley",shirley.thomas@prairieresources.ca,101366_NRTHP,EE101366_CO001,1.0,
101367,EE101367,CO002,Rebecca,Rebecca,Rogers,rebecca.rogers@westmarkmanufacturing.com,1989-04-22,2021-02-26,2021-02-26,,20ENG3,Senior Engineer,ENGR,RFT,T,Terminated,WSTMF,113,180,,,,101367_WSTMF,EE101367_CO002,1.0,2024-04-18
101368,EE101368,CO001,Donald,Donald,Price,donald.price@northernpipeline.com,1998-07-10,2021-02-26,2021-02-26,,95LEG3,Legal Counsel,LEGAL,RFT,A,Active,NRTHP,124,70,102457,"Ross, Pamela",pamela.ross@westmarkmanufacturing.com,101368_NRTHP,EE101368_CO001,1.0,
101369,EE101369,CO001,Kevin,Kevin,Thomas,kevin.thomas@northernpipeline.com,1993-10-19,2021-02-26,2021-02-26,,77ANL1,Data Analyst,ANLYT,RFT,T,Terminated,NRTHP,124,120,101806,"Campbell, Edward",edward.campbell@alpineconstruction.com,101369_NRTHP,EE101369_CO001,1.0,2022-11-24
101370,EE101370,CO002,Samantha,Samantha,Nilsson,samantha.nilsson@westmarkmanufacturing.com,1998-01-22,2021-03-02,2021-03-02,,39IT6,Director of IT,IT,RFT,A,Active,WSTMF,122,70,,,,101370_WSTMF,EE101370_CO002,1.0,
101371,EE101371,CO001,Sakura,Sakura,Chen,sakura.chen@northernpipeline.com,1991-03-09,2021-03-05,2021-03-05,,06ACC1,Accounts Receivable Clerk,ACCTG,RFT,A,Active,NRTHP,121,120,101473,"Mueller, Giovanni",giovanni.mueller@northernpipeline.com,101371_NRTHP,EE101371_CO001,1.0,
101372,EE101372,CO004,Anna,Anna,Ward,anna.ward@alpineconstruction.com,1971-09-10,2021-03-05,2021-03-05,,48OPS1,Operations Assistant,OPS,RFT,A,Active,ALPNC,102,90,102610,"Stewart, Christine",christine.stewart@westmarkmanufacturing.com,101372_ALPNC,EE101372_CO004,1.0,
101373,EE101373,CO002,Jessica,Jessica,Yamamoto,jessica.yamamoto@westmarkmanufacturing.com,2002-09-16,2021-03-08,2021-03-08,,61WHS2,Warehouse Clerk,WHSE,RFT,A,Active,WSTMF,106,220,,,,101373_WSTMF,EE101373_CO002,1.0,
101374,EE101374,CO001,Paul,Paul,Cox,paul.cox@northernpipeline.com,2002-07-20,2021-03-08,2021-03-08,,56TRD2,Journeyman Technician,TRD,RFT,T,Terminated,NRTHP,112,200,,,,101374_NRTHP,EE101374_CO001,1.0,2021-11-24
101375,EE101375,CO003,Alexander,Alexander,Phillips,alexander.phillips@prairieresources.ca,1974-08-24,2021-03-11,2021-03-11,,85SUP5,Regional Supervisor,SUPV,RFT,A,Active,PRMRE,117,200,,,,101375_PRMRE,EE101375_CO003,1.0,
101376,EE101376,CO001,Kenneth,Kenneth,Schulz,kenneth.schulz@northernpipeline.com,1991-09-17,2021-03-11,2021-03-11,,02ADM2,Administrative Coordinator,ADMIN,RFT,T,Terminated,NRTHP,113,10,,,,101376_NRTHP,EE101376_CO001,1.0,2022-04-25
101377,EE101377,CO002,Jennifer,Jennifer,Larsson,jennifer.larsson@westmarkmanufacturing.com,1995-03-30,2021-03-11,2021-03-11,,02ADM2,Administrative Coordinator,ADMIN,RFT,T,Terminated,WSTMF,115,170,102467,"Hill, Lars",lars.hill@westmarkmanufacturing.com,101377_WSTMF,EE101377_CO002,1.0,2024-12-20
101378,EE101378,CO004,Robert,Robert,Olsson,robert.olsson@alpineconstruction.com,1978-11-01,2021-03-12,2021-03-12,,37IT4,Technical Lead,IT,RFT,A,Active,ALPNC,114,60,,,,101378_ALPNC,EE101378_CO004,1.0,
101379,EE101379,CO001,Sofia,Sofia,Wang,sofia.wang@northernpipeline.com,1996-02-02,2021-03-12,2021-03-12,,06ACC1,Accounts Receivable Clerk,ACCTG,CON,T,Terminated,NRTHP,124,40,,,,101379_NRTHP,EE101379_CO001,1.0,2025-07-22
101380,EE101380,CO004,Rebecca,Rebecca,Anderson,rebecca.anderson@alpineconstruction.com,1970-10-19,2021-03-12,2021-03-12,,65TEC1,Field Technician,TECH,RFT,A,Active,ALPNC,104,30,102699,"Ramos, Rachel",rachel.ramos@westmarkmanufacturing.com,101380_ALPNC,EE101380_CO004,1.0,
101381,EE101381,CO002,Brenda,Brenda,Schulz,brenda.schulz@westmarkmanufacturing.com,1982-12-23,2021-03-12,2021-03-12,,07ACC2,Accountant,ACCTG,RFT,T,Terminated,WSTMF,105,30,101914,"Rodriguez, Carlos",carlos.rodriguez@prairieresources.ca,101381_WSTMF,EE101381_CO002,1.0,2021-05-22
101382,EE101382,CO001,Nicole,Nicole,Martinez,nicole.martinez@northernpipeline.com,1993-12-28,2021-03-12,2021-03-12,,48OPS1,Operations Assistant,OPS,RPT,A,Active,NRTHP,118,70,,,,101382_NRTHP,EE101382_CO001,0.78,
101383,EE101383,CO002,Samuel,Samuel,Evans,samuel.evans@westmarkmanufacturing.com,1967-04-17,2021-03-12,2021-03-12,,06ACC1,Accounts Receivable Clerk,ACCTG,RFT,T,Terminated,WSTMF,106,110,,,,101383_WSTMF,EE101383_CO002,1.0,2021-11-07
101384,EE101384,CO003,Zara,Zara,Walker,zara.walker@prairieresources.ca,1995-12-22,2021-03-15,2021-03-15,,20ENG3,Senior Engineer,ENGR,RFT,A,Active,PRMRE,123,50,100075,"Gray, Catherine",catherine.gray@northernpipeline.com,101384_PRMRE,EE101384_CO003,1.0,
101385,EE101385,CO004,John,John,Ramos,john.ramos@alpineconstruction.com,1981-04-06,2021-03-15,2021-03-15,,13CSR1,Customer Service Representative,CSR,CON,T,Terminated,ALPNC,111,110,100019,"Wright, Kenji",kenji.wright@northernpipeline.com,101385_ALPNC,EE101385_CO004,1.0,2021-05-19
101386,EE101386,CO001,Carol,Carol,Johnson,carol.johnson@northernpipeline.com,1986-07-31,2021-03-16,2021-03-16,,66TEC2,Service Technician,TECH,RFT,T,Terminated,NRTHP,114,180,102185,"Mueller, Jonathan",jonathan.mueller@northernpipeline.com,101386_NRTHP,EE101386_CO001,1.0,2023-12-03
101387,EE101387,CO003,Yuki,Yuki,Cooper,yuki.cooper@prairieresources.ca,1975-09-30,2021-03-16,2021-03-16,,19ENG2,Engineer,ENGR,RFT,A,Active,PRMRE,123,20,,,,101387_PRMRE,EE101387_CO003,1.0,
101388,EE101388,CO003,Elizabeth,Elizabeth,Thompson,elizabeth.thompson@prairieresources.ca,1973-12-31,2021-03-16,2021-03-16,,71MKT2,Marketing Specialist,MKTG,RFT,T,Terminated,PRMRE,102,170,101871,"Martin, George",george.martin@alpineconstruction.com,101388_PRMRE,EE101388_CO003,1.0,2021-04-12
101389,EE101389,CO004,Jacob,Jacob,Stewart,jacob.stewart@alpineconstruction.com,1988-07-09,2021-03-18,2021-03-18,,96LEG4,Senior Legal Counsel,LEGAL,RFT,A,Active,ALPNC,100,30,,,,101389_ALPNC,EE101389_CO004,1.0,
101390,EE101390,CO001,Kenneth,Kenneth,Harris,kenneth.harris@northernpipeline.com,1996-08-11,2021-03-18,2021-03-18,,45SAL5,Sales Manager,SALES,CON,A,Active,NRTHP,111,190,,,,101390_NRTHP,EE101390_CO001,1.0,
101391,EE101391,CO003,Karen,Karen,Lopez,karen.lopez@prairieresources.ca,1984-11-02,2021-03-18,2021-03-18,,72MKT3,Senior Marketing Specialist,MKTG,RFT,T,Terminated,PRMRE,116,130,100069,"Jones, John",john.jones@alpineconstruction.com,101391_PRMRE,EE101391_CO003,1.0,2021-12-14
101392,EE101392,CO003,Daniel,Daniel,Sanchez,daniel.sanchez@prairieresources.ca,1996-02-17,2021-03-19,2021-03-19,,25HR1,HR Coordinator,HR,RFT,T,Terminated,PRMRE,117,30,102438,"Kumar, Dorothy",dorothy.kumar@northernpipeline.com,101392_PRMRE,EE101392_CO003,1.0,2022-11-12
101393,EE101393,CO002,Adam,Adam,Wong,adam.wong@westmarkmanufacturing.com,1968-05-21,2021-03-19,2021-03-19,,26HR2,HR Generalist,HR,RFT,T,Terminated,WSTMF,104,220,,,,101393_WSTMF,EE101393_CO002,1.0,2021-06-26
101394,EE101394,CO004,Ashley,Ashley,Lopez,ashley.lopez@alpineconstruction.com,1987-10-15,2021-03-19,2021-03-19,,48OPS1,Operations Assistant,OPS,RFT,A,Active,ALPNC,116,210,101706,"Fischer, Jessica",jessica.fischer@northernpipeline.com,101394_ALPNC,EE101394_CO004,1.0,
101395,EE101395,CO002,Virginia,Virginia,Smith,virginia.smith@westmarkmanufacturing.com,1992-04-26,2021-03-22,2021-03-22,,01ADM1,Administrative Assistant,ADMIN,CON,T,Terminated,WSTMF,100,80,100205,"Andersson, Adam",adam.andersson@alpineconstruction.com,101395_WSTMF,EE101395_CO002,1.0,2021-04-12
101396,EE101396,CO001,Dmitri,Dmitri,Bailey,dmitri.bailey@northernpipeline.com,1987-08-06,2021-03-22,2021-03-22,,25HR1,HR Coordinator,HR,RFT,A,Active,NRTHP,104,140,100905,"Taylor, Christopher",christopher.taylor@alpineconstruction.com,101396_NRTHP,EE101396_CO001,1.0,
101397,EE101397,CO003,Janet,Janet,Alvarez,janet.alvarez@prairieresources.ca,2002-11-30,2021-03-23,2021-03-23,,23ENG6,Director of Engineering,ENGR,RPT,A,Active,PRMRE,124,30,,,,101397_PRMRE,EE101397_CO003,0.69,
101398,EE101398,CO003,Michael,Michael,Wood,michael.wood@prairieresources.ca,1998-04-12,2021-03-23,2021-03-23,,55TRD1,Apprentice Technician,TRD,RFT,A,Active,PRMRE,124,190,,,,101398_PRMRE,EE101398_CO003,1.0,
101399,EE101399,CO001,Richard,Richard,Allen,richard.allen@northernpipeline.com,1976-09-06,2021-03-24,2021-03-24,,07ACC2,Accountant,ACCTG,TFT,T,Terminated,NRTHP,114,60,101378,"Olsson, Robert",robert.olsson@alpineconstruction.com,101399_NRTHP,EE101399_CO001,1.0,2021-10-12
101400,EE101400,CO002,Ingrid,Ingrid,Diaz,ingrid.diaz@westmarkmanufacturing.com,1996-03-27,2021-03-25,2021-03-25,,46SAL6,Director of Sales,SALES,RFT,T,Terminated,WSTMF,118,10,,,,101400_WSTMF,EE101400_CO002,1.0,2023-04-08
101401,EE101401,CO003,Daniel,Daniel,Allen,daniel.allen@prairieresources.ca,2000-03-26,2021-03-25,2021-03-25,,62WHS3,Senior Warehouse Clerk,WHSE,CON,A,Active,PRMRE,100,210,,,,101401_PRMRE,EE101401_CO003,1.0,
101402,EE101402,CO004,Sarah,Sarah,Martinez,sarah.martinez@alpineconstruction.com,1983-06-29,2021-03-26,2021-03-26,,32IT1,IT Support Technician,IT,RFT,A,Active,ALPNC,115,180,100860,"Morgan, Nicole",nicole.morgan@prairieresources.ca,101402_ALPNC,EE101402_CO004,1.0,
101403,EE101403,CO002,Pierre,Pierre,Ramirez,pierre.ramirez@westmarkmanufacturing.com,1977-07-03,2021-03-26,2021-03-26,,34IT2,Software Developer,IT,RFT,T,Terminated,WSTMF,100,60,,,,101403_WSTMF,EE101403_CO002,1.0,2021-05-16
101404,EE101404,CO002,Diane,Diane,Wilson,diane.wilson@westmarkmanufacturing.com,1981-08-24,2021-03-26,2021-03-26,,17CSR5,Customer Service Manager,CSR,RFT,A,Active,WSTMF,105,90,,,,101404_WSTMF,EE101404_CO002,1.0,
101405,EE101405,CO003,Donna,Donna,Persson,donna.persson@prairieresources.ca,1979-05-29,2021-03-26,2021-03-26,,25HR1,HR Coordinator,HR,RFT,T,Terminated,PRMRE,102,230,102105,"Wang, Melissa",melissa.wang@prairieresources.ca,101405_PRMRE,EE101405_CO003,1.0,2023-10-18
101406,EE101406,CO002,Catherine,Catherine,Taylor,catherine.taylor@westmarkmanufacturing.com,1996-05-27,2021-03-26,2021-03-26,,34IT2,Software Developer,IT,RFT,A,Active,WSTMF,122,160,100003,"Liu, Barbara",barbara.liu@northernpipeline.com,101406_WSTMF,EE101406_CO002,1.0,
101407,EE101407,CO004,Pamela,Pamela,Jones,pamela.jones@alpineconstruction.com,2003-01-08,2021-03-26,2021-03-26,,06ACC1,Accounts Receivable Clerk,ACCTG,RFT,T,Terminated,ALPNC,119,180,100529,"Zhang, Christine",christine.zhang@northernpipeline.com,101407_ALPNC,EE101407_CO004,1.0,2025-10-01
101408,EE101408,CO004,Justin,Justin,Anderson,justin.anderson@alpineconstruction.com,1973-04-10,2021-03-26,2021-03-26,,56TRD2,Journeyman Technician,TRD,RFT,A,Active,ALPNC,115,80,101251,"Li, Matthew",matthew.li@westmarkmanufacturing.com,101408_ALPNC,EE101408_CO004,1.0,
101409,EE101409,CO002,Aisha,Aisha,Roberts,aisha.roberts@westmarkmanufacturing.com,1992-05-16,2021-04-01,2021-04-01,,05ACC1,Accounts Payable Clerk,ACCTG,RFT,T,Terminated,WSTMF,105,220,102443,"Turner, Jeffrey",jeffrey.turner@prairieresources.ca,101409_WSTMF,EE101409_CO002,1.0,2023-01-19
101410,EE101410,CO004,Astrid,Astrid,Patel,astrid.patel@alpineconstruction.com,1991-04-30,2021-04-02,2021-04-02,,49OPS2,Operations Coordinator,OPS,RFT,T,Terminated,ALPNC,100,90,100821,"Morales, Catherine",catherine.morales@alpineconstruction.com,101410_ALPNC,EE101410_CO004,1.0,2021-05-12
101411,EE101411,CO003,Shirley,Shirley,Smith,shirley.smith@prairieresources.ca,1975-07-16,2021-04-02,2021-04-02,,94LEG2,Paralegal,LEGAL,RFT,T,Terminated,PRMRE,116,40,,,,101411_PRMRE,EE101411_CO003,1.0,2021-06-14
101412,EE101412,CO004,Robert,Robert,Castillo,robert.castillo@alpineconstruction.com,1984-01-16,2021-04-02,2021-04-02,,66TEC2,Service Technician,TECH,CON,L,Leave of Absence,ALPNC,102,20,102972,"Ruiz, Maria",maria.ruiz@alpineconstruction.com,101412_ALPNC,EE101412_CO004,1.0,
101413,EE101413,CO002,Amy,Amy,Alvarez,amy.alvarez@westmarkmanufacturing.com,1984-06-17,2021-04-02,2021-04-02,,65TEC1,Field Technician,TECH,RFT,T,Terminated,WSTMF,104,70,100847,"Peterson, Daniel",daniel.peterson@alpineconstruction.com,101413_WSTMF,EE101413_CO002,1.0,2024-08-18
101414,EE101414,CO003,Ryan,Ryan,Mueller,ryan.mueller@prairieresources.ca,1967-11-15,2021-04-02,2021-04-02,,96LEG4,Senior Legal Counsel,LEGAL,RFT,T,Terminated,PRMRE,123,60,,,,101414_PRMRE,EE101414_CO003,1.0,2024-02-27
101415,EE101415,CO003,Henry,Henry,Nguyen,henry.nguyen@prairieresources.ca,1995-11-04,2021-04-05,2021-04-05,,18ENG1,Junior Engineer,ENGR,RPT,T,Terminated,PRMRE,122,240,102139,"Jackson, Amanda",amanda.jackson@westmarkmanufacturing.com,101415_PRMRE,EE101415_CO003,0.52,2021-11-18
101416,EE101416,CO002,Sarah,Sarah,Schmidt,sarah.schmidt@westmarkmanufacturing.com,1979-12-24,2021-04-05,2021-04-05,,21ENG4,Principal Engineer,ENGR,CON,T,Terminated,WSTMF,106,10,,,,101416_WSTMF,EE101416_CO002,1.0,2021-10-12
101417,EE101417,CO002,Lars,Lars,Torres,lars.torres@westmarkmanufacturing.com,1988-09-26,2021-04-05,2021-04-05,,89PRO2,Project Coordinator,PROJ,RPT,A,Active,WSTMF,122,20,102879,"Mueller, Dorothy",dorothy.mueller@northernpipeline.com,101417_WSTMF,EE101417_CO002,0.41,
101418,EE101418,CO004,Linda,Linda,Brown,linda.brown@alpineconstruction.com,1986-09-12,2021-04-05,2021-04-05,,42SAL2,Account Executive,SALES,RFT,A,Active,ALPNC,115,140,102983,"Baker, Adam",adam.baker@northernpipeline.com,101418_ALPNC,EE101418_CO004,1.0,
101419,EE101419,CO003,Mary,Mary,Morales,mary.morales@prairieresources.ca,1973-11-26,2021-04-09,2021-04-09,,72MKT3,Senior Marketing Specialist,MKTG,RPT,A,Active,PRMRE,105,80,,,,101419_PRMRE,EE101419_CO003,0.78,
101420,EE101420,CO003,Heather,Heather,Phillips,heather.phillips@prairieresources.ca,1984-03-28,2021-04-09,2021-04-09,,19ENG2,Engineer,ENGR,RFT,A,Active,PRMRE,122,170,100623,"Adams, Justin",justin.adams@westmarkmanufacturing.com,101420_PRMRE,EE101420_CO003,1.0,
101421,EE101421,CO001,Nicholas,Nicholas,Hall,nicholas.hall@northernpipeline.com,1983-11-14,2021-04-09,2021-04-09,,62WHS3,Senior Warehouse Clerk,WHSE,RFT,T,Terminated,NRTHP,115,240,102901,"Olsson, Charles",charles.olsson@westmarkmanufacturing.com,101421_NRTHP,EE101421_CO001,1.0,2025-09-13
101422,EE101422,CO001,Hans,Hans,James,hans.james@northernpipeline.com,1978-07-18,2021-04-09,2021-04-09,,72MKT3,Senior Marketing Specialist,MKTG,RFT,A,Active,NRTHP,104,120,,,,101422_NRTHP,EE101422_CO001,1.0,
101423,EE101423,CO002,Dorothy,Dorothy,Peterson,dorothy.peterson@westmarkmanufacturing.com,1992-12-25,2021-04-09,2021-04-09,,41SAL1,Sales Representative,SALES,RFT,A,Active,WSTMF,107,130,,,,101423_WSTMF,EE101423_CO002,1.0,
101424,EE101424,CO003,Joshua,Joshua,Schneider,joshua.schneider@prairieresources.ca,1997-10-07,2021-04-13,2021-04-13,,06ACC1,Accounts Receivable Clerk,ACCTG,CON,T,Terminated,PRMRE,118,70,,,,101424_PRMRE,EE101424_CO003,1.0,2024-10-15
101425,EE101425,CO004,Sarah,Sarah,Watson,sarah.watson@alpineconstruction.com,1999-09-17,2021-04-13,2021-04-13,,65TEC1,Field Technician,TECH,RFT,A,Active,ALPNC,124,190,,,,101425_ALPNC,EE101425_CO004,1.0,
101426,EE101426,CO004,Scott,Scott,Diaz,scott.diaz@alpineconstruction.com,2002-11-05,2021-04-14,2021-04-14,,25HR1,HR Coordinator,HR,RPT,A,Active,ALPNC,112,210,,,,101426_ALPNC,EE101426_CO004,0.54,
101427,EE101427,CO003,Wei,Wei,Tanaka,wei.tanaka@prairieresources.ca,1969-01-27,2021-04-15,2021-04-15,,81ANL5,Analytics Manager,ANLYT,RFT,A,Active,PRMRE,115,20,,,,101427_PRMRE,EE101427_CO003,1.0,
101428,EE101428,CO001,Pamela,Pamela,Lee,pamela.lee@northernpipeline.com,2000-07-21,2021-04-15,2021-04-15,,91PRO4,Senior Project Manager,PROJ,RFT,T,Terminated,NRTHP,100,30,,,,101428_NRTHP,EE101428_CO001,1.0,2021-10-31
101429,EE101429,CO002,Kathleen,Kathleen,Evans,kathleen.evans@westmarkmanufacturing.com,1991-08-14,2021-04-16,2021-04-16,,67TEC3,Senior Service Technician,TECH,RPT,A,Active,WSTMF,110,30,,,,101429_WSTMF,EE101429_CO002,0.41,
101430,EE101430,CO002,Henry,Henry,Ramirez,henry.ramirez@westmarkmanufacturing.com,1992-03-26,2021-04-16,2021-04-16,,89PRO2,Project Coordinator,PROJ,RFT,A,Active,WSTMF,104,130,100843,"Larsson, Joshua",joshua.larsson@westmarkmanufacturing.com,101430_WSTMF,EE101430_CO002,1.0,
101431,EE101431,CO002,Catherine,Catherine,Olsson,catherine.olsson@westmarkmanufacturing.com,1985-07-16,2021-04-16,2021-04-16,,55TRD1,Apprentice Technician,TRD,RFT,T,Terminated,WSTMF,106,160,,,,101431_WSTMF,EE101431_CO002,1.0,2024-01-15
101432,EE101432,CO001,Emma,Emma,Myers,emma.myers@northernpipeline.com,1980-08-21,2021-04-16,2021-04-16,,20ENG3,Senior Engineer,ENGR,RFT,A,Active,NRTHP,120,30,,,,101432_NRTHP,EE101432_CO001,1.0,
101433,EE101433,CO004,Benjamin,Benjamin,Persson,benjamin.persson@alpineconstruction.com,1980-05-20,2021-04-16,2021-04-16,,62WHS3,Senior Warehouse Clerk,WHSE,RFT,A,Active,ALPNC,116,140,,,,101433_ALPNC,EE101433_CO004,1.0,
101434,EE101434,CO002,Mark,Mark,Gonzalez,mark.gonzalez@westmarkmanufacturing.com,1994-12-13,2021-04-16,2021-04-16,,32IT1,IT Support Technician,IT,RPT,T,Terminated,WSTMF,100,90,100821,"Morales, Catherine",catherine.morales@alpineconstruction.com,101434_WSTMF,EE101434_CO002,0.41,2024-01-16
101435,EE101435,CO002,Mei,Mei,Thompson,mei.thompson@westmarkmanufacturing.com,1990-07-21,2021-04-16,2021-04-16,,77ANL1,Data Analyst,ANLYT,RFT,T,Terminated,WSTMF,104,50,102316,"Watson, Heather",heather.watson@westmarkmanufacturing.com,101435_WSTMF,EE101435_CO002,1.0,2022-12-18
101436,EE101436,CO002,Brenda,Brenda,Kim,brenda.kim@westmarkmanufacturing.com,1986-08-14,2021-04-19,2021-04-19,,90PRO3,Project Manager,PROJ,CON,T,Terminated,WSTMF,104,80,,,,101436_WSTMF,EE101436_CO002,1.0,2022-09-16
101437,EE101437,CO003,Susan,Susan,James,susan.james@prairieresources.ca,1991-08-31,2021-04-20,2021-04-20,,60WHS1,Warehouse Associate,WHSE,RFT,A,Active,PRMRE,118,170,,,,101437_PRMRE,EE101437_CO003,1.0,
101438,EE101438,CO001,Sarah,Sarah,Kumar,sarah.kumar@northernpipeline.com,1972-07-01,2021-04-21,2021-04-21,,02ADM2,Administrative Coordinator,ADMIN,RFT,T,Terminated,NRTHP,119,230,100659,"Walker, Benjamin",benjamin.walker@alpineconstruction.com,101438_NRTHP,EE101438_CO001,1.0,2022-09-05
101439,EE101439,CO002,Margaret,Margaret,Thomas,margaret.thomas@westmarkmanufacturing.com,1985-02-01,2021-04-21,2021-04-21,,29HR5,HR Manager,HR,RFT,T,Terminated,WSTMF,115,40,,,,101439_WSTMF,EE101439_CO002,1.0,2022-09-05
101440,EE101440,CO001,Henry,Henry,Ross,henry.ross@northernpipeline.com,1982-01-21,2021-04-21,2021-04-21,,01ADM1,Administrative Assistant,ADMIN,RFT,A,Active,NRTHP,122,230,101500,"Cox, Pamela",pamela.cox@prairieresources.ca,101440_NRTHP,EE101440_CO001,1.0,
101441,EE101441,CO004,Aaron,Aaron,Adams,aaron.adams@alpineconstruction.com,1983-04-18,2021-04-22,2021-04-22,,41SAL1,Sales Representative,SALES,RFT,A,Active,ALPNC,119,100,,,,101441_ALPNC,EE101441_CO004,1.0,
101442,EE101442,CO003,Maria,Maria,Kelly,maria.kelly@prairieresources.ca,1977-09-15,2021-04-23,2021-04-23,,66TEC2,Service Technician,TECH,CON,A,Active,PRMRE,117,110,,,,101442_PRMRE,EE101442_CO003,1.0,
101443,EE101443,CO004,Carol,Carol,Myers,carol.myers@alpineconstruction.com,1987-06-20,2021-04-23,2021-04-23,,07ACC2,Accountant,ACCTG,RFT,T,Terminated,ALPNC,100,40,102372,"Lopez, Jonathan",jonathan.lopez@alpineconstruction.com,101443_ALPNC,EE101443_CO004,1.0,2025-12-14
101444,EE101444,CO001,Heather,Heather,Peterson,heather.peterson@northernpipeline.com,2001-08-22,2021-04-23,2021-04-23,,57TRD3,Senior Technician,TRD,RPT,T,Terminated,NRTHP,120,250,,,,101444_NRTHP,EE101444_CO001,0.47,2021-05-13
101445,EE101445,CO001,Mohammed,Mohammed,Stewart,mohammed.stewart@northernpipeline.com,1985-10-28,2021-04-23,2021-04-23,,62WHS3,Senior Warehouse Clerk,WHSE,RFT,T,Terminated,NRTHP,114,250,,,,101445_NRTHP,EE101445_CO001,1.0,2022-08-14
101446,EE101446,CO002,Joseph,Joseph,Shah,joseph.shah@westmarkmanufacturing.com,1995-05-16,2021-04-26,2021-04-26,,05ACC1,Accounts Payable Clerk,ACCTG,RFT,T,Terminated,WSTMF,122,230,101500,"Cox, Pamela",pamela.cox@prairieresources.ca,101446_WSTMF,EE101446_CO002,1.0,2023-04-28
101447,EE101447,CO001,Eric,Eric,Zhang,eric.zhang@northernpipeline.com,1995-02-20,2021-04-28,2021-04-28,,32IT1,IT Support Technician,IT,RFT,T,Terminated,NRTHP,117,30,102438,"Kumar, Dorothy",dorothy.kumar@northernpipeline.com,101447_NRTHP,EE101447_CO001,1.0,2023-08-04
101448,EE101448,CO004,Kenneth,Kenneth,Chen,kenneth.chen@alpineconstruction.com,1983-09-07,2021-04-28,2021-04-28,,38IT5,IT Manager,IT,RFT,A,Active,ALPNC,111,40,,,,101448_ALPNC,EE101448_CO004,1.0,
101449,EE101449,CO002,Robert,Robert,Chavez,robert.chavez@westmarkmanufacturing.com,1977-04-08,2021-04-28,2021-04-28,,89PRO2,Project Coordinator,PROJ,RFT,A,Active,WSTMF,111,120,101780,"Schulz, Cynthia",cynthia.schulz@westmarkmanufacturing.com,101449_WSTMF,EE101449_CO002,1.0,
101450,EE101450,CO003,Sandra,Sandra,Wang,sandra.wang@prairieresources.ca,1988-11-25,2021-04-28,2021-04-28,,72MKT3,Senior Marketing Specialist,MKTG,RPT,T,Terminated,PRMRE,121,10,,,,101450_PRMRE,EE101450_CO003,0.58,2021-09-03
101451,EE101451,CO002,Nicholas,Nicholas,Myers,nicholas.myers@westmarkmanufacturing.com,1985-08-25,2021-04-28,2021-04-28,,95LEG3,Legal Counsel,LEGAL,TAW,T,Terminated,WSTMF,100,50,101996,"Scott, Ashley",ashley.scott@prairieresources.ca,101451_WSTMF,EE101451_CO002,1.0,2023-03-05
101452,EE101452,CO003,Sofia,Sofia,Campbell,sofia.campbell@prairieresources.ca,1972-01-01,2021-04-28,2021-04-28,,18ENG1,Junior Engineer,ENGR,RPT,A,Active,PRMRE,123,150,101602,"Gray, Shirley",shirley.gray@northernpipeline.com,101452_PRMRE,EE101452_CO003,0.52,
101453,EE101453,CO004,Andrew,Andrew,Flores,andrew.flores@alpineconstruction.com,1986-07-13,2021-04-28,2021-04-28,,56TRD2,Journeyman Technician,TRD,RFT,T,Terminated,ALPNC,119,20,101102,"Flores, Jacob",jacob.flores@northernpipeline.com,101453_ALPNC,EE101453_CO004,1.0,2025-05-10
101454,EE101454,CO001,Catherine,Catherine,Shah,catherine.shah@northernpipeline.com,1962-07-05,2021-04-28,2021-04-28,,42SAL2,Account Executive,SALES,RFT,T,Terminated,NRTHP,118,230,100254,"Fischer, Jessica",jessica.fischer@westmarkmanufacturing.com,101454_NRTHP,EE101454_CO001,1.0,2022-06-03
101455,EE101455,CO001,Jose,Jose,Schneider,jose.schneider@northernpipeline.com,1984-02-19,2021-04-30,2021-04-30,,48OPS1,Operations Assistant,OPS,RFT,T,Terminated,NRTHP,117,240,102886,"Campbell, Ahmed",ahmed.campbell@prairieresources.ca,101455_NRTHP,EE101455_CO001,1.0,2023-03-18
101456,EE101456,CO004,Cynthia,Cynthia,Fischer,cynthia.fischer@alpineconstruction.com,2002-05-25,2021-04-30,2021-04-30,,65TEC1,Field Technician,TECH,RFT,T,Terminated,ALPNC,114,200,102155,"Young, James",james.young@northernpipeline.com,101456_ALPNC,EE101456_CO004,1.0,2025-03-25
101457,EE101457,CO003,Jerry,Jerry,Adams,jerry.adams@prairieresources.ca,1981-12-18,2021-04-30,2021-04-30,,25HR1,HR Coordinator,HR,RPT,A,Active,PRMRE,124,130,102158,"Flores, Joyce",joyce.flores@prairieresources.ca,101457_PRMRE,EE101457_CO003,0.76,
101458,EE101458,CO003,Sofia,Sofia,Garcia,sofia.garcia@prairieresources.ca,1985-10-04,2021-05-03,2021-05-03,,19ENG2,Engineer,ENGR,CON,T,Terminated,PRMRE,100,100,100277,"Evans, James",james.evans@westmarkmanufacturing.com,101458_PRMRE,EE101458_CO003,1.0,2022-03-26
101459,EE101459,CO003,Helen,Helen,Li,helen.li@prairieresources.ca,1976-09-18,2021-05-03,2021-05-03,,34IT2,Software Developer,IT,RFT,A,Active,PRMRE,116,210,,,,101459_PRMRE,EE101459_CO003,1.0,
101460,EE101460,CO003,Sharon,Sharon,Ramos,sharon.ramos@prairieresources.ca,1982-10-10,2021-05-03,2021-05-03,,32IT1,IT Support Technician,IT,RFT,A,Active,PRMRE,102,190,102877,"Jackson, Pierre",pierre.jackson@prairieresources.ca,101460_PRMRE,EE101460_CO003,1.0,
101461,EE101461,CO001,Donna,Donna,Gutierrez,donna.gutierrez@northernpipeline.com,1991-03-13,2021-05-04,2021-05-04,,71MKT2,Marketing Specialist,MKTG,RFT,A,Active,NRTHP,101,220,,,,101461_NRTHP,EE101461_CO001,1.0,
101462,EE101462,CO001,Olga,Olga,Scott,olga.scott@northernpipeline.com,2002-05-04,2021-05-04,2021-05-04,,33IT2,Systems Administrator,IT,RFT,T,Terminated,NRTHP,115,130,101190,"Morris, Julie",julie.morris@prairieresources.ca,101462_NRTHP,EE101462_CO001,1.0,2023-04-16
101463,EE101463,CO002,Nathan,Nathan,Walker,nathan.walker@westmarkmanufacturing.com,1991-11-03,2021-05-05,2021-05-05,,48OPS1,Operations Assistant,OPS,RFT,T,Terminated,WSTMF,104,170,102275,"Williams, Cynthia",cynthia.williams@westmarkmanufacturing.com,101463_WSTMF,EE101463_CO002,1.0,2022-06-07
101464,EE101464,CO003,Lisa,Lisa,Parker,lisa.parker@prairieresources.ca,1997-12-21,2021-05-06,2021-05-06,,56TRD2,Journeyman Technician,TRD,RFT,T,Terminated,PRMRE,102,150,100842,"Reed, Larry",larry.reed@prairieresources.ca,101464_PRMRE,EE101464_CO003,1.0,2022-03-25
101465,EE101465,CO004,Fatima,Fatima,Ruiz,fatima.ruiz@alpineconstruction.com,1994-10-25,2021-05-06,2021-05-06,,42SAL2,Account Executive,SALES,RFT,A,Active,ALPNC,111,70,100206,"Richardson, Sakura",sakura.richardson@northernpipeline.com,101465_ALPNC,EE101465_CO004,1.0,
101466,EE101466,CO001,Christopher,Christopher,White,christopher.white@northernpipeline.com,1984-01-24,2021-05-06,2021-05-06,,63WHS4,Warehouse Lead,WHSE,RFT,A,Active,NRTHP,102,140,,,,101466_NRTHP,EE101466_CO001,1.0,
101467,EE101467,CO002,Richard,Richard,Li,richard.li@westmarkmanufacturing.com,1972-11-23,2021-05-06,2021-05-06,,58TRD4,Lead Technician,TRD,RFT,T,Terminated,WSTMF,118,130,,,,101467_WSTMF,EE101467_CO002,1.0,2023-12-27
101468,EE101468,CO004,Maria,Maria,Kelly,maria.kelly@alpineconstruction.com,1985-06-03,2021-05-07,2021-05-07,,49OPS2,Operations Coordinator,OPS,CON,T,Terminated,ALPNC,104,60,101066,"Wong, Margaret",margaret.wong@alpineconstruction.com,101468_ALPNC,EE101468_CO004,1.0,2022-03-16
101469,EE101469,CO003,Jerry,Jerry,Castillo,jerry.castillo@prairieresources.ca,2000-10-31,2021-05-07,2021-05-07,,65TEC1,Field Technician,TECH,RFT,A,Active,PRMRE,122,230,101500,"Cox, Pamela",pamela.cox@prairieresources.ca,101469_PRMRE,EE101469_CO003,1.0,
101470,EE101470,CO004,Edward,Edward,Eriksson,edward.eriksson@alpineconstruction.com,1985-02-16,2021-05-07,2021-05-07,,96LEG4,Senior Legal Counsel,LEGAL,RFT,T,Terminated,ALPNC,102,170,,,,101470_ALPNC,EE101470_CO004,1.0,2021-09-03
101471,EE101471,CO002,Joyce,Joyce,Lopez,joyce.lopez@westmarkmanufacturing.com,1978-02-17,2021-05-10,2021-05-10,,33IT2,Systems Administrator,IT,RFT,T,Terminated,WSTMF,104,40,100700,"Jackson, Tyler",tyler.jackson@westmarkmanufacturing.com,101471_WSTMF,EE101471_CO002,1.0,2025-01-18
101472,EE101472,CO003,Deborah,Deborah,Becker,deborah.becker@prairieresources.ca,1995-11-22,2021-05-10,2021-05-10,,33IT2,Systems Administrator,IT,RFT,A,Active,PRMRE,124,130,102158,"Flores, Joyce",joyce.flores@prairieresources.ca,101472_PRMRE,EE101472_CO003,1.0,
101473,EE101473,CO001,Giovanni,Giovanni,Mueller,giovanni.mueller@northernpipeline.com,1991-03-04,2021-05-10,2021-05-10,,73MKT4,Marketing Lead,MKTG,RFT,A,Active,NRTHP,121,120,,,,101473_NRTHP,EE101473_CO001,1.0,
101474,EE101474,CO004,Debra,Debra,Rivera,debra.rivera@alpineconstruction.com,1988-12-17,2021-05-11,2021-05-11,,03ADM3,Senior Administrative Coordinator,ADMIN,RFT,A,Active,ALPNC,114,250,,,,101474_ALPNC,EE101474_CO004,1.0,
101475,EE101475,CO001,Anna,Anna,Parker,anna.parker@northernpipeline.com,1996-10-18,2021-05-12,2021-05-12,,59TRD5,Shop Foreman,TRD,RFT,A,Active,NRTHP,109,250,,,,101475_NRTHP,EE101475_CO001,1.0,
101476,EE101476,CO004,Richard,Richard,Phillips,richard.phillips@alpineconstruction.com,1982-11-28,2021-05-12,2021-05-12,,34IT2,Software Developer,IT,RFT,T,Terminated,ALPNC,121,130,,,,101476_ALPNC,EE101476_CO004,1.0,2021-12-29
101477,EE101477,CO001,Shirley,Shirley,Bailey,shirley.bailey@northernpipeline.com,1990-09-17,2021-05-13,2021-05-13,,77ANL1,Data Analyst,ANLYT,RFT,T,Terminated,NRTHP,108,70,100772,"Nguyen, Andrew",andrew.nguyen@northernpipeline.com,101477_NRTHP,EE101477_CO001,1.0,2023-12-17
101478,EE101478,CO003,Kenji,Kenji,Patel,kenji.patel@prairieresources.ca,1984-12-27,2021-05-14,2021-05-14,,34IT2,Software Developer,IT,RFT,A,Active,PRMRE,116,110,,,,101478_PRMRE,EE101478_CO003,1.0,
101479,EE101479,CO001,Mary,Mary,Singh,mary.singh@northernpipeline.com,1997-05-27,2021-05-14,2021-05-14,,37IT4,Technical Lead,IT,RFT,T,Terminated,NRTHP,119,140,102516,"Weber, Jessica",jessica.weber@alpineconstruction.com,101479_NRTHP,EE101479_CO001,1.0,2021-08-08
101480,EE101480,CO003,Janet,Janet,Garcia,janet.garcia@prairieresources.ca,1993-06-02,2021-05-14,2021-05-14,,90PRO3,Project Manager,PROJ,CON,T,Terminated,PRMRE,122,190,,,,101480_PRMRE,EE101480_CO003,1.0,2023-03-23
101481,EE101481,CO001,Lisa,Lisa,Baker,lisa.baker@northernpipeline.com,1981-09-11,2021-05-14,2021-05-14,,43SAL3,Senior Account Executive,SALES,CON,A,Active,NRTHP,124,160,100599,"Johansson, Jonathan",jonathan.johansson@prairieresources.ca,101481_NRTHP,EE101481_CO001,1.0,
101482,EE101482,CO001,Joshua,Joshua,Ruiz,joshua.ruiz@northernpipeline.com,1992-08-17,2021-05-17,2021-05-17,,18ENG1,Junior Engineer,ENGR,RPT,A,Active,NRTHP,113,90,,,,101482_NRTHP,EE101482_CO001,0.4,
101483,EE101483,CO002,Stephanie,Stephanie,Evans,stephanie.evans@westmarkmanufacturing.com,1972-04-04,2021-05-19,2021-05-19,,33IT2,Systems Administrator,IT,RFT,A,Active,WSTMF,110,40,102656,"Kim, Emily",emily.kim@westmarkmanufacturing.com,101483_WSTMF,EE101483_CO002,1.0,
101484,EE101484,CO003,Jeffrey,Jeffrey,Cox,jeffrey.cox@prairieresources.ca,1992-06-06,2021-05-20,2021-05-20,,83SUP4,Shift Supervisor,SUPV,RFT,T,Terminated,PRMRE,117,70,,,,101484_PRMRE,EE101484_CO003,1.0,2021-07-21
101485,EE101485,CO004,Samuel,Samuel,Jones,samuel.jones@alpineconstruction.com,1987-02-13,2021-05-20,2021-05-20,,56TRD2,Journeyman Technician,TRD,RFT,T,Terminated,ALPNC,115,240,102901,"Olsson, Charles",charles.olsson@westmarkmanufacturing.com,101485_ALPNC,EE101485_CO004,1.0,2022-07-08
101486,EE101486,CO001,Julie,Julie,Peterson,julie.peterson@northernpipeline.com,1979-10-31,2021-05-20,2021-05-20,,68TEC4,Technical Specialist,TECH,RFT,A,Active,NRTHP,112,120,,,,101486_NRTHP,EE101486_CO001,1.0,
101487,EE101487,CO001,Emma,Emma,Moore,emma.moore@northernpipeline.com,2002-11-18,2021-05-21,2021-05-21,,53OPS6,Director of Operations,OPS,TAW,T,Terminated,NRTHP,122,190,,,,101487_NRTHP,EE101487_CO001,1.0,2025-07-16
101488,EE101488,CO003,Sandra,Sandra,Castillo,sandra.castillo@prairieresources.ca,2002-06-05,2021-05-21,2021-05-21,,72MKT3,Senior Marketing Specialist,MKTG,RFT,A,Active,PRMRE,117,10,,,,101488_PRMRE,EE101488_CO003,1.0,
101489,EE101489,CO001,Brenda,Brenda,Baker,brenda.baker@northernpipeline.com,2002-12-24,2021-05-21,2021-05-21,,50OPS3,Operations Specialist,OPS,RFT,T,Terminated,NRTHP,113,40,,,,101489_NRTHP,EE101489_CO001,1.0,2022-08-20
101490,EE101490,CO001,Nancy,Nancy,Rodriguez,nancy.rodriguez@northernpipeline.com,1976-12-12,2021-05-21,2021-05-21,,18ENG1,Junior Engineer,ENGR,RFT,T,Terminated,NRTHP,113,220,102968,"Ortiz, Kenji",kenji.ortiz@northernpipeline.com,101490_NRTHP,EE101490_CO001,1.0,2021-06-12
101491,EE101491,CO003,Steven,Steven,Brown,steven.brown@prairieresources.ca,1994-09-19,2021-05-21,2021-05-21,,01ADM1,Administrative Assistant,ADMIN,RFT,A,Active,PRMRE,118,170,,,,101491_PRMRE,EE101491_CO003,1.0,
101492,EE101492,CO003,Donald,Donald,Cox,donald.cox@prairieresources.ca,1964-02-13,2021-05-21,2021-05-21,,79ANL3,Senior Data Analyst,ANLYT,RFT,T,Terminated,PRMRE,102,20,102972,"Ruiz, Maria",maria.ruiz@alpineconstruction.com,101492_PRMRE,EE101492_CO003,1.0,2023-11-09
101493,EE101493,CO004,Thomas,Thomas,Reyes,thomas.reyes@alpineconstruction.com,1994-06-12,2021-05-21,2021-05-21,,32IT1,IT Support Technician,IT,RFT,T,Terminated,ALPNC,124,110,102338,"Jones, James",james.jones@northernpipeline.com,101493_ALPNC,EE101493_CO004,1.0,2024-04-05
101494,EE101494,CO004,Eric,Eric,Jones,eric.jones@alpineconstruction.com,1988-01-06,2021-05-24,2021-05-24,,66TEC2,Service Technician,TECH,RPT,A,Active,ALPNC,121,160,,,,101494_ALPNC,EE101494_CO004,0.42,
101495,EE101495,CO004,Aisha,Aisha,Zhang,aisha.zhang@alpineconstruction.com,1973-09-09,2021-05-25,2021-05-25,,02ADM2,Administrative Coordinator,ADMIN,RFT,T,Terminated,ALPNC,100,210,101401,"Allen, Daniel",daniel.allen@prairieresources.ca,101495_ALPNC,EE101495_CO004,1.0,2025-02-23
101496,EE101496,CO003,Gregory,Gregory,Hill,gregory.hill@prairieresources.ca,1969-02-27,2021-05-26,2021-05-26,,09ACC4,Accounting Lead,ACCTG,RPT,A,Active,PRMRE,116,70,,,,101496_PRMRE,EE101496_CO003,0.76,
101497,EE101497,CO004,Brandon,Brandon,Eriksson,brandon.eriksson@alpineconstruction.com,1969-03-26,2021-05-26,2021-05-26,,04ADM4,Executive Assistant,ADMIN,RFT,T,Terminated,ALPNC,119,220,,,,101497_ALPNC,EE101497_CO004,1.0,2025-10-06
101498,EE101498,CO002,Debra,Debra,Williams,debra.williams@westmarkmanufacturing.com,1977-06-07,2021-05-28,2021-05-28,,27HR3,Senior HR Generalist,HR,RPT,T,Terminated,WSTMF,111,110,100019,"Wright, Kenji",kenji.wright@northernpipeline.com,101498_WSTMF,EE101498_CO002,0.67,2022-02-26
101499,EE101499,CO003,Karen,Karen,Chen,karen.chen@prairieresources.ca,1978-10-17,2021-05-28,2021-05-28,,57TRD3,Senior Technician,TRD,CON,T,Terminated,PRMRE,117,40,100480,"Hughes, Pamela",pamela.hughes@prairieresources.ca,101499_PRMRE,EE101499_CO003,1.0,2021-07-20
101500,EE101500,CO003,Pamela,Pamela,Cox,pamela.cox@prairieresources.ca,1984-01-28,2021-06-01,2021-06-01,,79ANL3,Senior Data Analyst,ANLYT,RFT,A,Active,PRMRE,122,230,,,,101500_PRMRE,EE101500_CO003,1.0,
101501,EE101501,CO003,Jonathan,Jonathan,Hughes,jonathan.hughes@prairieresources.ca,1981-07-03,2021-06-03,2021-06-03,,90PRO3,Project Manager,PROJ,RFT,T,Terminated,PRMRE,123,120,,,,101501_PRMRE,EE101501_CO003,1.0,2024-06-14
101502,EE101502,CO002,Matthew,Matthew,Carter,matthew.carter@westmarkmanufacturing.com,1994-07-02,2021-06-04,2021-06-04,,01ADM1,Administrative Assistant,ADMIN,RFT,A,Active,WSTMF,118,160,100692,"Wang, Tyler",tyler.wang@northernpipeline.com,101502_WSTMF,EE101502_CO002,1.0,
101503,EE101503,CO004,Henry,Henry,Weber,henry.weber@alpineconstruction.com,1998-02-04,2021-06-04,2021-06-04,,34IT2,Software Developer,IT,RFT,A,Active,ALPNC,115,30,102360,"Castillo, Timothy",timothy.castillo@westmarkmanufacturing.com,101503_ALPNC,EE101503_CO004,1.0,
101504,EE101504,CO001,Steven,Steven,Campbell,steven.campbell@northernpipeline.com,1990-02-27,2021-06-04,2021-06-04,,36IT3,Senior Systems Administrator,IT,RPT,T,Terminated,NRTHP,112,50,,,,101504_NRTHP,EE101504_CO001,0.74,2023-09-10
101505,EE101505,CO002,Jerry,Jerry,Rivera,jerry.rivera@westmarkmanufacturing.com,1990-08-26,2021-06-07,2021-06-07,,41SAL1,Sales Representative,SALES,RFT,A,Active,WSTMF,113,10,102990,"Morris, Anthony",anthony.morris@westmarkmanufacturing.com,101505_WSTMF,EE101505_CO002,1.0,
101506,EE101506,CO001,David,David,Olsson,david.olsson@northernpipeline.com,1994-01-25,2021-06-08,2021-06-08,,60WHS1,Warehouse Associate,WHSE,RFT,T,Terminated,NRTHP,116,190,102863,"Robinson, Andrew",andrew.robinson@alpineconstruction.com,101506_NRTHP,EE101506_CO001,1.0,2023-11-19
101507,EE101507,CO004,Paul,Paul,Chen,paul.chen@alpineconstruction.com,1982-07-15,2021-06-08,2021-06-08,,61WHS2,Warehouse Clerk,WHSE,RPT,A,Active,ALPNC,100,10,102752,"Carter, Michelle",michelle.carter@alpineconstruction.com,101507_ALPNC,EE101507_CO004,0.43,
101508,EE101508,CO002,Marie,Marie,Sanchez,marie.sanchez@westmarkmanufacturing.com,1980-06-05,2021-06-09,2021-06-09,,56TRD2,Journeyman Technician,TRD,CON,T,Terminated,WSTMF,111,10,101010,"Martinez, Sofia",sofia.martinez@alpineconstruction.com,101508_WSTMF,EE101508_CO002,1.0,2024-06-14
101509,EE101509,CO002,Giovanni,Giovanni,Fischer,giovanni.fischer@westmarkmanufacturing.com,1988-12-28,2021-06-09,2021-06-09,,43SAL3,Senior Account Executive,SALES,RPT,T,Terminated,WSTMF,111,220,101356,"Schulz, Angela",angela.schulz@alpineconstruction.com,101509_WSTMF,EE101509_CO002,0.64,2022-06-01
101510,EE101510,CO003,Barbara,Barbara,Patel,barbara.patel@prairieresources.ca,1975-02-20,2021-06-09,2021-06-09,,33IT2,Systems Administrator,IT,RFT,T,Terminated,PRMRE,100,200,100546,"Ruiz, Priya",priya.ruiz@northernpipeline.com,101510_PRMRE,EE101510_CO003,1.0,2022-05-15
101511,EE101511,CO003,Richard,Richard,Hernandez,richard.hernandez@prairieresources.ca,2001-05-04,2021-06-10,2021-06-10,,77ANL1,Data Analyst,ANLYT,RFT,T,Terminated,PRMRE,123,160,100953,"Hernandez, Amy",amy.hernandez@northernpipeline.com,101511_PRMRE,EE101511_CO003,1.0,2023-11-21
101512,EE101512,CO004,Cynthia,Cynthia,Allen,cynthia.allen@alpineconstruction.com,1990-10-05,2021-06-10,2021-06-10,,14CSR2,Customer Service Specialist,CSR,CON,T,Terminated,ALPNC,114,100,,,,101512_ALPNC,EE101512_CO004,1.0,2022-10-14
101513,EE101513,CO003,Hans,Hans,Wagner,hans.wagner@prairieresources.ca,1996-08-04,2021-06-10,2021-06-10,,90PRO3,Project Manager,PROJ,CON,A,Active,PRMRE,118,10,102524,"Li, Steven",steven.li@westmarkmanufacturing.com,101513_PRMRE,EE101513_CO003,1.0,
101514,EE101514,CO001,Ryan,Ryan,Parker,ryan.parker@northernpipeline.com,2003-02-07,2021-06-11,2021-06-11,,65TEC1,Field Technician,TECH,RFT,A,Active,NRTHP,113,30,,,,101514_NRTHP,EE101514_CO001,1.0,
101515,EE101515,CO004,Anna,Anna,Weber,anna.weber@alpineconstruction.com,1989-07-05,2021-06-11,2021-06-11,,34IT2,Software Developer,IT,RFT,A,Active,ALPNC,104,170,102275,"Williams, Cynthia",cynthia.williams@westmarkmanufacturing.com,101515_ALPNC,EE101515_CO004,1.0,
101516,EE101516,CO004,Alexander,Alexander,Cruz,alexander.cruz@alpineconstruction.com,1990-07-08,2021-06-11,2021-06-11,,52OPS5,Operations Manager,OPS,RFT,A,Active,ALPNC,111,30,,,,101516_ALPNC,EE101516_CO004,1.0,
101517,EE101517,CO001,Amy,Amy,King,amy.king@northernpipeline.com,1974-03-07,2021-06-11,2021-06-11,,16CSR4,Customer Service Team Lead,CSR,RPT,T,Terminated,NRTHP,120,230,,,,101517_NRTHP,EE101517_CO001,0.42,2023-06-12
101518,EE101518,CO001,Henry,Henry,Davis,henry.davis@northernpipeline.com,1982-07-20,2021-06-14,2021-06-14,,80ANL4,Analytics Lead,ANLYT,RPT,T,Terminated,NRTHP,119,130,,,,101518_NRTHP,EE101518_CO001,0.77,2022-02-02
101519,EE101519,CO004,Frank,Frank,Cooper,frank.cooper@alpineconstruction.com,2000-02-10,2021-06-15,2021-06-15,,65TEC1,Field Technician,TECH,RFT,A,Active,ALPNC,100,240,102150,"Jimenez, Anthony",anthony.jimenez@westmarkmanufacturing.com,101519_ALPNC,EE101519_CO004,1.0,
101520,EE101520,CO004,Jason,Jason,Olsson,jason.olsson@alpineconstruction.com,1971-02-15,2021-06-15,2021-06-15,,08ACC3,Senior Accountant,ACCTG,RFT,A,Active,ALPNC,102,60,,,,101520_ALPNC,EE101520_CO004,1.0,
101521,EE101521,CO001,Anthony,Anthony,Nelson,anthony.nelson@northernpipeline.com,1977-01-08,2021-06-15,2021-06-15,,48OPS1,Operations Assistant,OPS,RFT,A,Active,NRTHP,117,250,102596,"Mitchell, Fatima",fatima.mitchell@prairieresources.ca,101521_NRTHP,EE101521_CO001,1.0,
101522,EE101522,CO001,Ashley,Ashley,Miller,ashley.miller@northernpipeline.com,1983-10-02,2021-06-15,2021-06-15,,13CSR1,Customer Service Representative,CSR,TAW,A,Active,NRTHP,100,110,101160,"Andersson, Sarah",sarah.andersson@northernpipeline.com,101522_NRTHP,EE101522_CO001,1.0,
101523,EE101523,CO004,Joyce,Joyce,Smith,joyce.smith@alpineconstruction.com,1991-07-22,2021-06-15,2021-06-15,,55TRD1,Apprentice Technician,TRD,RFT,A,Active,ALPNC,102,240,101786,"Cox, Kevin",kevin.cox@alpineconstruction.com,101523_ALPNC,EE101523_CO004,1.0,
101524,EE101524,CO004,Samantha,Samantha,Ramirez,samantha.ramirez@alpineconstruction.com,1998-11-18,2021-06-16,2021-06-16,,57TRD3,Senior Technician,TRD,RFT,T,Terminated,ALPNC,115,240,102901,"Olsson, Charles",charles.olsson@westmarkmanufacturing.com,101524_ALPNC,EE101524_CO004,1.0,2024-07-16
101525,EE101525,CO003,Mei,Mei,Scott,mei.scott@prairieresources.ca,1993-05-16,2021-06-16,2021-06-16,,34IT2,Software Developer,IT,RFT,T,Terminated,PRMRE,122,130,102268,"Johansson, Eric",eric.johansson@westmarkmanufacturing.com,101525_PRMRE,EE101525_CO003,1.0,2023-04-15
101526,EE101526,CO003,Pamela,Pamela,Flores,pamela.flores@prairieresources.ca,1979-01-10,2021-06-18,2021-06-18,,66TEC2,Service Technician,TECH,RFT,T,Terminated,PRMRE,116,50,100007,"Becker, Gary",gary.becker@alpineconstruction.com,101526_PRMRE,EE101526_CO003,1.0,2021-11-02
101527,EE101527,CO003,Maria,Maria,Chen,maria.chen@prairieresources.ca,1971-01-04,2021-06-18,2021-06-18,,32IT1,IT Support Technician,IT,RFT,T,Terminated,PRMRE,121,160,101494,"Jones, Eric",eric.jones@alpineconstruction.com,101527_PRMRE,EE101527_CO003,1.0,2025-02-27
101528,EE101528,CO003,Helen,Helen,Becker,helen.becker@prairieresources.ca,1973-11-19,2021-06-18,2021-06-18,,26HR2,HR Generalist,HR,RFT,T,Terminated,PRMRE,100,70,,,,101528_PRMRE,EE101528_CO003,1.0,2024-07-25
101529,EE101529,CO002,Jonathan,Jonathan,Johnson,jonathan.johnson@westmarkmanufacturing.com,1994-02-15,2021-06-18,2021-06-18,,01ADM1,Administrative Assistant,ADMIN,RFT,T,Terminated,WSTMF,104,130,100843,"Larsson, Joshua",joshua.larsson@westmarkmanufacturing.com,101529_WSTMF,EE101529_CO002,1.0,2024-12-15
101530,EE101530,CO002,Heather,Heather,Cruz,heather.cruz@westmarkmanufacturing.com,2000-09-06,2021-06-21,2021-06-21,,18ENG1,Junior Engineer,ENGR,RFT,T,Terminated,WSTMF,107,140,,,,101530_WSTMF,EE101530_CO002,1.0,2021-12-09
101531,EE101531,CO004,Rachel,Rachel,Kim,rachel.kim@alpineconstruction.com,1987-12-02,2021-06-21,2021-06-21,,52OPS5,Operations Manager,OPS,RFT,A,Active,ALPNC,116,120,,,,101531_ALPNC,EE101531_CO004,1.0,
101532,EE101532,CO002,Nathan,Nathan,Gutierrez,nathan.gutierrez@westmarkmanufacturing.com,2003-05-04,2021-06-22,2021-06-22,,65TEC1,Field Technician,TECH,RFT,A,Active,WSTMF,108,120,102385,"Alvarez, Maria",maria.alvarez@northernpipeline.com,101532_WSTMF,EE101532_CO002,1.0,
101533,EE101533,CO004,Betty,Betty,White,betty.white@alpineconstruction.com,1986-01-22,2021-06-22,2021-06-22,,95LEG3,Legal Counsel,LEGAL,RFT,A,Active,ALPNC,124,110,102338,"Jones, James",james.jones@northernpipeline.com,101533_ALPNC,EE101533_CO004,1.0,
101534,EE101534,CO004,Giovanni,Giovanni,Myers,giovanni.myers@alpineconstruction.com,1991-07-01,2021-06-23,2021-06-23,,28HR4,HR Business Partner,HR,RPT,A,Active,ALPNC,119,170,,,,101534_ALPNC,EE101534_CO004,0.51,
101535,EE101535,CO004,Olga,Olga,Wang,olga.wang@alpineconstruction.com,1993-09-30,2021-06-25,2021-06-25,,65TEC1,Field Technician,TECH,RFT,T,Terminated,ALPNC,104,130,100843,"Larsson, Joshua",joshua.larsson@westmarkmanufacturing.com,101535_ALPNC,EE101535_CO004,1.0,2023-08-01
101536,EE101536,CO001,Jose,Jose,Sanders,jose.sanders@northernpipeline.com,2003-03-02,2021-06-28,2021-06-28,,96LEG4,Senior Legal Counsel,LEGAL,RFT,A,Active,NRTHP,120,170,,,,101536_NRTHP,EE101536_CO001,1.0,
101537,EE101537,CO004,Dorothy,Dorothy,James,dorothy.james@alpineconstruction.com,1984-03-10,2021-06-28,2021-06-28,,57TRD3,Senior Technician,TRD,TFT,A,Active,ALPNC,119,70,102257,"Wong, Pierre",pierre.wong@northernpipeline.com,101537_ALPNC,EE101537_CO004,1.0,
101538,EE101538,CO003,Jerry,Jerry,Wright,jerry.wright@prairieresources.ca,1995-04-09,2021-07-01,2021-07-01,,79ANL3,Senior Data Analyst,ANLYT,RFT,T,Terminated,PRMRE,116,40,,,,101538_PRMRE,EE101538_CO003,1.0,2025-08-29
101539,EE101539,CO001,Patrick,Patrick,Andersson,patrick.andersson@northernpipeline.com,2001-05-26,2021-07-01,2021-07-01,,20ENG3,Senior Engineer,ENGR,RFT,T,Terminated,NRTHP,108,120,102385,"Alvarez, Maria",maria.alvarez@northernpipeline.com,101539_NRTHP,EE101539_CO001,1.0,2024-06-02
101540,EE101540,CO001,Carlos,Carlos,White,carlos.white@northernpipeline.com,2003-04-22,2021-07-02,2021-07-02,,41SAL1,Sales Representative,SALES,RFT,T,Terminated,NRTHP,114,30,,,,101540_NRTHP,EE101540_CO001,1.0,2025-02-04
101541,EE101541,CO001,Giovanni,Giovanni,Becker,giovanni.becker@northernpipeline.com,1990-02-26,2021-07-07,2021-07-07,,37IT4,Technical Lead,IT,TAW,T,Terminated,NRTHP,115,190,,,,101541_NRTHP,EE101541_CO001,1.0,2022-04-16
101542,EE101542,CO001,Aisha,Aisha,Campbell,aisha.campbell@northernpipeline.com,1972-06-21,2021-07-08,2021-07-08,,13CSR1,Customer Service Representative,CSR,RFT,T,Terminated,NRTHP,112,70,,,,101542_NRTHP,EE101542_CO001,1.0,2021-09-17
101543,EE101543,CO004,Samuel,Samuel,Phillips,samuel.phillips@alpineconstruction.com,1972-09-20,2021-07-08,2021-07-08,,84SUP5,Area Supervisor,SUPV,RFT,T,Terminated,ALPNC,104,160,,,,101543_ALPNC,EE101543_CO004,1.0,2023-07-10
101544,EE101544,CO002,George,George,Stewart,george.stewart@westmarkmanufacturing.com,1994-05-21,2021-07-09,2021-07-09,,72MKT3,Senior Marketing Specialist,MKTG,RFT,A,Active,WSTMF,108,170,,,,101544_WSTMF,EE101544_CO002,1.0,
101545,EE101545,CO003,Margaret,Margaret,Thomas,margaret.thomas@prairieresources.ca,1996-06-27,2021-07-09,2021-07-09,,19ENG2,Engineer,ENGR,RFT,A,Active,PRMRE,115,250,100992,"Moore, Ronald",ronald.moore@westmarkmanufacturing.com,101545_PRMRE,EE101545_CO003,1.0,
101546,EE101546,CO002,Jerry,Jerry,Green,jerry.green@westmarkmanufacturing.com,1984-09-26,2021-07-09,2021-07-09,,48OPS1,Operations Assistant,OPS,CON,A,Active,WSTMF,124,100,102781,"Bennett, Sandra",sandra.bennett@northernpipeline.com,101546_WSTMF,EE101546_CO002,1.0,
101547,EE101547,CO004,Jacob,Jacob,Flores,jacob.flores@alpineconstruction.com,1998-12-31,2021-07-09,2021-07-09,,49OPS2,Operations Coordinator,OPS,RFT,A,Active,ALPNC,115,20,101427,"Tanaka, Wei",wei.tanaka@prairieresources.ca,101547_ALPNC,EE101547_CO004,1.0,
101548,EE101548,CO003,Helen,Helen,Olsson,helen.olsson@prairieresources.ca,1986-06-03,2021-07-09,2021-07-09,,70MKT1,Marketing Coordinator,MKTG,RFT,T,Terminated,PRMRE,118,120,102476,"Hernandez, Joseph",joseph.hernandez@westmarkmanufacturing.com,101548_PRMRE,EE101548_CO003,1.0,2023-03-28
101549,EE101549,CO002,Joseph,Joseph,Andersson,joseph.andersson@westmarkmanufacturing.com,1981-12-13,2021-07-12,2021-07-12,,57TRD3,Senior Technician,TRD,RFT,T,Terminated,WSTMF,102,150,100842,"Reed, Larry",larry.reed@prairieresources.ca,101549_WSTMF,EE101549_CO002,1.0,2021-12-04
101550,EE101550,CO003,Carol,Carol,Garcia,carol.garcia@prairieresources.ca,1977-02-16,2021-07-13,2021-07-13,,32IT1,IT Support Technician,IT,RFT,T,Terminated,PRMRE,124,70,102457,"Ross, Pamela",pamela.ross@westmarkmanufacturing.com,101550_PRMRE,EE101550_CO003,1.0,2024-09-03
101551,EE101551,CO001,Michael,Michael,Sanchez,michael.sanchez@northernpipeline.com,1991-06-03,2021-07-16,2021-07-16,,23ENG6,Director of Engineering,ENGR,RFT,T,Terminated,NRTHP,120,180,,,,101551_NRTHP,EE101551_CO001,1.0,2024-08-11
101552,EE101552,CO003,Joyce,Joyce,Foster,joyce.foster@prairieresources.ca,1992-02-26,2021-07-19,2021-07-19,,90PRO3,Project Manager,PROJ,CON,A,Active,PRMRE,116,10,,,,101552_PRMRE,EE101552_CO003,1.0,
101553,EE101553,CO002,Isabella,Isabella,Thomas,isabella.thomas@westmarkmanufacturing.com,1998-05-13,2021-07-20,2021-07-20,,41SAL1,Sales Representative,SALES,RFT,T,Terminated,WSTMF,106,130,100791,"Castillo, Aisha",aisha.castillo@westmarkmanufacturing.com,101553_WSTMF,EE101553_CO002,1.0,2022-05-08
101554,EE101554,CO004,Giovanni,Giovanni,Hernandez,giovanni.hernandez@alpineconstruction.com,1998-05-25,2021-07-20,2021-07-20,,07ACC2,Accountant,ACCTG,TAW,T,Terminated,ALPNC,121,130,,,,101554_ALPNC,EE101554_CO004,1.0,2021-08-29
101555,EE101555,CO002,Joyce,Joyce,King,joyce.king@westmarkmanufacturing.com,1992-01-27,2021-07-20,2021-07-20,,18ENG1,Junior Engineer,ENGR,RFT,T,Terminated,WSTMF,113,220,102968,"Ortiz, Kenji",kenji.ortiz@northernpipeline.com,101555_WSTMF,EE101555_CO002,1.0,2023-12-28
101556,EE101556,CO003,Patricia,Patricia,Wood,patricia.wood@prairieresources.ca,1986-03-30,2021-07-21,2021-07-21,,18ENG1,Junior Engineer,ENGR,RFT,A,Active,PRMRE,116,120,101531,"Kim, Rachel",rachel.kim@alpineconstruction.com,101556_PRMRE,EE101556_CO003,1.0,
101557,EE101557,CO003,Ronald,Ronald,Yamamoto,ronald.yamamoto@prairieresources.ca,1979-12-29,2021-07-22,2021-07-22,,49OPS2,Operations Coordinator,OPS,RFT,T,Terminated,PRMRE,121,80,,,,101557_PRMRE,EE101557_CO003,1.0,2022-05-11
101558,EE101558,CO001,Sandra,Sandra,Lewis,sandra.lewis@northernpipeline.com,1997-08-18,2021-07-22,2021-07-22,,89PRO2,Project Coordinator,PROJ,RFT,A,Active,NRTHP,103,80,102716,"Walker, Emily",emily.walker@northernpipeline.com,101558_NRTHP,EE101558_CO001,1.0,
101559,EE101559,CO004,Jonathan,Jonathan,Harris,jonathan.harris@alpineconstruction.com,1974-08-27,2021-07-22,2021-07-22,,66TEC2,Service Technician,TECH,RFT,A,Active,ALPNC,114,180,102185,"Mueller, Jonathan",jonathan.mueller@northernpipeline.com,101559_ALPNC,EE101559_CO004,1.0,
101560,EE101560,CO003,Lisa,Lisa,Jones,lisa.jones@prairieresources.ca,1992-03-04,2021-07-22,2021-07-22,,56TRD2,Journeyman Technician,TRD,RFT,A,Active,PRMRE,122,10,,,,101560_PRMRE,EE101560_CO003,1.0,
101561,EE101561,CO001,Shirley,Shirley,Meyer,shirley.meyer@northernpipeline.com,1989-11-20,2021-07-22,2021-07-22,,28HR4,HR Business Partner,HR,RFT,A,Active,NRTHP,113,200,,,,101561_NRTHP,EE101561_CO001,1.0,
101562,EE101562,CO002,Dennis,Dennis,Wang,dennis.wang@westmarkmanufacturing.com,1996-08-12,2021-07-23,2021-07-23,,08ACC3,Senior Accountant,ACCTG,RFT,A,Active,WSTMF,111,190,101390,"Harris, Kenneth",kenneth.harris@northernpipeline.com,101562_WSTMF,EE101562_CO002,1.0,
101563,EE101563,CO003,Laura,Laura,Gutierrez,laura.gutierrez@prairieresources.ca,2003-05-16,2021-07-23,2021-07-23,,25HR1,HR Coordinator,HR,RFT,A,Active,PRMRE,124,50,101154,"Wilson, Andrew",andrew.wilson@alpineconstruction.com,101563_PRMRE,EE101563_CO003,1.0,
101564,EE101564,CO001,Cynthia,Cynthia,Ramos,cynthia.ramos@northernpipeline.com,1980-09-04,2021-07-23,2021-07-23,,42SAL2,Account Executive,SALES,RFT,A,Active,NRTHP,118,190,,,,101564_NRTHP,EE101564_CO001,1.0,
101565,EE101565,CO003,Paul,Paul,Sanders,paul.sanders@prairieresources.ca,1982-02-02,2021-07-23,2021-07-23,,60WHS1,Warehouse Associate,WHSE,CON,T,Terminated,PRMRE,121,170,100093,"Hall, Jessica",jessica.hall@alpineconstruction.com,101565_PRMRE,EE101565_CO003,1.0,2022-05-25
101566,EE101566,CO002,Debra,Debra,Perez,debra.perez@westmarkmanufacturing.com,1992-05-29,2021-07-23,2021-07-23,,01ADM1,Administrative Assistant,ADMIN,RFT,A,Active,WSTMF,122,90,101043,"Meyer, Anthony",anthony.meyer@northernpipeline.com,101566_WSTMF,EE101566_CO002,1.0,
101567,EE101567,CO004,Stephen,Stephen,Chen,stephen.chen@alpineconstruction.com,1989-05-25,2021-07-23,2021-07-23,,14CSR2,Customer Service Specialist,CSR,RPT,A,Active,ALPNC,119,110,100788,"Collins, Janet",janet.collins@alpineconstruction.com,101567_ALPNC,EE101567_CO004,0.46,
101568,EE101568,CO002,Isabella,Isabella,James,isabella.james@westmarkmanufacturing.com,1984-07-10,2021-07-23,2021-07-23,,94LEG2,Paralegal,LEGAL,RFT,T,Terminated,WSTMF,105,240,101695,"Hall, Maria",maria.hall@prairieresources.ca,101568_WSTMF,EE101568_CO002,1.0,2024-09-13
101569,EE101569,CO001,Astrid,Astrid,Kumar,astrid.kumar@northernpipeline.com,2002-08-09,2021-07-23,2021-07-23,,26HR2,HR Generalist,HR,RFT,A,Active,NRTHP,111,240,100802,"Brown, Laura",laura.brown@alpineconstruction.com,101569_NRTHP,EE101569_CO001,1.0,
101570,EE101570,CO003,Deborah,Deborah,Moore,deborah.moore@prairieresources.ca,1995-05-01,2021-07-26,2021-07-26,,51OPS4,Operations Lead,OPS,RFT,T,Terminated,PRMRE,100,180,,,,101570_PRMRE,EE101570_CO003,1.0,2022-11-16
101571,EE101571,CO003,Brandon,Brandon,Phillips,brandon.phillips@prairieresources.ca,1982-03-25,2021-07-26,2021-07-26,,34IT2,Software Developer,IT,RPT,T,Terminated,PRMRE,118,120,102476,"Hernandez, Joseph",joseph.hernandez@westmarkmanufacturing.com,101571_PRMRE,EE101571_CO003,0.41,2022-03-26
101572,EE101572,CO003,Kevin,Kevin,Williams,kevin.williams@prairieresources.ca,2001-12-23,2021-07-27,2021-07-27,,33IT2,Systems Administrator,IT,TAW,A,Active,PRMRE,123,220,102187,"Howard, Kathleen",kathleen.howard@prairieresources.ca,101572_PRMRE,EE101572_CO003,1.0,
101573,EE101573,CO002,Kevin,Kevin,Cox,kevin.cox@westmarkmanufacturing.com,1986-08-25,2021-07-27,2021-07-27,,96LEG4,Senior Legal Counsel,LEGAL,RPT,A,Active,WSTMF,107,110,,,,101573_WSTMF,EE101573_CO002,0.67,
101574,EE101574,CO002,Ashley,Ashley,Kim,ashley.kim@westmarkmanufacturing.com,2002-12-31,2021-07-28,2021-07-28,,60WHS1,Warehouse Associate,WHSE,RFT,T,Terminated,WSTMF,105,30,101914,"Rodriguez, Carlos",carlos.rodriguez@prairieresources.ca,101574_WSTMF,EE101574_CO002,1.0,2021-08-28
101575,EE101575,CO004,Jonathan,Jonathan,Reyes,jonathan.reyes@alpineconstruction.com,1985-04-02,2021-08-02,2021-08-02,,58TRD4,Lead Technician,TRD,RFT,T,Terminated,ALPNC,112,130,,,,101575_ALPNC,EE101575_CO004,1.0,2023-08-18
101576,EE101576,CO003,Brenda,Brenda,Torres,brenda.torres@prairieresources.ca,1989-08-30,2021-08-02,2021-08-02,,25HR1,HR Coordinator,HR,RPT,T,Terminated,PRMRE,117,90,,,,101576_PRMRE,EE101576_CO003,0.64,2023-05-24
101577,EE101577,CO001,Linda,Linda,Cox,linda.cox@northernpipeline.com,2002-12-18,2021-08-03,2021-08-03,,16CSR4,Customer Service Team Lead,CSR,CON,T,Terminated,NRTHP,117,90,,,,101577_NRTHP,EE101577_CO001,1.0,2022-05-11
101578,EE101578,CO003,Nicole,Nicole,Brooks,nicole.brooks@prairieresources.ca,1978-04-18,2021-08-04,2021-08-04,,05ACC1,Accounts Payable Clerk,ACCTG,TAW,A,Active,PRMRE,117,20,102028,"Hernandez, Patricia",patricia.hernandez@prairieresources.ca,101578_PRMRE,EE101578_CO003,1.0,
101579,EE101579,CO001,Cynthia,Cynthia,Phillips,cynthia.phillips@northernpipeline.com,1997-01-26,2021-08-05,2021-08-05,,19ENG2,Engineer,ENGR,CON,A,Active,NRTHP,117,130,101323,"Kelly, Raj",raj.kelly@prairieresources.ca,101579_NRTHP,EE101579_CO001,1.0,
101580,EE101580,CO004,Jason,Jason,Schneider,jason.schneider@alpineconstruction.com,1997-11-01,2021-08-05,2021-08-05,,01ADM1,Administrative Assistant,ADMIN,RFT,T,Terminated,ALPNC,100,160,102626,"Diaz, Patricia",patricia.diaz@alpineconstruction.com,101580_ALPNC,EE101580_CO004,1.0,2023-01-03
101581,EE101581,CO003,Daniel,Daniel,Mitchell,daniel.mitchell@prairieresources.ca,1987-07-21,2021-08-05,2021-08-05,,65TEC1,Field Technician,TECH,RPT,T,Terminated,PRMRE,100,80,100205,"Andersson, Adam",adam.andersson@alpineconstruction.com,101581_PRMRE,EE101581_CO003,0.61,2022-05-01
101582,EE101582,CO001,Ahmed,Ahmed,Parker,ahmed.parker@northernpipeline.com,1977-10-24,2021-08-06,2021-08-06,,25HR1,HR Coordinator,HR,RFT,T,Terminated,NRTHP,113,240,102205,"Flores, Pierre",pierre.flores@northernpipeline.com,101582_NRTHP,EE101582_CO001,1.0,2022-03-31
101583,EE101583,CO004,Michael,Michael,Hughes,michael.hughes@alpineconstruction.com,2000-06-01,2021-08-06,2021-08-06,,15CSR3,Senior Customer Service Specialist,CSR,RFT,A,Active,ALPNC,121,150,,,,101583_ALPNC,EE101583_CO004,1.0,
101584,EE101584,CO002,Larry,Larry,Brooks,larry.brooks@westmarkmanufacturing.com,1988-11-08,2021-08-06,2021-08-06,,15CSR3,Senior Customer Service Specialist,CSR,RPT,T,Terminated,WSTMF,102,220,102813,"Mitchell, John",john.mitchell@alpineconstruction.com,101584_WSTMF,EE101584_CO002,0.52,2024-11-14
101585,EE101585,CO003,Christopher,Christopher,Nilsson,christopher.nilsson@prairieresources.ca,1984-08-29,2021-08-09,2021-08-09,,33IT2,Systems Administrator,IT,RFT,T,Terminated,PRMRE,105,30,101914,"Rodriguez, Carlos",carlos.rodriguez@prairieresources.ca,101585_PRMRE,EE101585_CO003,1.0,2022-08-03
101586,EE101586,CO004,William,William,Schulz,william.schulz@alpineconstruction.com,1983-04-18,2021-08-09,2021-08-09,,27HR3,Senior HR Generalist,HR,CON,T,Terminated,ALPNC,102,190,,,,101586_ALPNC,EE101586_CO004,1.0,2024-05-27
101587,EE101587,CO002,Patricia,Patricia,Myers,patricia.myers@westmarkmanufacturing.com,1988-06-24,2021-08-10,2021-08-10,,60WHS1,Warehouse Associate,WHSE,RFT,A,Active,WSTMF,122,190,102645,"Persson, Raj",raj.persson@westmarkmanufacturing.com,101587_WSTMF,EE101587_CO002,1.0,
101588,EE101588,CO003,Christopher,Christopher,Allen,christopher.allen@prairieresources.ca,1993-01-02,2021-08-10,2021-08-10,,48OPS1,Operations Assistant,OPS,RFT,A,Active,PRMRE,115,230,101987,"Schmidt, Priya",priya.schmidt@westmarkmanufacturing.com,101588_PRMRE,EE101588_CO003,1.0,
101589,EE101589,CO004,Ingrid,Ingrid,Schulz,ingrid.schulz@alpineconstruction.com,1998-02-15,2021-08-10,2021-08-10,,25HR1,HR Coordinator,HR,TAW,A,Active,ALPNC,124,90,100652,"Smith, Larry",larry.smith@westmarkmanufacturing.com,101589_ALPNC,EE101589_CO004,1.0,
101590,EE101590,CO003,Aaron,Aaron,Karlsson,aaron.karlsson@prairieresources.ca,1988-08-30,2021-08-11,2021-08-11,,96LEG4,Senior Legal Counsel,LEGAL,RFT,A,Active,PRMRE,100,130,,,,101590_PRMRE,EE101590_CO003,1.0,
101591,EE101591,CO003,Kevin,Kevin,Baker,kevin.baker@prairieresources.ca,2000-02-05,2021-08-12,2021-08-12,,71MKT2,Marketing Specialist,MKTG,RFT,A,Active,PRMRE,105,100,,,,101591_PRMRE,EE101591_CO003,1.0,
101592,EE101592,CO001,John,John,Nguyen,john.nguyen@northernpipeline.com,2002-11-05,2021-08-12,2021-08-12,,21ENG4,Principal Engineer,ENGR,RFT,A,Active,NRTHP,119,90,,,,101592_NRTHP,EE101592_CO001,1.0,
101593,EE101593,CO003,Scott,Scott,Jones,scott.jones@prairieresources.ca,1984-12-01,2021-08-13,2021-08-13,,92PRO5,Program Manager,PROJ,TFT,T,Terminated,PRMRE,115,80,,,,101593_PRMRE,EE101593_CO003,1.0,2022-06-04
101594,EE101594,CO004,Pamela,Pamela,Thompson,pamela.thompson@alpineconstruction.com,1979-12-01,2021-08-13,2021-08-13,,08ACC3,Senior Accountant,ACCTG,RFT,A,Active,ALPNC,114,130,102882,"Clark, Angela",angela.clark@alpineconstruction.com,101594_ALPNC,EE101594_CO004,1.0,
101595,EE101595,CO001,Sofia,Sofia,Davis,sofia.davis@northernpipeline.com,2002-10-29,2021-08-16,2021-08-16,,34IT2,Software Developer,IT,RFT,T,Terminated,NRTHP,102,150,100842,"Reed, Larry",larry.reed@prairieresources.ca,101595_NRTHP,EE101595_CO001,1.0,2023-10-25
101596,EE101596,CO001,Jacob,Jacob,Cook,jacob.cook@northernpipeline.com,1999-10-28,2021-08-17,2021-08-17,,26HR2,HR Generalist,HR,RFT,T,Terminated,NRTHP,103,10,102029,"Hall, Melissa",melissa.hall@northernpipeline.com,101596_NRTHP,EE101596_CO001,1.0,2022-06-10
101597,EE101597,CO001,Frank,Frank,Schneider,frank.schneider@northernpipeline.com,1982-10-06,2021-08-17,2021-08-17,,33IT2,Systems Administrator,IT,RFT,A,Active,NRTHP,117,230,,,,101597_NRTHP,EE101597_CO001,1.0,
101598,EE101598,CO003,Kenji,Kenji,Foster,kenji.foster@prairieresources.ca,1969-08-02,2021-08-18,2021-08-18,,32IT1,IT Support Technician,IT,RFT,A,Active,PRMRE,105,190,102664,"Hernandez, Marie",marie.hernandez@prairieresources.ca,101598_PRMRE,EE101598_CO003,1.0,
101599,EE101599,CO003,Lars,Lars,Ramirez,lars.ramirez@prairieresources.ca,1988-09-23,2021-08-19,2021-08-19,,80ANL4,Analytics Lead,ANLYT,RFT,A,Active,PRMRE,117,220,,,,101599_PRMRE,EE101599_CO003,1.0,
101600,EE101600,CO004,Linda,Linda,Ramos,linda.ramos@alpineconstruction.com,1996-08-29,2021-08-20,2021-08-20,,02ADM2,Administrative Coordinator,ADMIN,RFT,T,Terminated,ALPNC,104,50,102316,"Watson, Heather",heather.watson@westmarkmanufacturing.com,101600_ALPNC,EE101600_CO004,1.0,2021-11-19
101601,EE101601,CO002,George,George,Becker,george.becker@westmarkmanufacturing.com,1990-12-29,2021-08-20,2021-08-20,,67TEC3,Senior Service Technician,TECH,TFT,T,Terminated,WSTMF,102,250,,,,101601_WSTMF,EE101601_CO002,1.0,2022-09-30
101602,EE101602,CO001,Shirley,Shirley,Gray,shirley.gray@northernpipeline.com,1976-06-28,2021-08-20,2021-08-20,,50OPS3,Operations Specialist,OPS,TFT,A,Active,NRTHP,123,150,,,,101602_NRTHP,EE101602_CO001,1.0,
101603,EE101603,CO003,Scott,Scott,Davis,scott.davis@prairieresources.ca,1996-08-13,2021-08-24,2021-08-24,,07ACC2,Accountant,ACCTG,RFT,T,Terminated,PRMRE,122,70,101370,"Nilsson, Samantha",samantha.nilsson@westmarkmanufacturing.com,101603_PRMRE,EE101603_CO003,1.0,2025-06-07
101604,EE101604,CO004,Priya,Priya,Schmidt,priya.schmidt@alpineconstruction.com,1997-07-03,2021-08-24,2021-08-24,,78ANL2,Business Analyst,ANLYT,RFT,A,Active,ALPNC,121,20,100758,"Nelson, Diane",diane.nelson@prairieresources.ca,101604_ALPNC,EE101604_CO004,1.0,
101605,EE101605,CO002,Scott,Scott,Nilsson,scott.nilsson@westmarkmanufacturing.com,1994-05-13,2021-08-26,2021-08-26,,70MKT1,Marketing Coordinator,MKTG,RFT,A,Active,WSTMF,122,150,,,,101605_WSTMF,EE101605_CO002,1.0,
101606,EE101606,CO004,Donna,Donna,Schmidt,donna.schmidt@alpineconstruction.com,1998-11-15,2021-08-26,2021-08-26,,95LEG3,Legal Counsel,LEGAL,RFT,A,Active,ALPNC,119,170,101534,"Myers, Giovanni",giovanni.myers@alpineconstruction.com,101606_ALPNC,EE101606_CO004,1.0,
101607,EE101607,CO003,Michelle,Michelle,Nguyen,michelle.nguyen@prairieresources.ca,1988-01-31,2021-08-26,2021-08-26,,70MKT1,Marketing Coordinator,MKTG,RFT,A,Active,PRMRE,117,120,,,,101607_PRMRE,EE101607_CO003,1.0,
101608,EE101608,CO001,Astrid,Astrid,Morgan,astrid.morgan@northernpipeline.com,1972-12-12,2021-08-27,2021-08-27,,03ADM3,Senior Administrative Coordinator,ADMIN,RFT,T,Terminated,NRTHP,100,210,,,,101608_NRTHP,EE101608_CO001,1.0,2022-04-11
101609,EE101609,CO004,Daniel,Daniel,Hernandez,daniel.hernandez@alpineconstruction.com,1986-08-20,2021-08-27,2021-08-27,,55TRD1,Apprentice Technician,TRD,RFT,A,Active,ALPNC,111,80,100773,"Olsson, Debra",debra.olsson@alpineconstruction.com,101609_ALPNC,EE101609_CO004,1.0,
101610,EE101610,CO003,Fatima,Fatima,Campbell,fatima.campbell@prairieresources.ca,1991-10-03,2021-09-01,2021-09-01,,25HR1,HR Coordinator,HR,RPT,T,Terminated,PRMRE,122,220,,,,101610_PRMRE,EE101610_CO003,0.51,2022-05-20
101611,EE101611,CO002,Katherine,Katherine,Johansson,katherine.johansson@westmarkmanufacturing.com,1992-04-26,2021-09-01,2021-09-01,,55TRD1,Apprentice Technician,TRD,RFT,T,Terminated,WSTMF,108,220,101152,"Ross, Edward",edward.ross@northernpipeline.com,101611_WSTMF,EE101611_CO002,1.0,2022-04-11
101612,EE101612,CO004,Carolyn,Carolyn,Lopez,carolyn.lopez@alpineconstruction.com,2003-03-18,2021-09-03,2021-09-03,,35IT3,Senior Developer,IT,TFT,T,Terminated,ALPNC,114,140,,,,101612_ALPNC,EE101612_CO004,1.0,2022-06-07
101613,EE101613,CO004,Pierre,Pierre,Baker,pierre.baker@alpineconstruction.com,1980-12-27,2021-09-03,2021-09-03,,34IT2,Software Developer,IT,RFT,A,Active,ALPNC,121,140,,,,101613_ALPNC,EE101613_CO004,1.0,
101614,EE101614,CO001,Yuki,Yuki,Ortiz,yuki.ortiz@northernpipeline.com,1989-11-23,2021-09-03,2021-09-03,,65TEC1,Field Technician,TECH,TAW,T,Terminated,NRTHP,122,150,,,,101614_NRTHP,EE101614_CO001,1.0,2022-06-08
101615,EE101615,CO002,Edward,Edward,Cooper,edward.cooper@westmarkmanufacturing.com,1991-06-17,2021-09-03,2021-09-03,,65TEC1,Field Technician,TECH,RFT,T,Terminated,WSTMF,110,230,102116,"Baker, Kevin",kevin.baker@westmarkmanufacturing.com,101615_WSTMF,EE101615_CO002,1.0,2021-11-30
101616,EE101616,CO001,Angela,Angela,Harris,angela.harris@northernpipeline.com,1958-06-02,2021-09-03,2021-09-03,,32IT1,IT Support Technician,IT,RFT,T,Terminated,NRTHP,115,200,102397,"Allen, Priya",priya.allen@prairieresources.ca,101616_NRTHP,EE101616_CO001,1.0,2023-12-07
101617,EE101617,CO002,Thomas,Thomas,Li,thomas.li@westmarkmanufacturing.com,1987-07-07,2021-09-03,2021-09-03,,55TRD1,Apprentice Technician,TRD,RFT,A,Active,WSTMF,122,50,101619,"Smith, Donald",donald.smith@westmarkmanufacturing.com,101617_WSTMF,EE101617_CO002,1.0,
101618,EE101618,CO004,Cynthia,Cynthia,Wright,cynthia.wright@alpineconstruction.com,1997-07-02,2021-09-03,2021-09-03,,41SAL1,Sales Representative,SALES,RFT,A,Active,ALPNC,116,120,101531,"Kim, Rachel",rachel.kim@alpineconstruction.com,101618_ALPNC,EE101618_CO004,1.0,
101619,EE101619,CO002,Donald,Donald,Smith,donald.smith@westmarkmanufacturing.com,1994-07-17,2021-09-08,2021-09-08,,36IT3,Senior Systems Administrator,IT,RFT,A,Active,WSTMF,122,50,,,,101619_WSTMF,EE101619_CO002,1.0,
101620,EE101620,CO003,Gregory,Gregory,Flores,gregory.flores@prairieresources.ca,1978-07-09,2021-09-08,2021-09-08,,68TEC4,Technical Specialist,TECH,RFT,T,Terminated,PRMRE,117,100,101032,"Olsson, Christopher",christopher.olsson@northernpipeline.com,101620_PRMRE,EE101620_CO003,1.0,2022-01-06
101621,EE101621,CO003,Nancy,Nancy,Wong,nancy.wong@prairieresources.ca,1987-11-09,2021-09-08,2021-09-08,,32IT1,IT Support Technician,IT,RFT,T,Terminated,PRMRE,121,190,100421,"Adams, Sarah",sarah.adams@northernpipeline.com,101621_PRMRE,EE101621_CO003,1.0,2024-04-21
101622,EE101622,CO004,Jonathan,Jonathan,Evans,jonathan.evans@alpineconstruction.com,2003-08-18,2021-09-09,2021-09-09,,35IT3,Senior Developer,IT,RFT,T,Terminated,ALPNC,116,60,102529,"Weber, Raymond",raymond.weber@prairieresources.ca,101622_ALPNC,EE101622_CO004,1.0,2021-12-15
101623,EE101623,CO003,Tyler,Tyler,Hall,tyler.hall@prairieresources.ca,1980-07-25,2021-09-09,2021-09-09,,70MKT1,Marketing Coordinator,MKTG,RFT,A,Active,PRMRE,100,180,102279,"Wood, John",john.wood@prairieresources.ca,101623_PRMRE,EE101623_CO003,1.0,
101624,EE101624,CO001,Dmitri,Dmitri,Martin,dmitri.martin@northernpipeline.com,1996-07-09,2021-09-10,2021-09-10,,25HR1,HR Coordinator,HR,TFT,T,Terminated,NRTHP,101,240,,,,101624_NRTHP,EE101624_CO001,1.0,2022-09-07
101625,EE101625,CO004,Frank,Frank,Foster,frank.foster@alpineconstruction.com,1971-01-02,2021-09-10,2021-09-10,,34IT2,Software Developer,IT,RFT,T,Terminated,ALPNC,100,130,101590,"Karlsson, Aaron",aaron.karlsson@prairieresources.ca,101625_ALPNC,EE101625_CO004,1.0,2022-10-17
101626,EE101626,CO002,Maria,Maria,Myers,maria.myers@westmarkmanufacturing.com,1979-05-07,2021-09-10,2021-09-10,,18ENG1,Junior Engineer,ENGR,CON,L,Leave of Absence,WSTMF,118,70,,,,101626_WSTMF,EE101626_CO002,1.0,
101627,EE101627,CO001,Samuel,Samuel,Clark,samuel.clark@northernpipeline.com,1993-12-25,2021-09-10,2021-09-10,,94LEG2,Paralegal,LEGAL,RFT,A,Active,NRTHP,108,80,102046,"Reyes, Joshua",joshua.reyes@northernpipeline.com,101627_NRTHP,EE101627_CO001,1.0,
101628,EE101628,CO001,Linda,Linda,Mueller,linda.mueller@northernpipeline.com,1977-06-17,2021-09-10,2021-09-10,,78ANL2,Business Analyst,ANLYT,RPT,T,Terminated,NRTHP,101,230,,,,101628_NRTHP,EE101628_CO001,0.51,2021-12-09
101629,EE101629,CO003,Kenji,Kenji,Chen,kenji.chen@prairieresources.ca,1989-06-17,2021-09-10,2021-09-10,,18ENG1,Junior Engineer,ENGR,RFT,A,Active,PRMRE,105,20,102730,"Wood, George",george.wood@prairieresources.ca,101629_PRMRE,EE101629_CO003,1.0,
101630,EE101630,CO004,Olivia,Olivia,Richardson,olivia.richardson@alpineconstruction.com,1981-02-23,2021-09-13,2021-09-13,,56TRD2,Journeyman Technician,TRD,RFT,T,Terminated,ALPNC,111,100,,,,101630_ALPNC,EE101630_CO004,1.0,2022-10-04
101631,EE101631,CO003,Carol,Carol,James,carol.james@prairieresources.ca,1984-10-19,2021-09-13,2021-09-13,,41SAL1,Sales Representative,SALES,RFT,A,Active,PRMRE,123,80,,,,101631_PRMRE,EE101631_CO003,1.0,
101632,EE101632,CO001,Sandra,Sandra,Becker,sandra.becker@northernpipeline.com,1997-12-27,2021-09-13,2021-09-13,,01ADM1,Administrative Assistant,ADMIN,RPT,T,Terminated,NRTHP,120,100,102854,"Wong, Robert",robert.wong@northernpipeline.com,101632_NRTHP,EE101632_CO001,0.45,2022-02-05
101633,EE101633,CO001,Mohammed,Mohammed,Flores,mohammed.flores@northernpipeline.com,1996-08-08,2021-09-15,2021-09-15,,55TRD1,Apprentice Technician,TRD,RFT,A,Active,NRTHP,122,40,101880,"Roberts, Christine",christine.roberts@westmarkmanufacturing.com,101633_NRTHP,EE101633_CO001,1.0,
101634,EE101634,CO004,Andrew,Andrew,Castillo,andrew.castillo@alpineconstruction.com,1979-01-08,2021-09-15,2021-09-15,,77ANL1,Data Analyst,ANLYT,RFT,T,Terminated,ALPNC,100,120,102980,"Jackson, Christopher",christopher.jackson@westmarkmanufacturing.com,101634_ALPNC,EE101634_CO004,1.0,2022-11-21
101635,EE101635,CO003,Mohammed,Mohammed,Murphy,mohammed.murphy@prairieresources.ca,1992-10-21,2021-09-15,2021-09-15,,26HR2,HR Generalist,HR,RFT,A,Active,PRMRE,105,240,101695,"Hall, Maria",maria.hall@prairieresources.ca,101635_PRMRE,EE101635_CO003,1.0,
101636,EE101636,CO004,Emily,Emily,Collins,emily.collins@alpineconstruction.com,1994-04-26,2021-09-16,2021-09-16,,55TRD1,Apprentice Technician,TRD,RFT,A,Active,ALPNC,111,140,100755,"Jackson, Jeffrey",jeffrey.jackson@northernpipeline.com,101636_ALPNC,EE101636_CO004,1.0,
101637,EE101637,CO001,Henry,Henry,Li,henry.li@northernpipeline.com,1999-04-05,2021-09-17,2021-09-17,,61WHS2,Warehouse Clerk,WHSE,RFT,A,Active,NRTHP,122,250,102017,"Young, Timothy",timothy.young@northernpipeline.com,101637_NRTHP,EE101637_CO001,1.0,
101638,EE101638,CO002,Matthew,Matthew,Mueller,matthew.mueller@westmarkmanufacturing.com,1985-09-23,2021-09-17,2021-09-17,,94LEG2,Paralegal,LEGAL,RFT,A,Active,WSTMF,102,220,102813,"Mitchell, John",john.mitchell@alpineconstruction.com,101638_WSTMF,EE101638_CO002,1.0,
101639,EE101639,CO003,Janet,Janet,Green,janet.green@prairieresources.ca,1969-06-06,2021-09-17,2021-09-17,,72MKT3,Senior Marketing Specialist,MKTG,RPT,T,Terminated,PRMRE,122,200,101063,"Morales, Nathan",nathan.morales@westmarkmanufacturing.com,101639_PRMRE,EE101639_CO003,0.47,2021-10-20
101640,EE101640,CO003,Aaron,Aaron,Williams,aaron.williams@prairieresources.ca,2000-08-30,2021-09-17,2021-09-17,,41SAL1,Sales Representative,SALES,RFT,A,Active,PRMRE,118,210,101721,"Larsson, Aaron",aaron.larsson@northernpipeline.com,101640_PRMRE,EE101640_CO003,1.0,
101641,EE101641,CO003,Tyler,Tyler,Gonzalez,tyler.gonzalez@prairieresources.ca,1989-08-16,2021-09-20,2021-09-20,,56TRD2,Journeyman Technician,TRD,RFT,T,Terminated,PRMRE,121,60,102633,"Edwards, Jessica",jessica.edwards@prairieresources.ca,101641_PRMRE,EE101641_CO003,1.0,2023-01-13
101642,EE101642,CO002,Karen,Karen,Hernandez,karen.hernandez@westmarkmanufacturing.com,1975-02-14,2021-09-20,2021-09-20,,66TEC2,Service Technician,TECH,RFT,T,Terminated,WSTMF,113,240,102205,"Flores, Pierre",pierre.flores@northernpipeline.com,101642_WSTMF,EE101642_CO002,1.0,2023-02-15
101643,EE101643,CO003,Joshua,Joshua,Hill,joshua.hill@prairieresources.ca,1990-06-01,2021-09-21,2021-09-21,,03ADM3,Senior Administrative Coordinator,ADMIN,RPT,T,Terminated,PRMRE,105,210,,,,101643_PRMRE,EE101643_CO003,0.48,2023-07-06
101644,EE101644,CO004,Laura,Laura,Clark,laura.clark@alpineconstruction.com,1985-07-14,2021-09-21,2021-09-21,,60WHS1,Warehouse Associate,WHSE,RFT,A,Active,ALPNC,116,90,102267,"Schmidt, Kimberly",kimberly.schmidt@alpineconstruction.com,101644_ALPNC,EE101644_CO004,1.0,
101645,EE101645,CO002,Kimberly,Kimberly,Sanders,kimberly.sanders@westmarkmanufacturing.com,1999-12-23,2021-09-21,2021-09-21,,60WHS1,Warehouse Associate,WHSE,RFT,T,Terminated,WSTMF,107,40,101830,"Taylor, William",william.taylor@westmarkmanufacturing.com,101645_WSTMF,EE101645_CO002,1.0,2021-10-31
101646,EE101646,CO004,Jack,Jack,Diaz,jack.diaz@alpineconstruction.com,1984-12-22,2021-09-21,2021-09-21,,03ADM3,Senior Administrative Coordinator,ADMIN,RFT,T,Terminated,ALPNC,100,170,,,,101646_ALPNC,EE101646_CO004,1.0,2025-10-05
101647,EE101647,CO002,Emily,Emily,Morales,emily.morales@westmarkmanufacturing.com,1991-05-19,2021-09-22,2021-09-22,,55TRD1,Apprentice Technician,TRD,RFT,T,Terminated,WSTMF,113,120,,,,101647_WSTMF,EE101647_CO002,1.0,2023-08-01
101648,EE101648,CO004,Adam,Adam,Murphy,adam.murphy@alpineconstruction.com,1979-12-18,2021-09-22,2021-09-22,,16CSR4,Customer Service Team Lead,CSR,RFT,T,Terminated,ALPNC,112,140,,,,101648_ALPNC,EE101648_CO004,1.0,2023-03-14
101649,EE101649,CO003,Marie,Marie,Young,marie.young@prairieresources.ca,1978-03-29,2021-09-22,2021-09-22,,77ANL1,Data Analyst,ANLYT,RFT,A,Active,PRMRE,105,70,101023,"Myers, Pierre",pierre.myers@prairieresources.ca,101649_PRMRE,EE101649_CO003,1.0,
101650,EE101650,CO004,Olivia,Olivia,Thompson,olivia.thompson@alpineconstruction.com,1964-04-19,2021-09-22,2021-09-22,,57TRD3,Senior Technician,TRD,RFT,T,Terminated,ALPNC,104,20,,,,101650_ALPNC,EE101650_CO004,1.0,2024-06-12
101651,EE101651,CO001,Melissa,Melissa,Kim,melissa.kim@northernpipeline.com,1984-08-25,2021-09-22,2021-09-22,,02ADM2,Administrative Coordinator,ADMIN,RFT,T,Terminated,NRTHP,108,210,,,,101651_NRTHP,EE101651_CO001,1.0,2025-04-10
101652,EE101652,CO001,Janet,Janet,Parker,janet.parker@northernpipeline.com,1986-02-12,2021-09-23,2021-09-23,,58TRD4,Lead Technician,TRD,RPT,T,Terminated,NRTHP,103,250,,,,101652_NRTHP,EE101652_CO001,0.72,2023-02-13
101653,EE101653,CO001,Debra,Debra,Castillo,debra.castillo@northernpipeline.com,1987-12-06,2021-09-24,2021-09-24,,65TEC1,Field Technician,TECH,TAW,A,Active,NRTHP,117,210,100414,"Green, Thomas",thomas.green@northernpipeline.com,101653_NRTHP,EE101653_CO001,1.0,
101654,EE101654,CO001,Linda,Linda,Larsson,linda.larsson@northernpipeline.com,1993-09-05,2021-09-24,2021-09-24,,15CSR3,Senior Customer Service Specialist,CSR,RFT,A,Active,NRTHP,100,90,100821,"Morales, Catherine",catherine.morales@alpineconstruction.com,101654_NRTHP,EE101654_CO001,1.0,
101655,EE101655,CO001,Joyce,Joyce,Sanders,joyce.sanders@northernpipeline.com,1986-09-18,2021-09-24,2021-09-24,,65TEC1,Field Technician,TECH,RFT,A,Active,NRTHP,104,250,102707,"Kim, Maria",maria.kim@alpineconstruction.com,101655_NRTHP,EE101655_CO001,1.0,
101656,EE101656,CO002,Carolyn,Carolyn,Johansson,carolyn.johansson@westmarkmanufacturing.com,1992-06-17,2021-09-24,2021-09-24,,80ANL4,Analytics Lead,ANLYT,RFT,T,Terminated,WSTMF,104,100,,,,101656_WSTMF,EE101656_CO002,1.0,2021-11-10
101657,EE101657,CO004,Matthew,Matthew,Cook,matthew.cook@alpineconstruction.com,1988-02-19,2021-09-24,2021-09-24,,55TRD1,Apprentice Technician,TRD,RPT,A,Active,ALPNC,121,210,101318,"Gonzalez, Rachel",rachel.gonzalez@prairieresources.ca,101657_ALPNC,EE101657_CO004,0.53,
101658,EE101658,CO002,Emma,Emma,Stewart,emma.stewart@westmarkmanufacturing.com,1976-08-21,2021-09-24,2021-09-24,,91PRO4,Senior Project Manager,PROJ,RFT,T,Terminated,WSTMF,115,80,,,,101658_WSTMF,EE101658_CO002,1.0,2023-10-26
101659,EE101659,CO004,Emma,Emma,Jimenez,emma.jimenez@alpineconstruction.com,2000-01-28,2021-09-27,2021-09-27,,42SAL2,Account Executive,SALES,RPT,A,Active,ALPNC,100,120,102980,"Jackson, Christopher",christopher.jackson@westmarkmanufacturing.com,101659_ALPNC,EE101659_CO004,0.62,
101660,EE101660,CO002,Rachel,Rachel,Patel,rachel.patel@westmarkmanufacturing.com,1978-08-08,2021-09-27,2021-09-27,,60WHS1,Warehouse Associate,WHSE,RFT,T,Terminated,WSTMF,102,50,102746,"Castillo, Nathan",nathan.castillo@alpineconstruction.com,101660_WSTMF,EE101660_CO002,1.0,2023-07-26
101661,EE101661,CO004,Sakura,Sakura,Thomas,sakura.thomas@alpineconstruction.com,1976-04-22,2021-09-28,2021-09-28,,45SAL5,Sales Manager,SALES,RFT,A,Active,ALPNC,121,50,,,,101661_ALPNC,EE101661_CO004,1.0,
101662,EE101662,CO004,Barbara,Barbara,Miller,barbara.miller@alpineconstruction.com,1991-06-26,2021-09-28,2021-09-28,,50OPS3,Operations Specialist,OPS,RFT,T,Terminated,ALPNC,115,130,101190,"Morris, Julie",julie.morris@prairieresources.ca,101662_ALPNC,EE101662_CO004,1.0,2022-04-21
101663,EE101663,CO003,Patricia,Patricia,Ross,patricia.ross@prairieresources.ca,2003-01-20,2021-09-28,2021-09-28,,92PRO5,Program Manager,PROJ,RFT,T,Terminated,PRMRE,100,190,,,,101663_PRMRE,EE101663_CO003,1.0,2022-12-06
101664,EE101664,CO003,Nathan,Nathan,Nilsson,nathan.nilsson@prairieresources.ca,1995-10-14,2021-10-01,2021-10-01,,42SAL2,Account Executive,SALES,CON,T,Terminated,PRMRE,122,200,101063,"Morales, Nathan",nathan.morales@westmarkmanufacturing.com,101664_PRMRE,EE101664_CO003,1.0,2022-05-26
101665,EE101665,CO003,Jeffrey,Jeffrey,Harris,jeffrey.harris@prairieresources.ca,1976-11-19,2021-10-01,2021-10-01,,49OPS2,Operations Coordinator,OPS,TFT,T,Terminated,PRMRE,121,40,102259,"Martinez, Nicole",nicole.martinez@alpineconstruction.com,101665_PRMRE,EE101665_CO003,1.0,2021-12-15
101666,EE101666,CO001,Pierre,Pierre,Parker,pierre.parker@northernpipeline.com,1990-09-17,2021-10-01,2021-10-01,,61WHS2,Warehouse Clerk,WHSE,RFT,T,Terminated,NRTHP,101,110,,,,101666_NRTHP,EE101666_CO001,1.0,2022-09-15
101667,EE101667,CO001,Helen,Helen,Watson,helen.watson@northernpipeline.com,1999-03-04,2021-10-04,2021-10-04,,65TEC1,Field Technician,TECH,RFT,T,Terminated,NRTHP,115,70,,,,101667_NRTHP,EE101667_CO001,1.0,2022-02-14
101668,EE101668,CO001,Barbara,Barbara,Collins,barbara.collins@northernpipeline.com,1994-10-26,2021-10-04,2021-10-04,,35IT3,Senior Developer,IT,RFT,A,Active,NRTHP,119,60,,,,101668_NRTHP,EE101668_CO001,1.0,
101669,EE101669,CO001,Aaron,Aaron,Kim,aaron.kim@northernpipeline.com,1980-12-27,2021-10-04,2021-10-04,,64WHS5,Warehouse Manager,WHSE,RFT,T,Terminated,NRTHP,109,30,,,,101669_NRTHP,EE101669_CO001,1.0,2023-06-03
101670,EE101670,CO004,Betty,Betty,Flores,betty.flores@alpineconstruction.com,1984-07-02,2021-10-04,2021-10-04,,90PRO3,Project Manager,PROJ,RFT,A,Active,ALPNC,116,30,,,,101670_ALPNC,EE101670_CO004,1.0,
101671,EE101671,CO003,Mary,Mary,Carter,mary.carter@prairieresources.ca,1991-11-30,2021-10-04,2021-10-04,,61WHS2,Warehouse Clerk,WHSE,RFT,T,Terminated,PRMRE,117,210,,,,101671_PRMRE,EE101671_CO003,1.0,2023-02-21
101672,EE101672,CO003,Nicole,Nicole,Brooks,nicole.brooks@prairieresources.ca,1993-07-26,2021-10-05,2021-10-05,,50OPS3,Operations Specialist,OPS,RFT,T,Terminated,PRMRE,121,210,,,,101672_PRMRE,EE101672_CO003,1.0,2022-02-09
101673,EE101673,CO001,Carolyn,Carolyn,Evans,carolyn.evans@northernpipeline.com,1993-05-29,2021-10-05,2021-10-05,,05ACC1,Accounts Payable Clerk,ACCTG,RFT,T,Terminated,NRTHP,114,10,102027,"Wong, Rebecca",rebecca.wong@northernpipeline.com,101673_NRTHP,EE101673_CO001,1.0,2023-05-23
101674,EE101674,CO003,Samuel,Samuel,Alvarez,samuel.alvarez@prairieresources.ca,1999-05-24,2021-10-05,2021-10-05,,34IT2,Software Developer,IT,RFT,A,Active,PRMRE,121,230,102034,"Bailey, Amanda",amanda.bailey@alpineconstruction.com,101674_PRMRE,EE101674_CO003,1.0,
101675,EE101675,CO002,Helen,Helen,Young,helen.young@westmarkmanufacturing.com,1973-06-26,2021-10-07,2021-10-07,,27HR3,Senior HR Generalist,HR,CON,T,Terminated,WSTMF,107,140,,,,101675_WSTMF,EE101675_CO002,1.0,2022-01-08
101676,EE101676,CO003,Giovanni,Giovanni,Young,giovanni.young@prairieresources.ca,1993-03-09,2021-10-08,2021-10-08,,08ACC3,Senior Accountant,ACCTG,RFT,T,Terminated,PRMRE,102,130,102468,"Morgan, Sofia",sofia.morgan@prairieresources.ca,101676_PRMRE,EE101676_CO003,1.0,2022-02-21
101677,EE101677,CO003,Jose,Jose,Davis,jose.davis@prairieresources.ca,1976-12-21,2021-10-08,2021-10-08,,19ENG2,Engineer,ENGR,RFT,A,Active,PRMRE,116,110,,,,101677_PRMRE,EE101677_CO003,1.0,
101678,EE101678,CO002,Eric,Eric,Chavez,eric.chavez@westmarkmanufacturing.com,1974-10-09,2021-10-08,2021-10-08,,51OPS4,Operations Lead,OPS,RPT,A,Active,WSTMF,122,100,,,,101678_WSTMF,EE101678_CO002,0.78,
101679,EE101679,CO003,Katherine,Katherine,Campbell,katherine.campbell@prairieresources.ca,1980-06-20,2021-10-08,2021-10-08,,08ACC3,Senior Accountant,ACCTG,RFT,T,Terminated,PRMRE,123,20,,,,101679_PRMRE,EE101679_CO003,1.0,2021-11-08
101680,EE101680,CO003,David,David,Gutierrez,david.gutierrez@prairieresources.ca,1994-08-04,2021-10-12,2021-10-12,,61WHS2,Warehouse Clerk,WHSE,RFT,A,Active,PRMRE,123,140,102554,"Kim, Marie",marie.kim@northernpipeline.com,101680_PRMRE,EE101680_CO003,1.0,
101681,EE101681,CO003,Laura,Laura,Taylor,laura.taylor@prairieresources.ca,1985-08-26,2021-10-12,2021-10-12,,14CSR2,Customer Service Specialist,CSR,TFT,T,Terminated,PRMRE,102,200,,,,101681_PRMRE,EE101681_CO003,1.0,2022-06-10
101682,EE101682,CO004,Raymond,Raymond,Green,raymond.green@alpineconstruction.com,1990-05-03,2021-10-12,2021-10-12,,78ANL2,Business Analyst,ANLYT,RFT,A,Active,ALPNC,100,210,101401,"Allen, Daniel",daniel.allen@prairieresources.ca,101682_ALPNC,EE101682_CO004,1.0,
101683,EE101683,CO003,Larry,Larry,Thompson,larry.thompson@prairieresources.ca,1998-10-21,2021-10-12,2021-10-12,,33IT2,Systems Administrator,IT,RPT,T,Terminated,PRMRE,117,140,102245,"Zhang, Yuki",yuki.zhang@prairieresources.ca,101683_PRMRE,EE101683_CO003,0.77,2021-10-16
101684,EE101684,CO004,Alexander,Alexander,Walker,alexander.walker@alpineconstruction.com,1986-06-09,2021-10-13,2021-10-13,,90PRO3,Project Manager,PROJ,RFT,T,Terminated,ALPNC,111,190,101390,"Harris, Kenneth",kenneth.harris@northernpipeline.com,101684_ALPNC,EE101684_CO004,1.0,2022-07-26
101685,EE101685,CO002,Pamela,Pamela,Johnson,pamela.johnson@westmarkmanufacturing.com,2001-09-09,2021-10-14,2021-10-14,,42SAL2,Account Executive,SALES,RFT,T,Terminated,WSTMF,122,220,,,,101685_WSTMF,EE101685_CO002,1.0,2025-04-09
101686,EE101686,CO003,Brian,Brian,Davis,brian.davis@prairieresources.ca,1978-03-04,2021-10-14,2021-10-14,,65TEC1,Field Technician,TECH,RFT,A,Active,PRMRE,121,70,100548,"Price, Emma",emma.price@northernpipeline.com,101686_PRMRE,EE101686_CO003,1.0,
101687,EE101687,CO001,Kimberly,Kimberly,Collins,kimberly.collins@northernpipeline.com,1994-02-14,2021-10-14,2021-10-14,,04ADM4,Executive Assistant,ADMIN,RFT,T,Terminated,NRTHP,116,240,,,,101687_NRTHP,EE101687_CO001,1.0,2021-11-22
101688,EE101688,CO004,Patricia,Patricia,Patel,patricia.patel@alpineconstruction.com,1987-01-15,2021-10-15,2021-10-15,,26HR2,HR Generalist,HR,RFT,A,Active,ALPNC,115,80,101251,"Li, Matthew",matthew.li@westmarkmanufacturing.com,101688_ALPNC,EE101688_CO004,1.0,
101689,EE101689,CO004,Lisa,Lisa,Persson,lisa.persson@alpineconstruction.com,1987-07-14,2021-10-15,2021-10-15,,60WHS1,Warehouse Associate,WHSE,RFT,T,Terminated,ALPNC,100,250,102201,"Reed, Sandra",sandra.reed@westmarkmanufacturing.com,101689_ALPNC,EE101689_CO004,1.0,2026-01-20
101690,EE101690,CO002,Thomas,Thomas,Price,thomas.price@westmarkmanufacturing.com,1991-10-28,2021-10-15,2021-10-15,,50OPS3,Operations Specialist,OPS,RFT,T,Terminated,WSTMF,110,20,,,,101690_WSTMF,EE101690_CO002,1.0,2023-03-28
101691,EE101691,CO002,Melissa,Melissa,Jones,melissa.jones@westmarkmanufacturing.com,1983-11-04,2021-10-15,2021-10-15,,89PRO2,Project Coordinator,PROJ,RFT,A,Active,WSTMF,104,50,102316,"Watson, Heather",heather.watson@westmarkmanufacturing.com,101691_WSTMF,EE101691_CO002,1.0,
101692,EE101692,CO003,Dennis,Dennis,Gonzalez,dennis.gonzalez@prairieresources.ca,1994-06-15,2021-10-15,2021-10-15,,51OPS4,Operations Lead,OPS,CON,A,Active,PRMRE,122,160,100003,"Liu, Barbara",barbara.liu@northernpipeline.com,101692_PRMRE,EE101692_CO003,1.0,
101693,EE101693,CO001,Gregory,Gregory,Flores,gregory.flores@northernpipeline.com,1981-04-19,2021-10-18,2021-10-18,,41SAL1,Sales Representative,SALES,RFT,T,Terminated,NRTHP,124,20,100463,"Mitchell, Margaret",margaret.mitchell@prairieresources.ca,101693_NRTHP,EE101693_CO001,1.0,2021-11-02
101694,EE101694,CO003,George,George,Tanaka,george.tanaka@prairieresources.ca,2003-04-20,2021-10-18,2021-10-18,,18ENG1,Junior Engineer,ENGR,CON,T,Terminated,PRMRE,118,150,102348,"Long, Yuki",yuki.long@westmarkmanufacturing.com,101694_PRMRE,EE101694_CO003,1.0,2022-05-09
101695,EE101695,CO003,Maria,Maria,Hall,maria.hall@prairieresources.ca,1988-05-12,2021-10-18,2021-10-18,,50OPS3,Operations Specialist,OPS,CON,A,Active,PRMRE,105,240,,,,101695_PRMRE,EE101695_CO003,1.0,
101696,EE101696,CO004,Frank,Frank,Chen,frank.chen@alpineconstruction.com,1970-08-05,2021-10-19,2021-10-19,,18ENG1,Junior Engineer,ENGR,TAW,T,Terminated,ALPNC,102,230,102105,"Wang, Melissa",melissa.wang@prairieresources.ca,101696_ALPNC,EE101696_CO004,1.0,2022-04-25
101697,EE101697,CO002,Benjamin,Benjamin,Martinez,benjamin.martinez@westmarkmanufacturing.com,2000-02-03,2021-10-20,2021-10-20,,07ACC2,Accountant,ACCTG,RFT,A,Active,WSTMF,100,140,101268,"Schulz, Jonathan",jonathan.schulz@westmarkmanufacturing.com,101697_WSTMF,EE101697_CO002,1.0,
101698,EE101698,CO003,Jeffrey,Jeffrey,Kelly,jeffrey.kelly@prairieresources.ca,1996-03-21,2021-10-21,2021-10-21,,25HR1,HR Coordinator,HR,RFT,A,Active,PRMRE,116,140,101433,"Persson, Benjamin",benjamin.persson@alpineconstruction.com,101698_PRMRE,EE101698_CO003,1.0,
101699,EE101699,CO001,Richard,Richard,Rogers,richard.rogers@northernpipeline.com,1984-03-30,2021-10-22,2021-10-22,,14CSR2,Customer Service Specialist,CSR,RFT,T,Terminated,NRTHP,104,140,,,,101699_NRTHP,EE101699_CO001,1.0,2023-05-30
101700,EE101700,CO004,Sakura,Sakura,Schneider,sakura.schneider@alpineconstruction.com,1988-03-09,2021-10-22,2021-10-22,,14CSR2,Customer Service Specialist,CSR,RFT,A,Active,ALPNC,100,90,100821,"Morales, Catherine",catherine.morales@alpineconstruction.com,101700_ALPNC,EE101700_CO004,1.0,
101701,EE101701,CO002,Nancy,Nancy,Johnson,nancy.johnson@westmarkmanufacturing.com,1986-04-12,2021-10-22,2021-10-22,,19ENG2,Engineer,ENGR,RFT,A,Active,WSTMF,122,60,101827,"Howard, Patricia",patricia.howard@prairieresources.ca,101701_WSTMF,EE101701_CO002,1.0,
101702,EE101702,CO004,Joseph,Joseph,Wright,joseph.wright@alpineconstruction.com,1985-10-30,2021-10-22,2021-10-22,,71MKT2,Marketing Specialist,MKTG,CON,T,Terminated,ALPNC,119,30,,,,101702_ALPNC,EE101702_CO004,1.0,2022-08-14
101703,EE101703,CO004,Joseph,Joseph,Schneider,joseph.schneider@alpineconstruction.com,1983-07-26,2021-10-22,2021-10-22,,13CSR1,Customer Service Representative,CSR,RFT,T,Terminated,ALPNC,116,80,101349,"Edwards, Aisha",aisha.edwards@prairieresources.ca,101703_ALPNC,EE101703_CO004,1.0,2021-12-09
101704,EE101704,CO001,Karen,Karen,Wang,karen.wang@northernpipeline.com,1978-10-10,2021-10-22,2021-10-22,,01ADM1,Administrative Assistant,ADMIN,RFT,A,Active,NRTHP,123,220,102187,"Howard, Kathleen",kathleen.howard@prairieresources.ca,101704_NRTHP,EE101704_CO001,1.0,
101705,EE101705,CO004,Brian,Brian,Johnson,brian.johnson@alpineconstruction.com,1984-11-03,2021-10-22,2021-10-22,,36IT3,Senior Systems Administrator,IT,RPT,A,Active,ALPNC,124,240,,,,101705_ALPNC,EE101705_CO004,0.68,
101706,EE101706,CO001,Jessica,Jessica,Fischer,jessica.fischer@northernpipeline.com,1991-11-28,2021-10-27,2021-10-27,,78ANL2,Business Analyst,ANLYT,RFT,A,Active,NRTHP,116,210,,,,101706_NRTHP,EE101706_CO001,1.0,
101707,EE101707,CO003,Paul,Paul,Singh,paul.singh@prairieresources.ca,1983-04-01,2021-10-28,2021-10-28,,78ANL2,Business Analyst,ANLYT,RFT,T,Terminated,PRMRE,121,250,100240,"Morris, Joshua",joshua.morris@northernpipeline.com,101707_PRMRE,EE101707_CO003,1.0,2025-10-15
101708,EE101708,CO004,Brian,Brian,Jimenez,brian.jimenez@alpineconstruction.com,1971-08-01,2021-11-01,2021-11-01,,48OPS1,Operations Assistant,OPS,RPT,A,Active,ALPNC,111,80,100773,"Olsson, Debra",debra.olsson@alpineconstruction.com,101708_ALPNC,EE101708_CO004,0.65,
101709,EE101709,CO001,Carol,Carol,Baker,carol.baker@northernpipeline.com,1991-07-23,2021-11-02,2021-11-02,,84SUP5,Area Supervisor,SUPV,RPT,T,Terminated,NRTHP,112,120,,,,101709_NRTHP,EE101709_CO001,0.79,2024-07-09
101710,EE101710,CO003,Astrid,Astrid,Richardson,astrid.richardson@prairieresources.ca,1999-07-12,2021-11-02,2021-11-02,,65TEC1,Field Technician,TECH,RFT,T,Terminated,PRMRE,123,220,102187,"Howard, Kathleen",kathleen.howard@prairieresources.ca,101710_PRMRE,EE101710_CO003,1.0,2023-08-28
101711,EE101711,CO001,Emily,Emily,Larsson,emily.larsson@northernpipeline.com,1978-01-16,2021-11-03,2021-11-03,,60WHS1,Warehouse Associate,WHSE,RFT,A,Active,NRTHP,121,70,100548,"Price, Emma",emma.price@northernpipeline.com,101711_NRTHP,EE101711_CO001,1.0,
101712,EE101712,CO004,Gregory,Gregory,Wood,gregory.wood@alpineconstruction.com,1990-11-18,2021-11-03,2021-11-03,,02ADM2,Administrative Coordinator,ADMIN,RPT,T,Terminated,ALPNC,115,250,100992,"Moore, Ronald",ronald.moore@westmarkmanufacturing.com,101712_ALPNC,EE101712_CO004,0.68,2023-04-16
101713,EE101713,CO001,Gregory,Gregory,Cooper,gregory.cooper@northernpipeline.com,2003-03-03,2021-11-04,2021-11-04,,26HR2,HR Generalist,HR,RFT,T,Terminated,NRTHP,115,90,102088,"Moore, Matthew",matthew.moore@westmarkmanufacturing.com,101713_NRTHP,EE101713_CO001,1.0,2023-09-24
101714,EE101714,CO002,Paul,Paul,Miller,paul.miller@westmarkmanufacturing.com,1981-03-15,2021-11-05,2021-11-05,,07ACC2,Accountant,ACCTG,RFT,T,Terminated,WSTMF,108,30,,,,101714_WSTMF,EE101714_CO002,1.0,2023-08-29
101715,EE101715,CO001,Sofia,Sofia,Shah,sofia.shah@northernpipeline.com,1995-10-05,2021-11-05,2021-11-05,,03ADM3,Senior Administrative Coordinator,ADMIN,RPT,T,Terminated,NRTHP,100,30,101389,"Stewart, Jacob",jacob.stewart@alpineconstruction.com,101715_NRTHP,EE101715_CO001,0.57,2024-04-22
101716,EE101716,CO002,Angela,Angela,Martinez,angela.martinez@westmarkmanufacturing.com,1990-08-29,2021-11-05,2021-11-05,,15CSR3,Senior Customer Service Specialist,CSR,CON,A,Active,WSTMF,122,210,,,,101716_WSTMF,EE101716_CO002,1.0,
101717,EE101717,CO003,Mark,Mark,Evans,mark.evans@prairieresources.ca,1986-04-01,2021-11-05,2021-11-05,,65TEC1,Field Technician,TECH,RFT,A,Active,PRMRE,102,240,101786,"Cox, Kevin",kevin.cox@alpineconstruction.com,101717_PRMRE,EE101717_CO003,1.0,
101718,EE101718,CO002,Daniel,Daniel,Li,daniel.li@westmarkmanufacturing.com,1987-12-23,2021-11-05,2021-11-05,,05ACC1,Accounts Payable Clerk,ACCTG,RFT,T,Terminated,WSTMF,105,120,100310,"Ross, Michael",michael.ross@westmarkmanufacturing.com,101718_WSTMF,EE101718_CO002,1.0,2021-12-12
101719,EE101719,CO001,Amy,Amy,Martinez,amy.martinez@northernpipeline.com,1982-05-21,2021-11-08,2021-11-08,,57TRD3,Senior Technician,TRD,RFT,A,Active,NRTHP,109,50,,,,101719_NRTHP,EE101719_CO001,1.0,
101720,EE101720,CO001,Jose,Jose,Sanders,jose.sanders@northernpipeline.com,1994-08-03,2021-11-09,2021-11-09,,91PRO4,Senior Project Manager,PROJ,RFT,A,Active,NRTHP,100,220,,,,101720_NRTHP,EE101720_CO001,1.0,
101721,EE101721,CO001,Aaron,Aaron,Larsson,aaron.larsson@northernpipeline.com,1983-12-13,2021-11-11,2021-11-11,,45SAL5,Sales Manager,SALES,TAW,A,Active,NRTHP,118,210,,,,101721_NRTHP,EE101721_CO001,1.0,
101722,EE101722,CO003,Patrick,Patrick,Phillips,patrick.phillips@prairieresources.ca,1992-10-22,2021-11-12,2021-11-12,,41SAL1,Sales Representative,SALES,RFT,T,Terminated,PRMRE,116,250,,,,101722_PRMRE,EE101722_CO003,1.0,2024-02-02
101723,EE101723,CO001,Emma,Emma,Anderson,emma.anderson@northernpipeline.com,1982-02-25,2021-11-12,2021-11-12,,77ANL1,Data Analyst,ANLYT,RPT,A,Active,NRTHP,113,30,,,,101723_NRTHP,EE101723_CO001,0.62,
101724,EE101724,CO001,Fatima,Fatima,Morales,fatima.morales@northernpipeline.com,1983-04-09,2021-11-15,2021-11-15,,20ENG3,Senior Engineer,ENGR,RPT,A,Active,NRTHP,116,220,,,,101724_NRTHP,EE101724_CO001,0.72,
101725,EE101725,CO001,David,David,Sanders,david.sanders@northernpipeline.com,1999-08-04,2021-11-18,2021-11-18,,25HR1,HR Coordinator,HR,RPT,A,Active,NRTHP,124,70,102457,"Ross, Pamela",pamela.ross@westmarkmanufacturing.com,101725_NRTHP,EE101725_CO001,0.72,
101726,EE101726,CO003,Anthony,Anthony,Thomas,anthony.thomas@prairieresources.ca,1979-05-28,2021-11-19,2021-11-19,,60WHS1,Warehouse Associate,WHSE,RPT,A,Active,PRMRE,100,150,100702,"Reed, Melissa",melissa.reed@westmarkmanufacturing.com,101726_PRMRE,EE101726_CO003,0.49,
101727,EE101727,CO001,Olga,Olga,Moore,olga.moore@northernpipeline.com,1995-03-30,2021-11-19,2021-11-19,,89PRO2,Project Coordinator,PROJ,CON,T,Terminated,NRTHP,112,50,,,,101727_NRTHP,EE101727_CO001,1.0,2022-12-28
101728,EE101728,CO004,Nicholas,Nicholas,Liu,nicholas.liu@alpineconstruction.com,1981-10-08,2021-11-19,2021-11-19,,49OPS2,Operations Coordinator,OPS,CON,T,Terminated,ALPNC,119,150,101181,"Howard, Jacob",jacob.howard@alpineconstruction.com,101728_ALPNC,EE101728_CO004,1.0,2022-11-29
101729,EE101729,CO003,Adam,Adam,Lewis,adam.lewis@prairieresources.ca,1986-01-18,2021-11-19,2021-11-19,,79ANL3,Senior Data Analyst,ANLYT,TFT,T,Terminated,PRMRE,105,160,,,,101729_PRMRE,EE101729_CO003,1.0,2023-01-24
101730,EE101730,CO004,Jacob,Jacob,Price,jacob.price@alpineconstruction.com,1971-08-18,2021-11-19,2021-11-19,,19ENG2,Engineer,ENGR,RFT,A,Active,ALPNC,112,180,,,,101730_ALPNC,EE101730_CO004,1.0,
101731,EE101731,CO001,Jose,Jose,Young,jose.young@northernpipeline.com,1991-12-25,2021-11-22,2021-11-22,,90PRO3,Project Manager,PROJ,RPT,A,Active,NRTHP,118,140,,,,101731_NRTHP,EE101731_CO001,0.64,
101732,EE101732,CO004,Susan,Susan,Scott,susan.scott@alpineconstruction.com,1993-09-03,2021-11-25,2021-11-25,,65TEC1,Field Technician,TECH,RFT,T,Terminated,ALPNC,112,20,101852,"Morgan, Ronald",ronald.morgan@northernpipeline.com,101732_ALPNC,EE101732_CO004,1.0,2025-08-03
101733,EE101733,CO002,Stephen,Stephen,Scott,stephen.scott@westmarkmanufacturing.com,1990-01-31,2021-11-26,2021-11-26,,26HR2,HR Generalist,HR,RPT,A,Active,WSTMF,110,150,100466,"Ramirez, David",david.ramirez@westmarkmanufacturing.com,101733_WSTMF,EE101733_CO002,0.41,
101734,EE101734,CO004,Emma,Emma,Gonzalez,emma.gonzalez@alpineconstruction.com,1993-09-30,2021-11-26,2021-11-26,,35IT3,Senior Developer,IT,RFT,T,Terminated,ALPNC,112,150,,,,101734_ALPNC,EE101734_CO004,1.0,2021-11-27
101735,EE101735,CO003,Adam,Adam,Meyer,adam.meyer@prairieresources.ca,1982-03-12,2021-11-26,2021-11-26,,72MKT3,Senior Marketing Specialist,MKTG,CON,A,Active,PRMRE,122,20,102879,"Mueller, Dorothy",dorothy.mueller@northernpipeline.com,101735_PRMRE,EE101735_CO003,1.0,
101736,EE101736,CO003,Anthony,Anthony,Kelly,anthony.kelly@prairieresources.ca,2003-04-17,2021-11-26,2021-11-26,,49OPS2,Operations Coordinator,OPS,RFT,A,Active,PRMRE,122,100,101678,"Chavez, Eric",eric.chavez@westmarkmanufacturing.com,101736_PRMRE,EE101736_CO003,1.0,
101737,EE101737,CO002,Alexander,Alexander,White,alexander.white@westmarkmanufacturing.com,1999-12-07,2021-11-26,2021-11-26,,35IT3,Senior Developer,IT,RFT,T,Terminated,WSTMF,108,130,,,,101737_WSTMF,EE101737_CO002,1.0,2024-04-06
101738,EE101738,CO002,Heather,Heather,Young,heather.young@westmarkmanufacturing.com,2000-03-01,2021-12-01,2021-12-01,,62WHS3,Senior Warehouse Clerk,WHSE,RFT,A,Active,WSTMF,107,60,100988,"Wang, Ahmed",ahmed.wang@westmarkmanufacturing.com,101738_WSTMF,EE101738_CO002,1.0,
101739,EE101739,CO003,Amy,Amy,Hall,amy.hall@prairieresources.ca,1980-08-31,2021-12-03,2021-12-03,,34IT2,Software Developer,IT,RPT,A,Active,PRMRE,116,180,101899,"Patel, Cynthia",cynthia.patel@northernpipeline.com,101739_PRMRE,EE101739_CO003,0.64,
101740,EE101740,CO002,Michelle,Michelle,Thompson,michelle.thompson@westmarkmanufacturing.com,1972-04-05,2021-12-03,2021-12-03,,34IT2,Software Developer,IT,TAW,T,Terminated,WSTMF,106,150,,,,101740_WSTMF,EE101740_CO002,1.0,2022-11-26
101741,EE101741,CO003,Michael,Michael,Sanchez,michael.sanchez@prairieresources.ca,1991-11-02,2021-12-03,2021-12-03,,25HR1,HR Coordinator,HR,RFT,T,Terminated,PRMRE,122,60,101827,"Howard, Patricia",patricia.howard@prairieresources.ca,101741_PRMRE,EE101741_CO003,1.0,2022-04-24
101742,EE101742,CO002,Nicole,Nicole,Campbell,nicole.campbell@westmarkmanufacturing.com,1991-11-03,2021-12-08,2021-12-08,,07ACC2,Accountant,ACCTG,RFT,T,Terminated,WSTMF,124,50,101154,"Wilson, Andrew",andrew.wilson@alpineconstruction.com,101742_WSTMF,EE101742_CO002,1.0,2023-04-12
101743,EE101743,CO002,Julie,Julie,Zhang,julie.zhang@westmarkmanufacturing.com,1989-12-17,2021-12-09,2021-12-09,,36IT3,Senior Systems Administrator,IT,RFT,T,Terminated,WSTMF,122,120,,,,101743_WSTMF,EE101743_CO002,1.0,2022-04-10
101744,EE101744,CO004,Sarah,Sarah,Ward,sarah.ward@alpineconstruction.com,1978-01-07,2021-12-10,2021-12-10,,70MKT1,Marketing Coordinator,MKTG,RFT,A,Active,ALPNC,116,80,101349,"Edwards, Aisha",aisha.edwards@prairieresources.ca,101744_ALPNC,EE101744_CO004,1.0,
101745,EE101745,CO001,Adam,Adam,Gray,adam.gray@northernpipeline.com,1999-02-18,2021-12-17,2021-12-17,,66TEC2,Service Technician,TECH,RFT,T,Terminated,NRTHP,124,10,100895,"Li, George",george.li@alpineconstruction.com,101745_NRTHP,EE101745_CO001,1.0,2022-01-04
101746,EE101746,CO004,Elizabeth,Elizabeth,Ramos,elizabeth.ramos@alpineconstruction.com,1987-09-21,2021-12-20,2021-12-20,,68TEC4,Technical Specialist,TECH,RFT,T,Terminated,ALPNC,121,220,,,,101746_ALPNC,EE101746_CO004,1.0,2022-06-20
101747,EE101747,CO002,Nicole,Nicole,Adams,nicole.adams@westmarkmanufacturing.com,1980-03-17,2021-12-24,2021-12-24,,61WHS2,Warehouse Clerk,WHSE,RFT,A,Active,WSTMF,110,160,,,,101747_WSTMF,EE101747_CO002,1.0,
101748,EE101748,CO001,Brian,Brian,Howard,brian.howard@northernpipeline.com,1984-02-24,2021-12-24,2021-12-24,,35IT3,Senior Developer,IT,RFT,A,Active,NRTHP,120,180,,,,101748_NRTHP,EE101748_CO001,1.0,
101749,EE101749,CO002,Gary,Gary,Jackson,gary.jackson@westmarkmanufacturing.com,1988-10-03,2021-12-27,2021-12-27,,75MKT6,Director of Marketing,MKTG,RFT,T,Terminated,WSTMF,102,170,,,,101749_WSTMF,EE101749_CO002,1.0,2023-09-10
101750,EE101750,CO004,Dennis,Dennis,Lopez,dennis.lopez@alpineconstruction.com,1979-10-11,2021-12-28,2021-12-28,,18ENG1,Junior Engineer,ENGR,CON,T,Terminated,ALPNC,112,50,,,,101750_ALPNC,EE101750_CO004,1.0,2022-07-16
101751,EE101751,CO001,Susan,Susan,Flores,susan.flores@northernpipeline.com,2003-05-06,2021-12-28,2021-12-28,,25HR1,HR Coordinator,HR,RFT,A,Active,NRTHP,118,180,101922,"Kumar, Helen",helen.kumar@northernpipeline.com,101751_NRTHP,EE101751_CO001,1.0,
101752,EE101752,CO002,Aisha,Aisha,Kelly,aisha.kelly@westmarkmanufacturing.com,1983-03-01,2021-12-31,2021-12-31,,32IT1,IT Support Technician,IT,RFT,T,Terminated,WSTMF,107,120,,,,101752_WSTMF,EE101752_CO002,1.0,2024-11-28
101753,EE101753,CO001,Jessica,Jessica,Zhang,jessica.zhang@northernpipeline.com,1996-11-08,2021-12-31,2021-12-31,,89PRO2,Project Coordinator,PROJ,RPT,A,Active,NRTHP,114,160,102948,"Diaz, Ashley",ashley.diaz@northernpipeline.com,101753_NRTHP,EE101753_CO001,0.75,
101754,EE101754,CO004,Rebecca,Rebecca,Meyer,rebecca.meyer@alpineconstruction.com,2003-08-29,2021-12-31,2021-12-31,,42SAL2,Account Executive,SALES,RPT,T,Terminated,ALPNC,124,210,102698,"Lee, Emma",emma.lee@westmarkmanufacturing.com,101754_ALPNC,EE101754_CO004,0.79,2022-10-10
101755,EE101755,CO001,William,William,White,william.white@northernpipeline.com,1984-02-22,2021-12-31,2021-12-31,,13CSR1,Customer Service Representative,CSR,RPT,A,Active,NRTHP,114,180,102185,"Mueller, Jonathan",jonathan.mueller@northernpipeline.com,101755_NRTHP,EE101755_CO001,0.61,
101756,EE101756,CO001,Nicole,Nicole,Schmidt,nicole.schmidt@northernpipeline.com,1976-08-25,2022-01-03,2022-01-03,,06ACC1,Accounts Receivable Clerk,ACCTG,RFT,T,Terminated,NRTHP,112,180,101730,"Price, Jacob",jacob.price@alpineconstruction.com,101756_NRTHP,EE101756_CO001,1.0,2024-10-20
101757,EE101757,CO001,Timothy,Timothy,Gomez,timothy.gomez@northernpipeline.com,1991-06-22,2022-01-04,2022-01-04,,56TRD2,Journeyman Technician,TRD,RPT,T,Terminated,NRTHP,109,240,,,,101757_NRTHP,EE101757_CO001,0.55,2023-02-22
101758,EE101758,CO003,Carol,Carol,Ross,carol.ross@prairieresources.ca,1980-05-11,2022-01-04,2022-01-04,,55TRD1,Apprentice Technician,TRD,RFT,T,Terminated,PRMRE,105,10,101036,"Sanders, Anthony",anthony.sanders@prairieresources.ca,101758_PRMRE,EE101758_CO003,1.0,2025-12-19
101759,EE101759,CO001,Thomas,Thomas,Peterson,thomas.peterson@northernpipeline.com,1973-05-12,2022-01-05,2022-01-05,,27HR3,Senior HR Generalist,HR,RFT,T,Terminated,NRTHP,124,170,102836,"Alvarez, Deborah",deborah.alvarez@westmarkmanufacturing.com,101759_NRTHP,EE101759_CO001,1.0,2024-10-09
101760,EE101760,CO001,Katherine,Katherine,Turner,katherine.turner@northernpipeline.com,1976-02-16,2022-01-05,2022-01-05,,65TEC1,Field Technician,TECH,RFT,T,Terminated,NRTHP,112,10,102001,"Perez, Melissa",melissa.perez@northernpipeline.com,101760_NRTHP,EE101760_CO001,1.0,2023-06-22
101761,EE101761,CO001,Jessica,Jessica,Bailey,jessica.bailey@northernpipeline.com,1973-12-02,2022-01-06,2022-01-06,,33IT2,Systems Administrator,IT,TFT,A,Active,NRTHP,120,110,,,,101761_NRTHP,EE101761_CO001,1.0,
101762,EE101762,CO004,Jennifer,Jennifer,Rogers,jennifer.rogers@alpineconstruction.com,1982-07-26,2022-01-06,2022-01-06,,51OPS4,Operations Lead,OPS,RFT,T,Terminated,ALPNC,100,160,,,,101762_ALPNC,EE101762_CO004,1.0,2024-01-09
101763,EE101763,CO002,Christine,Christine,Collins,christine.collins@westmarkmanufacturing.com,1989-08-02,2022-01-07,2022-01-07,,32IT1,IT Support Technician,IT,RFT,T,Terminated,WSTMF,104,80,100073,"Myers, Aisha",aisha.myers@alpineconstruction.com,101763_WSTMF,EE101763_CO002,1.0,2025-01-27
101764,EE101764,CO001,Emma,Emma,Rodriguez,emma.rodriguez@northernpipeline.com,2003-01-20,2022-01-07,2022-01-07,,61WHS2,Warehouse Clerk,WHSE,RFT,A,Active,NRTHP,116,100,102766,"Nelson, Emily",emily.nelson@prairieresources.ca,101764_NRTHP,EE101764_CO001,1.0,
101765,EE101765,CO001,Catherine,Catherine,Cruz,catherine.cruz@northernpipeline.com,1992-08-20,2022-01-11,2022-01-11,,56TRD2,Journeyman Technician,TRD,RFT,A,Active,NRTHP,122,60,101827,"Howard, Patricia",patricia.howard@prairieresources.ca,101765_NRTHP,EE101765_CO001,1.0,
101766,EE101766,CO002,Jose,Jose,Reed,jose.reed@westmarkmanufacturing.com,1998-09-25,2022-01-12,2022-01-12,,51OPS4,Operations Lead,OPS,RPT,T,Terminated,WSTMF,107,20,,,,101766_WSTMF,EE101766_CO002,0.57,2022-09-06
101767,EE101767,CO003,Jeffrey,Jeffrey,Clark,jeffrey.clark@prairieresources.ca,1968-09-09,2022-01-12,2022-01-12,,18ENG1,Junior Engineer,ENGR,RFT,A,Active,PRMRE,117,120,,,,101767_PRMRE,EE101767_CO003,1.0,
101768,EE101768,CO003,Kenneth,Kenneth,Mueller,kenneth.mueller@prairieresources.ca,1991-05-13,2022-01-14,2022-01-14,,78ANL2,Business Analyst,ANLYT,RFT,A,Active,PRMRE,122,80,,,,101768_PRMRE,EE101768_CO003,1.0,
101769,EE101769,CO001,Virginia,Virginia,Jackson,virginia.jackson@northernpipeline.com,1988-06-07,2022-01-14,2022-01-14,,20ENG3,Senior Engineer,ENGR,CON,A,Active,NRTHP,118,240,102039,"Ramos, Diane",diane.ramos@prairieresources.ca,101769_NRTHP,EE101769_CO001,1.0,
101770,EE101770,CO004,Donald,Donald,Wong,donald.wong@alpineconstruction.com,1984-12-01,2022-01-14,2022-01-14,,25HR1,HR Coordinator,HR,RPT,A,Active,ALPNC,119,130,,,,101770_ALPNC,EE101770_CO004,0.61,
101771,EE101771,CO001,Cynthia,Cynthia,King,cynthia.king@northernpipeline.com,1989-12-25,2022-01-17,2022-01-17,,01ADM1,Administrative Assistant,ADMIN,RFT,A,Active,NRTHP,115,220,102648,"Flores, Ashley",ashley.flores@prairieresources.ca,101771_NRTHP,EE101771_CO001,1.0,
101772,EE101772,CO001,Donna,Donna,Ramos,donna.ramos@northernpipeline.com,1973-04-14,2022-01-17,2022-01-17,,89PRO2,Project Coordinator,PROJ,RFT,A,Active,NRTHP,113,40,,,,101772_NRTHP,EE101772_CO001,1.0,
101773,EE101773,CO001,Catherine,Catherine,Patel,catherine.patel@northernpipeline.com,1996-11-27,2022-01-19,2022-01-19,,62WHS3,Senior Warehouse Clerk,WHSE,RFT,T,Terminated,NRTHP,109,180,,,,101773_NRTHP,EE101773_CO001,1.0,2025-09-20
101774,EE101774,CO002,Jeffrey,Jeffrey,Rogers,jeffrey.rogers@westmarkmanufacturing.com,1988-07-16,2022-01-19,2022-01-19,,89PRO2,Project Coordinator,PROJ,RFT,A,Active,WSTMF,115,130,101190,"Morris, Julie",julie.morris@prairieresources.ca,101774_WSTMF,EE101774_CO002,1.0,
101775,EE101775,CO002,Benjamin,Benjamin,Gray,benjamin.gray@westmarkmanufacturing.com,1997-09-05,2022-01-21,2022-01-21,,49OPS2,Operations Coordinator,OPS,RFT,T,Terminated,WSTMF,124,130,102158,"Flores, Joyce",joyce.flores@prairieresources.ca,101775_WSTMF,EE101775_CO002,1.0,2022-09-10
101776,EE101776,CO004,Amy,Amy,Edwards,amy.edwards@alpineconstruction.com,2003-02-06,2022-01-24,2022-01-24,,71MKT2,Marketing Specialist,MKTG,RFT,T,Terminated,ALPNC,121,110,100624,"Wood, Ahmed",ahmed.wood@alpineconstruction.com,101776_ALPNC,EE101776_CO004,1.0,2025-01-25
101777,EE101777,CO004,Ingrid,Ingrid,Brooks,ingrid.brooks@alpineconstruction.com,1996-06-18,2022-01-24,2022-01-24,,68TEC4,Technical Specialist,TECH,RFT,A,Active,ALPNC,102,160,,,,101777_ALPNC,EE101777_CO004,1.0,
101778,EE101778,CO004,Catherine,Catherine,Reed,catherine.reed@alpineconstruction.com,1990-08-22,2022-01-25,2022-01-25,,14CSR2,Customer Service Specialist,CSR,RPT,A,Active,ALPNC,100,160,102626,"Diaz, Patricia",patricia.diaz@alpineconstruction.com,101778_ALPNC,EE101778_CO004,0.71,
101779,EE101779,CO001,Larry,Larry,Sanchez,larry.sanchez@northernpipeline.com,1994-02-21,2022-01-26,2022-01-26,,08ACC3,Senior Accountant,ACCTG,RFT,T,Terminated,NRTHP,118,150,,,,101779_NRTHP,EE101779_CO001,1.0,2023-09-10
101780,EE101780,CO002,Cynthia,Cynthia,Schulz,cynthia.schulz@westmarkmanufacturing.com,1996-04-05,2022-01-26,2022-01-26,,16CSR4,Customer Service Team Lead,CSR,CON,A,Active,WSTMF,111,120,,,,101780_WSTMF,EE101780_CO002,1.0,
101781,EE101781,CO003,Catherine,Catherine,Hughes,catherine.hughes@prairieresources.ca,2003-04-27,2022-01-26,2022-01-26,,13CSR1,Customer Service Representative,CSR,RFT,T,Terminated,PRMRE,116,120,101531,"Kim, Rachel",rachel.kim@alpineconstruction.com,101781_PRMRE,EE101781_CO003,1.0,2022-06-21
101782,EE101782,CO003,Carolyn,Carolyn,Thomas,carolyn.thomas@prairieresources.ca,1990-03-27,2022-01-28,2022-01-28,,78ANL2,Business Analyst,ANLYT,RFT,A,Active,PRMRE,118,120,102476,"Hernandez, Joseph",joseph.hernandez@westmarkmanufacturing.com,101782_PRMRE,EE101782_CO003,1.0,
101783,EE101783,CO002,George,George,Eriksson,george.eriksson@westmarkmanufacturing.com,2004-01-19,2022-02-01,2022-02-01,,65TEC1,Field Technician,TECH,RPT,A,Active,WSTMF,107,180,100161,"Mendoza, Ahmed",ahmed.mendoza@westmarkmanufacturing.com,101783_WSTMF,EE101783_CO002,0.55,
101784,EE101784,CO002,Mohammed,Mohammed,Williams,mohammed.williams@westmarkmanufacturing.com,1982-07-01,2022-02-02,2022-02-02,,13CSR1,Customer Service Representative,CSR,RFT,A,Active,WSTMF,124,100,102781,"Bennett, Sandra",sandra.bennett@northernpipeline.com,101784_WSTMF,EE101784_CO002,1.0,
101785,EE101785,CO003,Olga,Olga,Robinson,olga.robinson@prairieresources.ca,1989-12-27,2022-02-02,2022-02-02,,13CSR1,Customer Service Representative,CSR,RFT,T,Terminated,PRMRE,118,150,102348,"Long, Yuki",yuki.long@westmarkmanufacturing.com,101785_PRMRE,EE101785_CO003,1.0,2022-03-03
101786,EE101786,CO004,Kevin,Kevin,Cox,kevin.cox@alpineconstruction.com,2003-03-23,2022-02-03,2022-02-03,,73MKT4,Marketing Lead,MKTG,CON,A,Active,ALPNC,102,240,,,,101786_ALPNC,EE101786_CO004,1.0,
101787,EE101787,CO001,George,George,Roberts,george.roberts@northernpipeline.com,1994-02-04,2022-02-04,2022-02-04,,01ADM1,Administrative Assistant,ADMIN,CON,T,Terminated,NRTHP,122,220,,,,101787_NRTHP,EE101787_CO001,1.0,2025-04-15
101788,EE101788,CO003,Giovanni,Giovanni,Smith,giovanni.smith@prairieresources.ca,1997-06-19,2022-02-08,2022-02-08,,18ENG1,Junior Engineer,ENGR,RFT,A,Active,PRMRE,118,250,102494,"Singh, Jerry",jerry.singh@westmarkmanufacturing.com,101788_PRMRE,EE101788_CO003,1.0,
101789,EE101789,CO001,Scott,Scott,Gutierrez,scott.gutierrez@northernpipeline.com,1986-12-08,2022-02-10,2022-02-10,,19ENG2,Engineer,ENGR,RFT,A,Active,NRTHP,100,220,100923,"Kelly, Barbara",barbara.kelly@prairieresources.ca,101789_NRTHP,EE101789_CO001,1.0,
101790,EE101790,CO001,Dennis,Dennis,Schmidt,dennis.schmidt@northernpipeline.com,1976-11-25,2022-02-11,2022-02-11,,72MKT3,Senior Marketing Specialist,MKTG,RFT,T,Terminated,NRTHP,118,100,,,,101790_NRTHP,EE101790_CO001,1.0,2023-08-19
101791,EE101791,CO001,Jason,Jason,Andersson,jason.andersson@northernpipeline.com,2003-05-15,2022-02-14,2022-02-14,,62WHS3,Senior Warehouse Clerk,WHSE,RFT,T,Terminated,NRTHP,121,110,100624,"Wood, Ahmed",ahmed.wood@alpineconstruction.com,101791_NRTHP,EE101791_CO001,1.0,2022-05-02
101792,EE101792,CO002,Yuki,Yuki,Nelson,yuki.nelson@westmarkmanufacturing.com,1988-06-20,2022-02-15,2022-02-15,,34IT2,Software Developer,IT,RFT,T,Terminated,WSTMF,122,220,,,,101792_WSTMF,EE101792_CO002,1.0,2024-03-27
101793,EE101793,CO003,Kenji,Kenji,Schneider,kenji.schneider@prairieresources.ca,1991-11-01,2022-02-15,2022-02-15,,18ENG1,Junior Engineer,ENGR,CON,T,Terminated,PRMRE,100,10,102752,"Carter, Michelle",michelle.carter@alpineconstruction.com,101793_PRMRE,EE101793_CO003,1.0,2022-12-20
101794,EE101794,CO001,Joseph,Joseph,Parker,joseph.parker@northernpipeline.com,1983-10-13,2022-02-15,2022-02-15,,72MKT3,Senior Marketing Specialist,MKTG,RPT,T,Terminated,NRTHP,120,230,,,,101794_NRTHP,EE101794_CO001,0.59,2022-10-11
101795,EE101795,CO003,Nicholas,Nicholas,Foster,nicholas.foster@prairieresources.ca,1988-02-24,2022-02-16,2022-02-16,,06ACC1,Accounts Receivable Clerk,ACCTG,RFT,A,Active,PRMRE,122,180,101289,"Allen, Patricia",patricia.allen@westmarkmanufacturing.com,101795_PRMRE,EE101795_CO003,1.0,
101796,EE101796,CO003,Astrid,Astrid,Miller,astrid.miller@prairieresources.ca,1998-02-09,2022-02-16,2022-02-16,,32IT1,IT Support Technician,IT,RFT,A,Active,PRMRE,123,190,102767,"Rivera, Donald",donald.rivera@prairieresources.ca,101796_PRMRE,EE101796_CO003,1.0,
101797,EE101797,CO003,Maria,Maria,Scott,maria.scott@prairieresources.ca,1993-06-16,2022-02-17,2022-02-17,,57TRD3,Senior Technician,TRD,RFT,A,Active,PRMRE,123,50,100075,"Gray, Catherine",catherine.gray@northernpipeline.com,101797_PRMRE,EE101797_CO003,1.0,
101798,EE101798,CO002,Catherine,Catherine,Kumar,catherine.kumar@westmarkmanufacturing.com,1997-05-27,2022-02-17,2022-02-17,,94LEG2,Paralegal,LEGAL,TAW,T,Terminated,WSTMF,100,150,,,,101798_WSTMF,EE101798_CO002,1.0,2022-04-05
101799,EE101799,CO003,Emma,Emma,Singh,emma.singh@prairieresources.ca,1980-01-06,2022-02-18,2022-02-18,,49OPS2,Operations Coordinator,OPS,RFT,A,Active,PRMRE,115,130,101190,"Morris, Julie",julie.morris@prairieresources.ca,101799_PRMRE,EE101799_CO003,1.0,
101800,EE101800,CO002,Kathleen,Kathleen,Rogers,kathleen.rogers@westmarkmanufacturing.com,1990-02-04,2022-02-21,2022-02-21,,08ACC3,Senior Accountant,ACCTG,RFT,A,Active,WSTMF,110,250,102925,"Wright, Joshua",joshua.wright@westmarkmanufacturing.com,101800_WSTMF,EE101800_CO002,1.0,
101801,EE101801,CO003,Margaret,Margaret,White,margaret.white@prairieresources.ca,1971-02-06,2022-02-22,2022-02-22,,55TRD1,Apprentice Technician,TRD,RPT,T,Terminated,PRMRE,118,140,101731,"Young, Jose",jose.young@northernpipeline.com,101801_PRMRE,EE101801_CO003,0.65,2024-07-30
101802,EE101802,CO001,Stephanie,Stephanie,Morgan,stephanie.morgan@northernpipeline.com,1991-01-09,2022-02-22,2022-02-22,,06ACC1,Accounts Receivable Clerk,ACCTG,RFT,A,Active,NRTHP,108,230,101351,"Johnson, John",john.johnson@northernpipeline.com,101802_NRTHP,EE101802_CO001,1.0,
101803,EE101803,CO003,Ahmed,Ahmed,Reyes,ahmed.reyes@prairieresources.ca,1998-02-21,2022-02-23,2022-02-23,,33IT2,Systems Administrator,IT,RFT,A,Active,PRMRE,102,210,101824,"Martin, Edward",edward.martin@prairieresources.ca,101803_PRMRE,EE101803_CO003,1.0,
101804,EE101804,CO003,Nicole,Nicole,Foster,nicole.foster@prairieresources.ca,2003-11-14,2022-02-24,2022-02-24,,79ANL3,Senior Data Analyst,ANLYT,RFT,T,Terminated,PRMRE,121,30,,,,101804_PRMRE,EE101804_CO003,1.0,2024-10-01
101805,EE101805,CO002,Kimberly,Kimberly,Jones,kimberly.jones@westmarkmanufacturing.com,2003-05-07,2022-02-25,2022-02-25,,61WHS2,Warehouse Clerk,WHSE,RFT,A,Active,WSTMF,107,200,,,,101805_WSTMF,EE101805_CO002,1.0,
101806,EE101806,CO004,Edward,Edward,Campbell,edward.campbell@alpineconstruction.com,2004-01-08,2022-02-28,2022-02-28,,07ACC2,Accountant,ACCTG,RFT,A,Active,ALPNC,124,120,,,,101806_ALPNC,EE101806_CO004,1.0,
101807,EE101807,CO003,Mohammed,Mohammed,Olsson,mohammed.olsson@prairieresources.ca,1987-03-14,2022-02-28,2022-02-28,,56TRD2,Journeyman Technician,TRD,RFT,A,Active,PRMRE,124,130,102158,"Flores, Joyce",joyce.flores@prairieresources.ca,101807_PRMRE,EE101807_CO003,1.0,
101808,EE101808,CO004,Jason,Jason,James,jason.james@alpineconstruction.com,1984-10-22,2022-03-03,2022-03-03,,71MKT2,Marketing Specialist,MKTG,CON,T,Terminated,ALPNC,102,220,102813,"Mitchell, John",john.mitchell@alpineconstruction.com,101808_ALPNC,EE101808_CO004,1.0,2023-12-14
101809,EE101809,CO004,Dorothy,Dorothy,Larsson,dorothy.larsson@alpineconstruction.com,2003-11-20,2022-03-04,2022-03-04,,71MKT2,Marketing Specialist,MKTG,RFT,A,Active,ALPNC,102,160,101777,"Brooks, Ingrid",ingrid.brooks@alpineconstruction.com,101809_ALPNC,EE101809_CO004,1.0,
101810,EE101810,CO002,Diane,Diane,Gray,diane.gray@westmarkmanufacturing.com,1981-06-13,2022-03-04,2022-03-04,,18ENG1,Junior Engineer,ENGR,RFT,A,Active,WSTMF,105,140,101279,"Gomez, Kathleen",kathleen.gomez@westmarkmanufacturing.com,101810_WSTMF,EE101810_CO002,1.0,
101811,EE101811,CO001,Maria,Maria,Meyer,maria.meyer@northernpipeline.com,1994-12-30,2022-03-04,2022-03-04,,06ACC1,Accounts Receivable Clerk,ACCTG,RFT,L,Leave of Absence,NRTHP,101,250,,,,101811_NRTHP,EE101811_CO001,1.0,
101812,EE101812,CO004,Carol,Carol,Singh,carol.singh@alpineconstruction.com,1988-11-21,2022-03-04,2022-03-04,,66TEC2,Service Technician,TECH,RPT,T,Terminated,ALPNC,112,80,100948,"Rivera, Adam",adam.rivera@northernpipeline.com,101812_ALPNC,EE101812_CO004,0.67,2022-12-22
101813,EE101813,CO002,Sofia,Sofia,Meyer,sofia.meyer@westmarkmanufacturing.com,1973-08-15,2022-03-07,2022-03-07,,70MKT1,Marketing Coordinator,MKTG,CON,T,Terminated,WSTMF,106,200,,,,101813_WSTMF,EE101813_CO002,1.0,2022-10-30
101814,EE101814,CO003,Joshua,Joshua,Reed,joshua.reed@prairieresources.ca,1982-03-10,2022-03-08,2022-03-08,,14CSR2,Customer Service Specialist,CSR,RFT,A,Active,PRMRE,102,60,101520,"Olsson, Jason",jason.olsson@alpineconstruction.com,101814_PRMRE,EE101814_CO003,1.0,
101815,EE101815,CO003,Jason,Jason,Ruiz,jason.ruiz@prairieresources.ca,1992-10-17,2022-03-09,2022-03-09,,14CSR2,Customer Service Specialist,CSR,RFT,T,Terminated,PRMRE,121,220,,,,101815_PRMRE,EE101815_CO003,1.0,2022-11-14
101816,EE101816,CO001,Justin,Justin,Smith,justin.smith@northernpipeline.com,1998-04-05,2022-03-10,2022-03-10,,77ANL1,Data Analyst,ANLYT,RFT,T,Terminated,NRTHP,103,140,,,,101816_NRTHP,EE101816_CO001,1.0,2025-05-13
101817,EE101817,CO001,Sarah,Sarah,Adams,sarah.adams@northernpipeline.com,2003-05-03,2022-03-11,2022-03-11,,34IT2,Software Developer,IT,CON,A,Active,NRTHP,123,20,,,,101817_NRTHP,EE101817_CO001,1.0,
101818,EE101818,CO004,Shirley,Shirley,Lopez,shirley.lopez@alpineconstruction.com,1997-08-09,2022-03-11,2022-03-11,,32IT1,IT Support Technician,IT,RPT,A,Active,ALPNC,111,230,102364,"Lopez, Betty",betty.lopez@alpineconstruction.com,101818_ALPNC,EE101818_CO004,0.41,
101819,EE101819,CO002,Julie,Julie,Mitchell,julie.mitchell@westmarkmanufacturing.com,1992-10-27,2022-03-11,2022-03-11,,70MKT1,Marketing Coordinator,MKTG,RFT,A,Active,WSTMF,118,250,102494,"Singh, Jerry",jerry.singh@westmarkmanufacturing.com,101819_WSTMF,EE101819_CO002,1.0,
101820,EE101820,CO003,Dmitri,Dmitri,Reyes,dmitri.reyes@prairieresources.ca,1999-10-16,2022-03-11,2022-03-11,,07ACC2,Accountant,ACCTG,RFT,A,Active,PRMRE,123,100,,,,101820_PRMRE,EE101820_CO003,1.0,
101821,EE101821,CO004,Hans,Hans,Schulz,hans.schulz@alpineconstruction.com,1991-10-12,2022-03-14,2022-03-14,,71MKT2,Marketing Specialist,MKTG,RPT,A,Active,ALPNC,111,150,,,,101821_ALPNC,EE101821_CO004,0.79,
101822,EE101822,CO004,Melissa,Melissa,Jimenez,melissa.jimenez@alpineconstruction.com,1989-05-29,2022-03-14,2022-03-14,,95LEG3,Legal Counsel,LEGAL,RFT,A,Active,ALPNC,102,180,,,,101822_ALPNC,EE101822_CO004,1.0,
101823,EE101823,CO004,Jennifer,Jennifer,Nguyen,jennifer.nguyen@alpineconstruction.com,1993-02-19,2022-03-14,2022-03-14,,66TEC2,Service Technician,TECH,CON,T,Terminated,ALPNC,119,80,,,,101823_ALPNC,EE101823_CO004,1.0,2022-05-26
101824,EE101824,CO003,Edward,Edward,Martin,edward.martin@prairieresources.ca,1997-01-02,2022-03-15,2022-03-15,,36IT3,Senior Systems Administrator,IT,RFT,A,Active,PRMRE,102,210,,,,101824_PRMRE,EE101824_CO003,1.0,
101825,EE101825,CO002,Nicholas,Nicholas,Howard,nicholas.howard@westmarkmanufacturing.com,1988-08-26,2022-03-15,2022-03-15,,72MKT3,Senior Marketing Specialist,MKTG,RFT,T,Terminated,WSTMF,118,240,102039,"Ramos, Diane",diane.ramos@prairieresources.ca,101825_WSTMF,EE101825_CO002,1.0,2024-12-21
101826,EE101826,CO004,Sharon,Sharon,Scott,sharon.scott@alpineconstruction.com,1985-08-28,2022-03-17,2022-03-17,,73MKT4,Marketing Lead,MKTG,RFT,T,Terminated,ALPNC,102,100,,,,101826_ALPNC,EE101826_CO004,1.0,2022-06-30
101827,EE101827,CO003,Patricia,Patricia,Howard,patricia.howard@prairieresources.ca,2000-05-22,2022-03-17,2022-03-17,,09ACC4,Accounting Lead,ACCTG,RPT,A,Active,PRMRE,122,60,,,,101827_PRMRE,EE101827_CO003,0.79,
101828,EE101828,CO001,Ashley,Ashley,Peterson,ashley.peterson@northernpipeline.com,1975-04-30,2022-03-18,2022-03-18,,78ANL2,Business Analyst,ANLYT,CON,T,Terminated,NRTHP,114,180,102185,"Mueller, Jonathan",jonathan.mueller@northernpipeline.com,101828_NRTHP,EE101828_CO001,1.0,2025-09-21
101829,EE101829,CO001,Shirley,Shirley,Reed,shirley.reed@northernpipeline.com,1990-07-23,2022-03-18,2022-03-18,,21ENG4,Principal Engineer,ENGR,RFT,T,Terminated,NRTHP,114,70,,,,101829_NRTHP,EE101829_CO001,1.0,2024-04-05
101830,EE101830,CO002,William,William,Taylor,william.taylor@westmarkmanufacturing.com,1989-06-16,2022-03-18,2022-03-18,,92PRO5,Program Manager,PROJ,RFT,A,Active,WSTMF,107,40,,,,101830_WSTMF,EE101830_CO002,1.0,
101831,EE101831,CO001,Shirley,Shirley,Wood,shirley.wood@northernpipeline.com,1982-12-15,2022-03-18,2022-03-18,,06ACC1,Accounts Receivable Clerk,ACCTG,RFT,A,Active,NRTHP,117,60,,,,101831_NRTHP,EE101831_CO001,1.0,
101832,EE101832,CO002,Heather,Heather,Kelly,heather.kelly@westmarkmanufacturing.com,1987-08-23,2022-03-18,2022-03-18,,55TRD1,Apprentice Technician,TRD,RFT,A,Active,WSTMF,104,90,102432,"Cruz, Margaret",margaret.cruz@northernpipeline.com,101832_WSTMF,EE101832_CO002,1.0,
101833,EE101833,CO003,Cynthia,Cynthia,Miller,cynthia.miller@prairieresources.ca,1980-05-26,2022-03-18,2022-03-18,,90PRO3,Project Manager,PROJ,RFT,T,Terminated,PRMRE,121,30,,,,101833_PRMRE,EE101833_CO003,1.0,2023-04-27
101834,EE101834,CO004,Patrick,Patrick,Anderson,patrick.anderson@alpineconstruction.com,1988-03-16,2022-03-18,2022-03-18,,79ANL3,Senior Data Analyst,ANLYT,RFT,A,Active,ALPNC,116,60,102529,"Weber, Raymond",raymond.weber@prairieresources.ca,101834_ALPNC,EE101834_CO004,1.0,
101835,EE101835,CO004,Donna,Donna,Rivera,donna.rivera@alpineconstruction.com,1996-04-29,2022-03-21,2022-03-21,,35IT3,Senior Developer,IT,RPT,T,Terminated,ALPNC,121,20,100758,"Nelson, Diane",diane.nelson@prairieresources.ca,101835_ALPNC,EE101835_CO004,0.54,2022-05-21
101836,EE101836,CO003,Betty,Betty,Morris,betty.morris@prairieresources.ca,1986-05-18,2022-03-21,2022-03-21,,90PRO3,Project Manager,PROJ,TFT,T,Terminated,PRMRE,102,110,100283,"Larsson, Patricia",patricia.larsson@alpineconstruction.com,101836_PRMRE,EE101836_CO003,1.0,2022-10-15
101837,EE101837,CO001,Olga,Olga,Hughes,olga.hughes@northernpipeline.com,2001-05-21,2022-03-21,2022-03-21,,36IT3,Senior Systems Administrator,IT,RFT,T,Terminated,NRTHP,113,180,,,,101837_NRTHP,EE101837_CO001,1.0,2025-03-22
101838,EE101838,CO001,Olga,Olga,Hughes,olga.hughes@northernpipeline.com,1989-01-31,2022-03-23,2022-03-23,,94LEG2,Paralegal,LEGAL,RPT,T,Terminated,NRTHP,122,250,102017,"Young, Timothy",timothy.young@northernpipeline.com,101838_NRTHP,EE101838_CO001,0.41,2025-01-28
101839,EE101839,CO002,Alexander,Alexander,Green,alexander.green@westmarkmanufacturing.com,1990-12-11,2022-03-23,2022-03-23,,65TEC1,Field Technician,TECH,RFT,A,Active,WSTMF,111,40,101448,"Chen, Kenneth",kenneth.chen@alpineconstruction.com,101839_WSTMF,EE101839_CO002,1.0,
101840,EE101840,CO004,Giovanni,Giovanni,Gray,giovanni.gray@alpineconstruction.com,1992-08-28,2022-03-24,2022-03-24,,27HR3,Senior HR Generalist,HR,TFT,A,Active,ALPNC,124,170,102836,"Alvarez, Deborah",deborah.alvarez@westmarkmanufacturing.com,101840_ALPNC,EE101840_CO004,1.0,
101841,EE101841,CO002,Brian,Brian,Fischer,brian.fischer@westmarkmanufacturing.com,1991-12-24,2022-03-25,2022-03-25,,13CSR1,Customer Service Representative,CSR,RFT,A,Active,WSTMF,115,50,100721,"Walker, Larry",larry.walker@alpineconstruction.com,101841_WSTMF,EE101841_CO002,1.0,
101842,EE101842,CO002,Aisha,Aisha,Adams,aisha.adams@westmarkmanufacturing.com,2004-02-28,2022-03-25,2022-03-25,,03ADM3,Senior Administrative Coordinator,ADMIN,RFT,A,Active,WSTMF,106,40,,,,101842_WSTMF,EE101842_CO002,1.0,
101843,EE101843,CO001,Aisha,Aisha,Weber,aisha.weber@northernpipeline.com,1995-07-16,2022-03-28,2022-03-28,,61WHS2,Warehouse Clerk,WHSE,RFT,T,Terminated,NRTHP,102,110,100283,"Larsson, Patricia",patricia.larsson@alpineconstruction.com,101843_NRTHP,EE101843_CO001,1.0,2022-11-25
101844,EE101844,CO004,Frank,Frank,Cox,frank.cox@alpineconstruction.com,1989-12-27,2022-03-28,2022-03-28,,04ADM4,Executive Assistant,ADMIN,RFT,A,Active,ALPNC,111,200,,,,101844_ALPNC,EE101844_CO004,1.0,
101845,EE101845,CO004,Heather,Heather,Adams,heather.adams@alpineconstruction.com,1988-10-28,2022-04-01,2022-04-01,,65TEC1,Field Technician,TECH,RFT,A,Active,ALPNC,115,160,102695,"Anderson, Betty",betty.anderson@northernpipeline.com,101845_ALPNC,EE101845_CO004,1.0,
101846,EE101846,CO003,Mohammed,Mohammed,Baker,mohammed.baker@prairieresources.ca,2001-01-11,2022-04-01,2022-04-01,,04ADM4,Executive Assistant,ADMIN,RPT,T,Terminated,PRMRE,122,40,,,,101846_PRMRE,EE101846_CO003,0.49,2025-12-11
101847,EE101847,CO004,Marie,Marie,Ramirez,marie.ramirez@alpineconstruction.com,1977-05-29,2022-04-01,2022-04-01,,77ANL1,Data Analyst,ANLYT,RFT,A,Active,ALPNC,100,70,100900,"Green, Steven",steven.green@alpineconstruction.com,101847_ALPNC,EE101847_CO004,1.0,
101848,EE101848,CO001,Christine,Christine,Nguyen,christine.nguyen@northernpipeline.com,1998-12-19,2022-04-01,2022-04-01,,57TRD3,Senior Technician,TRD,RFT,T,Terminated,NRTHP,114,100,,,,101848_NRTHP,EE101848_CO001,1.0,2025-04-30
101849,EE101849,CO001,Ahmed,Ahmed,Collins,ahmed.collins@northernpipeline.com,1980-06-17,2022-04-01,2022-04-01,,96LEG4,Senior Legal Counsel,LEGAL,RFT,A,Active,NRTHP,100,190,102532,"Brown, Melissa",melissa.brown@westmarkmanufacturing.com,101849_NRTHP,EE101849_CO001,1.0,
101850,EE101850,CO002,Julie,Julie,Kumar,julie.kumar@westmarkmanufacturing.com,1986-03-26,2022-04-01,2022-04-01,,32IT1,IT Support Technician,IT,RFT,T,Terminated,WSTMF,110,190,,,,101850_WSTMF,EE101850_CO002,1.0,2023-06-03
101851,EE101851,CO003,Brian,Brian,Carter,brian.carter@prairieresources.ca,1996-07-04,2022-04-04,2022-04-04,,15CSR3,Senior Customer Service Specialist,CSR,RFT,T,Terminated,PRMRE,115,110,102872,"Gray, Carolyn",carolyn.gray@prairieresources.ca,101851_PRMRE,EE101851_CO003,1.0,2023-10-06
101852,EE101852,CO001,Ronald,Ronald,Morgan,ronald.morgan@northernpipeline.com,1972-12-04,2022-04-04,2022-04-04,,57TRD3,Senior Technician,TRD,RFT,A,Active,NRTHP,112,20,,,,101852_NRTHP,EE101852_CO001,1.0,
101853,EE101853,CO001,Laura,Laura,Watson,laura.watson@northernpipeline.com,2001-07-13,2022-04-04,2022-04-04,,34IT2,Software Developer,IT,RFT,A,Active,NRTHP,124,10,100895,"Li, George",george.li@alpineconstruction.com,101853_NRTHP,EE101853_CO001,1.0,
101854,EE101854,CO001,Richard,Richard,Wang,richard.wang@northernpipeline.com,1980-11-12,2022-04-05,2022-04-05,,26HR2,HR Generalist,HR,RFT,A,Active,NRTHP,102,230,102105,"Wang, Melissa",melissa.wang@prairieresources.ca,101854_NRTHP,EE101854_CO001,1.0,
101855,EE101855,CO001,Olivia,Olivia,Peterson,olivia.peterson@northernpipeline.com,1979-07-27,2022-04-05,2022-04-05,,03ADM3,Senior Administrative Coordinator,ADMIN,RPT,A,Active,NRTHP,115,220,,,,101855_NRTHP,EE101855_CO001,0.6,
101856,EE101856,CO004,Laura,Laura,Kelly,laura.kelly@alpineconstruction.com,1996-07-09,2022-04-08,2022-04-08,,55TRD1,Apprentice Technician,TRD,RFT,A,Active,ALPNC,124,190,,,,101856_ALPNC,EE101856_CO004,1.0,
101857,EE101857,CO002,Marie,Marie,Smith,marie.smith@westmarkmanufacturing.com,1976-07-12,2022-04-08,2022-04-08,,41SAL1,Sales Representative,SALES,RPT,T,Terminated,WSTMF,104,110,102499,"White, Stephen",stephen.white@northernpipeline.com,101857_WSTMF,EE101857_CO002,0.59,2023-12-10
101858,EE101858,CO001,Samantha,Samantha,Fischer,samantha.fischer@northernpipeline.com,1992-04-19,2022-04-08,2022-04-08,,77ANL1,Data Analyst,ANLYT,RPT,A,Active,NRTHP,120,30,101432,"Myers, Emma",emma.myers@northernpipeline.com,101858_NRTHP,EE101858_CO001,0.58,
101859,EE101859,CO001,Fatima,Fatima,Li,fatima.li@northernpipeline.com,1987-10-09,2022-04-11,2022-04-11,,90PRO3,Project Manager,PROJ,RFT,T,Terminated,NRTHP,122,80,,,,101859_NRTHP,EE101859_CO001,1.0,2022-05-22
101860,EE101860,CO003,Sandra,Sandra,Ortiz,sandra.ortiz@prairieresources.ca,1987-11-01,2022-04-11,2022-04-11,,58TRD4,Lead Technician,TRD,RFT,T,Terminated,PRMRE,100,50,,,,101860_PRMRE,EE101860_CO003,1.0,2023-04-02
101861,EE101861,CO002,Helen,Helen,Becker,helen.becker@westmarkmanufacturing.com,1992-04-03,2022-04-11,2022-04-11,,41SAL1,Sales Representative,SALES,RFT,A,Active,WSTMF,105,130,102465,"Hernandez, Heather",heather.hernandez@westmarkmanufacturing.com,101861_WSTMF,EE101861_CO002,1.0,
101862,EE101862,CO001,Linda,Linda,Wilson,linda.wilson@northernpipeline.com,1981-11-15,2022-04-12,2022-04-12,,18ENG1,Junior Engineer,ENGR,RFT,T,Terminated,NRTHP,109,230,,,,101862_NRTHP,EE101862_CO001,1.0,2024-12-12
101863,EE101863,CO004,Stephanie,Stephanie,Wilson,stephanie.wilson@alpineconstruction.com,1982-10-28,2022-04-12,2022-04-12,,59TRD5,Shop Foreman,TRD,RFT,T,Terminated,ALPNC,116,60,,,,101863_ALPNC,EE101863_CO004,1.0,2023-08-30
101864,EE101864,CO002,Jacob,Jacob,Richardson,jacob.richardson@westmarkmanufacturing.com,2003-11-23,2022-04-12,2022-04-12,,41SAL1,Sales Representative,SALES,RPT,A,Active,WSTMF,102,240,101786,"Cox, Kevin",kevin.cox@alpineconstruction.com,101864_WSTMF,EE101864_CO002,0.62,
101865,EE101865,CO004,Jason,Jason,Eriksson,jason.eriksson@alpineconstruction.com,1976-07-11,2022-04-12,2022-04-12,,72MKT3,Senior Marketing Specialist,MKTG,TFT,T,Terminated,ALPNC,102,130,102468,"Morgan, Sofia",sofia.morgan@prairieresources.ca,101865_ALPNC,EE101865_CO004,1.0,2022-08-30
101866,EE101866,CO002,Dmitri,Dmitri,Walker,dmitri.walker@westmarkmanufacturing.com,2003-05-04,2022-04-13,2022-04-13,,04ADM4,Executive Assistant,ADMIN,RFT,A,Active,WSTMF,108,60,,,,101866_WSTMF,EE101866_CO002,1.0,
101867,EE101867,CO003,Janet,Janet,Scott,janet.scott@prairieresources.ca,1979-07-20,2022-04-14,2022-04-14,,04ADM4,Executive Assistant,ADMIN,RFT,T,Terminated,PRMRE,116,150,,,,101867_PRMRE,EE101867_CO003,1.0,2022-10-11
101868,EE101868,CO002,Pamela,Pamela,Fischer,pamela.fischer@westmarkmanufacturing.com,1978-10-22,2022-04-14,2022-04-14,,79ANL3,Senior Data Analyst,ANLYT,RFT,T,Terminated,WSTMF,108,240,100447,"Patel, Joyce",joyce.patel@westmarkmanufacturing.com,101868_WSTMF,EE101868_CO002,1.0,2023-03-11
101869,EE101869,CO001,Heather,Heather,James,heather.james@northernpipeline.com,2001-01-20,2022-04-14,2022-04-14,,62WHS3,Senior Warehouse Clerk,WHSE,RPT,T,Terminated,NRTHP,103,230,102481,"Williams, Richard",richard.williams@northernpipeline.com,101869_NRTHP,EE101869_CO001,0.47,2023-07-12
101870,EE101870,CO001,Brian,Brian,Diaz,brian.diaz@northernpipeline.com,1994-07-11,2022-04-14,2022-04-14,,78ANL2,Business Analyst,ANLYT,RFT,A,Active,NRTHP,119,170,101534,"Myers, Giovanni",giovanni.myers@alpineconstruction.com,101870_NRTHP,EE101870_CO001,1.0,
101871,EE101871,CO004,George,George,Martin,george.martin@alpineconstruction.com,2001-08-18,2022-04-14,2022-04-14,,67TEC3,Senior Service Technician,TECH,RFT,A,Active,ALPNC,102,170,,,,101871_ALPNC,EE101871_CO004,1.0,
101872,EE101872,CO001,Olivia,Olivia,Hill,olivia.hill@northernpipeline.com,1992-08-04,2022-04-15,2022-04-15,,66TEC2,Service Technician,TECH,RPT,L,Leave of Absence,NRTHP,119,210,,,,101872_NRTHP,EE101872_CO001,0.5,
101873,EE101873,CO002,Ashley,Ashley,Cooper,ashley.cooper@westmarkmanufacturing.com,1994-03-02,2022-04-15,2022-04-15,,18ENG1,Junior Engineer,ENGR,RFT,A,Active,WSTMF,110,130,,,,101873_WSTMF,EE101873_CO002,1.0,
101874,EE101874,CO001,Christopher,Christopher,Campbell,christopher.campbell@northernpipeline.com,1982-10-30,2022-04-18,2022-04-18,,77ANL1,Data Analyst,ANLYT,RFT,A,Active,NRTHP,117,30,102438,"Kumar, Dorothy",dorothy.kumar@northernpipeline.com,101874_NRTHP,EE101874_CO001,1.0,
101875,EE101875,CO002,Angela,Angela,Williams,angela.williams@westmarkmanufacturing.com,1976-10-20,2022-04-18,2022-04-18,,61WHS2,Warehouse Clerk,WHSE,RFT,T,Terminated,WSTMF,122,70,101370,"Nilsson, Samantha",samantha.nilsson@westmarkmanufacturing.com,101875_WSTMF,EE101875_CO002,1.0,2023-02-25
101876,EE101876,CO004,Wei,Wei,Rivera,wei.rivera@alpineconstruction.com,1977-02-20,2022-04-18,2022-04-18,,62WHS3,Senior Warehouse Clerk,WHSE,TAW,T,Terminated,ALPNC,115,90,102088,"Moore, Matthew",matthew.moore@westmarkmanufacturing.com,101876_ALPNC,EE101876_CO004,1.0,2025-04-19
101877,EE101877,CO003,Deborah,Deborah,Larsson,deborah.larsson@prairieresources.ca,1995-07-12,2022-04-19,2022-04-19,,06ACC1,Accounts Receivable Clerk,ACCTG,RFT,A,Active,PRMRE,115,200,102397,"Allen, Priya",priya.allen@prairieresources.ca,101877_PRMRE,EE101877_CO003,1.0,
101878,EE101878,CO003,Benjamin,Benjamin,Edwards,benjamin.edwards@prairieresources.ca,1992-12-26,2022-04-20,2022-04-20,,42SAL2,Account Executive,SALES,RPT,A,Active,PRMRE,105,80,101419,"Morales, Mary",mary.morales@prairieresources.ca,101878_PRMRE,EE101878_CO003,0.47,
101879,EE101879,CO001,Paul,Paul,Schulz,paul.schulz@northernpipeline.com,2004-02-05,2022-04-22,2022-04-22,,26HR2,HR Generalist,HR,RFT,T,Terminated,NRTHP,121,200,102280,"Gomez, Virginia",virginia.gomez@northernpipeline.com,101879_NRTHP,EE101879_CO001,1.0,2023-09-17
101880,EE101880,CO002,Christine,Christine,Roberts,christine.roberts@westmarkmanufacturing.com,1998-09-26,2022-04-22,2022-04-22,,67TEC3,Senior Service Technician,TECH,RFT,A,Active,WSTMF,122,40,,,,101880_WSTMF,EE101880_CO002,1.0,
101881,EE101881,CO003,Stephanie,Stephanie,Gomez,stephanie.gomez@prairieresources.ca,1980-11-08,2022-04-22,2022-04-22,,69TEC5,Technical Services Manager,TECH,RFT,T,Terminated,PRMRE,115,190,,,,101881_PRMRE,EE101881_CO003,1.0,2022-11-29
101882,EE101882,CO001,Jeffrey,Jeffrey,Evans,jeffrey.evans@northernpipeline.com,1973-12-29,2022-04-22,2022-04-22,,65TEC1,Field Technician,TECH,RFT,A,Active,NRTHP,117,160,,,,101882_NRTHP,EE101882_CO001,1.0,
101883,EE101883,CO002,Wei,Wei,Thompson,wei.thompson@westmarkmanufacturing.com,2002-10-19,2022-04-22,2022-04-22,,69TEC5,Technical Services Manager,TECH,RFT,T,Terminated,WSTMF,105,200,,,,101883_WSTMF,EE101883_CO002,1.0,2025-06-21
101884,EE101884,CO002,Olga,Olga,Jimenez,olga.jimenez@westmarkmanufacturing.com,1995-08-28,2022-04-22,2022-04-22,,67TEC3,Senior Service Technician,TECH,RFT,T,Terminated,WSTMF,118,100,,,,101884_WSTMF,EE101884_CO002,1.0,2022-07-03
101885,EE101885,CO004,Margaret,Margaret,Hughes,margaret.hughes@alpineconstruction.com,1991-02-25,2022-04-22,2022-04-22,,90PRO3,Project Manager,PROJ,RPT,A,Active,ALPNC,124,110,102338,"Jones, James",james.jones@northernpipeline.com,101885_ALPNC,EE101885_CO004,0.6,
101886,EE101886,CO003,Kevin,Kevin,King,kevin.king@prairieresources.ca,1987-10-14,2022-04-22,2022-04-22,,48OPS1,Operations Assistant,OPS,RFT,T,Terminated,PRMRE,115,50,100721,"Walker, Larry",larry.walker@alpineconstruction.com,101886_PRMRE,EE101886_CO003,1.0,2022-11-06
101887,EE101887,CO002,Janet,Janet,Kim,janet.kim@westmarkmanufacturing.com,1999-02-06,2022-04-25,2022-04-25,,79ANL3,Senior Data Analyst,ANLYT,RFT,T,Terminated,WSTMF,108,240,100447,"Patel, Joyce",joyce.patel@westmarkmanufacturing.com,101887_WSTMF,EE101887_CO002,1.0,2025-10-15
101888,EE101888,CO003,Carolyn,Carolyn,Long,carolyn.long@prairieresources.ca,1985-08-23,2022-04-26,2022-04-26,,35IT3,Senior Developer,IT,RFT,A,Active,PRMRE,105,40,,,,101888_PRMRE,EE101888_CO003,1.0,
101889,EE101889,CO003,Ruth,Ruth,Cox,ruth.cox@prairieresources.ca,1994-08-04,2022-04-27,2022-04-27,,13CSR1,Customer Service Representative,CSR,RPT,A,Active,PRMRE,115,190,100276,"Davis, Maria",maria.davis@alpineconstruction.com,101889_PRMRE,EE101889_CO003,0.63,
101890,EE101890,CO002,John,John,Thompson,john.thompson@westmarkmanufacturing.com,1991-02-25,2022-04-28,2022-04-28,,05ACC1,Accounts Payable Clerk,ACCTG,TAW,A,Active,WSTMF,113,200,101114,"Young, Nathan",nathan.young@westmarkmanufacturing.com,101890_WSTMF,EE101890_CO002,1.0,
101891,EE101891,CO001,Rachel,Rachel,Nguyen,rachel.nguyen@northernpipeline.com,1984-06-29,2022-04-28,2022-04-28,,18ENG1,Junior Engineer,ENGR,RFT,A,Active,NRTHP,123,180,,,,101891_NRTHP,EE101891_CO001,1.0,
101892,EE101892,CO001,Aaron,Aaron,Howard,aaron.howard@northernpipeline.com,1989-09-02,2022-04-29,2022-04-29,,08ACC3,Senior Accountant,ACCTG,RFT,A,Active,NRTHP,102,120,100740,"Foster, Betty",betty.foster@northernpipeline.com,101892_NRTHP,EE101892_CO001,1.0,
101893,EE101893,CO003,Sandra,Sandra,Ramirez,sandra.ramirez@prairieresources.ca,1994-11-07,2022-04-29,2022-04-29,,13CSR1,Customer Service Representative,CSR,RFT,A,Active,PRMRE,121,230,102034,"Bailey, Amanda",amanda.bailey@alpineconstruction.com,101893_PRMRE,EE101893_CO003,1.0,
101894,EE101894,CO003,Sofia,Sofia,White,sofia.white@prairieresources.ca,1992-01-10,2022-04-29,2022-04-29,,83SUP4,Shift Supervisor,SUPV,RPT,A,Active,PRMRE,123,200,101298,"Schmidt, Ruth",ruth.schmidt@prairieresources.ca,101894_PRMRE,EE101894_CO003,0.54,
101895,EE101895,CO003,Aisha,Aisha,Cruz,aisha.cruz@prairieresources.ca,1991-03-28,2022-05-04,2022-05-04,,03ADM3,Senior Administrative Coordinator,ADMIN,RFT,A,Active,PRMRE,102,190,,,,101895_PRMRE,EE101895_CO003,1.0,
101896,EE101896,CO003,Mohammed,Mohammed,Kumar,mohammed.kumar@prairieresources.ca,1993-05-31,2022-05-04,2022-05-04,,95LEG3,Legal Counsel,LEGAL,RPT,T,Terminated,PRMRE,100,50,101996,"Scott, Ashley",ashley.scott@prairieresources.ca,101896_PRMRE,EE101896_CO003,0.51,2024-10-20
101897,EE101897,CO001,Catherine,Catherine,Eriksson,catherine.eriksson@northernpipeline.com,1992-07-04,2022-05-05,2022-05-05,,89PRO2,Project Coordinator,PROJ,RPT,A,Active,NRTHP,101,160,,,,101897_NRTHP,EE101897_CO001,0.59,
101898,EE101898,CO002,Richard,Richard,Watson,richard.watson@westmarkmanufacturing.com,1974-06-13,2022-05-06,2022-05-06,,17CSR5,Customer Service Manager,CSR,RFT,T,Terminated,WSTMF,124,230,,,,101898_WSTMF,EE101898_CO002,1.0,2022-11-11
101899,EE101899,CO001,Cynthia,Cynthia,Patel,cynthia.patel@northernpipeline.com,1984-09-02,2022-05-06,2022-05-06,,58TRD4,Lead Technician,TRD,CON,A,Active,NRTHP,116,180,,,,101899_NRTHP,EE101899_CO001,1.0,
101900,EE101900,CO004,Nicole,Nicole,Hall,nicole.hall@alpineconstruction.com,1993-01-16,2022-05-06,2022-05-06,,71MKT2,Marketing Specialist,MKTG,CON,T,Terminated,ALPNC,114,70,,,,101900_ALPNC,EE101900_CO004,1.0,2024-02-13
101901,EE101901,CO002,Karen,Karen,Fischer,karen.fischer@westmarkmanufacturing.com,1983-12-30,2022-05-06,2022-05-06,,36IT3,Senior Systems Administrator,IT,RFT,A,Active,WSTMF,124,90,100652,"Smith, Larry",larry.smith@westmarkmanufacturing.com,101901_WSTMF,EE101901_CO002,1.0,
101902,EE101902,CO001,Robert,Robert,Anderson,robert.anderson@northernpipeline.com,1994-03-09,2022-05-06,2022-05-06,,28HR4,HR Business Partner,HR,CON,T,Terminated,NRTHP,100,110,101160,"Andersson, Sarah",sarah.andersson@northernpipeline.com,101902_NRTHP,EE101902_CO001,1.0,2024-12-07
101903,EE101903,CO002,George,George,Richardson,george.richardson@westmarkmanufacturing.com,1979-04-15,2022-05-09,2022-05-09,,27HR3,Senior HR Generalist,HR,RFT,T,Terminated,WSTMF,118,60,102844,"Allen, Michael",michael.allen@northernpipeline.com,101903_WSTMF,EE101903_CO002,1.0,2022-08-01
101904,EE101904,CO004,Rebecca,Rebecca,Patel,rebecca.patel@alpineconstruction.com,1987-03-21,2022-05-09,2022-05-09,,57TRD3,Senior Technician,TRD,TFT,A,Active,ALPNC,100,120,102980,"Jackson, Christopher",christopher.jackson@westmarkmanufacturing.com,101904_ALPNC,EE101904_CO004,1.0,
101905,EE101905,CO002,Elizabeth,Elizabeth,Olsson,elizabeth.olsson@westmarkmanufacturing.com,1991-11-10,2022-05-09,2022-05-09,,05ACC1,Accounts Payable Clerk,ACCTG,RPT,A,Active,WSTMF,100,250,102201,"Reed, Sandra",sandra.reed@westmarkmanufacturing.com,101905_WSTMF,EE101905_CO002,0.63,
101906,EE101906,CO002,Wei,Wei,Bennett,wei.bennett@westmarkmanufacturing.com,1985-07-16,2022-05-10,2022-05-10,,14CSR2,Customer Service Specialist,CSR,RFT,T,Terminated,WSTMF,107,210,,,,101906_WSTMF,EE101906_CO002,1.0,2023-10-22
101907,EE101907,CO003,Katherine,Katherine,Sanchez,katherine.sanchez@prairieresources.ca,2004-04-27,2022-05-11,2022-05-11,,32IT1,IT Support Technician,IT,RPT,T,Terminated,PRMRE,124,40,,,,101907_PRMRE,EE101907_CO003,0.61,2025-02-01
101908,EE101908,CO002,Aaron,Aaron,Alvarez,aaron.alvarez@westmarkmanufacturing.com,2001-12-07,2022-05-12,2022-05-12,,14CSR2,Customer Service Specialist,CSR,RFT,A,Active,WSTMF,113,150,,,,101908_WSTMF,EE101908_CO002,1.0,
101909,EE101909,CO003,Zara,Zara,Hernandez,zara.hernandez@prairieresources.ca,2002-04-14,2022-05-12,2022-05-12,,72MKT3,Senior Marketing Specialist,MKTG,RPT,A,Active,PRMRE,121,110,100624,"Wood, Ahmed",ahmed.wood@alpineconstruction.com,101909_PRMRE,EE101909_CO003,0.75,
101910,EE101910,CO004,Fatima,Fatima,Moore,fatima.moore@alpineconstruction.com,1988-11-15,2022-05-12,2022-05-12,,15CSR3,Senior Customer Service Specialist,CSR,RFT,A,Active,ALPNC,102,240,101786,"Cox, Kevin",kevin.cox@alpineconstruction.com,101910_ALPNC,EE101910_CO004,1.0,
101911,EE101911,CO001,William,William,Larsson,william.larsson@northernpipeline.com,1972-06-12,2022-05-13,2022-05-13,,66TEC2,Service Technician,TECH,RFT,A,Active,NRTHP,101,200,,,,101911_NRTHP,EE101911_CO001,1.0,
101912,EE101912,CO002,Helen,Helen,Reyes,helen.reyes@westmarkmanufacturing.com,1968-03-01,2022-05-16,2022-05-16,,18ENG1,Junior Engineer,ENGR,RFT,T,Terminated,WSTMF,105,160,102319,"Wagner, Michelle",michelle.wagner@prairieresources.ca,101912_WSTMF,EE101912_CO002,1.0,2024-04-13
101913,EE101913,CO003,Isabella,Isabella,Carter,isabella.carter@prairieresources.ca,1983-09-06,2022-05-17,2022-05-17,,08ACC3,Senior Accountant,ACCTG,CON,A,Active,PRMRE,116,190,102863,"Robinson, Andrew",andrew.robinson@alpineconstruction.com,101913_PRMRE,EE101913_CO003,1.0,
101914,EE101914,CO003,Carlos,Carlos,Rodriguez,carlos.rodriguez@prairieresources.ca,1985-03-25,2022-05-18,2022-05-18,,08ACC3,Senior Accountant,ACCTG,RFT,A,Active,PRMRE,105,30,,,,101914_PRMRE,EE101914_CO003,1.0,
101915,EE101915,CO001,Matthew,Matthew,Smith,matthew.smith@northernpipeline.com,2003-08-25,2022-05-18,2022-05-18,,62WHS3,Senior Warehouse Clerk,WHSE,RFT,T,Terminated,NRTHP,120,160,100346,"Liu, Donald",donald.liu@northernpipeline.com,101915_NRTHP,EE101915_CO001,1.0,2023-08-02
101916,EE101916,CO002,Emily,Emily,Cooper,emily.cooper@westmarkmanufacturing.com,1995-07-12,2022-05-18,2022-05-18,,13CSR1,Customer Service Representative,CSR,RFT,T,Terminated,WSTMF,105,140,101279,"Gomez, Kathleen",kathleen.gomez@westmarkmanufacturing.com,101916_WSTMF,EE101916_CO002,1.0,2025-03-11
101917,EE101917,CO004,Raj,Raj,Jones,raj.jones@alpineconstruction.com,1998-03-03,2022-05-19,2022-05-19,,01ADM1,Administrative Assistant,ADMIN,RFT,A,Active,ALPNC,104,10,,,,101917_ALPNC,EE101917_CO004,1.0,
101918,EE101918,CO003,Justin,Justin,Eriksson,justin.eriksson@prairieresources.ca,1997-05-25,2022-05-19,2022-05-19,,15CSR3,Senior Customer Service Specialist,CSR,RFT,T,Terminated,PRMRE,117,100,101032,"Olsson, Christopher",christopher.olsson@northernpipeline.com,101918_PRMRE,EE101918_CO003,1.0,2024-11-12
101919,EE101919,CO001,Amy,Amy,Karlsson,amy.karlsson@northernpipeline.com,1992-02-28,2022-05-20,2022-05-20,,42SAL2,Account Executive,SALES,RFT,T,Terminated,NRTHP,118,140,101731,"Young, Jose",jose.young@northernpipeline.com,101919_NRTHP,EE101919_CO001,1.0,2023-03-16
101920,EE101920,CO003,Daniel,Daniel,James,daniel.james@prairieresources.ca,1995-03-13,2022-05-20,2022-05-20,,34IT2,Software Developer,IT,RPT,A,Active,PRMRE,102,20,102972,"Ruiz, Maria",maria.ruiz@alpineconstruction.com,101920_PRMRE,EE101920_CO003,0.44,
101921,EE101921,CO001,Hans,Hans,Persson,hans.persson@northernpipeline.com,2003-11-26,2022-05-20,2022-05-20,,41SAL1,Sales Representative,SALES,CON,A,Active,NRTHP,117,100,101032,"Olsson, Christopher",christopher.olsson@northernpipeline.com,101921_NRTHP,EE101921_CO001,1.0,
101922,EE101922,CO001,Helen,Helen,Kumar,helen.kumar@northernpipeline.com,1982-08-17,2022-05-20,2022-05-20,,36IT3,Senior Systems Administrator,IT,CON,A,Active,NRTHP,118,180,,,,101922_NRTHP,EE101922_CO001,1.0,
101923,EE101923,CO002,Olga,Olga,Young,olga.young@westmarkmanufacturing.com,2000-10-24,2022-05-20,2022-05-20,,14CSR2,Customer Service Specialist,CSR,RFT,T,Terminated,WSTMF,118,170,,,,101923_WSTMF,EE101923_CO002,1.0,2024-03-19
101924,EE101924,CO002,Timothy,Timothy,Wilson,timothy.wilson@westmarkmanufacturing.com,1987-12-07,2022-05-20,2022-05-20,,55TRD1,Apprentice Technician,TRD,RFT,T,Terminated,WSTMF,106,90,101941,"Evans, Michael",michael.evans@westmarkmanufacturing.com,101924_WSTMF,EE101924_CO002,1.0,2022-08-03
101925,EE101925,CO002,Frank,Frank,Scott,frank.scott@westmarkmanufacturing.com,1969-06-09,2022-05-20,2022-05-20,,95LEG3,Legal Counsel,LEGAL,RFT,T,Terminated,WSTMF,102,50,102746,"Castillo, Nathan",nathan.castillo@alpineconstruction.com,101925_WSTMF,EE101925_CO002,1.0,2025-11-15
101926,EE101926,CO002,Lars,Lars,Morales,lars.morales@westmarkmanufacturing.com,2000-04-05,2022-05-23,2022-05-23,,48OPS1,Operations Assistant,OPS,RPT,T,Terminated,WSTMF,113,130,102623,"Wood, Margaret",margaret.wood@westmarkmanufacturing.com,101926_WSTMF,EE101926_CO002,0.8,2022-11-23
101927,EE101927,CO004,Henry,Henry,Green,henry.green@alpineconstruction.com,2004-05-03,2022-05-23,2022-05-23,,78ANL2,Business Analyst,ANLYT,RFT,A,Active,ALPNC,116,110,,,,101927_ALPNC,EE101927_CO004,1.0,
101928,EE101928,CO001,Lars,Lars,Price,lars.price@northernpipeline.com,1992-06-18,2022-05-25,2022-05-25,,35IT3,Senior Developer,IT,RPT,T,Terminated,NRTHP,117,50,,,,101928_NRTHP,EE101928_CO001,0.57,2023-02-25
101929,EE101929,CO003,Kathleen,Kathleen,Garcia,kathleen.garcia@prairieresources.ca,1978-10-31,2022-05-25,2022-05-25,,13CSR1,Customer Service Representative,CSR,RFT,T,Terminated,PRMRE,105,30,101914,"Rodriguez, Carlos",carlos.rodriguez@prairieresources.ca,101929_PRMRE,EE101929_CO003,1.0,2024-02-25
101930,EE101930,CO001,Giovanni,Giovanni,Mendoza,giovanni.mendoza@northernpipeline.com,1971-01-03,2022-05-25,2022-05-25,,36IT3,Senior Systems Administrator,IT,RFT,A,Active,NRTHP,109,20,,,,101930_NRTHP,EE101930_CO001,1.0,
101931,EE101931,CO001,Jessica,Jessica,Hernandez,jessica.hernandez@northernpipeline.com,2002-08-20,2022-05-26,2022-05-26,,07ACC2,Accountant,ACCTG,RPT,A,Active,NRTHP,104,60,101066,"Wong, Margaret",margaret.wong@alpineconstruction.com,101931_NRTHP,EE101931_CO001,0.64,
101932,EE101932,CO003,Raymond,Raymond,Baker,raymond.baker@prairieresources.ca,1986-05-05,2022-05-27,2022-05-27,,05ACC1,Accounts Payable Clerk,ACCTG,RFT,A,Active,PRMRE,105,10,101036,"Sanders, Anthony",anthony.sanders@prairieresources.ca,101932_PRMRE,EE101932_CO003,1.0,
101933,EE101933,CO004,Donald,Donald,Campbell,donald.campbell@alpineconstruction.com,1995-02-04,2022-05-27,2022-05-27,,60WHS1,Warehouse Associate,WHSE,RFT,T,Terminated,ALPNC,121,80,,,,101933_ALPNC,EE101933_CO004,1.0,2023-05-29
101934,EE101934,CO001,Dmitri,Dmitri,Gonzalez,dmitri.gonzalez@northernpipeline.com,1991-06-20,2022-05-27,2022-05-27,,05ACC1,Accounts Payable Clerk,ACCTG,CON,T,Terminated,NRTHP,121,160,101494,"Jones, Eric",eric.jones@alpineconstruction.com,101934_NRTHP,EE101934_CO001,1.0,2023-10-24
101935,EE101935,CO001,Benjamin,Benjamin,Wright,benjamin.wright@northernpipeline.com,1964-04-15,2022-05-27,2022-05-27,,13CSR1,Customer Service Representative,CSR,RFT,A,Active,NRTHP,100,230,102585,"Howard, Fatima",fatima.howard@alpineconstruction.com,101935_NRTHP,EE101935_CO001,1.0,
101936,EE101936,CO003,Jennifer,Jennifer,Perez,jennifer.perez@prairieresources.ca,2003-08-21,2022-05-27,2022-05-27,,42SAL2,Account Executive,SALES,RFT,T,Terminated,PRMRE,102,10,102485,"Ramos, Helen",helen.ramos@alpineconstruction.com,101936_PRMRE,EE101936_CO003,1.0,2024-01-07
101937,EE101937,CO001,Justin,Justin,Hill,justin.hill@northernpipeline.com,1988-06-06,2022-06-01,2022-06-01,,55TRD1,Apprentice Technician,TRD,RFT,A,Active,NRTHP,113,130,102623,"Wood, Margaret",margaret.wood@westmarkmanufacturing.com,101937_NRTHP,EE101937_CO001,1.0,
101938,EE101938,CO004,Amy,Amy,Gomez,amy.gomez@alpineconstruction.com,1986-03-10,2022-06-02,2022-06-02,,02ADM2,Administrative Coordinator,ADMIN,CON,T,Terminated,ALPNC,121,140,,,,101938_ALPNC,EE101938_CO004,1.0,2022-10-23
101939,EE101939,CO001,Scott,Scott,Phillips,scott.phillips@northernpipeline.com,1980-06-09,2022-06-02,2022-06-02,,07ACC2,Accountant,ACCTG,RPT,T,Terminated,NRTHP,103,50,,,,101939_NRTHP,EE101939_CO001,0.47,2024-02-25
101940,EE101940,CO002,Helen,Helen,Campbell,helen.campbell@westmarkmanufacturing.com,1990-02-25,2022-06-03,2022-06-03,,05ACC1,Accounts Payable Clerk,ACCTG,RFT,T,Terminated,WSTMF,115,110,102872,"Gray, Carolyn",carolyn.gray@prairieresources.ca,101940_WSTMF,EE101940_CO002,1.0,2025-07-28
101941,EE101941,CO002,Michael,Michael,Evans,michael.evans@westmarkmanufacturing.com,1987-04-06,2022-06-03,2022-06-03,,15CSR3,Senior Customer Service Specialist,CSR,RFT,A,Active,WSTMF,106,90,,,,101941_WSTMF,EE101941_CO002,1.0,
101942,EE101942,CO002,Aaron,Aaron,Yamamoto,aaron.yamamoto@westmarkmanufacturing.com,1994-05-27,2022-06-03,2022-06-03,,01ADM1,Administrative Assistant,ADMIN,RFT,A,Active,WSTMF,102,30,100967,"Clark, Kenneth",kenneth.clark@prairieresources.ca,101942_WSTMF,EE101942_CO002,1.0,
101943,EE101943,CO002,George,George,Fischer,george.fischer@westmarkmanufacturing.com,1988-04-10,2022-06-03,2022-06-03,,89PRO2,Project Coordinator,PROJ,RFT,A,Active,WSTMF,111,200,101844,"Cox, Frank",frank.cox@alpineconstruction.com,101943_WSTMF,EE101943_CO002,1.0,
101944,EE101944,CO003,Samantha,Samantha,Jones,samantha.jones@prairieresources.ca,1993-08-28,2022-06-03,2022-06-03,,94LEG2,Paralegal,LEGAL,RFT,A,Active,PRMRE,123,50,100075,"Gray, Catherine",catherine.gray@northernpipeline.com,101944_PRMRE,EE101944_CO003,1.0,
101945,EE101945,CO004,Linda,Linda,Taylor,linda.taylor@alpineconstruction.com,1983-09-28,2022-06-03,2022-06-03,,55TRD1,Apprentice Technician,TRD,RFT,A,Active,ALPNC,104,70,100847,"Peterson, Daniel",daniel.peterson@alpineconstruction.com,101945_ALPNC,EE101945_CO004,1.0,
101946,EE101946,CO002,Aisha,Aisha,Shah,aisha.shah@westmarkmanufacturing.com,1993-08-04,2022-06-03,2022-06-03,,71MKT2,Marketing Specialist,MKTG,CON,T,Terminated,WSTMF,104,10,,,,101946_WSTMF,EE101946_CO002,1.0,2022-06-08
101947,EE101947,CO003,Matthew,Matthew,Baker,matthew.baker@prairieresources.ca,1986-10-03,2022-06-06,2022-06-06,,71MKT2,Marketing Specialist,MKTG,RFT,T,Terminated,PRMRE,123,160,100953,"Hernandez, Amy",amy.hernandez@northernpipeline.com,101947_PRMRE,EE101947_CO003,1.0,2023-07-31
101948,EE101948,CO002,Ingrid,Ingrid,Kelly,ingrid.kelly@westmarkmanufacturing.com,1990-11-13,2022-06-06,2022-06-06,,07ACC2,Accountant,ACCTG,RFT,T,Terminated,WSTMF,100,110,101160,"Andersson, Sarah",sarah.andersson@northernpipeline.com,101948_WSTMF,EE101948_CO002,1.0,2023-11-13
101949,EE101949,CO001,Amy,Amy,Collins,amy.collins@northernpipeline.com,1979-02-16,2022-06-07,2022-06-07,,18ENG1,Junior Engineer,ENGR,RFT,T,Terminated,NRTHP,116,160,100217,"Hall, Aisha",aisha.hall@northernpipeline.com,101949_NRTHP,EE101949_CO001,1.0,2023-10-16
101950,EE101950,CO003,Diane,Diane,Chen,diane.chen@prairieresources.ca,1990-08-28,2022-06-09,2022-06-09,,01ADM1,Administrative Assistant,ADMIN,TAW,A,Active,PRMRE,105,110,102811,"Turner, Donna",donna.turner@prairieresources.ca,101950_PRMRE,EE101950_CO003,1.0,
101951,EE101951,CO001,Patrick,Patrick,Alvarez,patrick.alvarez@northernpipeline.com,2003-07-02,2022-06-09,2022-06-09,,95LEG3,Legal Counsel,LEGAL,RFT,T,Terminated,NRTHP,113,220,102968,"Ortiz, Kenji",kenji.ortiz@northernpipeline.com,101951_NRTHP,EE101951_CO001,1.0,2022-08-09
101952,EE101952,CO002,Astrid,Astrid,Phillips,astrid.phillips@westmarkmanufacturing.com,1978-05-18,2022-06-10,2022-06-10,,03ADM3,Senior Administrative Coordinator,ADMIN,RFT,A,Active,WSTMF,104,230,,,,101952_WSTMF,EE101952_CO002,1.0,
101953,EE101953,CO004,Ingrid,Ingrid,Morales,ingrid.morales@alpineconstruction.com,2000-04-20,2022-06-10,2022-06-10,,25HR1,HR Coordinator,HR,RFT,T,Terminated,ALPNC,119,230,100659,"Walker, Benjamin",benjamin.walker@alpineconstruction.com,101953_ALPNC,EE101953_CO004,1.0,2023-01-15
101954,EE101954,CO001,Alexander,Alexander,Myers,alexander.myers@northernpipeline.com,1997-03-24,2022-06-10,2022-06-10,,71MKT2,Marketing Specialist,MKTG,RFT,A,Active,NRTHP,104,140,,,,101954_NRTHP,EE101954_CO001,1.0,
101955,EE101955,CO002,Maria,Maria,Li,maria.li@westmarkmanufacturing.com,1995-06-25,2022-06-10,2022-06-10,,60WHS1,Warehouse Associate,WHSE,RFT,T,Terminated,WSTMF,118,120,102476,"Hernandez, Joseph",joseph.hernandez@westmarkmanufacturing.com,101955_WSTMF,EE101955_CO002,1.0,2022-11-26
101956,EE101956,CO001,Karen,Karen,Howard,karen.howard@northernpipeline.com,1976-07-28,2022-06-13,2022-06-13,,80ANL4,Analytics Lead,ANLYT,RFT,T,Terminated,NRTHP,100,50,,,,101956_NRTHP,EE101956_CO001,1.0,2024-09-29
101957,EE101957,CO004,Kenji,Kenji,Li,kenji.li@alpineconstruction.com,2003-09-09,2022-06-13,2022-06-13,,14CSR2,Customer Service Specialist,CSR,TAW,T,Terminated,ALPNC,119,170,101534,"Myers, Giovanni",giovanni.myers@alpineconstruction.com,101957_ALPNC,EE101957_CO004,1.0,2024-01-23
101958,EE101958,CO001,Jacob,Jacob,Richardson,jacob.richardson@northernpipeline.com,1958-10-12,2022-06-14,2022-06-14,,60WHS1,Warehouse Associate,WHSE,TFT,T,Terminated,NRTHP,114,20,,,,101958_NRTHP,EE101958_CO001,1.0,2022-12-12
101959,EE101959,CO003,George,George,Ruiz,george.ruiz@prairieresources.ca,1979-07-02,2022-06-14,2022-06-14,,14CSR2,Customer Service Specialist,CSR,RFT,T,Terminated,PRMRE,115,110,102872,"Gray, Carolyn",carolyn.gray@prairieresources.ca,101959_PRMRE,EE101959_CO003,1.0,2025-07-06
101960,EE101960,CO002,Angela,Angela,Phillips,angela.phillips@westmarkmanufacturing.com,1987-12-26,2022-06-14,2022-06-14,,05ACC1,Accounts Payable Clerk,ACCTG,CON,A,Active,WSTMF,105,30,101914,"Rodriguez, Carlos",carlos.rodriguez@prairieresources.ca,101960_WSTMF,EE101960_CO002,1.0,
101961,EE101961,CO002,Eric,Eric,Ramos,eric.ramos@westmarkmanufacturing.com,1990-08-24,2022-06-15,2022-06-15,,18ENG1,Junior Engineer,ENGR,RFT,A,Active,WSTMF,100,140,101268,"Schulz, Jonathan",jonathan.schulz@westmarkmanufacturing.com,101961_WSTMF,EE101961_CO002,1.0,
101962,EE101962,CO002,Kenneth,Kenneth,Karlsson,kenneth.karlsson@westmarkmanufacturing.com,1987-10-25,2022-06-15,2022-06-15,,18ENG1,Junior Engineer,ENGR,RFT,T,Terminated,WSTMF,111,160,100449,"Gomez, Charles",charles.gomez@northernpipeline.com,101962_WSTMF,EE101962_CO002,1.0,2023-10-29
101963,EE101963,CO003,Lisa,Lisa,Chen,lisa.chen@prairieresources.ca,1984-09-23,2022-06-15,2022-06-15,,35IT3,Senior Developer,IT,RPT,T,Terminated,PRMRE,116,90,102267,"Schmidt, Kimberly",kimberly.schmidt@alpineconstruction.com,101963_PRMRE,EE101963_CO003,0.44,2023-07-09
101964,EE101964,CO003,Heather,Heather,Jimenez,heather.jimenez@prairieresources.ca,1984-05-17,2022-06-16,2022-06-16,,01ADM1,Administrative Assistant,ADMIN,RFT,A,Active,PRMRE,118,170,,,,101964_PRMRE,EE101964_CO003,1.0,
101965,EE101965,CO001,Frank,Frank,Wilson,frank.wilson@northernpipeline.com,1985-06-13,2022-06-17,2022-06-17,,01ADM1,Administrative Assistant,ADMIN,RFT,A,Active,NRTHP,100,30,101389,"Stewart, Jacob",jacob.stewart@alpineconstruction.com,101965_NRTHP,EE101965_CO001,1.0,
101966,EE101966,CO004,Adam,Adam,Peterson,adam.peterson@alpineconstruction.com,1989-10-12,2022-06-17,2022-06-17,,60WHS1,Warehouse Associate,WHSE,RFT,A,Active,ALPNC,124,40,,,,101966_ALPNC,EE101966_CO004,1.0,
101967,EE101967,CO003,Shirley,Shirley,Thomas,shirley.thomas@prairieresources.ca,1991-09-05,2022-06-17,2022-06-17,,79ANL3,Senior Data Analyst,ANLYT,RPT,A,Active,PRMRE,122,30,,,,101967_PRMRE,EE101967_CO003,0.79,
101968,EE101968,CO004,Shirley,Shirley,Flores,shirley.flores@alpineconstruction.com,1991-12-05,2022-06-20,2022-06-20,,42SAL2,Account Executive,SALES,RFT,T,Terminated,ALPNC,114,180,102185,"Mueller, Jonathan",jonathan.mueller@northernpipeline.com,101968_ALPNC,EE101968_CO004,1.0,2023-06-22
101969,EE101969,CO004,Joshua,Joshua,Liu,joshua.liu@alpineconstruction.com,1991-11-12,2022-06-20,2022-06-20,,18ENG1,Junior Engineer,ENGR,RPT,T,Terminated,ALPNC,116,120,101531,"Kim, Rachel",rachel.kim@alpineconstruction.com,101969_ALPNC,EE101969_CO004,0.64,2024-06-20
101970,EE101970,CO004,Ronald,Ronald,Nilsson,ronald.nilsson@alpineconstruction.com,1979-04-30,2022-06-20,2022-06-20,,26HR2,HR Generalist,HR,RFT,T,Terminated,ALPNC,115,70,,,,101970_ALPNC,EE101970_CO004,1.0,2022-08-18
101971,EE101971,CO002,Olga,Olga,Becker,olga.becker@westmarkmanufacturing.com,1984-09-08,2022-06-21,2022-06-21,,92PRO5,Program Manager,PROJ,RFT,T,Terminated,WSTMF,110,40,,,,101971_WSTMF,EE101971_CO002,1.0,2023-10-27
101972,EE101972,CO002,Diane,Diane,Morales,diane.morales@westmarkmanufacturing.com,2003-10-11,2022-06-22,2022-06-22,,36IT3,Senior Systems Administrator,IT,RPT,T,Terminated,WSTMF,118,100,,,,101972_WSTMF,EE101972_CO002,0.62,2025-01-02
101973,EE101973,CO002,Kevin,Kevin,Kim,kevin.kim@westmarkmanufacturing.com,1983-10-04,2022-06-22,2022-06-22,,15CSR3,Senior Customer Service Specialist,CSR,RFT,A,Active,WSTMF,108,180,100320,"Price, Yuki",yuki.price@northernpipeline.com,101973_WSTMF,EE101973_CO002,1.0,
101974,EE101974,CO001,Kenji,Kenji,Fischer,kenji.fischer@northernpipeline.com,1989-02-10,2022-06-22,2022-06-22,,89PRO2,Project Coordinator,PROJ,RFT,T,Terminated,NRTHP,109,200,,,,101974_NRTHP,EE101974_CO001,1.0,2023-02-17
101975,EE101975,CO004,Jonathan,Jonathan,Kumar,jonathan.kumar@alpineconstruction.com,1991-06-18,2022-06-24,2022-06-24,,60WHS1,Warehouse Associate,WHSE,TFT,T,Terminated,ALPNC,102,40,102262,"Williams, Richard",richard.williams@alpineconstruction.com,101975_ALPNC,EE101975_CO004,1.0,2022-11-26
101976,EE101976,CO002,Samantha,Samantha,Andersson,samantha.andersson@westmarkmanufacturing.com,1993-10-12,2022-06-24,2022-06-24,,61WHS2,Warehouse Clerk,WHSE,RFT,T,Terminated,WSTMF,108,190,100313,"Larsson, Priya",priya.larsson@northernpipeline.com,101976_WSTMF,EE101976_CO002,1.0,2023-06-23
101977,EE101977,CO002,Donna,Donna,Brooks,donna.brooks@westmarkmanufacturing.com,1979-05-13,2022-06-24,2022-06-24,,67TEC3,Senior Service Technician,TECH,RPT,T,Terminated,WSTMF,104,80,,,,101977_WSTMF,EE101977_CO002,0.61,2024-02-10
101978,EE101978,CO003,Carolyn,Carolyn,Ramos,carolyn.ramos@prairieresources.ca,1980-09-03,2022-06-24,2022-06-24,,77ANL1,Data Analyst,ANLYT,RFT,T,Terminated,PRMRE,124,90,100652,"Smith, Larry",larry.smith@westmarkmanufacturing.com,101978_PRMRE,EE101978_CO003,1.0,2026-01-30
101979,EE101979,CO001,Gregory,Gregory,Mitchell,gregory.mitchell@northernpipeline.com,1997-10-24,2022-06-24,2022-06-24,,35IT3,Senior Developer,IT,RFT,T,Terminated,NRTHP,116,240,,,,101979_NRTHP,EE101979_CO001,1.0,2023-08-05
101980,EE101980,CO001,Ahmed,Ahmed,Harris,ahmed.harris@northernpipeline.com,1985-11-26,2022-07-01,2022-07-01,,29HR5,HR Manager,HR,RFT,A,Active,NRTHP,123,250,,,,101980_NRTHP,EE101980_CO001,1.0,
101981,EE101981,CO002,Astrid,Astrid,Lee,astrid.lee@westmarkmanufacturing.com,2000-04-10,2022-07-01,2022-07-01,,26HR2,HR Generalist,HR,RFT,A,Active,WSTMF,124,160,100599,"Johansson, Jonathan",jonathan.johansson@prairieresources.ca,101981_WSTMF,EE101981_CO002,1.0,
101982,EE101982,CO002,Jacob,Jacob,Foster,jacob.foster@westmarkmanufacturing.com,2003-07-19,2022-07-01,2022-07-01,,26HR2,HR Generalist,HR,RFT,A,Active,WSTMF,118,60,102844,"Allen, Michael",michael.allen@northernpipeline.com,101982_WSTMF,EE101982_CO002,1.0,
101983,EE101983,CO001,Kenji,Kenji,Kelly,kenji.kelly@northernpipeline.com,1997-03-25,2022-07-01,2022-07-01,,67TEC3,Senior Service Technician,TECH,RFT,A,Active,NRTHP,124,200,,,,101983_NRTHP,EE101983_CO001,1.0,
101984,EE101984,CO001,Jacob,Jacob,King,jacob.king@northernpipeline.com,1982-03-21,2022-07-04,2022-07-04,,20ENG3,Senior Engineer,ENGR,RFT,A,Active,NRTHP,113,220,102968,"Ortiz, Kenji",kenji.ortiz@northernpipeline.com,101984_NRTHP,EE101984_CO001,1.0,
101985,EE101985,CO004,Olga,Olga,Rivera,olga.rivera@alpineconstruction.com,1980-07-25,2022-07-04,2022-07-04,,91PRO4,Senior Project Manager,PROJ,RPT,T,Terminated,ALPNC,112,220,,,,101985_ALPNC,EE101985_CO004,0.53,2022-09-22
101986,EE101986,CO001,Joyce,Joyce,Stewart,joyce.stewart@northernpipeline.com,1984-08-20,2022-07-04,2022-07-04,,55TRD1,Apprentice Technician,TRD,RFT,A,Active,NRTHP,114,130,102882,"Clark, Angela",angela.clark@alpineconstruction.com,101986_NRTHP,EE101986_CO001,1.0,
101987,EE101987,CO002,Priya,Priya,Schmidt,priya.schmidt@westmarkmanufacturing.com,1982-10-01,2022-07-05,2022-07-05,,67TEC3,Senior Service Technician,TECH,RFT,A,Active,WSTMF,115,230,,,,101987_WSTMF,EE101987_CO002,1.0,
101988,EE101988,CO004,Christine,Christine,Parker,christine.parker@alpineconstruction.com,1984-11-14,2022-07-07,2022-07-07,,18ENG1,Junior Engineer,ENGR,RFT,T,Terminated,ALPNC,124,30,101397,"Alvarez, Janet",janet.alvarez@prairieresources.ca,101988_ALPNC,EE101988_CO004,1.0,2023-03-04
101989,EE101989,CO001,Benjamin,Benjamin,Perez,benjamin.perez@northernpipeline.com,1997-03-25,2022-07-07,2022-07-07,,01ADM1,Administrative Assistant,ADMIN,RFT,A,Active,NRTHP,123,250,101980,"Harris, Ahmed",ahmed.harris@northernpipeline.com,101989_NRTHP,EE101989_CO001,1.0,
101990,EE101990,CO002,Christopher,Christopher,Walker,christopher.walker@westmarkmanufacturing.com,1986-06-12,2022-07-08,2022-07-08,,80ANL4,Analytics Lead,ANLYT,RFT,T,Terminated,WSTMF,100,110,101160,"Andersson, Sarah",sarah.andersson@northernpipeline.com,101990_WSTMF,EE101990_CO002,1.0,2022-10-19
101991,EE101991,CO003,Patrick,Patrick,Robinson,patrick.robinson@prairieresources.ca,1982-05-06,2022-07-08,2022-07-08,,27HR3,Senior HR Generalist,HR,RFT,T,Terminated,PRMRE,121,200,,,,101991_PRMRE,EE101991_CO003,1.0,2022-11-20
101992,EE101992,CO001,Stephen,Stephen,Tanaka,stephen.tanaka@northernpipeline.com,1982-07-25,2022-07-08,2022-07-08,,69TEC5,Technical Services Manager,TECH,RPT,T,Terminated,NRTHP,108,140,,,,101992_NRTHP,EE101992_CO001,0.47,2025-07-22
101993,EE101993,CO004,Dmitri,Dmitri,Larsson,dmitri.larsson@alpineconstruction.com,1978-09-25,2022-07-08,2022-07-08,,18ENG1,Junior Engineer,ENGR,RFT,T,Terminated,ALPNC,121,80,,,,101993_ALPNC,EE101993_CO004,1.0,2022-12-07
101994,EE101994,CO004,Ahmed,Ahmed,Peterson,ahmed.peterson@alpineconstruction.com,1982-09-07,2022-07-08,2022-07-08,,61WHS2,Warehouse Clerk,WHSE,RFT,T,Terminated,ALPNC,124,20,,,,101994_ALPNC,EE101994_CO004,1.0,2024-12-19
101995,EE101995,CO003,Michelle,Michelle,Larsson,michelle.larsson@prairieresources.ca,1987-01-18,2022-07-08,2022-07-08,,18ENG1,Junior Engineer,ENGR,RFT,A,Active,PRMRE,122,120,100170,"Persson, Margaret",margaret.persson@prairieresources.ca,101995_PRMRE,EE101995_CO003,1.0,
101996,EE101996,CO003,Ashley,Ashley,Scott,ashley.scott@prairieresources.ca,1979-12-31,2022-07-11,2022-07-11,,16CSR4,Customer Service Team Lead,CSR,RFT,A,Active,PRMRE,100,50,,,,101996_PRMRE,EE101996_CO003,1.0,
101997,EE101997,CO003,Aisha,Aisha,Murphy,aisha.murphy@prairieresources.ca,1991-01-18,2022-07-12,2022-07-12,,41SAL1,Sales Representative,SALES,RFT,T,Terminated,PRMRE,116,140,101433,"Persson, Benjamin",benjamin.persson@alpineconstruction.com,101997_PRMRE,EE101997_CO003,1.0,2022-11-15
101998,EE101998,CO001,Nathan,Nathan,Alvarez,nathan.alvarez@northernpipeline.com,1999-06-05,2022-07-13,2022-07-13,,34IT2,Software Developer,IT,RFT,A,Active,NRTHP,111,120,101780,"Schulz, Cynthia",cynthia.schulz@westmarkmanufacturing.com,101998_NRTHP,EE101998_CO001,1.0,
101999,EE101999,CO001,Kevin,Kevin,Schulz,kevin.schulz@northernpipeline.com,1992-06-11,2022-07-14,2022-07-14,,32IT1,IT Support Technician,IT,RPT,T,Terminated,NRTHP,119,130,,,,101999_NRTHP,EE101999_CO001,0.45,2025-03-19
102000,EE102000,CO004,Eric,Eric,Martin,eric.martin@alpineconstruction.com,1997-08-31,2022-07-14,2022-07-14,,26HR2,HR Generalist,HR,RFT,A,Active,ALPNC,112,130,,,,102000_ALPNC,EE102000_CO004,1.0,
102001,EE102001,CO001,Melissa,Melissa,Perez,melissa.perez@northernpipeline.com,1997-01-15,2022-07-15,2022-07-15,,37IT4,Technical Lead,IT,RFT,A,Active,NRTHP,112,10,,,,102001_NRTHP,EE102001_CO001,1.0,
102002,EE102002,CO001,Jacob,Jacob,Kelly,jacob.kelly@northernpipeline.com,1992-04-10,2022-07-15,2022-07-15,,54OPS7,Chief Operating Officer,OPS,RFT,T,Terminated,NRTHP,108,10,,,,102002_NRTHP,EE102002_CO001,1.0,2024-01-07
102003,EE102003,CO002,Jeffrey,Jeffrey,Moore,jeffrey.moore@westmarkmanufacturing.com,1997-11-28,2022-07-15,2022-07-15,,60WHS1,Warehouse Associate,WHSE,RFT,A,Active,WSTMF,110,150,100466,"Ramirez, David",david.ramirez@westmarkmanufacturing.com,102003_WSTMF,EE102003_CO002,1.0,
102004,EE102004,CO001,Raj,Raj,Ward,raj.ward@northernpipeline.com,1993-10-24,2022-07-15,2022-07-15,,37IT4,Technical Lead,IT,RFT,A,Active,NRTHP,100,20,,,,102004_NRTHP,EE102004_CO001,1.0,
102005,EE102005,CO004,Stephen,Stephen,Thompson,stephen.thompson@alpineconstruction.com,2004-03-04,2022-07-19,2022-07-19,,78ANL2,Business Analyst,ANLYT,RFT,A,Active,ALPNC,119,240,100179,"Cox, John",john.cox@alpineconstruction.com,102005_ALPNC,EE102005_CO004,1.0,
102006,EE102006,CO002,Brian,Brian,Ruiz,brian.ruiz@westmarkmanufacturing.com,1987-11-28,2022-07-20,2022-07-20,,35IT3,Senior Developer,IT,RFT,A,Active,WSTMF,115,90,102088,"Moore, Matthew",matthew.moore@westmarkmanufacturing.com,102006_WSTMF,EE102006_CO002,1.0,
102007,EE102007,CO002,Maria,Maria,Reyes,maria.reyes@westmarkmanufacturing.com,1989-11-06,2022-07-22,2022-07-22,,55TRD1,Apprentice Technician,TRD,RFT,T,Terminated,WSTMF,104,170,102275,"Williams, Cynthia",cynthia.williams@westmarkmanufacturing.com,102007_WSTMF,EE102007_CO002,1.0,2024-03-03
102008,EE102008,CO002,Stephen,Stephen,Alvarez,stephen.alvarez@westmarkmanufacturing.com,1999-03-22,2022-07-22,2022-07-22,,25HR1,HR Coordinator,HR,RFT,T,Terminated,WSTMF,104,190,100361,"Morgan, Richard",richard.morgan@northernpipeline.com,102008_WSTMF,EE102008_CO002,1.0,2023-06-21
102009,EE102009,CO003,Adam,Adam,Kelly,adam.kelly@prairieresources.ca,1984-03-13,2022-07-22,2022-07-22,,70MKT1,Marketing Coordinator,MKTG,RFT,A,Active,PRMRE,115,180,100860,"Morgan, Nicole",nicole.morgan@prairieresources.ca,102009_PRMRE,EE102009_CO003,1.0,
102010,EE102010,CO002,Ashley,Ashley,Lewis,ashley.lewis@westmarkmanufacturing.com,1981-02-18,2022-07-22,2022-07-22,,34IT2,Software Developer,IT,CON,T,Terminated,WSTMF,124,250,,,,102010_WSTMF,EE102010_CO002,1.0,2022-10-28
102011,EE102011,CO004,Frank,Frank,Clark,frank.clark@alpineconstruction.com,2004-01-08,2022-07-25,2022-07-25,,73MKT4,Marketing Lead,MKTG,RFT,T,Terminated,ALPNC,121,110,100624,"Wood, Ahmed",ahmed.wood@alpineconstruction.com,102011_ALPNC,EE102011_CO004,1.0,2023-12-26
102012,EE102012,CO003,Henry,Henry,Schmidt,henry.schmidt@prairieresources.ca,1998-06-22,2022-07-25,2022-07-25,,14CSR2,Customer Service Specialist,CSR,RFT,T,Terminated,PRMRE,105,220,,,,102012_PRMRE,EE102012_CO003,1.0,2023-05-16
102013,EE102013,CO001,Stephen,Stephen,Campbell,stephen.campbell@northernpipeline.com,1998-06-11,2022-07-25,2022-07-25,,42SAL2,Account Executive,SALES,RFT,T,Terminated,NRTHP,122,160,100003,"Liu, Barbara",barbara.liu@northernpipeline.com,102013_NRTHP,EE102013_CO001,1.0,2023-03-02
102014,EE102014,CO004,Virginia,Virginia,Yamamoto,virginia.yamamoto@alpineconstruction.com,2000-01-22,2022-08-01,2022-08-01,,56TRD2,Journeyman Technician,TRD,RFT,T,Terminated,ALPNC,100,40,102372,"Lopez, Jonathan",jonathan.lopez@alpineconstruction.com,102014_ALPNC,EE102014_CO004,1.0,2025-04-28
102015,EE102015,CO002,Julie,Julie,Wang,julie.wang@westmarkmanufacturing.com,1981-09-19,2022-08-02,2022-08-02,,94LEG2,Paralegal,LEGAL,RFT,T,Terminated,WSTMF,108,40,102445,"Roberts, Alexander",alexander.roberts@northernpipeline.com,102015_WSTMF,EE102015_CO002,1.0,2025-09-10
102016,EE102016,CO002,Kimberly,Kimberly,Robinson,kimberly.robinson@westmarkmanufacturing.com,1992-08-02,2022-08-03,2022-08-03,,28HR4,HR Business Partner,HR,RFT,A,Active,WSTMF,113,210,,,,102016_WSTMF,EE102016_CO002,1.0,
102017,EE102017,CO001,Timothy,Timothy,Young,timothy.young@northernpipeline.com,1993-08-02,2022-08-03,2022-08-03,,08ACC3,Senior Accountant,ACCTG,RFT,A,Active,NRTHP,122,250,,,,102017_NRTHP,EE102017_CO001,1.0,
102018,EE102018,CO002,Carolyn,Carolyn,Clark,carolyn.clark@westmarkmanufacturing.com,2003-11-02,2022-08-05,2022-08-05,,77ANL1,Data Analyst,ANLYT,RPT,A,Active,WSTMF,111,100,100663,"Kim, Carolyn",carolyn.kim@northernpipeline.com,102018_WSTMF,EE102018_CO002,0.55,
102019,EE102019,CO003,Christine,Christine,Mueller,christine.mueller@prairieresources.ca,1984-08-09,2022-08-08,2022-08-08,,95LEG3,Legal Counsel,LEGAL,RFT,T,Terminated,PRMRE,117,220,101599,"Ramirez, Lars",lars.ramirez@prairieresources.ca,102019_PRMRE,EE102019_CO003,1.0,2023-12-15
102020,EE102020,CO001,Yuki,Yuki,Morris,yuki.morris@northernpipeline.com,2002-10-15,2022-08-10,2022-08-10,,06ACC1,Accounts Receivable Clerk,ACCTG,RFT,T,Terminated,NRTHP,108,140,,,,102020_NRTHP,EE102020_CO001,1.0,2023-09-22
102021,EE102021,CO004,Stephen,Stephen,Williams,stephen.williams@alpineconstruction.com,1989-08-21,2022-08-11,2022-08-11,,26HR2,HR Generalist,HR,RFT,L,Leave of Absence,ALPNC,104,140,,,,102021_ALPNC,EE102021_CO004,1.0,
102022,EE102022,CO004,Dmitri,Dmitri,Richardson,dmitri.richardson@alpineconstruction.com,1988-08-09,2022-08-12,2022-08-12,,21ENG4,Principal Engineer,ENGR,RFT,T,Terminated,ALPNC,111,230,,,,102022_ALPNC,EE102022_CO004,1.0,2024-12-19
102023,EE102023,CO003,Benjamin,Benjamin,Gonzalez,benjamin.gonzalez@prairieresources.ca,1976-10-07,2022-08-12,2022-08-12,,66TEC2,Service Technician,TECH,RFT,A,Active,PRMRE,117,100,101032,"Olsson, Christopher",christopher.olsson@northernpipeline.com,102023_PRMRE,EE102023_CO003,1.0,
102024,EE102024,CO002,Amy,Amy,Scott,amy.scott@westmarkmanufacturing.com,2003-11-24,2022-08-12,2022-08-12,,48OPS1,Operations Assistant,OPS,RFT,A,Active,WSTMF,118,190,102992,"Allen, Catherine",catherine.allen@northernpipeline.com,102024_WSTMF,EE102024_CO002,1.0,
102025,EE102025,CO002,Anthony,Anthony,Davis,anthony.davis@westmarkmanufacturing.com,2004-04-29,2022-08-12,2022-08-12,,41SAL1,Sales Representative,SALES,RFT,A,Active,WSTMF,115,30,102360,"Castillo, Timothy",timothy.castillo@westmarkmanufacturing.com,102025_WSTMF,EE102025_CO002,1.0,
102026,EE102026,CO003,Heather,Heather,Cox,heather.cox@prairieresources.ca,1988-11-04,2022-08-12,2022-08-12,,33IT2,Systems Administrator,IT,RFT,A,Active,PRMRE,118,150,,,,102026_PRMRE,EE102026_CO003,1.0,
102027,EE102027,CO001,Rebecca,Rebecca,Wong,rebecca.wong@northernpipeline.com,1972-05-18,2022-08-12,2022-08-12,,66TEC2,Service Technician,TECH,RPT,A,Active,NRTHP,114,10,,,,102027_NRTHP,EE102027_CO001,0.6,
102028,EE102028,CO003,Patricia,Patricia,Hernandez,patricia.hernandez@prairieresources.ca,1978-06-22,2022-08-12,2022-08-12,,16CSR4,Customer Service Team Lead,CSR,RFT,A,Active,PRMRE,117,20,,,,102028_PRMRE,EE102028_CO003,1.0,
102029,EE102029,CO001,Melissa,Melissa,Hall,melissa.hall@northernpipeline.com,1988-08-03,2022-08-15,2022-08-15,,80ANL4,Analytics Lead,ANLYT,RFT,A,Active,NRTHP,103,10,,,,102029_NRTHP,EE102029_CO001,1.0,
102030,EE102030,CO004,Christine,Christine,Scott,christine.scott@alpineconstruction.com,1995-01-21,2022-08-17,2022-08-17,,70MKT1,Marketing Coordinator,MKTG,RPT,T,Terminated,ALPNC,121,200,102280,"Gomez, Virginia",virginia.gomez@northernpipeline.com,102030_ALPNC,EE102030_CO004,0.49,2023-03-03
102031,EE102031,CO003,Timothy,Timothy,Cox,timothy.cox@prairieresources.ca,1982-06-10,2022-08-18,2022-08-18,,06ACC1,Accounts Receivable Clerk,ACCTG,RPT,A,Active,PRMRE,123,120,102934,"Schneider, Nicholas",nicholas.schneider@northernpipeline.com,102031_PRMRE,EE102031_CO003,0.78,
102032,EE102032,CO004,Carol,Carol,Reyes,carol.reyes@alpineconstruction.com,1999-12-04,2022-08-18,2022-08-18,,56TRD2,Journeyman Technician,TRD,RFT,A,Active,ALPNC,100,170,,,,102032_ALPNC,EE102032_CO004,1.0,
102033,EE102033,CO004,Heather,Heather,Anderson,heather.anderson@alpineconstruction.com,1986-05-27,2022-08-19,2022-08-19,,04ADM4,Executive Assistant,ADMIN,RFT,A,Active,ALPNC,124,60,,,,102033_ALPNC,EE102033_CO004,1.0,
102034,EE102034,CO004,Amanda,Amanda,Bailey,amanda.bailey@alpineconstruction.com,1985-04-05,2022-08-19,2022-08-19,,37IT4,Technical Lead,IT,RFT,A,Active,ALPNC,121,230,,,,102034_ALPNC,EE102034_CO004,1.0,
102035,EE102035,CO003,Wei,Wei,Hughes,wei.hughes@prairieresources.ca,1979-10-21,2022-08-19,2022-08-19,,13CSR1,Customer Service Representative,CSR,RFT,A,Active,PRMRE,118,30,,,,102035_PRMRE,EE102035_CO003,1.0,
102036,EE102036,CO002,Christine,Christine,Gray,christine.gray@westmarkmanufacturing.com,1963-05-20,2022-08-22,2022-08-22,,19ENG2,Engineer,ENGR,RFT,T,Terminated,WSTMF,104,240,,,,102036_WSTMF,EE102036_CO002,1.0,2024-05-21
102037,EE102037,CO001,Mei,Mei,Johnson,mei.johnson@northernpipeline.com,1986-10-10,2022-08-23,2022-08-23,,62WHS3,Senior Warehouse Clerk,WHSE,RFT,T,Terminated,NRTHP,118,250,102494,"Singh, Jerry",jerry.singh@westmarkmanufacturing.com,102037_NRTHP,EE102037_CO001,1.0,2023-12-17
102038,EE102038,CO002,Daniel,Daniel,Ortiz,daniel.ortiz@westmarkmanufacturing.com,1995-11-24,2022-08-23,2022-08-23,,13CSR1,Customer Service Representative,CSR,RFT,A,Active,WSTMF,122,240,102139,"Jackson, Amanda",amanda.jackson@westmarkmanufacturing.com,102038_WSTMF,EE102038_CO002,1.0,
102039,EE102039,CO003,Diane,Diane,Ramos,diane.ramos@prairieresources.ca,1990-09-17,2022-08-24,2022-08-24,,74MKT5,Marketing Manager,MKTG,RFT,A,Active,PRMRE,118,240,,,,102039_PRMRE,EE102039_CO003,1.0,
102040,EE102040,CO001,Priya,Priya,Rodriguez,priya.rodriguez@northernpipeline.com,2004-06-19,2022-08-26,2022-08-26,,32IT1,IT Support Technician,IT,RFT,A,Active,NRTHP,118,100,101234,"Turner, Anthony",anthony.turner@northernpipeline.com,102040_NRTHP,EE102040_CO001,1.0,
102041,EE102041,CO002,Emily,Emily,Anderson,emily.anderson@westmarkmanufacturing.com,1996-09-22,2022-08-26,2022-08-26,,77ANL1,Data Analyst,ANLYT,RFT,T,Terminated,WSTMF,124,170,102836,"Alvarez, Deborah",deborah.alvarez@westmarkmanufacturing.com,102041_WSTMF,EE102041_CO002,1.0,2025-04-05
102042,EE102042,CO002,Adam,Adam,Price,adam.price@westmarkmanufacturing.com,1995-07-12,2022-08-26,2022-08-26,,16CSR4,Customer Service Team Lead,CSR,RFT,T,Terminated,WSTMF,124,180,,,,102042_WSTMF,EE102042_CO002,1.0,2024-07-31
102043,EE102043,CO002,Brenda,Brenda,Cook,brenda.cook@westmarkmanufacturing.com,1995-11-25,2022-08-26,2022-08-26,,70MKT1,Marketing Coordinator,MKTG,RFT,A,Active,WSTMF,108,20,,,,102043_WSTMF,EE102043_CO002,1.0,
102044,EE102044,CO001,Carol,Carol,Lopez,carol.lopez@northernpipeline.com,1989-02-07,2022-09-01,2022-09-01,,26HR2,HR Generalist,HR,RFT,T,Terminated,NRTHP,109,120,,,,102044_NRTHP,EE102044_CO001,1.0,2025-03-02
102045,EE102045,CO002,Priya,Priya,Cruz,priya.cruz@westmarkmanufacturing.com,1999-08-03,2022-09-02,2022-09-02,,07ACC2,Accountant,ACCTG,RFT,T,Terminated,WSTMF,113,250,,,,102045_WSTMF,EE102045_CO002,1.0,2023-03-07
102046,EE102046,CO001,Joshua,Joshua,Reyes,joshua.reyes@northernpipeline.com,1979-05-28,2022-09-02,2022-09-02,,91PRO4,Senior Project Manager,PROJ,RFT,A,Active,NRTHP,108,80,,,,102046_NRTHP,EE102046_CO001,1.0,
102047,EE102047,CO003,Brian,Brian,Eriksson,brian.eriksson@prairieresources.ca,1990-07-25,2022-09-02,2022-09-02,,60WHS1,Warehouse Associate,WHSE,CON,A,Active,PRMRE,121,180,,,,102047_PRMRE,EE102047_CO003,1.0,
102048,EE102048,CO001,Ronald,Ronald,Parker,ronald.parker@northernpipeline.com,1990-12-21,2022-09-02,2022-09-02,,58TRD4,Lead Technician,TRD,RPT,A,Active,NRTHP,112,220,,,,102048_NRTHP,EE102048_CO001,0.65,
102049,EE102049,CO003,Alexander,Alexander,Mueller,alexander.mueller@prairieresources.ca,1994-07-01,2022-09-02,2022-09-02,,25HR1,HR Coordinator,HR,RFT,A,Active,PRMRE,116,190,102863,"Robinson, Andrew",andrew.robinson@alpineconstruction.com,102049_PRMRE,EE102049_CO003,1.0,
102050,EE102050,CO002,Diane,Diane,Kumar,diane.kumar@westmarkmanufacturing.com,1988-11-08,2022-09-02,2022-09-02,,32IT1,IT Support Technician,IT,RPT,A,Active,WSTMF,122,210,101716,"Martinez, Angela",angela.martinez@westmarkmanufacturing.com,102050_WSTMF,EE102050_CO002,0.75,
102051,EE102051,CO004,Fatima,Fatima,Meyer,fatima.meyer@alpineconstruction.com,1981-12-03,2022-09-05,2022-09-05,,34IT2,Software Developer,IT,RFT,A,Active,ALPNC,114,50,,,,102051_ALPNC,EE102051_CO004,1.0,
102052,EE102052,CO004,Aaron,Aaron,Long,aaron.long@alpineconstruction.com,1999-06-07,2022-09-05,2022-09-05,,55TRD1,Apprentice Technician,TRD,RFT,A,Active,ALPNC,121,20,100758,"Nelson, Diane",diane.nelson@prairieresources.ca,102052_ALPNC,EE102052_CO004,1.0,
102053,EE102053,CO002,Betty,Betty,Phillips,betty.phillips@westmarkmanufacturing.com,1997-05-02,2022-09-06,2022-09-06,,33IT2,Systems Administrator,IT,RFT,A,Active,WSTMF,122,170,100623,"Adams, Justin",justin.adams@westmarkmanufacturing.com,102053_WSTMF,EE102053_CO002,1.0,
102054,EE102054,CO004,Maria,Maria,Gomez,maria.gomez@alpineconstruction.com,1994-06-21,2022-09-06,2022-09-06,,05ACC1,Accounts Payable Clerk,ACCTG,RFT,T,Terminated,ALPNC,119,40,,,,102054_ALPNC,EE102054_CO004,1.0,2023-04-20
102055,EE102055,CO001,Linda,Linda,Thompson,linda.thompson@northernpipeline.com,2003-11-21,2022-09-07,2022-09-07,,94LEG2,Paralegal,LEGAL,RFT,A,Active,NRTHP,109,50,101719,"Martinez, Amy",amy.martinez@northernpipeline.com,102055_NRTHP,EE102055_CO001,1.0,
102056,EE102056,CO001,Ashley,Ashley,Gutierrez,ashley.gutierrez@northernpipeline.com,1998-11-04,2022-09-07,2022-09-07,,20ENG3,Senior Engineer,ENGR,RPT,T,Terminated,NRTHP,123,210,,,,102056_NRTHP,EE102056_CO001,0.62,2025-03-20
102057,EE102057,CO003,Mohammed,Mohammed,Shah,mohammed.shah@prairieresources.ca,1995-02-15,2022-09-08,2022-09-08,,13CSR1,Customer Service Representative,CSR,RFT,A,Active,PRMRE,100,240,102150,"Jimenez, Anthony",anthony.jimenez@westmarkmanufacturing.com,102057_PRMRE,EE102057_CO003,1.0,
102058,EE102058,CO002,Carolyn,Carolyn,Flores,carolyn.flores@westmarkmanufacturing.com,1981-11-21,2022-09-08,2022-09-08,,19ENG2,Engineer,ENGR,RFT,T,Terminated,WSTMF,102,150,100842,"Reed, Larry",larry.reed@prairieresources.ca,102058_WSTMF,EE102058_CO002,1.0,2022-11-18
102059,EE102059,CO003,Andrew,Andrew,Thomas,andrew.thomas@prairieresources.ca,1987-12-15,2022-09-08,2022-09-08,,42SAL2,Account Executive,SALES,RFT,T,Terminated,PRMRE,117,40,100480,"Hughes, Pamela",pamela.hughes@prairieresources.ca,102059_PRMRE,EE102059_CO003,1.0,2024-10-22
102060,EE102060,CO001,Jacob,Jacob,Ward,jacob.ward@northernpipeline.com,1989-06-16,2022-09-09,2022-09-09,,18ENG1,Junior Engineer,ENGR,RFT,T,Terminated,NRTHP,111,130,100890,"Green, Ryan",ryan.green@alpineconstruction.com,102060_NRTHP,EE102060_CO001,1.0,2023-09-17
102061,EE102061,CO003,Katherine,Katherine,Cook,katherine.cook@prairieresources.ca,1982-07-10,2022-09-09,2022-09-09,,25HR1,HR Coordinator,HR,RFT,T,Terminated,PRMRE,121,50,101661,"Thomas, Sakura",sakura.thomas@alpineconstruction.com,102061_PRMRE,EE102061_CO003,1.0,2023-10-12
102062,EE102062,CO001,Sandra,Sandra,Ward,sandra.ward@northernpipeline.com,1992-05-16,2022-09-09,2022-09-09,,41SAL1,Sales Representative,SALES,RFT,A,Active,NRTHP,119,10,100932,"Johnson, Ryan",ryan.johnson@alpineconstruction.com,102062_NRTHP,EE102062_CO001,1.0,
102063,EE102063,CO004,George,George,Walker,george.walker@alpineconstruction.com,1986-11-12,2022-09-09,2022-09-09,,48OPS1,Operations Assistant,OPS,RFT,A,Active,ALPNC,121,170,100093,"Hall, Jessica",jessica.hall@alpineconstruction.com,102063_ALPNC,EE102063_CO004,1.0,
102064,EE102064,CO002,Jonathan,Jonathan,Anderson,jonathan.anderson@westmarkmanufacturing.com,1992-05-08,2022-09-09,2022-09-09,,62WHS3,Senior Warehouse Clerk,WHSE,RFT,A,Active,WSTMF,115,200,102397,"Allen, Priya",priya.allen@prairieresources.ca,102064_WSTMF,EE102064_CO002,1.0,
102065,EE102065,CO003,Anna,Anna,Becker,anna.becker@prairieresources.ca,1987-09-28,2022-09-12,2022-09-12,,25HR1,HR Coordinator,HR,RPT,T,Terminated,PRMRE,121,10,100233,"Morris, Jeffrey",jeffrey.morris@alpineconstruction.com,102065_PRMRE,EE102065_CO003,0.48,2022-10-07
102066,EE102066,CO002,Joyce,Joyce,Schneider,joyce.schneider@westmarkmanufacturing.com,1996-07-26,2022-09-12,2022-09-12,,55TRD1,Apprentice Technician,TRD,RFT,A,Active,WSTMF,100,20,102004,"Ward, Raj",raj.ward@northernpipeline.com,102066_WSTMF,EE102066_CO002,1.0,
102067,EE102067,CO004,Kenneth,Kenneth,Davis,kenneth.davis@alpineconstruction.com,2004-09-05,2022-09-12,2022-09-12,,60WHS1,Warehouse Associate,WHSE,RFT,A,Active,ALPNC,100,100,100277,"Evans, James",james.evans@westmarkmanufacturing.com,102067_ALPNC,EE102067_CO004,1.0,
102068,EE102068,CO001,Janet,Janet,Jimenez,janet.jimenez@northernpipeline.com,1992-07-18,2022-09-13,2022-09-13,,70MKT1,Marketing Coordinator,MKTG,RFT,A,Active,NRTHP,114,220,,,,102068_NRTHP,EE102068_CO001,1.0,
102069,EE102069,CO003,Ashley,Ashley,Ruiz,ashley.ruiz@prairieresources.ca,1975-10-02,2022-09-13,2022-09-13,,60WHS1,Warehouse Associate,WHSE,CON,T,Terminated,PRMRE,105,110,102811,"Turner, Donna",donna.turner@prairieresources.ca,102069_PRMRE,EE102069_CO003,1.0,2023-03-25
102070,EE102070,CO003,Betty,Betty,Meyer,betty.meyer@prairieresources.ca,1980-12-04,2022-09-13,2022-09-13,,05ACC1,Accounts Payable Clerk,ACCTG,RFT,A,Active,PRMRE,123,20,101817,"Adams, Sarah",sarah.adams@northernpipeline.com,102070_PRMRE,EE102070_CO003,1.0,
102071,EE102071,CO003,Raj,Raj,Ruiz,raj.ruiz@prairieresources.ca,1981-03-21,2022-09-14,2022-09-14,,91PRO4,Senior Project Manager,PROJ,RFT,T,Terminated,PRMRE,118,160,,,,102071_PRMRE,EE102071_CO003,1.0,2024-10-14
102072,EE102072,CO002,Amy,Amy,Mueller,amy.mueller@westmarkmanufacturing.com,1978-06-01,2022-09-14,2022-09-14,,01ADM1,Administrative Assistant,ADMIN,RPT,T,Terminated,WSTMF,113,210,102016,"Robinson, Kimberly",kimberly.robinson@westmarkmanufacturing.com,102072_WSTMF,EE102072_CO002,0.62,2025-03-11
102073,EE102073,CO002,Ryan,Ryan,Roberts,ryan.roberts@westmarkmanufacturing.com,1990-05-02,2022-09-15,2022-09-15,,68TEC4,Technical Specialist,TECH,RFT,A,Active,WSTMF,118,250,,,,102073_WSTMF,EE102073_CO002,1.0,
102074,EE102074,CO001,Thomas,Thomas,Ramos,thomas.ramos@northernpipeline.com,1989-06-11,2022-09-16,2022-09-16,,66TEC2,Service Technician,TECH,RFT,A,Active,NRTHP,120,60,,,,102074_NRTHP,EE102074_CO001,1.0,
102075,EE102075,CO003,Andrew,Andrew,Watson,andrew.watson@prairieresources.ca,1997-02-03,2022-09-16,2022-09-16,,01ADM1,Administrative Assistant,ADMIN,RFT,T,Terminated,PRMRE,124,160,100599,"Johansson, Jonathan",jonathan.johansson@prairieresources.ca,102075_PRMRE,EE102075_CO003,1.0,2023-03-20
102076,EE102076,CO004,Mark,Mark,Fischer,mark.fischer@alpineconstruction.com,1993-12-26,2022-09-16,2022-09-16,,35IT3,Senior Developer,IT,TFT,T,Terminated,ALPNC,111,40,101448,"Chen, Kenneth",kenneth.chen@alpineconstruction.com,102076_ALPNC,EE102076_CO004,1.0,2022-11-04
102077,EE102077,CO003,Mohammed,Mohammed,Perez,mohammed.perez@prairieresources.ca,1984-04-11,2022-09-16,2022-09-16,,07ACC2,Accountant,ACCTG,RFT,A,Active,PRMRE,115,180,100860,"Morgan, Nicole",nicole.morgan@prairieresources.ca,102077_PRMRE,EE102077_CO003,1.0,
102078,EE102078,CO001,Nicholas,Nicholas,Collins,nicholas.collins@northernpipeline.com,1978-09-26,2022-09-19,2022-09-19,,07ACC2,Accountant,ACCTG,RFT,A,Active,NRTHP,102,210,101824,"Martin, Edward",edward.martin@prairieresources.ca,102078_NRTHP,EE102078_CO001,1.0,
102079,EE102079,CO002,Rachel,Rachel,Hall,rachel.hall@westmarkmanufacturing.com,1991-10-12,2022-09-20,2022-09-20,,13CSR1,Customer Service Representative,CSR,CON,T,Terminated,WSTMF,110,110,100373,"Collins, Giovanni",giovanni.collins@westmarkmanufacturing.com,102079_WSTMF,EE102079_CO002,1.0,2023-09-05
102080,EE102080,CO002,Jerry,Jerry,Harris,jerry.harris@westmarkmanufacturing.com,1994-12-26,2022-09-21,2022-09-21,,65TEC1,Field Technician,TECH,RFT,A,Active,WSTMF,100,80,100205,"Andersson, Adam",adam.andersson@alpineconstruction.com,102080_WSTMF,EE102080_CO002,1.0,
102081,EE102081,CO001,Larry,Larry,Lopez,larry.lopez@northernpipeline.com,1989-11-22,2022-09-21,2022-09-21,,19ENG2,Engineer,ENGR,RFT,T,Terminated,NRTHP,120,140,,,,102081_NRTHP,EE102081_CO001,1.0,2024-12-15
102082,EE102082,CO004,Donald,Donald,Morales,donald.morales@alpineconstruction.com,1984-04-15,2022-09-23,2022-09-23,,55TRD1,Apprentice Technician,TRD,RFT,T,Terminated,ALPNC,119,130,,,,102082_ALPNC,EE102082_CO004,1.0,2023-08-22
102083,EE102083,CO002,Raymond,Raymond,Mueller,raymond.mueller@westmarkmanufacturing.com,2004-02-22,2022-09-23,2022-09-23,,94LEG2,Paralegal,LEGAL,RFT,A,Active,WSTMF,106,220,,,,102083_WSTMF,EE102083_CO002,1.0,
102084,EE102084,CO001,Ashley,Ashley,Carter,ashley.carter@northernpipeline.com,2004-09-02,2022-09-23,2022-09-23,,19ENG2,Engineer,ENGR,RFT,T,Terminated,NRTHP,122,30,101967,"Thomas, Shirley",shirley.thomas@prairieresources.ca,102084_NRTHP,EE102084_CO001,1.0,2025-05-05
102085,EE102085,CO003,Alexander,Alexander,Nelson,alexander.nelson@prairieresources.ca,1996-05-11,2022-09-23,2022-09-23,,09ACC4,Accounting Lead,ACCTG,TFT,T,Terminated,PRMRE,124,250,,,,102085_PRMRE,EE102085_CO003,1.0,2023-09-25
102086,EE102086,CO004,Astrid,Astrid,Williams,astrid.williams@alpineconstruction.com,2003-09-17,2022-09-23,2022-09-23,,19ENG2,Engineer,ENGR,RFT,A,Active,ALPNC,100,130,101590,"Karlsson, Aaron",aaron.karlsson@prairieresources.ca,102086_ALPNC,EE102086_CO004,1.0,
102087,EE102087,CO001,Hans,Hans,Martin,hans.martin@northernpipeline.com,1995-10-06,2022-09-26,2022-09-26,,05ACC1,Accounts Payable Clerk,ACCTG,RFT,A,Active,NRTHP,114,90,101275,"Kumar, Anthony",anthony.kumar@alpineconstruction.com,102087_NRTHP,EE102087_CO001,1.0,
102088,EE102088,CO002,Matthew,Matthew,Moore,matthew.moore@westmarkmanufacturing.com,1992-10-01,2022-09-27,2022-09-27,,09ACC4,Accounting Lead,ACCTG,RPT,A,Active,WSTMF,115,90,,,,102088_WSTMF,EE102088_CO002,0.43,
102089,EE102089,CO003,Kenji,Kenji,Andersson,kenji.andersson@prairieresources.ca,1994-10-19,2022-09-27,2022-09-27,,25HR1,HR Coordinator,HR,RPT,T,Terminated,PRMRE,115,150,102289,"Price, Angela",angela.price@prairieresources.ca,102089_PRMRE,EE102089_CO003,0.51,2024-09-24
102090,EE102090,CO001,Alexander,Alexander,Gomez,alexander.gomez@northernpipeline.com,1975-12-20,2022-09-27,2022-09-27,,05ACC1,Accounts Payable Clerk,ACCTG,RPT,T,Terminated,NRTHP,101,100,100126,"Myers, Daniel",daniel.myers@northernpipeline.com,102090_NRTHP,EE102090_CO001,0.65,2023-07-12
102091,EE102091,CO004,Donna,Donna,Meyer,donna.meyer@alpineconstruction.com,1986-11-08,2022-09-28,2022-09-28,,32IT1,IT Support Technician,IT,RFT,T,Terminated,ALPNC,114,120,102960,"Bennett, Edward",edward.bennett@alpineconstruction.com,102091_ALPNC,EE102091_CO004,1.0,2023-02-18
102092,EE102092,CO002,Nicholas,Nicholas,Schulz,nicholas.schulz@westmarkmanufacturing.com,1987-07-17,2022-09-28,2022-09-28,,65TEC1,Field Technician,TECH,RPT,T,Terminated,WSTMF,110,190,,,,102092_WSTMF,EE102092_CO002,0.45,2025-02-28
102093,EE102093,CO003,Jennifer,Jennifer,Collins,jennifer.collins@prairieresources.ca,1984-06-04,2022-09-30,2022-09-30,,78ANL2,Business Analyst,ANLYT,RFT,T,Terminated,PRMRE,118,160,100692,"Wang, Tyler",tyler.wang@northernpipeline.com,102093_PRMRE,EE102093_CO003,1.0,2022-11-29
102094,EE102094,CO004,Virginia,Virginia,Peterson,virginia.peterson@alpineconstruction.com,2002-10-06,2022-10-03,2022-10-03,,41SAL1,Sales Representative,SALES,RFT,A,Active,ALPNC,114,80,,,,102094_ALPNC,EE102094_CO004,1.0,
102095,EE102095,CO001,Henry,Henry,Andersson,henry.andersson@northernpipeline.com,1980-05-25,2022-10-03,2022-10-03,,83SUP4,Shift Supervisor,SUPV,RFT,A,Active,NRTHP,111,190,101390,"Harris, Kenneth",kenneth.harris@northernpipeline.com,102095_NRTHP,EE102095_CO001,1.0,
102096,EE102096,CO002,Michael,Michael,Singh,michael.singh@westmarkmanufacturing.com,1990-12-30,2022-10-03,2022-10-03,,89PRO2,Project Coordinator,PROJ,RFT,T,Terminated,WSTMF,108,140,,,,102096_WSTMF,EE102096_CO002,1.0,2023-02-04
102097,EE102097,CO001,Melissa,Melissa,Liu,melissa.liu@northernpipeline.com,1983-12-08,2022-10-05,2022-10-05,,71MKT2,Marketing Specialist,MKTG,RFT,A,Active,NRTHP,101,70,,,,102097_NRTHP,EE102097_CO001,1.0,
102098,EE102098,CO003,Michael,Michael,Cooper,michael.cooper@prairieresources.ca,2000-12-21,2022-10-05,2022-10-05,,56TRD2,Journeyman Technician,TRD,RPT,A,Active,PRMRE,105,40,101888,"Long, Carolyn",carolyn.long@prairieresources.ca,102098_PRMRE,EE102098_CO003,0.57,
102099,EE102099,CO001,David,David,Hernandez,david.hernandez@northernpipeline.com,2004-07-24,2022-10-06,2022-10-06,,13CSR1,Customer Service Representative,CSR,RFT,A,Active,NRTHP,123,140,102554,"Kim, Marie",marie.kim@northernpipeline.com,102099_NRTHP,EE102099_CO001,1.0,
102100,EE102100,CO001,George,George,Johansson,george.johansson@northernpipeline.com,1982-03-24,2022-10-07,2022-10-07,,02ADM2,Administrative Coordinator,ADMIN,CON,T,Terminated,NRTHP,124,140,100787,"Lopez, Isabella",isabella.lopez@alpineconstruction.com,102100_NRTHP,EE102100_CO001,1.0,2024-01-29
102101,EE102101,CO001,Dennis,Dennis,Sanchez,dennis.sanchez@northernpipeline.com,1987-01-20,2022-10-10,2022-10-10,,65TEC1,Field Technician,TECH,RFT,A,Active,NRTHP,117,180,,,,102101_NRTHP,EE102101_CO001,1.0,
102102,EE102102,CO004,Stephanie,Stephanie,Flores,stephanie.flores@alpineconstruction.com,1999-11-29,2022-10-10,2022-10-10,,02ADM2,Administrative Coordinator,ADMIN,RFT,A,Active,ALPNC,115,20,101427,"Tanaka, Wei",wei.tanaka@prairieresources.ca,102102_ALPNC,EE102102_CO004,1.0,
102103,EE102103,CO002,Priya,Priya,Larsson,priya.larsson@westmarkmanufacturing.com,1999-09-05,2022-10-11,2022-10-11,,05ACC1,Accounts Payable Clerk,ACCTG,RFT,A,Active,WSTMF,124,30,101397,"Alvarez, Janet",janet.alvarez@prairieresources.ca,102103_WSTMF,EE102103_CO002,1.0,
102104,EE102104,CO001,Catherine,Catherine,Perez,catherine.perez@northernpipeline.com,1979-06-17,2022-10-11,2022-10-11,,32IT1,IT Support Technician,IT,RPT,A,Active,NRTHP,108,100,100625,"Rodriguez, Shirley",shirley.rodriguez@westmarkmanufacturing.com,102104_NRTHP,EE102104_CO001,0.5,
102105,EE102105,CO003,Melissa,Melissa,Wang,melissa.wang@prairieresources.ca,2002-06-17,2022-10-12,2022-10-12,,62WHS3,Senior Warehouse Clerk,WHSE,RFT,A,Active,PRMRE,102,230,,,,102105_PRMRE,EE102105_CO003,1.0,
102106,EE102106,CO004,Aisha,Aisha,Ortiz,aisha.ortiz@alpineconstruction.com,1974-03-27,2022-10-14,2022-10-14,,01ADM1,Administrative Assistant,ADMIN,RPT,A,Active,ALPNC,112,60,,,,102106_ALPNC,EE102106_CO004,0.7,
102107,EE102107,CO002,Benjamin,Benjamin,Yamamoto,benjamin.yamamoto@westmarkmanufacturing.com,1999-10-21,2022-10-14,2022-10-14,,33IT2,Systems Administrator,IT,RFT,T,Terminated,WSTMF,118,100,,,,102107_WSTMF,EE102107_CO002,1.0,2023-04-18
102108,EE102108,CO003,Alexander,Alexander,Kumar,alexander.kumar@prairieresources.ca,1983-11-10,2022-10-14,2022-10-14,,60WHS1,Warehouse Associate,WHSE,RPT,A,Active,PRMRE,115,130,101190,"Morris, Julie",julie.morris@prairieresources.ca,102108_PRMRE,EE102108_CO003,0.75,
102109,EE102109,CO003,Elizabeth,Elizabeth,Taylor,elizabeth.taylor@prairieresources.ca,1994-02-09,2022-10-14,2022-10-14,,50OPS3,Operations Specialist,OPS,RFT,A,Active,PRMRE,115,250,100992,"Moore, Ronald",ronald.moore@westmarkmanufacturing.com,102109_PRMRE,EE102109_CO003,1.0,
102110,EE102110,CO001,Jennifer,Jennifer,Eriksson,jennifer.eriksson@northernpipeline.com,1984-01-21,2022-10-14,2022-10-14,,09ACC4,Accounting Lead,ACCTG,RPT,T,Terminated,NRTHP,118,120,,,,102110_NRTHP,EE102110_CO001,0.67,2023-12-30
102111,EE102111,CO004,Ronald,Ronald,Rodriguez,ronald.rodriguez@alpineconstruction.com,1995-11-22,2022-10-14,2022-10-14,,61WHS2,Warehouse Clerk,WHSE,RFT,A,Active,ALPNC,121,240,,,,102111_ALPNC,EE102111_CO004,1.0,
102112,EE102112,CO003,Isabella,Isabella,Wagner,isabella.wagner@prairieresources.ca,1992-09-03,2022-10-14,2022-10-14,,03ADM3,Senior Administrative Coordinator,ADMIN,RFT,T,Terminated,PRMRE,118,250,102494,"Singh, Jerry",jerry.singh@westmarkmanufacturing.com,102112_PRMRE,EE102112_CO003,1.0,2024-01-07
102113,EE102113,CO002,Daniel,Daniel,Chen,daniel.chen@westmarkmanufacturing.com,1989-12-16,2022-10-14,2022-10-14,,19ENG2,Engineer,ENGR,RFT,A,Active,WSTMF,111,160,100449,"Gomez, Charles",charles.gomez@northernpipeline.com,102113_WSTMF,EE102113_CO002,1.0,
102114,EE102114,CO002,Joshua,Joshua,Reyes,joshua.reyes@westmarkmanufacturing.com,2001-02-03,2022-10-17,2022-10-17,,10ACC5,Accounting Manager,ACCTG,RFT,A,Active,WSTMF,111,50,,,,102114_WSTMF,EE102114_CO002,1.0,
102115,EE102115,CO003,Mark,Mark,Alvarez,mark.alvarez@prairieresources.ca,1983-06-09,2022-10-19,2022-10-19,,65TEC1,Field Technician,TECH,RPT,T,Terminated,PRMRE,124,170,102836,"Alvarez, Deborah",deborah.alvarez@westmarkmanufacturing.com,102115_PRMRE,EE102115_CO003,0.58,2024-06-11
102116,EE102116,CO002,Kevin,Kevin,Baker,kevin.baker@westmarkmanufacturing.com,1996-03-11,2022-10-19,2022-10-19,,08ACC3,Senior Accountant,ACCTG,RPT,A,Active,WSTMF,110,230,,,,102116_WSTMF,EE102116_CO002,0.57,
102117,EE102117,CO002,Aisha,Aisha,Thompson,aisha.thompson@westmarkmanufacturing.com,1993-02-10,2022-10-19,2022-10-19,,71MKT2,Marketing Specialist,MKTG,RPT,T,Terminated,WSTMF,107,110,101573,"Cox, Kevin",kevin.cox@westmarkmanufacturing.com,102117_WSTMF,EE102117_CO002,0.68,2025-04-30
102118,EE102118,CO001,Rachel,Rachel,Phillips,rachel.phillips@northernpipeline.com,2000-01-17,2022-10-19,2022-10-19,,07ACC2,Accountant,ACCTG,RPT,T,Terminated,NRTHP,104,80,,,,102118_NRTHP,EE102118_CO001,0.63,2023-01-09
102119,EE102119,CO001,Aaron,Aaron,Stewart,aaron.stewart@northernpipeline.com,2003-12-25,2022-10-20,2022-10-20,,66TEC2,Service Technician,TECH,RFT,T,Terminated,NRTHP,120,220,,,,102119_NRTHP,EE102119_CO001,1.0,2024-10-11
102120,EE102120,CO002,Gary,Gary,Turner,gary.turner@westmarkmanufacturing.com,1991-11-16,2022-10-20,2022-10-20,,41SAL1,Sales Representative,SALES,RFT,T,Terminated,WSTMF,122,250,102017,"Young, Timothy",timothy.young@northernpipeline.com,102120_WSTMF,EE102120_CO002,1.0,2023-08-02
102121,EE102121,CO002,Nicholas,Nicholas,Olsson,nicholas.olsson@westmarkmanufacturing.com,1966-02-18,2022-10-21,2022-10-21,,34IT2,Software Developer,IT,CON,A,Active,WSTMF,108,180,100320,"Price, Yuki",yuki.price@northernpipeline.com,102121_WSTMF,EE102121_CO002,1.0,
102122,EE102122,CO004,Christine,Christine,White,christine.white@alpineconstruction.com,1982-12-06,2022-10-21,2022-10-21,,01ADM1,Administrative Assistant,ADMIN,RFT,A,Active,ALPNC,100,40,102372,"Lopez, Jonathan",jonathan.lopez@alpineconstruction.com,102122_ALPNC,EE102122_CO004,1.0,
102123,EE102123,CO001,Angela,Angela,Cruz,angela.cruz@northernpipeline.com,1991-09-03,2022-10-21,2022-10-21,,49OPS2,Operations Coordinator,OPS,RFT,T,Terminated,NRTHP,112,60,,,,102123_NRTHP,EE102123_CO001,1.0,2023-06-27
102124,EE102124,CO001,Sarah,Sarah,Ramirez,sarah.ramirez@northernpipeline.com,1993-01-01,2022-10-21,2022-10-21,,89PRO2,Project Coordinator,PROJ,RFT,A,Active,NRTHP,120,150,,,,102124_NRTHP,EE102124_CO001,1.0,
102125,EE102125,CO003,Alexander,Alexander,Peterson,alexander.peterson@prairieresources.ca,1990-09-21,2022-10-21,2022-10-21,,70MKT1,Marketing Coordinator,MKTG,RFT,T,Terminated,PRMRE,102,210,101824,"Martin, Edward",edward.martin@prairieresources.ca,102125_PRMRE,EE102125_CO003,1.0,2024-06-23
102126,EE102126,CO001,Timothy,Timothy,Nelson,timothy.nelson@northernpipeline.com,1985-05-14,2022-10-21,2022-10-21,,34IT2,Software Developer,IT,RFT,A,Active,NRTHP,118,50,,,,102126_NRTHP,EE102126_CO001,1.0,
102127,EE102127,CO002,Joshua,Joshua,Murphy,joshua.murphy@westmarkmanufacturing.com,2002-04-03,2022-10-21,2022-10-21,,60WHS1,Warehouse Associate,WHSE,RFT,A,Active,WSTMF,113,170,100750,"Cook, Stephanie",stephanie.cook@westmarkmanufacturing.com,102127_WSTMF,EE102127_CO002,1.0,
102128,EE102128,CO001,Pierre,Pierre,Jones,pierre.jones@northernpipeline.com,1979-06-04,2022-10-25,2022-10-25,,57TRD3,Senior Technician,TRD,RFT,A,Active,NRTHP,114,180,,,,102128_NRTHP,EE102128_CO001,1.0,
102129,EE102129,CO001,Richard,Richard,Wood,richard.wood@northernpipeline.com,1983-10-11,2022-10-25,2022-10-25,,21ENG4,Principal Engineer,ENGR,RFT,A,Active,NRTHP,101,190,,,,102129_NRTHP,EE102129_CO001,1.0,
102130,EE102130,CO002,Jerry,Jerry,Olsson,jerry.olsson@westmarkmanufacturing.com,1982-12-18,2022-10-25,2022-10-25,,27HR3,Senior HR Generalist,HR,RFT,A,Active,WSTMF,100,160,102626,"Diaz, Patricia",patricia.diaz@alpineconstruction.com,102130_WSTMF,EE102130_CO002,1.0,
102131,EE102131,CO001,Jessica,Jessica,Chavez,jessica.chavez@northernpipeline.com,1986-10-10,2022-10-25,2022-10-25,,70MKT1,Marketing Coordinator,MKTG,RFT,A,Active,NRTHP,113,50,101008,"Nguyen, Benjamin",benjamin.nguyen@westmarkmanufacturing.com,102131_NRTHP,EE102131_CO001,1.0,
102132,EE102132,CO004,Justin,Justin,Mitchell,justin.mitchell@alpineconstruction.com,1990-05-30,2022-10-25,2022-10-25,,26HR2,HR Generalist,HR,RFT,T,Terminated,ALPNC,102,20,102972,"Ruiz, Maria",maria.ruiz@alpineconstruction.com,102132_ALPNC,EE102132_CO004,1.0,2024-04-02
102133,EE102133,CO003,Aaron,Aaron,Martinez,aaron.martinez@prairieresources.ca,1984-01-25,2022-10-26,2022-10-26,,19ENG2,Engineer,ENGR,RPT,A,Active,PRMRE,118,120,102476,"Hernandez, Joseph",joseph.hernandez@westmarkmanufacturing.com,102133_PRMRE,EE102133_CO003,0.47,
102134,EE102134,CO001,Jason,Jason,Gonzalez,jason.gonzalez@northernpipeline.com,1984-11-20,2022-10-28,2022-10-28,,95LEG3,Legal Counsel,LEGAL,RFT,T,Terminated,NRTHP,117,210,,,,102134_NRTHP,EE102134_CO001,1.0,2024-03-16
102135,EE102135,CO001,Richard,Richard,Mueller,richard.mueller@northernpipeline.com,1994-07-21,2022-11-02,2022-11-02,,08ACC3,Senior Accountant,ACCTG,TAW,T,Terminated,NRTHP,124,230,,,,102135_NRTHP,EE102135_CO001,1.0,2023-05-20
102136,EE102136,CO001,Anthony,Anthony,Zhang,anthony.zhang@northernpipeline.com,1996-07-12,2022-11-02,2022-11-02,,62WHS3,Senior Warehouse Clerk,WHSE,RFT,A,Active,NRTHP,116,30,,,,102136_NRTHP,EE102136_CO001,1.0,
102137,EE102137,CO002,Anthony,Anthony,Rogers,anthony.rogers@westmarkmanufacturing.com,1989-01-11,2022-11-03,2022-11-03,,57TRD3,Senior Technician,TRD,RFT,A,Active,WSTMF,106,190,,,,102137_WSTMF,EE102137_CO002,1.0,
102138,EE102138,CO002,Ingrid,Ingrid,Wright,ingrid.wright@westmarkmanufacturing.com,1975-01-21,2022-11-03,2022-11-03,,34IT2,Software Developer,IT,RFT,T,Terminated,WSTMF,102,130,102468,"Morgan, Sofia",sofia.morgan@prairieresources.ca,102138_WSTMF,EE102138_CO002,1.0,2024-02-20
102139,EE102139,CO002,Amanda,Amanda,Jackson,amanda.jackson@westmarkmanufacturing.com,2003-10-14,2022-11-07,2022-11-07,,28HR4,HR Business Partner,HR,RFT,A,Active,WSTMF,122,240,,,,102139_WSTMF,EE102139_CO002,1.0,
102140,EE102140,CO003,Rachel,Rachel,Roberts,rachel.roberts@prairieresources.ca,2004-05-06,2022-11-10,2022-11-10,,78ANL2,Business Analyst,ANLYT,RFT,T,Terminated,PRMRE,122,50,101619,"Smith, Donald",donald.smith@westmarkmanufacturing.com,102140_PRMRE,EE102140_CO003,1.0,2023-10-28
102141,EE102141,CO003,Jacob,Jacob,Gutierrez,jacob.gutierrez@prairieresources.ca,1989-09-04,2022-11-11,2022-11-11,,65TEC1,Field Technician,TECH,RFT,T,Terminated,PRMRE,100,120,102980,"Jackson, Christopher",christopher.jackson@westmarkmanufacturing.com,102141_PRMRE,EE102141_CO003,1.0,2023-11-26
102142,EE102142,CO004,Hans,Hans,Larsson,hans.larsson@alpineconstruction.com,1990-07-09,2022-11-11,2022-11-11,,94LEG2,Paralegal,LEGAL,CON,A,Active,ALPNC,100,30,101389,"Stewart, Jacob",jacob.stewart@alpineconstruction.com,102142_ALPNC,EE102142_CO004,1.0,
102143,EE102143,CO001,Melissa,Melissa,Myers,melissa.myers@northernpipeline.com,1989-05-14,2022-11-11,2022-11-11,,70MKT1,Marketing Coordinator,MKTG,RFT,A,Active,NRTHP,120,180,101748,"Howard, Brian",brian.howard@northernpipeline.com,102143_NRTHP,EE102143_CO001,1.0,
102144,EE102144,CO002,Melissa,Melissa,Murphy,melissa.murphy@westmarkmanufacturing.com,1987-12-04,2022-11-15,2022-11-15,,89PRO2,Project Coordinator,PROJ,RFT,T,Terminated,WSTMF,107,70,,,,102144_WSTMF,EE102144_CO002,1.0,2024-12-05
102145,EE102145,CO001,Kimberly,Kimberly,Murphy,kimberly.murphy@northernpipeline.com,1993-01-05,2022-11-15,2022-11-15,,56TRD2,Journeyman Technician,TRD,RFT,A,Active,NRTHP,121,250,100240,"Morris, Joshua",joshua.morris@northernpipeline.com,102145_NRTHP,EE102145_CO001,1.0,
102146,EE102146,CO003,Brian,Brian,Martin,brian.martin@prairieresources.ca,1976-08-20,2022-11-17,2022-11-17,,65TEC1,Field Technician,TECH,RFT,A,Active,PRMRE,118,180,101922,"Kumar, Helen",helen.kumar@northernpipeline.com,102146_PRMRE,EE102146_CO003,1.0,
102147,EE102147,CO001,Aisha,Aisha,Nguyen,aisha.nguyen@northernpipeline.com,2003-12-07,2022-11-18,2022-11-18,,65TEC1,Field Technician,TECH,RFT,T,Terminated,NRTHP,122,240,102139,"Jackson, Amanda",amanda.jackson@westmarkmanufacturing.com,102147_NRTHP,EE102147_CO001,1.0,2023-12-12
102148,EE102148,CO004,Jack,Jack,Foster,jack.foster@alpineconstruction.com,1999-01-28,2022-11-18,2022-11-18,,25HR1,HR Coordinator,HR,RPT,T,Terminated,ALPNC,104,60,101066,"Wong, Margaret",margaret.wong@alpineconstruction.com,102148_ALPNC,EE102148_CO004,0.47,2024-02-19
102149,EE102149,CO001,Patrick,Patrick,Young,patrick.young@northernpipeline.com,1992-05-03,2022-11-18,2022-11-18,,94LEG2,Paralegal,LEGAL,RFT,T,Terminated,NRTHP,102,60,101520,"Olsson, Jason",jason.olsson@alpineconstruction.com,102149_NRTHP,EE102149_CO001,1.0,2025-07-25
102150,EE102150,CO002,Anthony,Anthony,Jimenez,anthony.jimenez@westmarkmanufacturing.com,2004-10-22,2022-11-18,2022-11-18,,27HR3,Senior HR Generalist,HR,RFT,A,Active,WSTMF,100,240,,,,102150_WSTMF,EE102150_CO002,1.0,
102151,EE102151,CO002,Carolyn,Carolyn,Jimenez,carolyn.jimenez@westmarkmanufacturing.com,1992-08-20,2022-11-18,2022-11-18,,03ADM3,Senior Administrative Coordinator,ADMIN,TAW,T,Terminated,WSTMF,102,170,,,,102151_WSTMF,EE102151_CO002,1.0,2023-10-08
102152,EE102152,CO001,Charles,Charles,Karlsson,charles.karlsson@northernpipeline.com,1974-04-20,2022-11-21,2022-11-21,,70MKT1,Marketing Coordinator,MKTG,RFT,T,Terminated,NRTHP,124,50,101154,"Wilson, Andrew",andrew.wilson@alpineconstruction.com,102152_NRTHP,EE102152_CO001,1.0,2024-07-27
102153,EE102153,CO003,Pamela,Pamela,Harris,pamela.harris@prairieresources.ca,1990-09-19,2022-11-21,2022-11-21,,71MKT2,Marketing Specialist,MKTG,RFT,T,Terminated,PRMRE,121,180,,,,102153_PRMRE,EE102153_CO003,1.0,2025-03-08
102154,EE102154,CO004,Anna,Anna,Sanchez,anna.sanchez@alpineconstruction.com,1988-04-04,2022-11-24,2022-11-24,,02ADM2,Administrative Coordinator,ADMIN,RFT,A,Active,ALPNC,116,140,101433,"Persson, Benjamin",benjamin.persson@alpineconstruction.com,102154_ALPNC,EE102154_CO004,1.0,
102155,EE102155,CO001,James,James,Young,james.young@northernpipeline.com,2003-04-23,2022-11-25,2022-11-25,,63WHS4,Warehouse Lead,WHSE,RFT,A,Active,NRTHP,114,200,,,,102155_NRTHP,EE102155_CO001,1.0,
102156,EE102156,CO003,Adam,Adam,Tanaka,adam.tanaka@prairieresources.ca,1997-11-21,2022-11-25,2022-11-25,,32IT1,IT Support Technician,IT,RFT,A,Active,PRMRE,123,60,101098,"Hernandez, Mary",mary.hernandez@northernpipeline.com,102156_PRMRE,EE102156_CO003,1.0,
102157,EE102157,CO004,Raj,Raj,Harris,raj.harris@alpineconstruction.com,1994-10-21,2022-11-25,2022-11-25,,01ADM1,Administrative Assistant,ADMIN,RFT,A,Active,ALPNC,112,220,102048,"Parker, Ronald",ronald.parker@northernpipeline.com,102157_ALPNC,EE102157_CO004,1.0,
102158,EE102158,CO003,Joyce,Joyce,Flores,joyce.flores@prairieresources.ca,1994-10-19,2022-11-28,2022-11-28,,16CSR4,Customer Service Team Lead,CSR,RFT,A,Active,PRMRE,124,130,,,,102158_PRMRE,EE102158_CO003,1.0,
102159,EE102159,CO001,Steven,Steven,Moore,steven.moore@northernpipeline.com,1978-10-23,2022-11-28,2022-11-28,,79ANL3,Senior Data Analyst,ANLYT,RPT,T,Terminated,NRTHP,111,70,100206,"Richardson, Sakura",sakura.richardson@northernpipeline.com,102159_NRTHP,EE102159_CO001,0.65,2023-10-23
102160,EE102160,CO004,Andrew,Andrew,Alvarez,andrew.alvarez@alpineconstruction.com,1985-11-05,2022-12-02,2022-12-02,,18ENG1,Junior Engineer,ENGR,RPT,T,Terminated,ALPNC,119,90,101592,"Nguyen, John",john.nguyen@northernpipeline.com,102160_ALPNC,EE102160_CO004,0.58,2023-10-15
102161,EE102161,CO004,Ashley,Ashley,Phillips,ashley.phillips@alpineconstruction.com,2002-08-28,2022-12-02,2022-12-02,,95LEG3,Legal Counsel,LEGAL,RFT,A,Active,ALPNC,115,180,100860,"Morgan, Nicole",nicole.morgan@prairieresources.ca,102161_ALPNC,EE102161_CO004,1.0,
102162,EE102162,CO002,Karen,Karen,Gonzalez,karen.gonzalez@westmarkmanufacturing.com,1988-03-23,2022-12-02,2022-12-02,,19ENG2,Engineer,ENGR,RPT,A,Active,WSTMF,100,240,102150,"Jimenez, Anthony",anthony.jimenez@westmarkmanufacturing.com,102162_WSTMF,EE102162_CO002,0.49,
102163,EE102163,CO004,Olga,Olga,Hughes,olga.hughes@alpineconstruction.com,1986-06-09,2022-12-02,2022-12-02,,72MKT3,Senior Marketing Specialist,MKTG,CON,A,Active,ALPNC,124,50,101154,"Wilson, Andrew",andrew.wilson@alpineconstruction.com,102163_ALPNC,EE102163_CO004,1.0,
102164,EE102164,CO002,Christine,Christine,Howard,christine.howard@westmarkmanufacturing.com,1978-12-31,2022-12-05,2022-12-05,,01ADM1,Administrative Assistant,ADMIN,RFT,A,Active,WSTMF,105,170,,,,102164_WSTMF,EE102164_CO002,1.0,
102165,EE102165,CO003,Zara,Zara,Harris,zara.harris@prairieresources.ca,1975-12-10,2022-12-06,2022-12-06,,41SAL1,Sales Representative,SALES,RFT,A,Active,PRMRE,115,10,102784,"Edwards, Stephen",stephen.edwards@northernpipeline.com,102165_PRMRE,EE102165_CO003,1.0,
102166,EE102166,CO002,Andrew,Andrew,Bailey,andrew.bailey@westmarkmanufacturing.com,2001-06-15,2022-12-08,2022-12-08,,58TRD4,Lead Technician,TRD,RPT,A,Active,WSTMF,115,120,,,,102166_WSTMF,EE102166_CO002,0.69,
102167,EE102167,CO004,Donna,Donna,Becker,donna.becker@alpineconstruction.com,1999-10-25,2022-12-09,2022-12-09,,61WHS2,Warehouse Clerk,WHSE,RFT,T,Terminated,ALPNC,112,170,,,,102167_ALPNC,EE102167_CO004,1.0,2023-07-04
102168,EE102168,CO001,Susan,Susan,Schmidt,susan.schmidt@northernpipeline.com,2003-06-23,2022-12-15,2022-12-15,,89PRO2,Project Coordinator,PROJ,RFT,A,Active,NRTHP,111,140,,,,102168_NRTHP,EE102168_CO001,1.0,
102169,EE102169,CO002,Ryan,Ryan,Edwards,ryan.edwards@westmarkmanufacturing.com,1993-02-10,2022-12-16,2022-12-16,,41SAL1,Sales Representative,SALES,RFT,A,Active,WSTMF,124,100,102781,"Bennett, Sandra",sandra.bennett@northernpipeline.com,102169_WSTMF,EE102169_CO002,1.0,
102170,EE102170,CO001,Yuki,Yuki,Nguyen,yuki.nguyen@northernpipeline.com,1986-08-09,2022-12-16,2022-12-16,,06ACC1,Accounts Receivable Clerk,ACCTG,RFT,T,Terminated,NRTHP,120,250,,,,102170_NRTHP,EE102170_CO001,1.0,2025-05-27
102171,EE102171,CO004,Larry,Larry,Green,larry.green@alpineconstruction.com,1981-05-28,2022-12-16,2022-12-16,,41SAL1,Sales Representative,SALES,RFT,T,Terminated,ALPNC,119,40,,,,102171_ALPNC,EE102171_CO004,1.0,2024-10-17
102172,EE102172,CO001,Rachel,Rachel,Scott,rachel.scott@northernpipeline.com,1991-07-28,2022-12-21,2022-12-21,,37IT4,Technical Lead,IT,RPT,A,Active,NRTHP,116,20,,,,102172_NRTHP,EE102172_CO001,0.68,
102173,EE102173,CO001,Mei,Mei,Brooks,mei.brooks@northernpipeline.com,1994-04-03,2022-12-23,2022-12-23,,13CSR1,Customer Service Representative,CSR,RFT,T,Terminated,NRTHP,103,240,,,,102173_NRTHP,EE102173_CO001,1.0,2023-09-19
102174,EE102174,CO003,Astrid,Astrid,Wright,astrid.wright@prairieresources.ca,1989-04-04,2022-12-23,2022-12-23,,33IT2,Systems Administrator,IT,RFT,T,Terminated,PRMRE,117,230,,,,102174_PRMRE,EE102174_CO003,1.0,2023-10-14
102175,EE102175,CO002,Amy,Amy,Ruiz,amy.ruiz@westmarkmanufacturing.com,1999-04-05,2022-12-26,2022-12-26,,42SAL2,Account Executive,SALES,RPT,T,Terminated,WSTMF,107,110,101573,"Cox, Kevin",kevin.cox@westmarkmanufacturing.com,102175_WSTMF,EE102175_CO002,0.59,2025-08-16
102176,EE102176,CO002,Rachel,Rachel,Scott,rachel.scott@westmarkmanufacturing.com,1970-03-31,2022-12-27,2022-12-27,,70MKT1,Marketing Coordinator,MKTG,RFT,T,Terminated,WSTMF,110,60,,,,102176_WSTMF,EE102176_CO002,1.0,2024-11-20
102177,EE102177,CO003,Karen,Karen,Wagner,karen.wagner@prairieresources.ca,2004-12-29,2023-01-02,2023-01-02,,57TRD3,Senior Technician,TRD,RFT,A,Active,PRMRE,105,210,,,,102177_PRMRE,EE102177_CO003,1.0,
102178,EE102178,CO004,Henry,Henry,Cooper,henry.cooper@alpineconstruction.com,1989-01-27,2023-01-03,2023-01-03,,77ANL1,Data Analyst,ANLYT,RFT,A,Active,ALPNC,124,210,102698,"Lee, Emma",emma.lee@westmarkmanufacturing.com,102178_ALPNC,EE102178_CO004,1.0,
102179,EE102179,CO004,Pierre,Pierre,Cox,pierre.cox@alpineconstruction.com,1970-05-28,2023-01-04,2023-01-04,,01ADM1,Administrative Assistant,ADMIN,RFT,A,Active,ALPNC,115,100,102590,"Rodriguez, Isabella",isabella.rodriguez@westmarkmanufacturing.com,102179_ALPNC,EE102179_CO004,1.0,
102180,EE102180,CO001,Kenji,Kenji,Foster,kenji.foster@northernpipeline.com,1990-01-16,2023-01-06,2023-01-06,,77ANL1,Data Analyst,ANLYT,RFT,A,Active,NRTHP,123,80,,,,102180_NRTHP,EE102180_CO001,1.0,
102181,EE102181,CO001,Stephen,Stephen,Stewart,stephen.stewart@northernpipeline.com,1992-07-30,2023-01-09,2023-01-09,,48OPS1,Operations Assistant,OPS,RFT,A,Active,NRTHP,117,50,,,,102181_NRTHP,EE102181_CO001,1.0,
102182,EE102182,CO004,James,James,Young,james.young@alpineconstruction.com,1994-02-21,2023-01-10,2023-01-10,,57TRD3,Senior Technician,TRD,RFT,A,Active,ALPNC,121,60,102633,"Edwards, Jessica",jessica.edwards@prairieresources.ca,102182_ALPNC,EE102182_CO004,1.0,
102183,EE102183,CO003,Jacob,Jacob,Jimenez,jacob.jimenez@prairieresources.ca,1993-01-06,2023-01-10,2023-01-10,,15CSR3,Senior Customer Service Specialist,CSR,RFT,A,Active,PRMRE,105,250,,,,102183_PRMRE,EE102183_CO003,1.0,
102184,EE102184,CO004,Joyce,Joyce,Cooper,joyce.cooper@alpineconstruction.com,1977-07-04,2023-01-11,2023-01-11,,56TRD2,Journeyman Technician,TRD,RPT,T,Terminated,ALPNC,114,50,,,,102184_ALPNC,EE102184_CO004,0.76,2023-11-18
102185,EE102185,CO001,Jonathan,Jonathan,Mueller,jonathan.mueller@northernpipeline.com,2004-12-31,2023-01-11,2023-01-11,,67TEC3,Senior Service Technician,TECH,CON,A,Active,NRTHP,114,180,,,,102185_NRTHP,EE102185_CO001,1.0,
102186,EE102186,CO002,Jerry,Jerry,Sanders,jerry.sanders@westmarkmanufacturing.com,1975-10-28,2023-01-11,2023-01-11,,08ACC3,Senior Accountant,ACCTG,TAW,T,Terminated,WSTMF,104,250,,,,102186_WSTMF,EE102186_CO002,1.0,2024-02-14
102187,EE102187,CO003,Kathleen,Kathleen,Howard,kathleen.howard@prairieresources.ca,2004-08-29,2023-01-12,2023-01-12,,29HR5,HR Manager,HR,RFT,A,Active,PRMRE,123,220,,,,102187_PRMRE,EE102187_CO003,1.0,
102188,EE102188,CO003,Kenji,Kenji,Cook,kenji.cook@prairieresources.ca,1993-06-08,2023-01-12,2023-01-12,,67TEC3,Senior Service Technician,TECH,RPT,T,Terminated,PRMRE,105,170,,,,102188_PRMRE,EE102188_CO003,0.73,2023-10-22
102189,EE102189,CO003,Betty,Betty,Johansson,betty.johansson@prairieresources.ca,1995-03-13,2023-01-13,2023-01-13,,07ACC2,Accountant,ACCTG,RFT,T,Terminated,PRMRE,102,230,102105,"Wang, Melissa",melissa.wang@prairieresources.ca,102189_PRMRE,EE102189_CO003,1.0,2023-02-22
102190,EE102190,CO002,Larry,Larry,King,larry.king@westmarkmanufacturing.com,1985-12-09,2023-01-13,2023-01-13,,34IT2,Software Developer,IT,RFT,T,Terminated,WSTMF,106,190,102137,"Rogers, Anthony",anthony.rogers@westmarkmanufacturing.com,102190_WSTMF,EE102190_CO002,1.0,2023-03-31
102191,EE102191,CO004,Cynthia,Cynthia,Green,cynthia.green@alpineconstruction.com,2004-04-03,2023-01-13,2023-01-13,,72MKT3,Senior Marketing Specialist,MKTG,RFT,A,Active,ALPNC,111,250,,,,102191_ALPNC,EE102191_CO004,1.0,
102192,EE102192,CO004,Christine,Christine,Schneider,christine.schneider@alpineconstruction.com,1986-06-25,2023-01-13,2023-01-13,,13CSR1,Customer Service Representative,CSR,RFT,T,Terminated,ALPNC,102,230,102105,"Wang, Melissa",melissa.wang@prairieresources.ca,102192_ALPNC,EE102192_CO004,1.0,2025-02-04
102193,EE102193,CO002,Olivia,Olivia,Cox,olivia.cox@westmarkmanufacturing.com,1970-06-19,2023-01-17,2023-01-17,,06ACC1,Accounts Receivable Clerk,ACCTG,RFT,A,Active,WSTMF,106,230,102452,"Fischer, Nathan",nathan.fischer@westmarkmanufacturing.com,102193_WSTMF,EE102193_CO002,1.0,
102194,EE102194,CO001,Ahmed,Ahmed,Rodriguez,ahmed.rodriguez@northernpipeline.com,2004-11-16,2023-01-17,2023-01-17,,77ANL1,Data Analyst,ANLYT,RFT,A,Active,NRTHP,114,100,100841,"Weber, Olga",olga.weber@northernpipeline.com,102194_NRTHP,EE102194_CO001,1.0,
102195,EE102195,CO002,Donald,Donald,Garcia,donald.garcia@westmarkmanufacturing.com,1989-04-05,2023-01-18,2023-01-18,,49OPS2,Operations Coordinator,OPS,CON,A,Active,WSTMF,104,180,102929,"Parker, Anna",anna.parker@westmarkmanufacturing.com,102195_WSTMF,EE102195_CO002,1.0,
102196,EE102196,CO003,Scott,Scott,Gonzalez,scott.gonzalez@prairieresources.ca,1997-12-30,2023-01-20,2023-01-20,,36IT3,Senior Systems Administrator,IT,RPT,A,Active,PRMRE,102,10,102485,"Ramos, Helen",helen.ramos@alpineconstruction.com,102196_PRMRE,EE102196_CO003,0.44,
102197,EE102197,CO003,Pamela,Pamela,Lewis,pamela.lewis@prairieresources.ca,1986-12-08,2023-01-20,2023-01-20,,48OPS1,Operations Assistant,OPS,RFT,A,Active,PRMRE,121,170,100093,"Hall, Jessica",jessica.hall@alpineconstruction.com,102197_PRMRE,EE102197_CO003,1.0,
102198,EE102198,CO003,Olivia,Olivia,Ross,olivia.ross@prairieresources.ca,1990-07-09,2023-01-20,2023-01-20,,32IT1,IT Support Technician,IT,RFT,A,Active,PRMRE,121,20,100758,"Nelson, Diane",diane.nelson@prairieresources.ca,102198_PRMRE,EE102198_CO003,1.0,
102199,EE102199,CO003,Ruth,Ruth,Foster,ruth.foster@prairieresources.ca,1997-03-02,2023-01-20,2023-01-20,,59TRD5,Shop Foreman,TRD,CON,T,Terminated,PRMRE,100,80,,,,102199_PRMRE,EE102199_CO003,1.0,2025-10-05
102200,EE102200,CO004,Astrid,Astrid,Murphy,astrid.murphy@alpineconstruction.com,1986-10-05,2023-01-20,2023-01-20,,48OPS1,Operations Assistant,OPS,RFT,T,Terminated,ALPNC,119,90,101592,"Nguyen, John",john.nguyen@northernpipeline.com,102200_ALPNC,EE102200_CO004,1.0,2023-07-03
102201,EE102201,CO002,Sandra,Sandra,Reed,sandra.reed@westmarkmanufacturing.com,1972-07-09,2023-01-20,2023-01-20,,69TEC5,Technical Services Manager,TECH,RFT,A,Active,WSTMF,100,250,,,,102201_WSTMF,EE102201_CO002,1.0,
102202,EE102202,CO004,Isabella,Isabella,Moore,isabella.moore@alpineconstruction.com,1992-02-27,2023-01-20,2023-01-20,,06ACC1,Accounts Receivable Clerk,ACCTG,RFT,T,Terminated,ALPNC,121,160,101494,"Jones, Eric",eric.jones@alpineconstruction.com,102202_ALPNC,EE102202_CO004,1.0,2023-09-16
102203,EE102203,CO001,Henry,Henry,Johnson,henry.johnson@northernpipeline.com,1983-04-18,2023-01-20,2023-01-20,,36IT3,Senior Systems Administrator,IT,RPT,T,Terminated,NRTHP,119,140,102516,"Weber, Jessica",jessica.weber@alpineconstruction.com,102203_NRTHP,EE102203_CO001,0.69,2025-06-18
102204,EE102204,CO003,Carlos,Carlos,Moore,carlos.moore@prairieresources.ca,2003-06-29,2023-01-24,2023-01-24,,56TRD2,Journeyman Technician,TRD,RFT,A,Active,PRMRE,100,230,102585,"Howard, Fatima",fatima.howard@alpineconstruction.com,102204_PRMRE,EE102204_CO003,1.0,
102205,EE102205,CO001,Pierre,Pierre,Flores,pierre.flores@northernpipeline.com,2000-08-03,2023-01-25,2023-01-25,,67TEC3,Senior Service Technician,TECH,RPT,A,Active,NRTHP,113,240,,,,102205_NRTHP,EE102205_CO001,0.51,
102206,EE102206,CO002,Mary,Mary,Lewis,mary.lewis@westmarkmanufacturing.com,1986-04-25,2023-01-26,2023-01-26,,70MKT1,Marketing Coordinator,MKTG,RFT,T,Terminated,WSTMF,113,240,102205,"Flores, Pierre",pierre.flores@northernpipeline.com,102206_WSTMF,EE102206_CO002,1.0,2023-10-17
102207,EE102207,CO002,Tyler,Tyler,Morgan,tyler.morgan@westmarkmanufacturing.com,1976-11-26,2023-01-27,2023-01-27,,60WHS1,Warehouse Associate,WHSE,RPT,T,Terminated,WSTMF,110,60,,,,102207_WSTMF,EE102207_CO002,0.75,2024-01-07
102208,EE102208,CO003,Jacob,Jacob,Scott,jacob.scott@prairieresources.ca,1987-04-13,2023-01-27,2023-01-27,,34IT2,Software Developer,IT,RFT,A,Active,PRMRE,121,130,,,,102208_PRMRE,EE102208_CO003,1.0,
102209,EE102209,CO002,Shirley,Shirley,Reyes,shirley.reyes@westmarkmanufacturing.com,1994-06-17,2023-02-03,2023-02-03,,18ENG1,Junior Engineer,ENGR,RFT,T,Terminated,WSTMF,111,220,101356,"Schulz, Angela",angela.schulz@alpineconstruction.com,102209_WSTMF,EE102209_CO002,1.0,2024-03-13
102210,EE102210,CO001,Betty,Betty,White,betty.white@northernpipeline.com,1992-02-09,2023-02-03,2023-02-03,,55TRD1,Apprentice Technician,TRD,RFT,A,Active,NRTHP,111,150,100071,"Nilsson, Virginia",virginia.nilsson@northernpipeline.com,102210_NRTHP,EE102210_CO001,1.0,
102211,EE102211,CO004,Henry,Henry,Gutierrez,henry.gutierrez@alpineconstruction.com,2003-04-18,2023-02-03,2023-02-03,,34IT2,Software Developer,IT,RFT,T,Terminated,ALPNC,114,250,101474,"Rivera, Debra",debra.rivera@alpineconstruction.com,102211_ALPNC,EE102211_CO004,1.0,2023-08-13
102212,EE102212,CO001,Joyce,Joyce,Ramos,joyce.ramos@northernpipeline.com,1984-09-15,2023-02-03,2023-02-03,,67TEC3,Senior Service Technician,TECH,RFT,A,Active,NRTHP,114,110,,,,102212_NRTHP,EE102212_CO001,1.0,
102213,EE102213,CO003,Lars,Lars,Howard,lars.howard@prairieresources.ca,1982-05-27,2023-02-03,2023-02-03,,89PRO2,Project Coordinator,PROJ,CON,A,Active,PRMRE,100,190,102532,"Brown, Melissa",melissa.brown@westmarkmanufacturing.com,102213_PRMRE,EE102213_CO003,1.0,
102214,EE102214,CO004,Richard,Richard,Adams,richard.adams@alpineconstruction.com,1995-04-16,2023-02-10,2023-02-10,,70MKT1,Marketing Coordinator,MKTG,RPT,A,Active,ALPNC,100,120,102980,"Jackson, Christopher",christopher.jackson@westmarkmanufacturing.com,102214_ALPNC,EE102214_CO004,0.57,
102215,EE102215,CO004,Helen,Helen,Johansson,helen.johansson@alpineconstruction.com,1995-07-20,2023-02-10,2023-02-10,,06ACC1,Accounts Receivable Clerk,ACCTG,RFT,A,Active,ALPNC,112,110,,,,102215_ALPNC,EE102215_CO004,1.0,
102216,EE102216,CO002,Olivia,Olivia,Liu,olivia.liu@westmarkmanufacturing.com,1988-08-03,2023-02-10,2023-02-10,,34IT2,Software Developer,IT,RFT,A,Active,WSTMF,105,140,101279,"Gomez, Kathleen",kathleen.gomez@westmarkmanufacturing.com,102216_WSTMF,EE102216_CO002,1.0,
102217,EE102217,CO002,Nicole,Nicole,Schulz,nicole.schulz@westmarkmanufacturing.com,1995-10-20,2023-02-10,2023-02-10,,05ACC1,Accounts Payable Clerk,ACCTG,RFT,A,Active,WSTMF,118,130,100080,"Campbell, Carol",carol.campbell@prairieresources.ca,102217_WSTMF,EE102217_CO002,1.0,
102218,EE102218,CO003,Ingrid,Ingrid,Tanaka,ingrid.tanaka@prairieresources.ca,1991-09-30,2023-02-10,2023-02-10,,90PRO3,Project Manager,PROJ,RPT,A,Active,PRMRE,122,140,,,,102218_PRMRE,EE102218_CO003,0.49,
102219,EE102219,CO001,Pamela,Pamela,Thomas,pamela.thomas@northernpipeline.com,1971-01-13,2023-02-13,2023-02-13,,01ADM1,Administrative Assistant,ADMIN,RFT,A,Active,NRTHP,102,110,100283,"Larsson, Patricia",patricia.larsson@alpineconstruction.com,102219_NRTHP,EE102219_CO001,1.0,
102220,EE102220,CO002,Jacob,Jacob,Davis,jacob.davis@westmarkmanufacturing.com,1993-08-04,2023-02-13,2023-02-13,,35IT3,Senior Developer,IT,RFT,A,Active,WSTMF,122,30,,,,102220_WSTMF,EE102220_CO002,1.0,
102221,EE102221,CO002,Charles,Charles,Long,charles.long@westmarkmanufacturing.com,1994-05-19,2023-02-17,2023-02-17,,01ADM1,Administrative Assistant,ADMIN,RFT,T,Terminated,WSTMF,102,70,102708,"Moore, Jessica",jessica.moore@westmarkmanufacturing.com,102221_WSTMF,EE102221_CO002,1.0,2025-03-08
102222,EE102222,CO001,Daniel,Daniel,Castillo,daniel.castillo@northernpipeline.com,1998-01-14,2023-02-17,2023-02-17,,44SAL4,Sales Team Lead,SALES,RFT,A,Active,NRTHP,112,90,100633,"Richardson, Ruth",ruth.richardson@alpineconstruction.com,102222_NRTHP,EE102222_CO001,1.0,
102223,EE102223,CO001,George,George,Allen,george.allen@northernpipeline.com,1983-03-30,2023-02-20,2023-02-20,,78ANL2,Business Analyst,ANLYT,RFT,T,Terminated,NRTHP,111,10,101010,"Martinez, Sofia",sofia.martinez@alpineconstruction.com,102223_NRTHP,EE102223_CO001,1.0,2024-04-25
102224,EE102224,CO001,Jessica,Jessica,Nguyen,jessica.nguyen@northernpipeline.com,1992-08-09,2023-02-21,2023-02-21,,05ACC1,Accounts Payable Clerk,ACCTG,RPT,A,Active,NRTHP,111,170,100861,"Ortiz, Jose",jose.ortiz@alpineconstruction.com,102224_NRTHP,EE102224_CO001,0.66,
102225,EE102225,CO004,Barbara,Barbara,Nguyen,barbara.nguyen@alpineconstruction.com,1997-09-15,2023-02-21,2023-02-21,,56TRD2,Journeyman Technician,TRD,RPT,A,Active,ALPNC,115,90,102088,"Moore, Matthew",matthew.moore@westmarkmanufacturing.com,102225_ALPNC,EE102225_CO004,0.75,
102226,EE102226,CO001,Marie,Marie,Sanders,marie.sanders@northernpipeline.com,1977-06-23,2023-02-22,2023-02-22,,71MKT2,Marketing Specialist,MKTG,RFT,A,Active,NRTHP,119,20,101102,"Flores, Jacob",jacob.flores@northernpipeline.com,102226_NRTHP,EE102226_CO001,1.0,
102227,EE102227,CO002,Thomas,Thomas,Martin,thomas.martin@westmarkmanufacturing.com,1976-08-27,2023-02-22,2023-02-22,,13CSR1,Customer Service Representative,CSR,TAW,T,Terminated,WSTMF,107,130,,,,102227_WSTMF,EE102227_CO002,1.0,2024-09-05
102228,EE102228,CO002,Edward,Edward,Howard,edward.howard@westmarkmanufacturing.com,1998-02-17,2023-02-22,2023-02-22,,02ADM2,Administrative Coordinator,ADMIN,RFT,A,Active,WSTMF,111,130,100890,"Green, Ryan",ryan.green@alpineconstruction.com,102228_WSTMF,EE102228_CO002,1.0,
102229,EE102229,CO004,Donald,Donald,Wood,donald.wood@alpineconstruction.com,2004-08-10,2023-02-23,2023-02-23,,71MKT2,Marketing Specialist,MKTG,CON,T,Terminated,ALPNC,100,80,100205,"Andersson, Adam",adam.andersson@alpineconstruction.com,102229_ALPNC,EE102229_CO004,1.0,2023-09-24
102230,EE102230,CO002,Nicole,Nicole,Morales,nicole.morales@westmarkmanufacturing.com,1980-07-02,2023-02-23,2023-02-23,,08ACC3,Senior Accountant,ACCTG,RFT,T,Terminated,WSTMF,122,170,100623,"Adams, Justin",justin.adams@westmarkmanufacturing.com,102230_WSTMF,EE102230_CO002,1.0,2023-08-20
102231,EE102231,CO003,Thomas,Thomas,Gray,thomas.gray@prairieresources.ca,1997-11-23,2023-02-23,2023-02-23,,94LEG2,Paralegal,LEGAL,RFT,T,Terminated,PRMRE,121,150,101583,"Hughes, Michael",michael.hughes@alpineconstruction.com,102231_PRMRE,EE102231_CO003,1.0,2025-06-03
102232,EE102232,CO001,Robert,Robert,Rivera,robert.rivera@northernpipeline.com,1983-09-19,2023-02-24,2023-02-24,,60WHS1,Warehouse Associate,WHSE,RFT,T,Terminated,NRTHP,101,140,,,,102232_NRTHP,EE102232_CO001,1.0,2023-12-03
102233,EE102233,CO001,Betty,Betty,Young,betty.young@northernpipeline.com,2004-09-02,2023-02-27,2023-02-27,,70MKT1,Marketing Coordinator,MKTG,RPT,A,Active,NRTHP,111,30,101516,"Cruz, Alexander",alexander.cruz@alpineconstruction.com,102233_NRTHP,EE102233_CO001,0.6,
102234,EE102234,CO002,Dmitri,Dmitri,Carter,dmitri.carter@westmarkmanufacturing.com,1982-06-15,2023-02-27,2023-02-27,,41SAL1,Sales Representative,SALES,RPT,A,Active,WSTMF,107,50,,,,102234_WSTMF,EE102234_CO002,0.43,
102235,EE102235,CO001,Nathan,Nathan,Wang,nathan.wang@northernpipeline.com,2003-11-07,2023-03-01,2023-03-01,,49OPS2,Operations Coordinator,OPS,RFT,A,Active,NRTHP,120,170,101536,"Sanders, Jose",jose.sanders@northernpipeline.com,102235_NRTHP,EE102235_CO001,1.0,
102236,EE102236,CO001,Jose,Jose,Hill,jose.hill@northernpipeline.com,1983-04-04,2023-03-02,2023-03-02,,48OPS1,Operations Assistant,OPS,RFT,T,Terminated,NRTHP,103,30,100420,"Morgan, Angela",angela.morgan@northernpipeline.com,102236_NRTHP,EE102236_CO001,1.0,2025-10-31
102237,EE102237,CO001,Lisa,Lisa,Peterson,lisa.peterson@northernpipeline.com,1990-06-10,2023-03-03,2023-03-03,,34IT2,Software Developer,IT,RFT,A,Active,NRTHP,112,170,,,,102237_NRTHP,EE102237_CO001,1.0,
102238,EE102238,CO001,Barbara,Barbara,Phillips,barbara.phillips@northernpipeline.com,2000-04-16,2023-03-03,2023-03-03,,70MKT1,Marketing Coordinator,MKTG,RFT,T,Terminated,NRTHP,104,220,,,,102238_NRTHP,EE102238_CO001,1.0,2024-02-14
102239,EE102239,CO001,Stephen,Stephen,Rogers,stephen.rogers@northernpipeline.com,1995-09-25,2023-03-03,2023-03-03,,27HR3,Senior HR Generalist,HR,RFT,T,Terminated,NRTHP,104,230,,,,102239_NRTHP,EE102239_CO001,1.0,2025-04-11
102240,EE102240,CO002,Brandon,Brandon,Johnson,brandon.johnson@westmarkmanufacturing.com,1984-08-07,2023-03-03,2023-03-03,,81ANL5,Analytics Manager,ANLYT,RPT,A,Active,WSTMF,106,240,,,,102240_WSTMF,EE102240_CO002,0.54,
102241,EE102241,CO001,Gregory,Gregory,Evans,gregory.evans@northernpipeline.com,1990-01-08,2023-03-03,2023-03-03,,72MKT3,Senior Marketing Specialist,MKTG,RFT,A,Active,NRTHP,121,20,100758,"Nelson, Diane",diane.nelson@prairieresources.ca,102241_NRTHP,EE102241_CO001,1.0,
102242,EE102242,CO004,Olga,Olga,Yamamoto,olga.yamamoto@alpineconstruction.com,1985-10-17,2023-03-03,2023-03-03,,67TEC3,Senior Service Technician,TECH,CON,A,Active,ALPNC,119,110,100788,"Collins, Janet",janet.collins@alpineconstruction.com,102242_ALPNC,EE102242_CO004,1.0,
102243,EE102243,CO004,Ashley,Ashley,Cruz,ashley.cruz@alpineconstruction.com,1971-08-16,2023-03-03,2023-03-03,,70MKT1,Marketing Coordinator,MKTG,RFT,A,Active,ALPNC,121,140,101613,"Baker, Pierre",pierre.baker@alpineconstruction.com,102243_ALPNC,EE102243_CO004,1.0,
102244,EE102244,CO002,Nicole,Nicole,Johnson,nicole.johnson@westmarkmanufacturing.com,2005-02-25,2023-03-06,2023-03-06,,01ADM1,Administrative Assistant,ADMIN,RFT,A,Active,WSTMF,104,50,102316,"Watson, Heather",heather.watson@westmarkmanufacturing.com,102244_WSTMF,EE102244_CO002,1.0,
102245,EE102245,CO003,Yuki,Yuki,Zhang,yuki.zhang@prairieresources.ca,1974-07-24,2023-03-06,2023-03-06,,62WHS3,Senior Warehouse Clerk,WHSE,RFT,A,Active,PRMRE,117,140,,,,102245_PRMRE,EE102245_CO003,1.0,
102246,EE102246,CO004,Joseph,Joseph,Yamamoto,joseph.yamamoto@alpineconstruction.com,1989-12-08,2023-03-06,2023-03-06,,13CSR1,Customer Service Representative,CSR,RFT,T,Terminated,ALPNC,124,150,,,,102246_ALPNC,EE102246_CO004,1.0,2023-11-26
102247,EE102247,CO001,Gary,Gary,Becker,gary.becker@northernpipeline.com,1999-07-19,2023-03-07,2023-03-07,,55TRD1,Apprentice Technician,TRD,RFT,T,Terminated,NRTHP,101,80,,,,102247_NRTHP,EE102247_CO001,1.0,2024-08-03
102248,EE102248,CO002,Virginia,Virginia,Stewart,virginia.stewart@westmarkmanufacturing.com,2004-06-14,2023-03-07,2023-03-07,,06ACC1,Accounts Receivable Clerk,ACCTG,RFT,A,Active,WSTMF,111,130,100890,"Green, Ryan",ryan.green@alpineconstruction.com,102248_WSTMF,EE102248_CO002,1.0,
102249,EE102249,CO002,Cynthia,Cynthia,Johansson,cynthia.johansson@westmarkmanufacturing.com,1992-09-10,2023-03-08,2023-03-08,,49OPS2,Operations Coordinator,OPS,RFT,T,Terminated,WSTMF,100,230,102585,"Howard, Fatima",fatima.howard@alpineconstruction.com,102249_WSTMF,EE102249_CO002,1.0,2024-02-26
102250,EE102250,CO003,Melissa,Melissa,Lee,melissa.lee@prairieresources.ca,1981-06-29,2023-03-10,2023-03-10,,55TRD1,Apprentice Technician,TRD,TAW,T,Terminated,PRMRE,123,190,102767,"Rivera, Donald",donald.rivera@prairieresources.ca,102250_PRMRE,EE102250_CO003,1.0,2026-01-06
102251,EE102251,CO003,Christine,Christine,White,christine.white@prairieresources.ca,1992-03-25,2023-03-10,2023-03-10,,48OPS1,Operations Assistant,OPS,RFT,A,Active,PRMRE,115,240,102901,"Olsson, Charles",charles.olsson@westmarkmanufacturing.com,102251_PRMRE,EE102251_CO003,1.0,
102252,EE102252,CO001,Sandra,Sandra,Sanders,sandra.sanders@northernpipeline.com,1975-03-23,2023-03-10,2023-03-10,,25HR1,HR Coordinator,HR,CON,A,Active,NRTHP,103,70,,,,102252_NRTHP,EE102252_CO001,1.0,
102253,EE102253,CO004,Cynthia,Cynthia,Phillips,cynthia.phillips@alpineconstruction.com,2004-08-24,2023-03-10,2023-03-10,,25HR1,HR Coordinator,HR,RFT,A,Active,ALPNC,111,210,100142,"Fischer, George",george.fischer@alpineconstruction.com,102253_ALPNC,EE102253_CO004,1.0,
102254,EE102254,CO003,Jacob,Jacob,Sanchez,jacob.sanchez@prairieresources.ca,1991-12-06,2023-03-10,2023-03-10,,42SAL2,Account Executive,SALES,RFT,A,Active,PRMRE,116,140,101433,"Persson, Benjamin",benjamin.persson@alpineconstruction.com,102254_PRMRE,EE102254_CO003,1.0,
102255,EE102255,CO004,Ryan,Ryan,Parker,ryan.parker@alpineconstruction.com,2003-12-31,2023-03-10,2023-03-10,,05ACC1,Accounts Payable Clerk,ACCTG,RFT,T,Terminated,ALPNC,112,180,101730,"Price, Jacob",jacob.price@alpineconstruction.com,102255_ALPNC,EE102255_CO004,1.0,2024-01-03
102256,EE102256,CO004,Jack,Jack,Young,jack.young@alpineconstruction.com,1988-02-24,2023-03-13,2023-03-13,,41SAL1,Sales Representative,SALES,RFT,A,Active,ALPNC,119,160,102515,"Alvarez, Donald",donald.alvarez@northernpipeline.com,102256_ALPNC,EE102256_CO004,1.0,
102257,EE102257,CO001,Pierre,Pierre,Wong,pierre.wong@northernpipeline.com,1982-09-11,2023-03-14,2023-03-14,,63WHS4,Warehouse Lead,WHSE,TFT,A,Active,NRTHP,119,70,,,,102257_NRTHP,EE102257_CO001,1.0,
102258,EE102258,CO004,Lisa,Lisa,Zhang,lisa.zhang@alpineconstruction.com,1995-06-15,2023-03-16,2023-03-16,,65TEC1,Field Technician,TECH,RFT,T,Terminated,ALPNC,119,140,102516,"Weber, Jessica",jessica.weber@alpineconstruction.com,102258_ALPNC,EE102258_CO004,1.0,2024-04-20
102259,EE102259,CO004,Nicole,Nicole,Martinez,nicole.martinez@alpineconstruction.com,2004-04-19,2023-03-17,2023-03-17,,95LEG3,Legal Counsel,LEGAL,RPT,A,Active,ALPNC,121,40,,,,102259_ALPNC,EE102259_CO004,0.54,
102260,EE102260,CO004,Dorothy,Dorothy,Moore,dorothy.moore@alpineconstruction.com,1989-05-25,2023-03-17,2023-03-17,,65TEC1,Field Technician,TECH,CON,A,Active,ALPNC,119,130,,,,102260_ALPNC,EE102260_CO004,1.0,
102261,EE102261,CO001,Adam,Adam,Schmidt,adam.schmidt@northernpipeline.com,1986-10-22,2023-03-17,2023-03-17,,80ANL4,Analytics Lead,ANLYT,RFT,T,Terminated,NRTHP,111,120,,,,102261_NRTHP,EE102261_CO001,1.0,2024-03-07
102262,EE102262,CO004,Richard,Richard,Williams,richard.williams@alpineconstruction.com,1987-03-14,2023-03-17,2023-03-17,,90PRO3,Project Manager,PROJ,RPT,A,Active,ALPNC,102,40,,,,102262_ALPNC,EE102262_CO004,0.55,
102263,EE102263,CO003,Gregory,Gregory,Stewart,gregory.stewart@prairieresources.ca,1978-10-22,2023-03-17,2023-03-17,,65TEC1,Field Technician,TECH,CON,T,Terminated,PRMRE,124,120,101806,"Campbell, Edward",edward.campbell@alpineconstruction.com,102263_PRMRE,EE102263_CO003,1.0,2025-08-10
102264,EE102264,CO002,Larry,Larry,Williams,larry.williams@westmarkmanufacturing.com,2001-06-17,2023-03-20,2023-03-20,,72MKT3,Senior Marketing Specialist,MKTG,RFT,T,Terminated,WSTMF,104,160,,,,102264_WSTMF,EE102264_CO002,1.0,2025-01-29
102265,EE102265,CO001,Joseph,Joseph,Yamamoto,joseph.yamamoto@northernpipeline.com,1984-08-17,2023-03-20,2023-03-20,,94LEG2,Paralegal,LEGAL,RPT,A,Active,NRTHP,102,100,100763,"Bailey, Anna",anna.bailey@westmarkmanufacturing.com,102265_NRTHP,EE102265_CO001,0.8,
102266,EE102266,CO002,Mei,Mei,Foster,mei.foster@westmarkmanufacturing.com,1980-01-15,2023-03-21,2023-03-21,,90PRO3,Project Manager,PROJ,RFT,A,Active,WSTMF,100,40,102372,"Lopez, Jonathan",jonathan.lopez@alpineconstruction.com,102266_WSTMF,EE102266_CO002,1.0,
102267,EE102267,CO004,Kimberly,Kimberly,Schmidt,kimberly.schmidt@alpineconstruction.com,2004-05-12,2023-03-22,2023-03-22,,21ENG4,Principal Engineer,ENGR,RFT,A,Active,ALPNC,116,90,,,,102267_ALPNC,EE102267_CO004,1.0,
102268,EE102268,CO002,Eric,Eric,Johansson,eric.johansson@westmarkmanufacturing.com,1987-11-10,2023-03-22,2023-03-22,,04ADM4,Executive Assistant,ADMIN,RPT,A,Active,WSTMF,122,130,,,,102268_WSTMF,EE102268_CO002,0.55,
102269,EE102269,CO002,Henry,Henry,Edwards,henry.edwards@westmarkmanufacturing.com,1997-02-28,2023-03-22,2023-03-22,,85SUP5,Regional Supervisor,SUPV,RPT,T,Terminated,WSTMF,108,230,,,,102269_WSTMF,EE102269_CO002,0.71,2023-07-09
102270,EE102270,CO003,Giovanni,Giovanni,Garcia,giovanni.garcia@prairieresources.ca,1991-05-25,2023-03-24,2023-03-24,,67TEC3,Senior Service Technician,TECH,RFT,A,Active,PRMRE,116,200,,,,102270_PRMRE,EE102270_CO003,1.0,
102271,EE102271,CO003,Carol,Carol,Mendoza,carol.mendoza@prairieresources.ca,1987-06-27,2023-03-24,2023-03-24,,32IT1,IT Support Technician,IT,RPT,A,Active,PRMRE,117,210,100414,"Green, Thomas",thomas.green@northernpipeline.com,102271_PRMRE,EE102271_CO003,0.55,
102272,EE102272,CO001,Deborah,Deborah,Martinez,deborah.martinez@northernpipeline.com,1995-07-30,2023-03-24,2023-03-24,,05ACC1,Accounts Payable Clerk,ACCTG,RFT,T,Terminated,NRTHP,103,30,100420,"Morgan, Angela",angela.morgan@northernpipeline.com,102272_NRTHP,EE102272_CO001,1.0,2026-01-03
102273,EE102273,CO003,Rachel,Rachel,Li,rachel.li@prairieresources.ca,1997-08-05,2023-03-24,2023-03-24,,60WHS1,Warehouse Associate,WHSE,RPT,A,Active,PRMRE,100,250,102201,"Reed, Sandra",sandra.reed@westmarkmanufacturing.com,102273_PRMRE,EE102273_CO003,0.73,
102274,EE102274,CO003,Jason,Jason,Adams,jason.adams@prairieresources.ca,1990-04-23,2023-03-24,2023-03-24,,03ADM3,Senior Administrative Coordinator,ADMIN,RFT,A,Active,PRMRE,102,240,101786,"Cox, Kevin",kevin.cox@alpineconstruction.com,102274_PRMRE,EE102274_CO003,1.0,
102275,EE102275,CO002,Cynthia,Cynthia,Williams,cynthia.williams@westmarkmanufacturing.com,2002-01-28,2023-03-27,2023-03-27,,44SAL4,Sales Team Lead,SALES,RFT,A,Active,WSTMF,104,170,,,,102275_WSTMF,EE102275_CO002,1.0,
102276,EE102276,CO003,Ruth,Ruth,Mendoza,ruth.mendoza@prairieresources.ca,2002-01-28,2023-03-28,2023-03-28,,08ACC3,Senior Accountant,ACCTG,RFT,A,Active,PRMRE,123,110,,,,102276_PRMRE,EE102276_CO003,1.0,
102277,EE102277,CO001,Ruth,Ruth,Peterson,ruth.peterson@northernpipeline.com,1985-01-07,2023-03-31,2023-03-31,,78ANL2,Business Analyst,ANLYT,RPT,T,Terminated,NRTHP,114,40,,,,102277_NRTHP,EE102277_CO001,0.58,2024-08-30
102278,EE102278,CO004,Joyce,Joyce,Howard,joyce.howard@alpineconstruction.com,2003-02-05,2023-04-05,2023-04-05,,66TEC2,Service Technician,TECH,RFT,A,Active,ALPNC,111,140,,,,102278_ALPNC,EE102278_CO004,1.0,
102279,EE102279,CO003,John,John,Wood,john.wood@prairieresources.ca,1984-12-16,2023-04-06,2023-04-06,,71MKT2,Marketing Specialist,MKTG,RFT,A,Active,PRMRE,100,180,,,,102279_PRMRE,EE102279_CO003,1.0,
102280,EE102280,CO001,Virginia,Virginia,Gomez,virginia.gomez@northernpipeline.com,1986-06-04,2023-04-06,2023-04-06,,20ENG3,Senior Engineer,ENGR,RFT,A,Active,NRTHP,121,200,,,,102280_NRTHP,EE102280_CO001,1.0,
102281,EE102281,CO001,Jennifer,Jennifer,Baker,jennifer.baker@northernpipeline.com,2005-01-13,2023-04-07,2023-04-07,,14CSR2,Customer Service Specialist,CSR,RFT,A,Active,NRTHP,121,60,102633,"Edwards, Jessica",jessica.edwards@prairieresources.ca,102281_NRTHP,EE102281_CO001,1.0,
102282,EE102282,CO002,Gary,Gary,Sanchez,gary.sanchez@westmarkmanufacturing.com,1997-09-15,2023-04-07,2023-04-07,,65TEC1,Field Technician,TECH,RFT,T,Terminated,WSTMF,107,200,101805,"Jones, Kimberly",kimberly.jones@westmarkmanufacturing.com,102282_WSTMF,EE102282_CO002,1.0,2025-09-18
102283,EE102283,CO004,Matthew,Matthew,Karlsson,matthew.karlsson@alpineconstruction.com,1980-02-21,2023-04-07,2023-04-07,,55TRD1,Apprentice Technician,TRD,RFT,A,Active,ALPNC,115,50,100721,"Walker, Larry",larry.walker@alpineconstruction.com,102283_ALPNC,EE102283_CO004,1.0,
102284,EE102284,CO003,Steven,Steven,Martin,steven.martin@prairieresources.ca,2000-08-07,2023-04-07,2023-04-07,,78ANL2,Business Analyst,ANLYT,RFT,A,Active,PRMRE,100,100,100277,"Evans, James",james.evans@westmarkmanufacturing.com,102284_PRMRE,EE102284_CO003,1.0,
102285,EE102285,CO003,Charles,Charles,Lee,charles.lee@prairieresources.ca,1996-02-06,2023-04-07,2023-04-07,,60WHS1,Warehouse Associate,WHSE,RFT,A,Active,PRMRE,123,140,102554,"Kim, Marie",marie.kim@northernpipeline.com,102285_PRMRE,EE102285_CO003,1.0,
102286,EE102286,CO003,Emily,Emily,White,emily.white@prairieresources.ca,1986-10-05,2023-04-10,2023-04-10,,65TEC1,Field Technician,TECH,RFT,A,Active,PRMRE,102,80,100620,"Hall, Sakura",sakura.hall@northernpipeline.com,102286_PRMRE,EE102286_CO003,1.0,
102287,EE102287,CO004,Patrick,Patrick,Kim,patrick.kim@alpineconstruction.com,1984-02-10,2023-04-10,2023-04-10,,27HR3,Senior HR Generalist,HR,RFT,T,Terminated,ALPNC,114,250,,,,102287_ALPNC,EE102287_CO004,1.0,2024-09-13
102288,EE102288,CO003,Astrid,Astrid,Phillips,astrid.phillips@prairieresources.ca,1994-04-15,2023-04-10,2023-04-10,,28HR4,HR Business Partner,HR,RPT,T,Terminated,PRMRE,123,120,,,,102288_PRMRE,EE102288_CO003,0.78,2024-01-12
102289,EE102289,CO003,Angela,Angela,Price,angela.price@prairieresources.ca,1996-09-21,2023-04-12,2023-04-12,,69TEC5,Technical Services Manager,TECH,RFT,A,Active,PRMRE,115,150,,,,102289_PRMRE,EE102289_CO003,1.0,
102290,EE102290,CO003,Isabella,Isabella,Gutierrez,isabella.gutierrez@prairieresources.ca,1977-01-01,2023-04-12,2023-04-12,,33IT2,Systems Administrator,IT,RFT,A,Active,PRMRE,100,50,101996,"Scott, Ashley",ashley.scott@prairieresources.ca,102290_PRMRE,EE102290_CO003,1.0,
102291,EE102291,CO003,Donna,Donna,James,donna.james@prairieresources.ca,1973-08-23,2023-04-13,2023-04-13,,36IT3,Senior Systems Administrator,IT,RFT,T,Terminated,PRMRE,115,250,100992,"Moore, Ronald",ronald.moore@westmarkmanufacturing.com,102291_PRMRE,EE102291_CO003,1.0,2023-06-07
102292,EE102292,CO004,Karen,Karen,Ruiz,karen.ruiz@alpineconstruction.com,1981-08-24,2023-04-14,2023-04-14,,03ADM3,Senior Administrative Coordinator,ADMIN,RFT,T,Terminated,ALPNC,100,90,100821,"Morales, Catherine",catherine.morales@alpineconstruction.com,102292_ALPNC,EE102292_CO004,1.0,2023-06-17
102293,EE102293,CO002,Frank,Frank,Nelson,frank.nelson@westmarkmanufacturing.com,1991-02-23,2023-04-14,2023-04-14,,64WHS5,Warehouse Manager,WHSE,RFT,T,Terminated,WSTMF,106,240,,,,102293_WSTMF,EE102293_CO002,1.0,2023-05-13
102294,EE102294,CO001,Stephanie,Stephanie,Morris,stephanie.morris@northernpipeline.com,2000-02-12,2023-04-14,2023-04-14,,60WHS1,Warehouse Associate,WHSE,RFT,T,Terminated,NRTHP,122,100,101678,"Chavez, Eric",eric.chavez@westmarkmanufacturing.com,102294_NRTHP,EE102294_CO001,1.0,2025-07-20
102295,EE102295,CO003,Patrick,Patrick,Torres,patrick.torres@prairieresources.ca,1999-12-07,2023-04-14,2023-04-14,,56TRD2,Journeyman Technician,TRD,RFT,T,Terminated,PRMRE,102,220,102813,"Mitchell, John",john.mitchell@alpineconstruction.com,102295_PRMRE,EE102295_CO003,1.0,2024-06-28
102296,EE102296,CO002,Christopher,Christopher,Zhang,christopher.zhang@westmarkmanufacturing.com,1985-12-23,2023-04-14,2023-04-14,,19ENG2,Engineer,ENGR,RFT,T,Terminated,WSTMF,111,50,102114,"Reyes, Joshua",joshua.reyes@westmarkmanufacturing.com,102296_WSTMF,EE102296_CO002,1.0,2024-09-28
102297,EE102297,CO004,Virginia,Virginia,Diaz,virginia.diaz@alpineconstruction.com,1987-04-08,2023-04-14,2023-04-14,,50OPS3,Operations Specialist,OPS,RFT,A,Active,ALPNC,104,200,,,,102297_ALPNC,EE102297_CO004,1.0,
102298,EE102298,CO001,Lisa,Lisa,Long,lisa.long@northernpipeline.com,1976-11-04,2023-04-14,2023-04-14,,32IT1,IT Support Technician,IT,RFT,A,Active,NRTHP,108,250,102717,"Gray, Susan",susan.gray@westmarkmanufacturing.com,102298_NRTHP,EE102298_CO001,1.0,
102299,EE102299,CO001,Jessica,Jessica,Martinez,jessica.martinez@northernpipeline.com,1984-10-10,2023-04-14,2023-04-14,,20ENG3,Senior Engineer,ENGR,RFT,A,Active,NRTHP,104,160,,,,102299_NRTHP,EE102299_CO001,1.0,
102300,EE102300,CO004,Jerry,Jerry,Morales,jerry.morales@alpineconstruction.com,2004-08-28,2023-04-17,2023-04-17,,61WHS2,Warehouse Clerk,WHSE,RFT,A,Active,ALPNC,116,60,102529,"Weber, Raymond",raymond.weber@prairieresources.ca,102300_ALPNC,EE102300_CO004,1.0,
102301,EE102301,CO003,Rachel,Rachel,Yamamoto,rachel.yamamoto@prairieresources.ca,1980-09-28,2023-04-17,2023-04-17,,16CSR4,Customer Service Team Lead,CSR,RFT,T,Terminated,PRMRE,124,180,,,,102301_PRMRE,EE102301_CO003,1.0,2023-11-06
102302,EE102302,CO002,Melissa,Melissa,Smith,melissa.smith@westmarkmanufacturing.com,2001-03-27,2023-04-18,2023-04-18,,61WHS2,Warehouse Clerk,WHSE,RFT,A,Active,WSTMF,111,30,101516,"Cruz, Alexander",alexander.cruz@alpineconstruction.com,102302_WSTMF,EE102302_CO002,1.0,
102303,EE102303,CO001,Shirley,Shirley,Taylor,shirley.taylor@northernpipeline.com,1995-04-14,2023-04-19,2023-04-19,,70MKT1,Marketing Coordinator,MKTG,RFT,T,Terminated,NRTHP,116,50,100007,"Becker, Gary",gary.becker@alpineconstruction.com,102303_NRTHP,EE102303_CO001,1.0,2024-02-25
102304,EE102304,CO003,Benjamin,Benjamin,Adams,benjamin.adams@prairieresources.ca,1988-10-27,2023-04-20,2023-04-20,,20ENG3,Senior Engineer,ENGR,RPT,A,Active,PRMRE,100,110,101160,"Andersson, Sarah",sarah.andersson@northernpipeline.com,102304_PRMRE,EE102304_CO003,0.79,
102305,EE102305,CO002,Betty,Betty,Flores,betty.flores@westmarkmanufacturing.com,1971-11-15,2023-04-20,2023-04-20,,48OPS1,Operations Assistant,OPS,RFT,A,Active,WSTMF,102,70,102708,"Moore, Jessica",jessica.moore@westmarkmanufacturing.com,102305_WSTMF,EE102305_CO002,1.0,
102306,EE102306,CO003,Linda,Linda,King,linda.king@prairieresources.ca,1960-03-20,2023-04-20,2023-04-20,,02ADM2,Administrative Coordinator,ADMIN,RFT,A,Active,PRMRE,124,70,102457,"Ross, Pamela",pamela.ross@westmarkmanufacturing.com,102306_PRMRE,EE102306_CO003,1.0,
102307,EE102307,CO003,Raj,Raj,Perez,raj.perez@prairieresources.ca,1985-03-06,2023-04-21,2023-04-21,,26HR2,HR Generalist,HR,RFT,T,Terminated,PRMRE,118,130,100080,"Campbell, Carol",carol.campbell@prairieresources.ca,102307_PRMRE,EE102307_CO003,1.0,2023-09-02
102308,EE102308,CO004,Rebecca,Rebecca,Torres,rebecca.torres@alpineconstruction.com,1992-08-23,2023-04-21,2023-04-21,,25HR1,HR Coordinator,HR,RFT,A,Active,ALPNC,124,70,102457,"Ross, Pamela",pamela.ross@westmarkmanufacturing.com,102308_ALPNC,EE102308_CO004,1.0,
102309,EE102309,CO004,Samantha,Samantha,Rivera,samantha.rivera@alpineconstruction.com,1985-11-20,2023-04-21,2023-04-21,,70MKT1,Marketing Coordinator,MKTG,CON,A,Active,ALPNC,112,200,,,,102309_ALPNC,EE102309_CO004,1.0,
102310,EE102310,CO003,Patrick,Patrick,Rivera,patrick.rivera@prairieresources.ca,1983-03-08,2023-04-24,2023-04-24,,71MKT2,Marketing Specialist,MKTG,RFT,T,Terminated,PRMRE,100,240,102150,"Jimenez, Anthony",anthony.jimenez@westmarkmanufacturing.com,102310_PRMRE,EE102310_CO003,1.0,2024-01-19
102311,EE102311,CO004,Dennis,Dennis,Brown,dennis.brown@alpineconstruction.com,1994-12-21,2023-04-24,2023-04-24,,41SAL1,Sales Representative,SALES,RFT,A,Active,ALPNC,119,180,100529,"Zhang, Christine",christine.zhang@northernpipeline.com,102311_ALPNC,EE102311_CO004,1.0,
102312,EE102312,CO002,Betty,Betty,Reed,betty.reed@westmarkmanufacturing.com,1973-11-21,2023-04-24,2023-04-24,,56TRD2,Journeyman Technician,TRD,RFT,T,Terminated,WSTMF,111,180,100076,"Bailey, Ryan",ryan.bailey@alpineconstruction.com,102312_WSTMF,EE102312_CO002,1.0,2024-02-24
102313,EE102313,CO002,Donald,Donald,Li,donald.li@westmarkmanufacturing.com,1988-08-19,2023-04-25,2023-04-25,,77ANL1,Data Analyst,ANLYT,RFT,T,Terminated,WSTMF,106,80,101286,"Baker, Sarah",sarah.baker@westmarkmanufacturing.com,102313_WSTMF,EE102313_CO002,1.0,2024-12-09
102314,EE102314,CO003,Ingrid,Ingrid,Wang,ingrid.wang@prairieresources.ca,1986-11-15,2023-04-25,2023-04-25,,02ADM2,Administrative Coordinator,ADMIN,RFT,A,Active,PRMRE,115,140,102983,"Baker, Adam",adam.baker@northernpipeline.com,102314_PRMRE,EE102314_CO003,1.0,
102315,EE102315,CO003,Paul,Paul,Stewart,paul.stewart@prairieresources.ca,1985-01-25,2023-04-25,2023-04-25,,55TRD1,Apprentice Technician,TRD,RFT,A,Active,PRMRE,105,110,102811,"Turner, Donna",donna.turner@prairieresources.ca,102315_PRMRE,EE102315_CO003,1.0,
102316,EE102316,CO002,Heather,Heather,Watson,heather.watson@westmarkmanufacturing.com,1987-02-11,2023-04-25,2023-04-25,,57TRD3,Senior Technician,TRD,RFT,A,Active,WSTMF,104,50,,,,102316_WSTMF,EE102316_CO002,1.0,
102317,EE102317,CO004,Jason,Jason,Johnson,jason.johnson@alpineconstruction.com,1983-02-15,2023-04-26,2023-04-26,,03ADM3,Senior Administrative Coordinator,ADMIN,RFT,T,Terminated,ALPNC,115,20,101427,"Tanaka, Wei",wei.tanaka@prairieresources.ca,102317_ALPNC,EE102317_CO004,1.0,2024-03-18
102318,EE102318,CO001,Sakura,Sakura,Watson,sakura.watson@northernpipeline.com,1997-11-07,2023-04-26,2023-04-26,,73MKT4,Marketing Lead,MKTG,RFT,T,Terminated,NRTHP,100,70,,,,102318_NRTHP,EE102318_CO001,1.0,2024-06-06
102319,EE102319,CO003,Michelle,Michelle,Wagner,michelle.wagner@prairieresources.ca,1996-11-18,2023-04-26,2023-04-26,,26HR2,HR Generalist,HR,CON,A,Active,PRMRE,105,160,,,,102319_PRMRE,EE102319_CO003,1.0,
102320,EE102320,CO004,Katherine,Katherine,Evans,katherine.evans@alpineconstruction.com,2002-08-02,2023-04-26,2023-04-26,,18ENG1,Junior Engineer,ENGR,RFT,T,Terminated,ALPNC,111,40,101448,"Chen, Kenneth",kenneth.chen@alpineconstruction.com,102320_ALPNC,EE102320_CO004,1.0,2023-07-01
102321,EE102321,CO002,Karen,Karen,Gray,karen.gray@westmarkmanufacturing.com,1986-10-25,2023-04-26,2023-04-26,,51OPS4,Operations Lead,OPS,RFT,A,Active,WSTMF,107,30,,,,102321_WSTMF,EE102321_CO002,1.0,
102322,EE102322,CO001,Samantha,Samantha,Turner,samantha.turner@northernpipeline.com,1983-07-04,2023-04-27,2023-04-27,,13CSR1,Customer Service Representative,CSR,RPT,T,Terminated,NRTHP,114,170,,,,102322_NRTHP,EE102322_CO001,0.54,2024-07-29
102323,EE102323,CO004,Patricia,Patricia,Reyes,patricia.reyes@alpineconstruction.com,1986-05-15,2023-04-27,2023-04-27,,14CSR2,Customer Service Specialist,CSR,RFT,T,Terminated,ALPNC,102,110,100283,"Larsson, Patricia",patricia.larsson@alpineconstruction.com,102323_ALPNC,EE102323_CO004,1.0,2025-01-10
102324,EE102324,CO001,Jason,Jason,Lewis,jason.lewis@northernpipeline.com,1974-07-26,2023-05-01,2023-05-01,,03ADM3,Senior Administrative Coordinator,ADMIN,RFT,A,Active,NRTHP,122,20,102879,"Mueller, Dorothy",dorothy.mueller@northernpipeline.com,102324_NRTHP,EE102324_CO001,1.0,
102325,EE102325,CO004,Debra,Debra,Jimenez,debra.jimenez@alpineconstruction.com,1991-12-22,2023-05-01,2023-05-01,,02ADM2,Administrative Coordinator,ADMIN,RFT,T,Terminated,ALPNC,114,60,101378,"Olsson, Robert",robert.olsson@alpineconstruction.com,102325_ALPNC,EE102325_CO004,1.0,2023-12-19
102326,EE102326,CO004,Isabella,Isabella,Adams,isabella.adams@alpineconstruction.com,1985-01-18,2023-05-02,2023-05-02,,72MKT3,Senior Marketing Specialist,MKTG,RFT,T,Terminated,ALPNC,121,200,,,,102326_ALPNC,EE102326_CO004,1.0,2025-05-26
102327,EE102327,CO001,Michael,Michael,Clark,michael.clark@northernpipeline.com,2001-07-13,2023-05-02,2023-05-02,,55TRD1,Apprentice Technician,TRD,RFT,T,Terminated,NRTHP,123,100,101820,"Reyes, Dmitri",dmitri.reyes@prairieresources.ca,102327_NRTHP,EE102327_CO001,1.0,2024-05-04
102328,EE102328,CO004,Jennifer,Jennifer,Schmidt,jennifer.schmidt@alpineconstruction.com,1994-09-10,2023-05-02,2023-05-02,,08ACC3,Senior Accountant,ACCTG,RFT,A,Active,ALPNC,111,70,100206,"Richardson, Sakura",sakura.richardson@northernpipeline.com,102328_ALPNC,EE102328_CO004,1.0,
102329,EE102329,CO002,Paul,Paul,Morris,paul.morris@westmarkmanufacturing.com,1984-08-12,2023-05-03,2023-05-03,,71MKT2,Marketing Specialist,MKTG,CON,T,Terminated,WSTMF,106,160,,,,102329_WSTMF,EE102329_CO002,1.0,2025-04-01
102330,EE102330,CO004,Jose,Jose,Watson,jose.watson@alpineconstruction.com,1983-02-02,2023-05-03,2023-05-03,,71MKT2,Marketing Specialist,MKTG,CON,T,Terminated,ALPNC,102,190,102877,"Jackson, Pierre",pierre.jackson@prairieresources.ca,102330_ALPNC,EE102330_CO004,1.0,2024-02-16
102331,EE102331,CO001,Jennifer,Jennifer,Ward,jennifer.ward@northernpipeline.com,1993-06-23,2023-05-03,2023-05-03,,25HR1,HR Coordinator,HR,RFT,T,Terminated,NRTHP,109,100,,,,102331_NRTHP,EE102331_CO001,1.0,2024-05-20
102332,EE102332,CO001,Adam,Adam,Baker,adam.baker@northernpipeline.com,1991-07-01,2023-05-04,2023-05-04,,66TEC2,Service Technician,TECH,RFT,A,Active,NRTHP,116,150,100258,"Cox, Virginia",virginia.cox@prairieresources.ca,102332_NRTHP,EE102332_CO001,1.0,
102333,EE102333,CO001,John,John,Kelly,john.kelly@northernpipeline.com,2005-01-15,2023-05-04,2023-05-04,,78ANL2,Business Analyst,ANLYT,RFT,T,Terminated,NRTHP,120,230,,,,102333_NRTHP,EE102333_CO001,1.0,2024-05-29
102334,EE102334,CO001,Christine,Christine,Andersson,christine.andersson@northernpipeline.com,1994-07-28,2023-05-04,2023-05-04,,01ADM1,Administrative Assistant,ADMIN,RFT,A,Active,NRTHP,113,180,,,,102334_NRTHP,EE102334_CO001,1.0,
102335,EE102335,CO001,Brenda,Brenda,Liu,brenda.liu@northernpipeline.com,1983-03-09,2023-05-05,2023-05-05,,06ACC1,Accounts Receivable Clerk,ACCTG,RPT,T,Terminated,NRTHP,121,20,100758,"Nelson, Diane",diane.nelson@prairieresources.ca,102335_NRTHP,EE102335_CO001,0.67,2025-07-21
102336,EE102336,CO002,Elizabeth,Elizabeth,Liu,elizabeth.liu@westmarkmanufacturing.com,1985-08-18,2023-05-05,2023-05-05,,77ANL1,Data Analyst,ANLYT,RFT,A,Active,WSTMF,100,240,102150,"Jimenez, Anthony",anthony.jimenez@westmarkmanufacturing.com,102336_WSTMF,EE102336_CO002,1.0,
102337,EE102337,CO001,Joyce,Joyce,Hughes,joyce.hughes@northernpipeline.com,1986-05-03,2023-05-05,2023-05-05,,21ENG4,Principal Engineer,ENGR,RFT,T,Terminated,NRTHP,121,240,,,,102337_NRTHP,EE102337_CO001,1.0,2023-08-28
102338,EE102338,CO001,James,James,Jones,james.jones@northernpipeline.com,1991-02-21,2023-05-05,2023-05-05,,73MKT4,Marketing Lead,MKTG,RFT,A,Active,NRTHP,124,110,,,,102338_NRTHP,EE102338_CO001,1.0,
102339,EE102339,CO001,Ingrid,Ingrid,Castillo,ingrid.castillo@northernpipeline.com,1990-12-26,2023-05-08,2023-05-08,,58TRD4,Lead Technician,TRD,TFT,T,Terminated,NRTHP,114,70,,,,102339_NRTHP,EE102339_CO001,1.0,2023-05-23
102340,EE102340,CO003,Isabella,Isabella,Walker,isabella.walker@prairieresources.ca,1998-04-14,2023-05-08,2023-05-08,,49OPS2,Operations Coordinator,OPS,RFT,A,Active,PRMRE,124,160,100599,"Johansson, Jonathan",jonathan.johansson@prairieresources.ca,102340_PRMRE,EE102340_CO003,1.0,
102341,EE102341,CO004,Alexander,Alexander,Brooks,alexander.brooks@alpineconstruction.com,1984-12-19,2023-05-08,2023-05-08,,77ANL1,Data Analyst,ANLYT,RFT,T,Terminated,ALPNC,124,120,101806,"Campbell, Edward",edward.campbell@alpineconstruction.com,102341_ALPNC,EE102341_CO004,1.0,2023-06-03
102342,EE102342,CO003,Sarah,Sarah,Martin,sarah.martin@prairieresources.ca,1987-03-17,2023-05-09,2023-05-09,,06ACC1,Accounts Receivable Clerk,ACCTG,RFT,A,Active,PRMRE,117,20,102028,"Hernandez, Patricia",patricia.hernandez@prairieresources.ca,102342_PRMRE,EE102342_CO003,1.0,
102343,EE102343,CO004,Ruth,Ruth,Weber,ruth.weber@alpineconstruction.com,1986-08-21,2023-05-09,2023-05-09,,83SUP4,Shift Supervisor,SUPV,CON,T,Terminated,ALPNC,119,250,,,,102343_ALPNC,EE102343_CO004,1.0,2024-03-15
102344,EE102344,CO002,John,John,Reyes,john.reyes@westmarkmanufacturing.com,1997-01-03,2023-05-10,2023-05-10,,13CSR1,Customer Service Representative,CSR,TFT,T,Terminated,WSTMF,108,90,100152,"Carter, Ingrid",ingrid.carter@westmarkmanufacturing.com,102344_WSTMF,EE102344_CO002,1.0,2025-10-17
102345,EE102345,CO002,Brenda,Brenda,Castillo,brenda.castillo@westmarkmanufacturing.com,2004-08-29,2023-05-10,2023-05-10,,25HR1,HR Coordinator,HR,RPT,A,Active,WSTMF,118,250,102494,"Singh, Jerry",jerry.singh@westmarkmanufacturing.com,102345_WSTMF,EE102345_CO002,0.43,
102346,EE102346,CO002,Charles,Charles,White,charles.white@westmarkmanufacturing.com,1981-04-12,2023-05-11,2023-05-11,,71MKT2,Marketing Specialist,MKTG,RFT,A,Active,WSTMF,105,20,,,,102346_WSTMF,EE102346_CO002,1.0,
102347,EE102347,CO002,Donna,Donna,Shah,donna.shah@westmarkmanufacturing.com,1995-11-04,2023-05-11,2023-05-11,,13CSR1,Customer Service Representative,CSR,RFT,A,Active,WSTMF,118,70,,,,102347_WSTMF,EE102347_CO002,1.0,
102348,EE102348,CO002,Yuki,Yuki,Long,yuki.long@westmarkmanufacturing.com,1999-08-19,2023-05-12,2023-05-12,,26HR2,HR Generalist,HR,TAW,A,Active,WSTMF,118,150,,,,102348_WSTMF,EE102348_CO002,1.0,
102349,EE102349,CO003,Julie,Julie,Jones,julie.jones@prairieresources.ca,1984-10-27,2023-05-12,2023-05-12,,50OPS3,Operations Specialist,OPS,RPT,A,Active,PRMRE,100,210,,,,102349_PRMRE,EE102349_CO003,0.6,
102350,EE102350,CO003,Olivia,Olivia,Kim,olivia.kim@prairieresources.ca,1994-11-18,2023-05-12,2023-05-12,,06ACC1,Accounts Receivable Clerk,ACCTG,CON,T,Terminated,PRMRE,118,150,102348,"Long, Yuki",yuki.long@westmarkmanufacturing.com,102350_PRMRE,EE102350_CO003,1.0,2024-11-24
102351,EE102351,CO003,Samantha,Samantha,Patel,samantha.patel@prairieresources.ca,1981-01-21,2023-05-12,2023-05-12,,19ENG2,Engineer,ENGR,RPT,T,Terminated,PRMRE,100,110,101160,"Andersson, Sarah",sarah.andersson@northernpipeline.com,102351_PRMRE,EE102351_CO003,0.53,2024-01-30
102352,EE102352,CO002,Aisha,Aisha,Walker,aisha.walker@westmarkmanufacturing.com,1985-02-01,2023-05-12,2023-05-12,,71MKT2,Marketing Specialist,MKTG,RFT,T,Terminated,WSTMF,124,90,100652,"Smith, Larry",larry.smith@westmarkmanufacturing.com,102352_WSTMF,EE102352_CO002,1.0,2024-06-01
102353,EE102353,CO002,Sharon,Sharon,Mendoza,sharon.mendoza@westmarkmanufacturing.com,1985-05-17,2023-05-12,2023-05-12,,67TEC3,Senior Service Technician,TECH,RFT,T,Terminated,WSTMF,108,90,,,,102353_WSTMF,EE102353_CO002,1.0,2024-10-18
102354,EE102354,CO004,Isabella,Isabella,Baker,isabella.baker@alpineconstruction.com,2005-04-30,2023-05-12,2023-05-12,,32IT1,IT Support Technician,IT,RFT,T,Terminated,ALPNC,112,60,,,,102354_ALPNC,EE102354_CO004,1.0,2023-07-17
102355,EE102355,CO004,Stephen,Stephen,Becker,stephen.becker@alpineconstruction.com,1978-07-30,2023-05-12,2023-05-12,,94LEG2,Paralegal,LEGAL,RFT,A,Active,ALPNC,100,170,,,,102355_ALPNC,EE102355_CO004,1.0,
102356,EE102356,CO004,Charles,Charles,Phillips,charles.phillips@alpineconstruction.com,1989-03-10,2023-05-15,2023-05-15,,61WHS2,Warehouse Clerk,WHSE,RPT,A,Active,ALPNC,102,60,101520,"Olsson, Jason",jason.olsson@alpineconstruction.com,102356_ALPNC,EE102356_CO004,0.53,
102357,EE102357,CO002,Marie,Marie,Gonzalez,marie.gonzalez@westmarkmanufacturing.com,1995-03-03,2023-05-15,2023-05-15,,90PRO3,Project Manager,PROJ,RPT,A,Active,WSTMF,105,70,,,,102357_WSTMF,EE102357_CO002,0.57,
102358,EE102358,CO004,Stephen,Stephen,Sanchez,stephen.sanchez@alpineconstruction.com,1989-09-27,2023-05-16,2023-05-16,,56TRD2,Journeyman Technician,TRD,RFT,A,Active,ALPNC,115,170,102467,"Hill, Lars",lars.hill@westmarkmanufacturing.com,102358_ALPNC,EE102358_CO004,1.0,
102359,EE102359,CO002,Janet,Janet,Bailey,janet.bailey@westmarkmanufacturing.com,2004-06-16,2023-05-17,2023-05-17,,77ANL1,Data Analyst,ANLYT,RFT,A,Active,WSTMF,102,250,,,,102359_WSTMF,EE102359_CO002,1.0,
102360,EE102360,CO002,Timothy,Timothy,Castillo,timothy.castillo@westmarkmanufacturing.com,1987-02-01,2023-05-17,2023-05-17,,04ADM4,Executive Assistant,ADMIN,RFT,A,Active,WSTMF,115,30,,,,102360_WSTMF,EE102360_CO002,1.0,
102361,EE102361,CO001,Mark,Mark,Perez,mark.perez@northernpipeline.com,2002-02-25,2023-05-17,2023-05-17,,25HR1,HR Coordinator,HR,RPT,A,Active,NRTHP,104,160,102299,"Martinez, Jessica",jessica.martinez@northernpipeline.com,102361_NRTHP,EE102361_CO001,0.51,
102362,EE102362,CO003,Eric,Eric,Martinez,eric.martinez@prairieresources.ca,2004-07-12,2023-05-18,2023-05-18,,65TEC1,Field Technician,TECH,RFT,A,Active,PRMRE,118,140,101731,"Young, Jose",jose.young@northernpipeline.com,102362_PRMRE,EE102362_CO003,1.0,
102363,EE102363,CO004,George,George,Watson,george.watson@alpineconstruction.com,2004-09-12,2023-05-19,2023-05-19,,42SAL2,Account Executive,SALES,RFT,T,Terminated,ALPNC,100,30,101389,"Stewart, Jacob",jacob.stewart@alpineconstruction.com,102363_ALPNC,EE102363_CO004,1.0,2023-09-24
102364,EE102364,CO004,Betty,Betty,Lopez,betty.lopez@alpineconstruction.com,1979-06-26,2023-05-19,2023-05-19,,33IT2,Systems Administrator,IT,RFT,A,Active,ALPNC,111,230,,,,102364_ALPNC,EE102364_CO004,1.0,
102365,EE102365,CO001,Nicole,Nicole,Persson,nicole.persson@northernpipeline.com,1997-12-10,2023-05-23,2023-05-23,,60WHS1,Warehouse Associate,WHSE,CON,T,Terminated,NRTHP,114,200,102155,"Young, James",james.young@northernpipeline.com,102365_NRTHP,EE102365_CO001,1.0,2024-09-22
102366,EE102366,CO004,Pamela,Pamela,Rogers,pamela.rogers@alpineconstruction.com,1975-12-27,2023-05-23,2023-05-23,,28HR4,HR Business Partner,HR,RFT,T,Terminated,ALPNC,111,180,,,,102366_ALPNC,EE102366_CO004,1.0,2024-01-28
102367,EE102367,CO002,Alexander,Alexander,Ruiz,alexander.ruiz@westmarkmanufacturing.com,1997-01-12,2023-05-25,2023-05-25,,48OPS1,Operations Assistant,OPS,RFT,T,Terminated,WSTMF,115,110,102872,"Gray, Carolyn",carolyn.gray@prairieresources.ca,102367_WSTMF,EE102367_CO002,1.0,2025-03-22
102368,EE102368,CO004,Sakura,Sakura,Fischer,sakura.fischer@alpineconstruction.com,2005-03-11,2023-05-26,2023-05-26,,72MKT3,Senior Marketing Specialist,MKTG,RFT,A,Active,ALPNC,111,130,100890,"Green, Ryan",ryan.green@alpineconstruction.com,102368_ALPNC,EE102368_CO004,1.0,
102369,EE102369,CO004,Kenneth,Kenneth,Wang,kenneth.wang@alpineconstruction.com,2002-09-25,2023-05-26,2023-05-26,,05ACC1,Accounts Payable Clerk,ACCTG,TFT,T,Terminated,ALPNC,114,160,102948,"Diaz, Ashley",ashley.diaz@northernpipeline.com,102369_ALPNC,EE102369_CO004,1.0,2024-04-12
102370,EE102370,CO004,Ashley,Ashley,Sanders,ashley.sanders@alpineconstruction.com,1978-06-09,2023-05-26,2023-05-26,,94LEG2,Paralegal,LEGAL,RFT,A,Active,ALPNC,114,60,101378,"Olsson, Robert",robert.olsson@alpineconstruction.com,102370_ALPNC,EE102370_CO004,1.0,
102371,EE102371,CO003,Sandra,Sandra,Davis,sandra.davis@prairieresources.ca,1992-06-27,2023-05-26,2023-05-26,,49OPS2,Operations Coordinator,OPS,RFT,A,Active,PRMRE,105,90,101404,"Wilson, Diane",diane.wilson@westmarkmanufacturing.com,102371_PRMRE,EE102371_CO003,1.0,
102372,EE102372,CO004,Jonathan,Jonathan,Lopez,jonathan.lopez@alpineconstruction.com,1997-02-06,2023-05-26,2023-05-26,,37IT4,Technical Lead,IT,RFT,A,Active,ALPNC,100,40,,,,102372_ALPNC,EE102372_CO004,1.0,
102373,EE102373,CO003,Diane,Diane,Wong,diane.wong@prairieresources.ca,1990-01-25,2023-05-26,2023-05-26,,48OPS1,Operations Assistant,OPS,CON,T,Terminated,PRMRE,118,190,102992,"Allen, Catherine",catherine.allen@northernpipeline.com,102373_PRMRE,EE102373_CO003,1.0,2023-10-07
102374,EE102374,CO002,Debra,Debra,Meyer,debra.meyer@westmarkmanufacturing.com,1986-05-25,2023-05-26,2023-05-26,,65TEC1,Field Technician,TECH,RFT,T,Terminated,WSTMF,124,240,100234,"Morgan, Kenji",kenji.morgan@westmarkmanufacturing.com,102374_WSTMF,EE102374_CO002,1.0,2024-07-08
102375,EE102375,CO001,Samuel,Samuel,Yamamoto,samuel.yamamoto@northernpipeline.com,1979-10-14,2023-06-01,2023-06-01,,32IT1,IT Support Technician,IT,RFT,A,Active,NRTHP,116,180,101899,"Patel, Cynthia",cynthia.patel@northernpipeline.com,102375_NRTHP,EE102375_CO001,1.0,
102376,EE102376,CO003,Gary,Gary,Young,gary.young@prairieresources.ca,1976-08-27,2023-06-01,2023-06-01,,26HR2,HR Generalist,HR,RFT,A,Active,PRMRE,124,90,100652,"Smith, Larry",larry.smith@westmarkmanufacturing.com,102376_PRMRE,EE102376_CO003,1.0,
102377,EE102377,CO003,Fatima,Fatima,Rodriguez,fatima.rodriguez@prairieresources.ca,1994-11-11,2023-06-01,2023-06-01,,16CSR4,Customer Service Team Lead,CSR,RPT,A,Active,PRMRE,118,40,,,,102377_PRMRE,EE102377_CO003,0.4,
102378,EE102378,CO003,Patrick,Patrick,Cook,patrick.cook@prairieresources.ca,2004-09-22,2023-06-02,2023-06-02,,03ADM3,Senior Administrative Coordinator,ADMIN,RFT,A,Active,PRMRE,116,200,,,,102378_PRMRE,EE102378_CO003,1.0,
102379,EE102379,CO003,Anthony,Anthony,Ward,anthony.ward@prairieresources.ca,1996-03-02,2023-06-02,2023-06-02,,85SUP5,Regional Supervisor,SUPV,RPT,T,Terminated,PRMRE,105,110,,,,102379_PRMRE,EE102379_CO003,0.63,2024-03-02
102380,EE102380,CO003,Isabella,Isabella,Diaz,isabella.diaz@prairieresources.ca,1988-08-12,2023-06-02,2023-06-02,,63WHS4,Warehouse Lead,WHSE,RFT,T,Terminated,PRMRE,105,150,,,,102380_PRMRE,EE102380_CO003,1.0,2023-10-23
102381,EE102381,CO004,Christine,Christine,Sanders,christine.sanders@alpineconstruction.com,2001-02-02,2023-06-02,2023-06-02,,71MKT2,Marketing Specialist,MKTG,RFT,A,Active,ALPNC,100,170,,,,102381_ALPNC,EE102381_CO004,1.0,
102382,EE102382,CO003,Ronald,Ronald,Myers,ronald.myers@prairieresources.ca,2001-05-07,2023-06-02,2023-06-02,,44SAL4,Sales Team Lead,SALES,RFT,T,Terminated,PRMRE,117,240,,,,102382_PRMRE,EE102382_CO003,1.0,2023-10-06
102383,EE102383,CO003,Amy,Amy,Gray,amy.gray@prairieresources.ca,1987-12-12,2023-06-02,2023-06-02,,01ADM1,Administrative Assistant,ADMIN,TFT,T,Terminated,PRMRE,100,210,101401,"Allen, Daniel",daniel.allen@prairieresources.ca,102383_PRMRE,EE102383_CO003,1.0,2023-08-05
102384,EE102384,CO003,Brenda,Brenda,Kelly,brenda.kelly@prairieresources.ca,1992-04-05,2023-06-05,2023-06-05,,44SAL4,Sales Team Lead,SALES,RFT,T,Terminated,PRMRE,121,150,,,,102384_PRMRE,EE102384_CO003,1.0,2025-04-04
102385,EE102385,CO001,Maria,Maria,Alvarez,maria.alvarez@northernpipeline.com,1991-04-05,2023-06-05,2023-06-05,,37IT4,Technical Lead,IT,RPT,A,Active,NRTHP,108,120,,,,102385_NRTHP,EE102385_CO001,0.56,
102386,EE102386,CO001,Benjamin,Benjamin,Sanders,benjamin.sanders@northernpipeline.com,1998-12-13,2023-06-07,2023-06-07,,65TEC1,Field Technician,TECH,RPT,A,Active,NRTHP,117,160,,,,102386_NRTHP,EE102386_CO001,0.49,
102387,EE102387,CO004,Donald,Donald,Perez,donald.perez@alpineconstruction.com,1994-01-04,2023-06-08,2023-06-08,,19ENG2,Engineer,ENGR,TAW,T,Terminated,ALPNC,112,90,100633,"Richardson, Ruth",ruth.richardson@alpineconstruction.com,102387_ALPNC,EE102387_CO004,1.0,2023-08-17
102388,EE102388,CO001,Mary,Mary,Gutierrez,mary.gutierrez@northernpipeline.com,2001-01-04,2023-06-08,2023-06-08,,77ANL1,Data Analyst,ANLYT,RFT,T,Terminated,NRTHP,109,200,,,,102388_NRTHP,EE102388_CO001,1.0,2025-08-14
102389,EE102389,CO001,Yuki,Yuki,Flores,yuki.flores@northernpipeline.com,1983-02-23,2023-06-09,2023-06-09,,90PRO3,Project Manager,PROJ,RFT,A,Active,NRTHP,101,90,101169,"Schneider, Christopher",christopher.schneider@northernpipeline.com,102389_NRTHP,EE102389_CO001,1.0,
102390,EE102390,CO002,Amy,Amy,Garcia,amy.garcia@westmarkmanufacturing.com,1980-07-30,2023-06-09,2023-06-09,,68TEC4,Technical Specialist,TECH,RPT,T,Terminated,WSTMF,100,230,,,,102390_WSTMF,EE102390_CO002,0.64,2025-04-12
102391,EE102391,CO003,Jose,Jose,Rivera,jose.rivera@prairieresources.ca,2004-09-18,2023-06-09,2023-06-09,,78ANL2,Business Analyst,ANLYT,RFT,A,Active,PRMRE,115,40,,,,102391_PRMRE,EE102391_CO003,1.0,
102392,EE102392,CO003,Amy,Amy,Sanders,amy.sanders@prairieresources.ca,2001-01-08,2023-06-14,2023-06-14,,77ANL1,Data Analyst,ANLYT,RFT,A,Active,PRMRE,123,40,,,,102392_PRMRE,EE102392_CO003,1.0,
102393,EE102393,CO002,Julie,Julie,Kumar,julie.kumar@westmarkmanufacturing.com,2005-04-12,2023-06-14,2023-06-14,,32IT1,IT Support Technician,IT,RFT,L,Leave of Absence,WSTMF,108,70,100772,"Nguyen, Andrew",andrew.nguyen@northernpipeline.com,102393_WSTMF,EE102393_CO002,1.0,
102394,EE102394,CO002,Lisa,Lisa,Gray,lisa.gray@westmarkmanufacturing.com,1997-12-08,2023-06-15,2023-06-15,,26HR2,HR Generalist,HR,RPT,A,Active,WSTMF,118,40,102377,"Rodriguez, Fatima",fatima.rodriguez@prairieresources.ca,102394_WSTMF,EE102394_CO002,0.73,
102395,EE102395,CO004,Lars,Lars,Flores,lars.flores@alpineconstruction.com,1991-08-27,2023-06-15,2023-06-15,,05ACC1,Accounts Payable Clerk,ACCTG,TAW,A,Active,ALPNC,111,80,100773,"Olsson, Debra",debra.olsson@alpineconstruction.com,102395_ALPNC,EE102395_CO004,1.0,
102396,EE102396,CO002,Astrid,Astrid,Myers,astrid.myers@westmarkmanufacturing.com,2005-04-15,2023-06-16,2023-06-16,,32IT1,IT Support Technician,IT,RPT,T,Terminated,WSTMF,108,150,,,,102396_WSTMF,EE102396_CO002,0.78,2024-05-03
102397,EE102397,CO003,Priya,Priya,Allen,priya.allen@prairieresources.ca,2000-11-24,2023-06-16,2023-06-16,,17CSR5,Customer Service Manager,CSR,RPT,A,Active,PRMRE,115,200,,,,102397_PRMRE,EE102397_CO003,0.78,
102398,EE102398,CO001,Jennifer,Jennifer,Weber,jennifer.weber@northernpipeline.com,2002-06-19,2023-06-16,2023-06-16,,18ENG1,Junior Engineer,ENGR,RFT,T,Terminated,NRTHP,111,190,101390,"Harris, Kenneth",kenneth.harris@northernpipeline.com,102398_NRTHP,EE102398_CO001,1.0,2023-12-25
102399,EE102399,CO004,Jose,Jose,Chen,jose.chen@alpineconstruction.com,1988-10-30,2023-06-16,2023-06-16,,60WHS1,Warehouse Associate,WHSE,RFT,A,Active,ALPNC,116,180,101899,"Patel, Cynthia",cynthia.patel@northernpipeline.com,102399_ALPNC,EE102399_CO004,1.0,
102400,EE102400,CO004,Laura,Laura,Watson,laura.watson@alpineconstruction.com,1990-09-30,2023-06-16,2023-06-16,,14CSR2,Customer Service Specialist,CSR,RFT,A,Active,ALPNC,100,10,102752,"Carter, Michelle",michelle.carter@alpineconstruction.com,102400_ALPNC,EE102400_CO004,1.0,
102401,EE102401,CO001,Samuel,Samuel,Young,samuel.young@northernpipeline.com,1999-05-24,2023-06-16,2023-06-16,,17CSR5,Customer Service Manager,CSR,RFT,A,Active,NRTHP,123,10,,,,102401_NRTHP,EE102401_CO001,1.0,
102402,EE102402,CO002,Mei,Mei,Wagner,mei.wagner@westmarkmanufacturing.com,1989-08-09,2023-06-16,2023-06-16,,01ADM1,Administrative Assistant,ADMIN,TAW,T,Terminated,WSTMF,111,200,101844,"Cox, Frank",frank.cox@alpineconstruction.com,102402_WSTMF,EE102402_CO002,1.0,2023-09-04
102403,EE102403,CO003,Timothy,Timothy,Meyer,timothy.meyer@prairieresources.ca,1997-05-08,2023-06-20,2023-06-20,,33IT2,Systems Administrator,IT,RFT,T,Terminated,PRMRE,124,80,101078,"Cruz, Alexander",alexander.cruz@westmarkmanufacturing.com,102403_PRMRE,EE102403_CO003,1.0,2023-12-03
102404,EE102404,CO004,Patricia,Patricia,Schneider,patricia.schneider@alpineconstruction.com,1994-03-26,2023-06-20,2023-06-20,,15CSR3,Senior Customer Service Specialist,CSR,RFT,A,Active,ALPNC,112,150,,,,102404_ALPNC,EE102404_CO004,1.0,
102405,EE102405,CO002,Olga,Olga,Johansson,olga.johansson@westmarkmanufacturing.com,1974-08-12,2023-06-20,2023-06-20,,25HR1,HR Coordinator,HR,RFT,A,Active,WSTMF,102,30,100967,"Clark, Kenneth",kenneth.clark@prairieresources.ca,102405_WSTMF,EE102405_CO002,1.0,
102406,EE102406,CO002,Alexander,Alexander,Alvarez,alexander.alvarez@westmarkmanufacturing.com,1977-07-08,2023-06-20,2023-06-20,,65TEC1,Field Technician,TECH,RFT,A,Active,WSTMF,107,200,101805,"Jones, Kimberly",kimberly.jones@westmarkmanufacturing.com,102406_WSTMF,EE102406_CO002,1.0,
102407,EE102407,CO003,Priya,Priya,Schulz,priya.schulz@prairieresources.ca,2003-08-26,2023-06-21,2023-06-21,,04ADM4,Executive Assistant,ADMIN,RFT,T,Terminated,PRMRE,117,90,,,,102407_PRMRE,EE102407_CO003,1.0,2024-05-31
102408,EE102408,CO003,Daniel,Daniel,Nelson,daniel.nelson@prairieresources.ca,1982-08-21,2023-06-21,2023-06-21,,25HR1,HR Coordinator,HR,RFT,T,Terminated,PRMRE,115,40,102391,"Rivera, Jose",jose.rivera@prairieresources.ca,102408_PRMRE,EE102408_CO003,1.0,2024-01-19
102409,EE102409,CO001,Linda,Linda,Mitchell,linda.mitchell@northernpipeline.com,1982-08-22,2023-06-23,2023-06-23,,48OPS1,Operations Assistant,OPS,RFT,T,Terminated,NRTHP,116,170,,,,102409_NRTHP,EE102409_CO001,1.0,2024-01-30
102410,EE102410,CO002,Frank,Frank,Hernandez,frank.hernandez@westmarkmanufacturing.com,2002-11-17,2023-06-23,2023-06-23,,67TEC3,Senior Service Technician,TECH,RFT,A,Active,WSTMF,105,200,,,,102410_WSTMF,EE102410_CO002,1.0,
102411,EE102411,CO002,Emily,Emily,Tanaka,emily.tanaka@westmarkmanufacturing.com,1983-03-15,2023-06-23,2023-06-23,,71MKT2,Marketing Specialist,MKTG,RFT,T,Terminated,WSTMF,110,170,,,,102411_WSTMF,EE102411_CO002,1.0,2025-10-24
102412,EE102412,CO003,Anthony,Anthony,Gray,anthony.gray@prairieresources.ca,1975-10-06,2023-06-23,2023-06-23,,50OPS3,Operations Specialist,OPS,CON,A,Active,PRMRE,124,230,,,,102412_PRMRE,EE102412_CO003,1.0,
102413,EE102413,CO003,Michelle,Michelle,Schmidt,michelle.schmidt@prairieresources.ca,2002-09-09,2023-06-23,2023-06-23,,41SAL1,Sales Representative,SALES,RPT,A,Active,PRMRE,124,170,102836,"Alvarez, Deborah",deborah.alvarez@westmarkmanufacturing.com,102413_PRMRE,EE102413_CO003,0.68,
102414,EE102414,CO002,Elizabeth,Elizabeth,Moore,elizabeth.moore@westmarkmanufacturing.com,2001-06-12,2023-06-26,2023-06-26,,60WHS1,Warehouse Associate,WHSE,RFT,T,Terminated,WSTMF,113,110,100425,"Bailey, Sharon",sharon.bailey@northernpipeline.com,102414_WSTMF,EE102414_CO002,1.0,2025-12-31
102415,EE102415,CO001,Brian,Brian,Evans,brian.evans@northernpipeline.com,1980-11-02,2023-06-27,2023-06-27,,25HR1,HR Coordinator,HR,CON,A,Active,NRTHP,113,250,101219,"Sanders, Rebecca",rebecca.sanders@northernpipeline.com,102415_NRTHP,EE102415_CO001,1.0,
102416,EE102416,CO001,Astrid,Astrid,Cook,astrid.cook@northernpipeline.com,1989-05-23,2023-06-27,2023-06-27,,95LEG3,Legal Counsel,LEGAL,RFT,A,Active,NRTHP,103,90,,,,102416_NRTHP,EE102416_CO001,1.0,
102417,EE102417,CO003,Jonathan,Jonathan,Johnson,jonathan.johnson@prairieresources.ca,1986-01-11,2023-06-27,2023-06-27,,08ACC3,Senior Accountant,ACCTG,RFT,A,Active,PRMRE,115,210,100349,"Gutierrez, Paul",paul.gutierrez@prairieresources.ca,102417_PRMRE,EE102417_CO003,1.0,
102418,EE102418,CO002,Amy,Amy,Gomez,amy.gomez@westmarkmanufacturing.com,1988-06-17,2023-06-30,2023-06-30,,41SAL1,Sales Representative,SALES,RFT,T,Terminated,WSTMF,105,50,100385,"Lopez, Larry",larry.lopez@prairieresources.ca,102418_WSTMF,EE102418_CO002,1.0,2023-10-29
102419,EE102419,CO001,Betty,Betty,Miller,betty.miller@northernpipeline.com,1988-02-28,2023-06-30,2023-06-30,,35IT3,Senior Developer,IT,RPT,T,Terminated,NRTHP,112,10,102001,"Perez, Melissa",melissa.perez@northernpipeline.com,102419_NRTHP,EE102419_CO001,0.54,2023-10-19
102420,EE102420,CO003,Patricia,Patricia,Wang,patricia.wang@prairieresources.ca,2005-03-18,2023-06-30,2023-06-30,,07ACC2,Accountant,ACCTG,RFT,A,Active,PRMRE,122,90,,,,102420_PRMRE,EE102420_CO003,1.0,
102421,EE102421,CO002,Jennifer,Jennifer,Johansson,jennifer.johansson@westmarkmanufacturing.com,1981-04-08,2023-06-30,2023-06-30,,02ADM2,Administrative Coordinator,ADMIN,CON,T,Terminated,WSTMF,100,80,100205,"Andersson, Adam",adam.andersson@alpineconstruction.com,102421_WSTMF,EE102421_CO002,1.0,2023-09-10
102422,EE102422,CO003,Matthew,Matthew,Torres,matthew.torres@prairieresources.ca,1980-06-26,2023-07-03,2023-07-03,,90PRO3,Project Manager,PROJ,RPT,A,Active,PRMRE,117,150,,,,102422_PRMRE,EE102422_CO003,0.4,
102423,EE102423,CO003,Cynthia,Cynthia,Gray,cynthia.gray@prairieresources.ca,1993-10-08,2023-07-03,2023-07-03,,78ANL2,Business Analyst,ANLYT,RFT,A,Active,PRMRE,116,180,101899,"Patel, Cynthia",cynthia.patel@northernpipeline.com,102423_PRMRE,EE102423_CO003,1.0,
102424,EE102424,CO004,Dorothy,Dorothy,Reed,dorothy.reed@alpineconstruction.com,1991-08-09,2023-07-05,2023-07-05,,28HR4,HR Business Partner,HR,RFT,A,Active,ALPNC,112,10,,,,102424_ALPNC,EE102424_CO004,1.0,
102425,EE102425,CO003,Ahmed,Ahmed,Karlsson,ahmed.karlsson@prairieresources.ca,2004-11-24,2023-07-06,2023-07-06,,01ADM1,Administrative Assistant,ADMIN,RFT,T,Terminated,PRMRE,105,20,102730,"Wood, George",george.wood@prairieresources.ca,102425_PRMRE,EE102425_CO003,1.0,2023-12-05
102426,EE102426,CO003,Linda,Linda,Karlsson,linda.karlsson@prairieresources.ca,1986-04-22,2023-07-07,2023-07-07,,18ENG1,Junior Engineer,ENGR,RFT,A,Active,PRMRE,102,50,102746,"Castillo, Nathan",nathan.castillo@alpineconstruction.com,102426_PRMRE,EE102426_CO003,1.0,
102427,EE102427,CO002,Charles,Charles,Clark,charles.clark@westmarkmanufacturing.com,1985-09-26,2023-07-07,2023-07-07,,81ANL5,Analytics Manager,ANLYT,RFT,T,Terminated,WSTMF,106,160,,,,102427_WSTMF,EE102427_CO002,1.0,2025-11-06
102428,EE102428,CO003,Frank,Frank,Watson,frank.watson@prairieresources.ca,1991-07-19,2023-07-07,2023-07-07,,02ADM2,Administrative Coordinator,ADMIN,RFT,T,Terminated,PRMRE,123,30,,,,102428_PRMRE,EE102428_CO003,1.0,2024-01-30
102429,EE102429,CO001,Joyce,Joyce,James,joyce.james@northernpipeline.com,1980-07-06,2023-07-10,2023-07-10,,34IT2,Software Developer,IT,RFT,A,Active,NRTHP,123,130,100445,"Gonzalez, Ingrid",ingrid.gonzalez@northernpipeline.com,102429_NRTHP,EE102429_CO001,1.0,
102430,EE102430,CO002,Scott,Scott,Bennett,scott.bennett@westmarkmanufacturing.com,1995-06-13,2023-07-12,2023-07-12,,33IT2,Systems Administrator,IT,RFT,T,Terminated,WSTMF,124,250,,,,102430_WSTMF,EE102430_CO002,1.0,2023-11-27
102431,EE102431,CO004,Steven,Steven,Nilsson,steven.nilsson@alpineconstruction.com,1986-06-10,2023-07-12,2023-07-12,,41SAL1,Sales Representative,SALES,RFT,A,Active,ALPNC,104,40,100700,"Jackson, Tyler",tyler.jackson@westmarkmanufacturing.com,102431_ALPNC,EE102431_CO004,1.0,
102432,EE102432,CO001,Margaret,Margaret,Cruz,margaret.cruz@northernpipeline.com,2002-07-03,2023-07-12,2023-07-12,,45SAL5,Sales Manager,SALES,RPT,A,Active,NRTHP,104,90,,,,102432_NRTHP,EE102432_CO001,0.74,
102433,EE102433,CO003,Wei,Wei,Hernandez,wei.hernandez@prairieresources.ca,1992-04-12,2023-07-12,2023-07-12,,06ACC1,Accounts Receivable Clerk,ACCTG,RFT,T,Terminated,PRMRE,102,120,100740,"Foster, Betty",betty.foster@northernpipeline.com,102433_PRMRE,EE102433_CO003,1.0,2023-10-13
102434,EE102434,CO003,Christine,Christine,Torres,christine.torres@prairieresources.ca,1992-12-16,2023-07-13,2023-07-13,,55TRD1,Apprentice Technician,TRD,RFT,T,Terminated,PRMRE,100,210,101401,"Allen, Daniel",daniel.allen@prairieresources.ca,102434_PRMRE,EE102434_CO003,1.0,2023-07-14
102435,EE102435,CO003,Mei,Mei,Reed,mei.reed@prairieresources.ca,1988-10-20,2023-07-13,2023-07-13,,78ANL2,Business Analyst,ANLYT,RFT,A,Active,PRMRE,123,120,,,,102435_PRMRE,EE102435_CO003,1.0,
102436,EE102436,CO002,Laura,Laura,Campbell,laura.campbell@westmarkmanufacturing.com,1995-01-25,2023-07-14,2023-07-14,,04ADM4,Executive Assistant,ADMIN,RFT,A,Active,WSTMF,111,120,,,,102436_WSTMF,EE102436_CO002,1.0,
102437,EE102437,CO002,Gary,Gary,Hill,gary.hill@westmarkmanufacturing.com,1993-06-17,2023-07-14,2023-07-14,,56TRD2,Journeyman Technician,TRD,RFT,T,Terminated,WSTMF,111,250,102191,"Green, Cynthia",cynthia.green@alpineconstruction.com,102437_WSTMF,EE102437_CO002,1.0,2025-08-13
102438,EE102438,CO001,Dorothy,Dorothy,Kumar,dorothy.kumar@northernpipeline.com,1983-04-03,2023-07-14,2023-07-14,,42SAL2,Account Executive,SALES,RFT,A,Active,NRTHP,117,30,,,,102438_NRTHP,EE102438_CO001,1.0,
102439,EE102439,CO001,Ruth,Ruth,Harris,ruth.harris@northernpipeline.com,1995-12-16,2023-07-17,2023-07-17,,55TRD1,Apprentice Technician,TRD,RFT,T,Terminated,NRTHP,103,100,102842,"Diaz, Kevin",kevin.diaz@northernpipeline.com,102439_NRTHP,EE102439_CO001,1.0,2025-10-28
102440,EE102440,CO004,Mark,Mark,Kelly,mark.kelly@alpineconstruction.com,2005-03-20,2023-07-17,2023-07-17,,91PRO4,Senior Project Manager,PROJ,RFT,A,Active,ALPNC,111,70,,,,102440_ALPNC,EE102440_CO004,1.0,
102441,EE102441,CO003,Stephanie,Stephanie,Allen,stephanie.allen@prairieresources.ca,1974-07-14,2023-07-17,2023-07-17,,78ANL2,Business Analyst,ANLYT,RFT,A,Active,PRMRE,124,220,100427,"Brown, David",david.brown@westmarkmanufacturing.com,102441_PRMRE,EE102441_CO003,1.0,
102442,EE102442,CO004,Justin,Justin,Persson,justin.persson@alpineconstruction.com,1978-03-16,2023-07-17,2023-07-17,,34IT2,Software Developer,IT,RFT,T,Terminated,ALPNC,100,180,,,,102442_ALPNC,EE102442_CO004,1.0,2025-04-10
102443,EE102443,CO003,Jeffrey,Jeffrey,Turner,jeffrey.turner@prairieresources.ca,2003-12-28,2023-07-18,2023-07-18,,07ACC2,Accountant,ACCTG,CON,A,Active,PRMRE,105,220,,,,102443_PRMRE,EE102443_CO003,1.0,
102444,EE102444,CO004,Rachel,Rachel,Gutierrez,rachel.gutierrez@alpineconstruction.com,1985-05-13,2023-07-18,2023-07-18,,70MKT1,Marketing Coordinator,MKTG,RFT,A,Active,ALPNC,100,90,100821,"Morales, Catherine",catherine.morales@alpineconstruction.com,102444_ALPNC,EE102444_CO004,1.0,
102445,EE102445,CO001,Alexander,Alexander,Roberts,alexander.roberts@northernpipeline.com,1997-01-31,2023-07-19,2023-07-19,,73MKT4,Marketing Lead,MKTG,RFT,A,Active,NRTHP,108,40,,,,102445_NRTHP,EE102445_CO001,1.0,
102446,EE102446,CO003,Frank,Frank,Wright,frank.wright@prairieresources.ca,1988-10-21,2023-07-20,2023-07-20,,22ENG5,Engineering Manager,ENGR,RFT,T,Terminated,PRMRE,116,220,,,,102446_PRMRE,EE102446_CO003,1.0,2023-11-13
102447,EE102447,CO001,Scott,Scott,Wilson,scott.wilson@northernpipeline.com,1989-01-30,2023-07-21,2023-07-21,,28HR4,HR Business Partner,HR,RFT,T,Terminated,NRTHP,118,170,,,,102447_NRTHP,EE102447_CO001,1.0,2025-09-19
102448,EE102448,CO004,Giovanni,Giovanni,Watson,giovanni.watson@alpineconstruction.com,1994-05-13,2023-07-21,2023-07-21,,20ENG3,Senior Engineer,ENGR,RFT,T,Terminated,ALPNC,112,90,100633,"Richardson, Ruth",ruth.richardson@alpineconstruction.com,102448_ALPNC,EE102448_CO004,1.0,2024-01-16
102449,EE102449,CO001,Andrew,Andrew,Ward,andrew.ward@northernpipeline.com,1998-10-06,2023-07-21,2023-07-21,,18ENG1,Junior Engineer,ENGR,RPT,A,Active,NRTHP,115,130,101190,"Morris, Julie",julie.morris@prairieresources.ca,102449_NRTHP,EE102449_CO001,0.62,
102450,EE102450,CO004,Daniel,Daniel,Reed,daniel.reed@alpineconstruction.com,1997-11-13,2023-07-21,2023-07-21,,07ACC2,Accountant,ACCTG,RPT,T,Terminated,ALPNC,100,50,101996,"Scott, Ashley",ashley.scott@prairieresources.ca,102450_ALPNC,EE102450_CO004,0.66,2024-10-27
102451,EE102451,CO001,Ahmed,Ahmed,Scott,ahmed.scott@northernpipeline.com,2001-01-24,2023-07-24,2023-07-24,,05ACC1,Accounts Payable Clerk,ACCTG,RFT,A,Active,NRTHP,124,160,100599,"Johansson, Jonathan",jonathan.johansson@prairieresources.ca,102451_NRTHP,EE102451_CO001,1.0,
102452,EE102452,CO002,Nathan,Nathan,Fischer,nathan.fischer@westmarkmanufacturing.com,2000-07-29,2023-07-26,2023-07-26,,57TRD3,Senior Technician,TRD,RFT,A,Active,WSTMF,106,230,,,,102452_WSTMF,EE102452_CO002,1.0,
102453,EE102453,CO003,Andrew,Andrew,Wood,andrew.wood@prairieresources.ca,1992-06-26,2023-07-26,2023-07-26,,43SAL3,Senior Account Executive,SALES,RFT,T,Terminated,PRMRE,105,10,,,,102453_PRMRE,EE102453_CO003,1.0,2024-07-02
102454,EE102454,CO003,Kathleen,Kathleen,Morris,kathleen.morris@prairieresources.ca,1999-02-14,2023-07-28,2023-07-28,,77ANL1,Data Analyst,ANLYT,RFT,A,Active,PRMRE,124,90,100652,"Smith, Larry",larry.smith@westmarkmanufacturing.com,102454_PRMRE,EE102454_CO003,1.0,
102455,EE102455,CO004,Mohammed,Mohammed,Reed,mohammed.reed@alpineconstruction.com,1985-04-26,2023-08-02,2023-08-02,,36IT3,Senior Systems Administrator,IT,RFT,A,Active,ALPNC,115,180,100860,"Morgan, Nicole",nicole.morgan@prairieresources.ca,102455_ALPNC,EE102455_CO004,1.0,
102456,EE102456,CO003,Pamela,Pamela,Evans,pamela.evans@prairieresources.ca,1976-10-19,2023-08-04,2023-08-04,,49OPS2,Operations Coordinator,OPS,TAW,T,Terminated,PRMRE,123,10,102401,"Young, Samuel",samuel.young@northernpipeline.com,102456_PRMRE,EE102456_CO003,1.0,2023-12-27
102457,EE102457,CO002,Pamela,Pamela,Ross,pamela.ross@westmarkmanufacturing.com,1996-12-17,2023-08-04,2023-08-04,,29HR5,HR Manager,HR,RFT,A,Active,WSTMF,124,70,,,,102457_WSTMF,EE102457_CO002,1.0,
102458,EE102458,CO001,Thomas,Thomas,Johansson,thomas.johansson@northernpipeline.com,1989-02-28,2023-08-04,2023-08-04,,66TEC2,Service Technician,TECH,RFT,T,Terminated,NRTHP,102,30,100967,"Clark, Kenneth",kenneth.clark@prairieresources.ca,102458_NRTHP,EE102458_CO001,1.0,2024-03-14
102459,EE102459,CO002,Catherine,Catherine,Cooper,catherine.cooper@westmarkmanufacturing.com,1986-08-15,2023-08-04,2023-08-04,,25HR1,HR Coordinator,HR,RFT,T,Terminated,WSTMF,105,90,101404,"Wilson, Diane",diane.wilson@westmarkmanufacturing.com,102459_WSTMF,EE102459_CO002,1.0,2024-08-11
102460,EE102460,CO003,Margaret,Margaret,Edwards,margaret.edwards@prairieresources.ca,1986-10-20,2023-08-04,2023-08-04,,05ACC1,Accounts Payable Clerk,ACCTG,CON,A,Active,PRMRE,121,20,100758,"Nelson, Diane",diane.nelson@prairieresources.ca,102460_PRMRE,EE102460_CO003,1.0,
102461,EE102461,CO001,Alexander,Alexander,King,alexander.king@northernpipeline.com,1991-01-08,2023-08-08,2023-08-08,,20ENG3,Senior Engineer,ENGR,RFT,A,Active,NRTHP,116,10,,,,102461_NRTHP,EE102461_CO001,1.0,
102462,EE102462,CO001,Ronald,Ronald,Moore,ronald.moore@northernpipeline.com,1984-04-06,2023-08-11,2023-08-11,,71MKT2,Marketing Specialist,MKTG,RFT,T,Terminated,NRTHP,111,60,,,,102462_NRTHP,EE102462_CO001,1.0,2024-09-28
102463,EE102463,CO001,Nicholas,Nicholas,Murphy,nicholas.murphy@northernpipeline.com,1987-05-03,2023-08-11,2023-08-11,,51OPS4,Operations Lead,OPS,RFT,T,Terminated,NRTHP,123,180,,,,102463_NRTHP,EE102463_CO001,1.0,2025-02-20
102464,EE102464,CO001,Brenda,Brenda,Edwards,brenda.edwards@northernpipeline.com,2004-01-11,2023-08-11,2023-08-11,,13CSR1,Customer Service Representative,CSR,RFT,T,Terminated,NRTHP,102,110,100283,"Larsson, Patricia",patricia.larsson@alpineconstruction.com,102464_NRTHP,EE102464_CO001,1.0,2024-04-04
102465,EE102465,CO002,Heather,Heather,Hernandez,heather.hernandez@westmarkmanufacturing.com,1983-05-03,2023-08-11,2023-08-11,,27HR3,Senior HR Generalist,HR,RFT,A,Active,WSTMF,105,130,,,,102465_WSTMF,EE102465_CO002,1.0,
102466,EE102466,CO003,Angela,Angela,Morgan,angela.morgan@prairieresources.ca,1982-09-23,2023-08-15,2023-08-15,,34IT2,Software Developer,IT,RPT,A,Active,PRMRE,100,50,101996,"Scott, Ashley",ashley.scott@prairieresources.ca,102466_PRMRE,EE102466_CO003,0.71,
102467,EE102467,CO002,Lars,Lars,Hill,lars.hill@westmarkmanufacturing.com,1998-11-17,2023-08-16,2023-08-16,,22ENG5,Engineering Manager,ENGR,RFT,A,Active,WSTMF,115,170,,,,102467_WSTMF,EE102467_CO002,1.0,
102468,EE102468,CO003,Sofia,Sofia,Morgan,sofia.morgan@prairieresources.ca,1990-09-09,2023-08-18,2023-08-18,,91PRO4,Senior Project Manager,PROJ,RFT,A,Active,PRMRE,102,130,,,,102468_PRMRE,EE102468_CO003,1.0,
102469,EE102469,CO004,Debra,Debra,Garcia,debra.garcia@alpineconstruction.com,1985-03-16,2023-08-18,2023-08-18,,62WHS3,Senior Warehouse Clerk,WHSE,RPT,A,Active,ALPNC,115,90,102088,"Moore, Matthew",matthew.moore@westmarkmanufacturing.com,102469_ALPNC,EE102469_CO004,0.58,
102470,EE102470,CO003,Diane,Diane,Kim,diane.kim@prairieresources.ca,1994-07-22,2023-08-21,2023-08-21,,66TEC2,Service Technician,TECH,RFT,T,Terminated,PRMRE,118,40,102377,"Rodriguez, Fatima",fatima.rodriguez@prairieresources.ca,102470_PRMRE,EE102470_CO003,1.0,2024-03-24
102471,EE102471,CO004,Betty,Betty,Lopez,betty.lopez@alpineconstruction.com,1981-02-24,2023-08-21,2023-08-21,,70MKT1,Marketing Coordinator,MKTG,RPT,T,Terminated,ALPNC,115,130,101190,"Morris, Julie",julie.morris@prairieresources.ca,102471_ALPNC,EE102471_CO004,0.63,2023-10-30
102472,EE102472,CO003,Elizabeth,Elizabeth,Nguyen,elizabeth.nguyen@prairieresources.ca,1967-11-21,2023-08-21,2023-08-21,,33IT2,Systems Administrator,IT,CON,A,Active,PRMRE,121,70,,,,102472_PRMRE,EE102472_CO003,1.0,
102473,EE102473,CO004,Jeffrey,Jeffrey,Cruz,jeffrey.cruz@alpineconstruction.com,1999-08-20,2023-08-22,2023-08-22,,67TEC3,Senior Service Technician,TECH,RFT,T,Terminated,ALPNC,104,80,,,,102473_ALPNC,EE102473_CO004,1.0,2023-09-06
102474,EE102474,CO002,Paul,Paul,Wong,paul.wong@westmarkmanufacturing.com,2005-05-03,2023-08-22,2023-08-22,,25HR1,HR Coordinator,HR,RFT,T,Terminated,WSTMF,124,50,101154,"Wilson, Andrew",andrew.wilson@alpineconstruction.com,102474_WSTMF,EE102474_CO002,1.0,2023-10-16
102475,EE102475,CO003,Rachel,Rachel,Cruz,rachel.cruz@prairieresources.ca,1988-08-15,2023-08-23,2023-08-23,,90PRO3,Project Manager,PROJ,TAW,T,Terminated,PRMRE,118,100,,,,102475_PRMRE,EE102475_CO003,1.0,2024-02-27
102476,EE102476,CO002,Joseph,Joseph,Hernandez,joseph.hernandez@westmarkmanufacturing.com,1984-03-10,2023-08-24,2023-08-24,,03ADM3,Senior Administrative Coordinator,ADMIN,RFT,A,Active,WSTMF,118,120,,,,102476_WSTMF,EE102476_CO002,1.0,
102477,EE102477,CO002,Edward,Edward,Weber,edward.weber@westmarkmanufacturing.com,1993-09-29,2023-08-24,2023-08-24,,34IT2,Software Developer,IT,RFT,T,Terminated,WSTMF,106,40,101842,"Adams, Aisha",aisha.adams@westmarkmanufacturing.com,102477_WSTMF,EE102477_CO002,1.0,2024-08-02
102478,EE102478,CO001,Sakura,Sakura,James,sakura.james@northernpipeline.com,1976-12-06,2023-08-25,2023-08-25,,90PRO3,Project Manager,PROJ,RFT,T,Terminated,NRTHP,113,10,,,,102478_NRTHP,EE102478_CO001,1.0,2023-10-06
102479,EE102479,CO002,Patricia,Patricia,Richardson,patricia.richardson@westmarkmanufacturing.com,2005-04-17,2023-08-25,2023-08-25,,60WHS1,Warehouse Associate,WHSE,CON,A,Active,WSTMF,115,210,100349,"Gutierrez, Paul",paul.gutierrez@prairieresources.ca,102479_WSTMF,EE102479_CO002,1.0,
102480,EE102480,CO003,Lars,Lars,Ruiz,lars.ruiz@prairieresources.ca,1985-07-24,2023-08-25,2023-08-25,,57TRD3,Senior Technician,TRD,RFT,A,Active,PRMRE,115,20,101427,"Tanaka, Wei",wei.tanaka@prairieresources.ca,102480_PRMRE,EE102480_CO003,1.0,
102481,EE102481,CO001,Richard,Richard,Williams,richard.williams@northernpipeline.com,1998-04-05,2023-08-25,2023-08-25,,97LEG6,General Counsel,LEGAL,CON,A,Active,NRTHP,103,230,,,,102481_NRTHP,EE102481_CO001,1.0,
102482,EE102482,CO003,Gary,Gary,Morales,gary.morales@prairieresources.ca,1973-09-10,2023-08-25,2023-08-25,,57TRD3,Senior Technician,TRD,RFT,T,Terminated,PRMRE,124,200,,,,102482_PRMRE,EE102482_CO003,1.0,2025-12-06
102483,EE102483,CO004,Eric,Eric,Cox,eric.cox@alpineconstruction.com,1972-08-24,2023-08-25,2023-08-25,,89PRO2,Project Coordinator,PROJ,RFT,A,Active,ALPNC,115,60,100038,"Edwards, Michael",michael.edwards@alpineconstruction.com,102483_ALPNC,EE102483_CO004,1.0,
102484,EE102484,CO002,David,David,Kumar,david.kumar@westmarkmanufacturing.com,1999-08-11,2023-09-01,2023-09-01,,61WHS2,Warehouse Clerk,WHSE,RFT,T,Terminated,WSTMF,110,180,,,,102484_WSTMF,EE102484_CO002,1.0,2025-01-28
102485,EE102485,CO004,Helen,Helen,Ramos,helen.ramos@alpineconstruction.com,1997-08-08,2023-09-01,2023-09-01,,28HR4,HR Business Partner,HR,RFT,A,Active,ALPNC,102,10,,,,102485_ALPNC,EE102485_CO004,1.0,
102486,EE102486,CO001,Kathleen,Kathleen,Cook,kathleen.cook@northernpipeline.com,1983-05-17,2023-09-01,2023-09-01,,29HR5,HR Manager,HR,RPT,T,Terminated,NRTHP,115,130,,,,102486_NRTHP,EE102486_CO001,0.65,2024-10-25
102487,EE102487,CO003,Ashley,Ashley,Wang,ashley.wang@prairieresources.ca,1994-10-09,2023-09-01,2023-09-01,,25HR1,HR Coordinator,HR,RFT,A,Active,PRMRE,123,90,,,,102487_PRMRE,EE102487_CO003,1.0,
102488,EE102488,CO002,Deborah,Deborah,Schmidt,deborah.schmidt@westmarkmanufacturing.com,1992-03-09,2023-09-01,2023-09-01,,61WHS2,Warehouse Clerk,WHSE,RFT,A,Active,WSTMF,124,230,102542,"Clark, Christopher",christopher.clark@northernpipeline.com,102488_WSTMF,EE102488_CO002,1.0,
102489,EE102489,CO003,Stephanie,Stephanie,Kim,stephanie.kim@prairieresources.ca,1990-12-24,2023-09-04,2023-09-04,,15CSR3,Senior Customer Service Specialist,CSR,RFT,A,Active,PRMRE,102,20,102972,"Ruiz, Maria",maria.ruiz@alpineconstruction.com,102489_PRMRE,EE102489_CO003,1.0,
102490,EE102490,CO004,Kimberly,Kimberly,Thomas,kimberly.thomas@alpineconstruction.com,2005-05-10,2023-09-06,2023-09-06,,72MKT3,Senior Marketing Specialist,MKTG,RFT,T,Terminated,ALPNC,116,140,,,,102490_ALPNC,EE102490_CO004,1.0,2025-04-15
102491,EE102491,CO001,Diane,Diane,Hernandez,diane.hernandez@northernpipeline.com,1991-12-15,2023-09-07,2023-09-07,,94LEG2,Paralegal,LEGAL,RFT,A,Active,NRTHP,103,40,100952,"Rivera, Jacob",jacob.rivera@northernpipeline.com,102491_NRTHP,EE102491_CO001,1.0,
102492,EE102492,CO004,Dorothy,Dorothy,Young,dorothy.young@alpineconstruction.com,1998-03-22,2023-09-07,2023-09-07,,07ACC2,Accountant,ACCTG,RFT,A,Active,ALPNC,104,20,,,,102492_ALPNC,EE102492_CO004,1.0,
102493,EE102493,CO002,Larry,Larry,Wilson,larry.wilson@westmarkmanufacturing.com,1996-04-30,2023-09-07,2023-09-07,,78ANL2,Business Analyst,ANLYT,RFT,T,Terminated,WSTMF,113,130,102623,"Wood, Margaret",margaret.wood@westmarkmanufacturing.com,102493_WSTMF,EE102493_CO002,1.0,2024-09-17
102494,EE102494,CO002,Jerry,Jerry,Singh,jerry.singh@westmarkmanufacturing.com,1977-01-27,2023-09-08,2023-09-08,,51OPS4,Operations Lead,OPS,RFT,A,Active,WSTMF,118,250,,,,102494_WSTMF,EE102494_CO002,1.0,
102495,EE102495,CO001,Jack,Jack,Baker,jack.baker@northernpipeline.com,2004-02-19,2023-09-08,2023-09-08,,66TEC2,Service Technician,TECH,RFT,T,Terminated,NRTHP,114,60,101378,"Olsson, Robert",robert.olsson@alpineconstruction.com,102495_NRTHP,EE102495_CO001,1.0,2024-06-26
102496,EE102496,CO004,Betty,Betty,Rivera,betty.rivera@alpineconstruction.com,1983-06-29,2023-09-08,2023-09-08,,94LEG2,Paralegal,LEGAL,RFT,T,Terminated,ALPNC,121,60,102633,"Edwards, Jessica",jessica.edwards@prairieresources.ca,102496_ALPNC,EE102496_CO004,1.0,2024-06-27
102497,EE102497,CO001,George,George,Campbell,george.campbell@northernpipeline.com,1993-09-29,2023-09-08,2023-09-08,,66TEC2,Service Technician,TECH,RFT,T,Terminated,NRTHP,119,30,,,,102497_NRTHP,EE102497_CO001,1.0,2024-04-16
102498,EE102498,CO001,Henry,Henry,Wright,henry.wright@northernpipeline.com,1994-06-27,2023-09-08,2023-09-08,,32IT1,IT Support Technician,IT,RFT,A,Active,NRTHP,111,140,100755,"Jackson, Jeffrey",jeffrey.jackson@northernpipeline.com,102498_NRTHP,EE102498_CO001,1.0,
102499,EE102499,CO001,Stephen,Stephen,White,stephen.white@northernpipeline.com,1984-05-25,2023-09-08,2023-09-08,,08ACC3,Senior Accountant,ACCTG,RFT,A,Active,NRTHP,104,110,,,,102499_NRTHP,EE102499_CO001,1.0,
102500,EE102500,CO002,Jose,Jose,Gray,jose.gray@westmarkmanufacturing.com,1988-07-08,2023-09-11,2023-09-11,,77ANL1,Data Analyst,ANLYT,RFT,A,Active,WSTMF,115,50,100721,"Walker, Larry",larry.walker@alpineconstruction.com,102500_WSTMF,EE102500_CO002,1.0,
102501,EE102501,CO002,Hans,Hans,Schmidt,hans.schmidt@westmarkmanufacturing.com,1985-10-18,2023-09-11,2023-09-11,,94LEG2,Paralegal,LEGAL,RFT,A,Active,WSTMF,124,210,102698,"Lee, Emma",emma.lee@westmarkmanufacturing.com,102501_WSTMF,EE102501_CO002,1.0,
102502,EE102502,CO004,Joshua,Joshua,Tanaka,joshua.tanaka@alpineconstruction.com,1982-06-23,2023-09-11,2023-09-11,,07ACC2,Accountant,ACCTG,RPT,A,Active,ALPNC,112,190,100738,"Jones, Dennis",dennis.jones@alpineconstruction.com,102502_ALPNC,EE102502_CO004,0.72,
102503,EE102503,CO002,Giovanni,Giovanni,Gonzalez,giovanni.gonzalez@westmarkmanufacturing.com,1995-04-06,2023-09-12,2023-09-12,,16CSR4,Customer Service Team Lead,CSR,RPT,T,Terminated,WSTMF,115,230,,,,102503_WSTMF,EE102503_CO002,0.4,2024-03-04
102504,EE102504,CO003,Joshua,Joshua,Phillips,joshua.phillips@prairieresources.ca,1998-05-26,2023-09-12,2023-09-12,,25HR1,HR Coordinator,HR,RFT,T,Terminated,PRMRE,105,250,102183,"Jimenez, Jacob",jacob.jimenez@prairieresources.ca,102504_PRMRE,EE102504_CO003,1.0,2025-06-11
102505,EE102505,CO002,Jose,Jose,Zhang,jose.zhang@westmarkmanufacturing.com,2001-10-27,2023-09-12,2023-09-12,,62WHS3,Senior Warehouse Clerk,WHSE,RPT,A,Active,WSTMF,118,60,102844,"Allen, Michael",michael.allen@northernpipeline.com,102505_WSTMF,EE102505_CO002,0.79,
102506,EE102506,CO002,Susan,Susan,Fischer,susan.fischer@westmarkmanufacturing.com,2000-06-28,2023-09-13,2023-09-13,,14CSR2,Customer Service Specialist,CSR,RFT,A,Active,WSTMF,105,180,100839,"Wood, George",george.wood@westmarkmanufacturing.com,102506_WSTMF,EE102506_CO002,1.0,
102507,EE102507,CO002,Robert,Robert,Scott,robert.scott@westmarkmanufacturing.com,1962-09-23,2023-09-13,2023-09-13,,13CSR1,Customer Service Representative,CSR,RFT,T,Terminated,WSTMF,124,230,102542,"Clark, Christopher",christopher.clark@northernpipeline.com,102507_WSTMF,EE102507_CO002,1.0,2025-10-22
102508,EE102508,CO001,Charles,Charles,Gomez,charles.gomez@northernpipeline.com,1978-11-20,2023-09-13,2023-09-13,,50OPS3,Operations Specialist,OPS,RPT,A,Active,NRTHP,113,160,,,,102508_NRTHP,EE102508_CO001,0.44,
102509,EE102509,CO002,Mohammed,Mohammed,Harris,mohammed.harris@westmarkmanufacturing.com,2005-05-22,2023-09-14,2023-09-14,,27HR3,Senior HR Generalist,HR,RFT,T,Terminated,WSTMF,122,20,102879,"Mueller, Dorothy",dorothy.mueller@northernpipeline.com,102509_WSTMF,EE102509_CO002,1.0,2024-10-03
102510,EE102510,CO002,Gregory,Gregory,Long,gregory.long@westmarkmanufacturing.com,2005-09-19,2023-09-15,2023-09-15,,07ACC2,Accountant,ACCTG,TAW,A,Active,WSTMF,113,200,101114,"Young, Nathan",nathan.young@westmarkmanufacturing.com,102510_WSTMF,EE102510_CO002,1.0,
102511,EE102511,CO002,Jason,Jason,Morgan,jason.morgan@westmarkmanufacturing.com,1986-10-21,2023-09-15,2023-09-15,,94LEG2,Paralegal,LEGAL,RFT,A,Active,WSTMF,124,160,100599,"Johansson, Jonathan",jonathan.johansson@prairieresources.ca,102511_WSTMF,EE102511_CO002,1.0,
102512,EE102512,CO002,Karen,Karen,Hall,karen.hall@westmarkmanufacturing.com,1986-03-16,2023-09-15,2023-09-15,,32IT1,IT Support Technician,IT,RPT,A,Active,WSTMF,104,150,,,,102512_WSTMF,EE102512_CO002,0.49,
102513,EE102513,CO001,Sharon,Sharon,Moore,sharon.moore@northernpipeline.com,1986-08-11,2023-09-15,2023-09-15,,49OPS2,Operations Coordinator,OPS,RPT,T,Terminated,NRTHP,116,210,,,,102513_NRTHP,EE102513_CO001,0.59,2025-04-21
102514,EE102514,CO003,Jack,Jack,Allen,jack.allen@prairieresources.ca,1994-05-11,2023-09-15,2023-09-15,,33IT2,Systems Administrator,IT,RPT,A,Active,PRMRE,124,210,102698,"Lee, Emma",emma.lee@westmarkmanufacturing.com,102514_PRMRE,EE102514_CO003,0.44,
102515,EE102515,CO001,Donald,Donald,Alvarez,donald.alvarez@northernpipeline.com,1993-02-07,2023-09-15,2023-09-15,,79ANL3,Senior Data Analyst,ANLYT,RPT,A,Active,NRTHP,119,160,,,,102515_NRTHP,EE102515_CO001,0.55,
102516,EE102516,CO004,Jessica,Jessica,Weber,jessica.weber@alpineconstruction.com,1988-04-19,2023-09-15,2023-09-15,,46SAL6,Director of Sales,SALES,RFT,A,Active,ALPNC,119,140,,,,102516_ALPNC,EE102516_CO004,1.0,
102517,EE102517,CO001,Jack,Jack,Rodriguez,jack.rodriguez@northernpipeline.com,1991-06-17,2023-09-18,2023-09-18,,42SAL2,Account Executive,SALES,RPT,T,Terminated,NRTHP,123,140,102554,"Kim, Marie",marie.kim@northernpipeline.com,102517_NRTHP,EE102517_CO001,0.72,2025-02-23
102518,EE102518,CO001,Nicholas,Nicholas,Andersson,nicholas.andersson@northernpipeline.com,2004-09-30,2023-09-21,2023-09-21,,60WHS1,Warehouse Associate,WHSE,RFT,A,Active,NRTHP,118,250,102494,"Singh, Jerry",jerry.singh@westmarkmanufacturing.com,102518_NRTHP,EE102518_CO001,1.0,
102519,EE102519,CO002,Hans,Hans,Brown,hans.brown@westmarkmanufacturing.com,1994-09-08,2023-09-21,2023-09-21,,19ENG2,Engineer,ENGR,RPT,A,Active,WSTMF,100,160,102626,"Diaz, Patricia",patricia.diaz@alpineconstruction.com,102519_WSTMF,EE102519_CO002,0.65,
102520,EE102520,CO001,Anna,Anna,Gonzalez,anna.gonzalez@northernpipeline.com,1999-10-01,2023-09-22,2023-09-22,,95LEG3,Legal Counsel,LEGAL,RFT,T,Terminated,NRTHP,104,30,102699,"Ramos, Rachel",rachel.ramos@westmarkmanufacturing.com,102520_NRTHP,EE102520_CO001,1.0,2025-11-10
102521,EE102521,CO003,Cynthia,Cynthia,Moore,cynthia.moore@prairieresources.ca,1990-08-21,2023-09-22,2023-09-22,,62WHS3,Senior Warehouse Clerk,WHSE,RFT,A,Active,PRMRE,121,10,,,,102521_PRMRE,EE102521_CO003,1.0,
102522,EE102522,CO004,Jerry,Jerry,Olsson,jerry.olsson@alpineconstruction.com,1962-09-25,2023-09-22,2023-09-22,,01ADM1,Administrative Assistant,ADMIN,RFT,A,Active,ALPNC,124,40,,,,102522_ALPNC,EE102522_CO004,1.0,
102523,EE102523,CO003,Mary,Mary,Hernandez,mary.hernandez@prairieresources.ca,1988-03-26,2023-09-25,2023-09-25,,77ANL1,Data Analyst,ANLYT,RFT,T,Terminated,PRMRE,116,200,102378,"Cook, Patrick",patrick.cook@prairieresources.ca,102523_PRMRE,EE102523_CO003,1.0,2023-12-15
102524,EE102524,CO002,Steven,Steven,Li,steven.li@westmarkmanufacturing.com,1994-12-04,2023-09-25,2023-09-25,,29HR5,HR Manager,HR,RFT,A,Active,WSTMF,118,10,,,,102524_WSTMF,EE102524_CO002,1.0,
102525,EE102525,CO001,Dennis,Dennis,Smith,dennis.smith@northernpipeline.com,1982-04-23,2023-09-25,2023-09-25,,48OPS1,Operations Assistant,OPS,RFT,A,Active,NRTHP,112,170,102237,"Peterson, Lisa",lisa.peterson@northernpipeline.com,102525_NRTHP,EE102525_CO001,1.0,
102526,EE102526,CO001,Mary,Mary,Taylor,mary.taylor@northernpipeline.com,1987-08-08,2023-09-26,2023-09-26,,42SAL2,Account Executive,SALES,RFT,T,Terminated,NRTHP,116,60,102529,"Weber, Raymond",raymond.weber@prairieresources.ca,102526_NRTHP,EE102526_CO001,1.0,2025-04-30
102527,EE102527,CO001,Daniel,Daniel,Parker,daniel.parker@northernpipeline.com,1986-11-27,2023-09-26,2023-09-26,,70MKT1,Marketing Coordinator,MKTG,RFT,T,Terminated,NRTHP,102,70,102708,"Moore, Jessica",jessica.moore@westmarkmanufacturing.com,102527_NRTHP,EE102527_CO001,1.0,2023-11-21
102528,EE102528,CO001,Catherine,Catherine,Alvarez,catherine.alvarez@northernpipeline.com,1985-07-12,2023-09-26,2023-09-26,,06ACC1,Accounts Receivable Clerk,ACCTG,CON,A,Active,NRTHP,124,210,102698,"Lee, Emma",emma.lee@westmarkmanufacturing.com,102528_NRTHP,EE102528_CO001,1.0,
102529,EE102529,CO003,Raymond,Raymond,Weber,raymond.weber@prairieresources.ca,1971-10-02,2023-09-26,2023-09-26,,68TEC4,Technical Specialist,TECH,RPT,A,Active,PRMRE,116,60,,,,102529_PRMRE,EE102529_CO003,0.56,
102530,EE102530,CO004,Katherine,Katherine,Morales,katherine.morales@alpineconstruction.com,2003-01-10,2023-09-27,2023-09-27,,34IT2,Software Developer,IT,RFT,A,Active,ALPNC,104,140,,,,102530_ALPNC,EE102530_CO004,1.0,
102531,EE102531,CO001,Ingrid,Ingrid,Long,ingrid.long@northernpipeline.com,1987-05-05,2023-09-28,2023-09-28,,32IT1,IT Support Technician,IT,TFT,T,Terminated,NRTHP,116,100,102766,"Nelson, Emily",emily.nelson@prairieresources.ca,102531_NRTHP,EE102531_CO001,1.0,2023-12-10
102532,EE102532,CO002,Melissa,Melissa,Brown,melissa.brown@westmarkmanufacturing.com,2000-11-08,2023-09-28,2023-09-28,,74MKT5,Marketing Manager,MKTG,RPT,A,Active,WSTMF,100,190,,,,102532_WSTMF,EE102532_CO002,0.46,
102533,EE102533,CO002,Ingrid,Ingrid,Johnson,ingrid.johnson@westmarkmanufacturing.com,1986-09-01,2023-10-02,2023-10-02,,13CSR1,Customer Service Representative,CSR,RFT,T,Terminated,WSTMF,107,190,,,,102533_WSTMF,EE102533_CO002,1.0,2024-01-11
102534,EE102534,CO004,Christine,Christine,Karlsson,christine.karlsson@alpineconstruction.com,2001-01-28,2023-10-02,2023-10-02,,41SAL1,Sales Representative,SALES,RPT,T,Terminated,ALPNC,124,80,101078,"Cruz, Alexander",alexander.cruz@westmarkmanufacturing.com,102534_ALPNC,EE102534_CO004,0.41,2023-11-15
102535,EE102535,CO001,Scott,Scott,Reed,scott.reed@northernpipeline.com,1996-02-20,2023-10-03,2023-10-03,,60WHS1,Warehouse Associate,WHSE,CON,T,Terminated,NRTHP,102,40,102262,"Williams, Richard",richard.williams@alpineconstruction.com,102535_NRTHP,EE102535_CO001,1.0,2024-09-19
102536,EE102536,CO004,Donald,Donald,Kelly,donald.kelly@alpineconstruction.com,1994-08-13,2023-10-03,2023-10-03,,13CSR1,Customer Service Representative,CSR,RFT,A,Active,ALPNC,119,80,102762,"Green, Dennis",dennis.green@alpineconstruction.com,102536_ALPNC,EE102536_CO004,1.0,
102537,EE102537,CO002,Mary,Mary,Karlsson,mary.karlsson@westmarkmanufacturing.com,1982-04-03,2023-10-03,2023-10-03,,18ENG1,Junior Engineer,ENGR,CON,A,Active,WSTMF,118,40,102377,"Rodriguez, Fatima",fatima.rodriguez@prairieresources.ca,102537_WSTMF,EE102537_CO002,1.0,
102538,EE102538,CO002,Nancy,Nancy,Hill,nancy.hill@westmarkmanufacturing.com,1982-06-17,2023-10-04,2023-10-04,,14CSR2,Customer Service Specialist,CSR,RFT,A,Active,WSTMF,122,140,102218,"Tanaka, Ingrid",ingrid.tanaka@prairieresources.ca,102538_WSTMF,EE102538_CO002,1.0,
102539,EE102539,CO004,Michael,Michael,Murphy,michael.murphy@alpineconstruction.com,2004-05-23,2023-10-06,2023-10-06,,55TRD1,Apprentice Technician,TRD,RFT,A,Active,ALPNC,100,210,101401,"Allen, Daniel",daniel.allen@prairieresources.ca,102539_ALPNC,EE102539_CO004,1.0,
102540,EE102540,CO004,Sakura,Sakura,Mueller,sakura.mueller@alpineconstruction.com,1991-01-23,2023-10-06,2023-10-06,,32IT1,IT Support Technician,IT,RFT,A,Active,ALPNC,111,210,100142,"Fischer, George",george.fischer@alpineconstruction.com,102540_ALPNC,EE102540_CO004,1.0,
102541,EE102541,CO003,Carolyn,Carolyn,Persson,carolyn.persson@prairieresources.ca,1999-07-23,2023-10-09,2023-10-09,,32IT1,IT Support Technician,IT,RFT,A,Active,PRMRE,123,240,101281,"Green, George",george.green@prairieresources.ca,102541_PRMRE,EE102541_CO003,1.0,
102542,EE102542,CO001,Christopher,Christopher,Clark,christopher.clark@northernpipeline.com,2003-12-07,2023-10-10,2023-10-10,,72MKT3,Senior Marketing Specialist,MKTG,RFT,A,Active,NRTHP,124,230,,,,102542_NRTHP,EE102542_CO001,1.0,
102543,EE102543,CO003,Lisa,Lisa,Wood,lisa.wood@prairieresources.ca,1993-12-27,2023-10-10,2023-10-10,,06ACC1,Accounts Receivable Clerk,ACCTG,RFT,T,Terminated,PRMRE,102,240,101786,"Cox, Kevin",kevin.cox@alpineconstruction.com,102543_PRMRE,EE102543_CO003,1.0,2023-11-01
102544,EE102544,CO004,Marie,Marie,Evans,marie.evans@alpineconstruction.com,1995-07-25,2023-10-10,2023-10-10,,08ACC3,Senior Accountant,ACCTG,RFT,A,Active,ALPNC,100,220,100923,"Kelly, Barbara",barbara.kelly@prairieresources.ca,102544_ALPNC,EE102544_CO004,1.0,
102545,EE102545,CO002,Nicole,Nicole,Brooks,nicole.brooks@westmarkmanufacturing.com,1967-01-18,2023-10-11,2023-10-11,,79ANL3,Senior Data Analyst,ANLYT,RFT,T,Terminated,WSTMF,102,140,100617,"Hughes, Cynthia",cynthia.hughes@alpineconstruction.com,102545_WSTMF,EE102545_CO002,1.0,2025-03-01
102546,EE102546,CO002,Matthew,Matthew,Cooper,matthew.cooper@westmarkmanufacturing.com,1987-05-23,2023-10-11,2023-10-11,,14CSR2,Customer Service Specialist,CSR,RPT,A,Active,WSTMF,118,150,,,,102546_WSTMF,EE102546_CO002,0.64,
102547,EE102547,CO002,Nancy,Nancy,Tanaka,nancy.tanaka@westmarkmanufacturing.com,2005-04-30,2023-10-12,2023-10-12,,61WHS2,Warehouse Clerk,WHSE,RFT,A,Active,WSTMF,106,40,101842,"Adams, Aisha",aisha.adams@westmarkmanufacturing.com,102547_WSTMF,EE102547_CO002,1.0,
102548,EE102548,CO001,Amanda,Amanda,Brooks,amanda.brooks@northernpipeline.com,1996-11-17,2023-10-12,2023-10-12,,14CSR2,Customer Service Specialist,CSR,RFT,A,Active,NRTHP,124,110,102338,"Jones, James",james.jones@northernpipeline.com,102548_NRTHP,EE102548_CO001,1.0,
102549,EE102549,CO001,Jerry,Jerry,Myers,jerry.myers@northernpipeline.com,1981-05-30,2023-10-12,2023-10-12,,68TEC4,Technical Specialist,TECH,TAW,A,Active,NRTHP,100,20,,,,102549_NRTHP,EE102549_CO001,1.0,
102550,EE102550,CO002,Thomas,Thomas,James,thomas.james@westmarkmanufacturing.com,1970-12-22,2023-10-13,2023-10-13,,20ENG3,Senior Engineer,ENGR,RFT,A,Active,WSTMF,108,230,,,,102550_WSTMF,EE102550_CO002,1.0,
102551,EE102551,CO002,Janet,Janet,Wong,janet.wong@westmarkmanufacturing.com,2005-04-27,2023-10-13,2023-10-13,,08ACC3,Senior Accountant,ACCTG,CON,T,Terminated,WSTMF,105,20,,,,102551_WSTMF,EE102551_CO002,1.0,2023-12-14
102552,EE102552,CO004,Margaret,Margaret,Flores,margaret.flores@alpineconstruction.com,2005-02-13,2023-10-13,2023-10-13,,14CSR2,Customer Service Specialist,CSR,CON,T,Terminated,ALPNC,115,130,101190,"Morris, Julie",julie.morris@prairieresources.ca,102552_ALPNC,EE102552_CO004,1.0,2023-11-19
102553,EE102553,CO001,Carol,Carol,Lewis,carol.lewis@northernpipeline.com,1972-12-16,2023-10-13,2023-10-13,,65TEC1,Field Technician,TECH,RFT,T,Terminated,NRTHP,111,70,100206,"Richardson, Sakura",sakura.richardson@northernpipeline.com,102553_NRTHP,EE102553_CO001,1.0,2023-12-15
102554,EE102554,CO001,Marie,Marie,Kim,marie.kim@northernpipeline.com,1988-06-22,2023-10-13,2023-10-13,,80ANL4,Analytics Lead,ANLYT,RFT,A,Active,NRTHP,123,140,,,,102554_NRTHP,EE102554_CO001,1.0,
102555,EE102555,CO001,Ronald,Ronald,Morales,ronald.morales@northernpipeline.com,2000-07-24,2023-10-13,2023-10-13,,55TRD1,Apprentice Technician,TRD,RFT,T,Terminated,NRTHP,114,60,101378,"Olsson, Robert",robert.olsson@alpineconstruction.com,102555_NRTHP,EE102555_CO001,1.0,2024-10-02
102556,EE102556,CO001,Matthew,Matthew,Morgan,matthew.morgan@northernpipeline.com,1986-02-23,2023-10-13,2023-10-13,,21ENG4,Principal Engineer,ENGR,RFT,A,Active,NRTHP,112,100,,,,102556_NRTHP,EE102556_CO001,1.0,
102557,EE102557,CO001,Jerry,Jerry,Morgan,jerry.morgan@northernpipeline.com,2005-05-26,2023-10-13,2023-10-13,,72MKT3,Senior Marketing Specialist,MKTG,RFT,A,Active,NRTHP,124,80,101078,"Cruz, Alexander",alexander.cruz@westmarkmanufacturing.com,102557_NRTHP,EE102557_CO001,1.0,
102558,EE102558,CO004,Kevin,Kevin,Scott,kevin.scott@alpineconstruction.com,1991-02-25,2023-10-17,2023-10-17,,42SAL2,Account Executive,SALES,RFT,T,Terminated,ALPNC,124,230,102542,"Clark, Christopher",christopher.clark@northernpipeline.com,102558_ALPNC,EE102558_CO004,1.0,2024-11-05
102559,EE102559,CO003,William,William,Gutierrez,william.gutierrez@prairieresources.ca,1988-10-09,2023-10-18,2023-10-18,,37IT4,Technical Lead,IT,RFT,T,Terminated,PRMRE,116,250,,,,102559_PRMRE,EE102559_CO003,1.0,2025-10-18
102560,EE102560,CO001,Carol,Carol,Martinez,carol.martinez@northernpipeline.com,1982-03-21,2023-10-20,2023-10-20,,07ACC2,Accountant,ACCTG,CON,A,Active,NRTHP,115,180,100860,"Morgan, Nicole",nicole.morgan@prairieresources.ca,102560_NRTHP,EE102560_CO001,1.0,
102561,EE102561,CO003,Diane,Diane,Roberts,diane.roberts@prairieresources.ca,2002-08-04,2023-10-20,2023-10-20,,77ANL1,Data Analyst,ANLYT,RFT,T,Terminated,PRMRE,102,90,102610,"Stewart, Christine",christine.stewart@westmarkmanufacturing.com,102561_PRMRE,EE102561_CO003,1.0,2025-05-20
102562,EE102562,CO002,Ashley,Ashley,Cook,ashley.cook@westmarkmanufacturing.com,1990-11-24,2023-10-20,2023-10-20,,19ENG2,Engineer,ENGR,RFT,A,Active,WSTMF,124,200,101983,"Kelly, Kenji",kenji.kelly@northernpipeline.com,102562_WSTMF,EE102562_CO002,1.0,
102563,EE102563,CO004,Michelle,Michelle,Smith,michelle.smith@alpineconstruction.com,2001-08-22,2023-10-20,2023-10-20,,13CSR1,Customer Service Representative,CSR,RFT,A,Active,ALPNC,124,240,100234,"Morgan, Kenji",kenji.morgan@westmarkmanufacturing.com,102563_ALPNC,EE102563_CO004,1.0,
102564,EE102564,CO002,Paul,Paul,Wright,paul.wright@westmarkmanufacturing.com,1989-09-18,2023-10-20,2023-10-20,,02ADM2,Administrative Coordinator,ADMIN,RFT,A,Active,WSTMF,118,250,102494,"Singh, Jerry",jerry.singh@westmarkmanufacturing.com,102564_WSTMF,EE102564_CO002,1.0,
102565,EE102565,CO003,Dennis,Dennis,Rivera,dennis.rivera@prairieresources.ca,2000-02-04,2023-10-20,2023-10-20,,06ACC1,Accounts Receivable Clerk,ACCTG,RFT,A,Active,PRMRE,118,150,102348,"Long, Yuki",yuki.long@westmarkmanufacturing.com,102565_PRMRE,EE102565_CO003,1.0,
102566,EE102566,CO004,Betty,Betty,Chavez,betty.chavez@alpineconstruction.com,1995-12-16,2023-10-20,2023-10-20,,94LEG2,Paralegal,LEGAL,RFT,T,Terminated,ALPNC,112,50,,,,102566_ALPNC,EE102566_CO004,1.0,2023-11-19
102567,EE102567,CO002,Emma,Emma,Wang,emma.wang@westmarkmanufacturing.com,2001-02-04,2023-10-23,2023-10-23,,21ENG4,Principal Engineer,ENGR,RFT,T,Terminated,WSTMF,113,50,,,,102567_WSTMF,EE102567_CO002,1.0,2024-07-29
102568,EE102568,CO001,Marie,Marie,Watson,marie.watson@northernpipeline.com,1985-07-14,2023-10-23,2023-10-23,,01ADM1,Administrative Assistant,ADMIN,CON,T,Terminated,NRTHP,111,210,100142,"Fischer, George",george.fischer@alpineconstruction.com,102568_NRTHP,EE102568_CO001,1.0,2025-01-25
102569,EE102569,CO003,Sarah,Sarah,Castillo,sarah.castillo@prairieresources.ca,1983-03-16,2023-10-24,2023-10-24,,25HR1,HR Coordinator,HR,RPT,T,Terminated,PRMRE,100,10,102752,"Carter, Michelle",michelle.carter@alpineconstruction.com,102569_PRMRE,EE102569_CO003,0.67,2023-12-15
102570,EE102570,CO003,Katherine,Katherine,Nilsson,katherine.nilsson@prairieresources.ca,1994-09-09,2023-10-24,2023-10-24,,21ENG4,Principal Engineer,ENGR,RFT,T,Terminated,PRMRE,116,140,,,,102570_PRMRE,EE102570_CO003,1.0,2024-10-12
102571,EE102571,CO002,Jeffrey,Jeffrey,Brown,jeffrey.brown@westmarkmanufacturing.com,1991-10-15,2023-10-26,2023-10-26,,18ENG1,Junior Engineer,ENGR,RPT,A,Active,WSTMF,100,120,102980,"Jackson, Christopher",christopher.jackson@westmarkmanufacturing.com,102571_WSTMF,EE102571_CO002,0.69,
102572,EE102572,CO003,Daniel,Daniel,Shah,daniel.shah@prairieresources.ca,2005-07-31,2023-10-27,2023-10-27,,89PRO2,Project Coordinator,PROJ,RFT,T,Terminated,PRMRE,115,20,101427,"Tanaka, Wei",wei.tanaka@prairieresources.ca,102572_PRMRE,EE102572_CO003,1.0,2025-09-06
102573,EE102573,CO001,Richard,Richard,Allen,richard.allen@northernpipeline.com,1993-11-06,2023-10-27,2023-10-27,,57TRD3,Senior Technician,TRD,RFT,T,Terminated,NRTHP,114,140,,,,102573_NRTHP,EE102573_CO001,1.0,2025-05-07
102574,EE102574,CO004,Michael,Michael,Hall,michael.hall@alpineconstruction.com,1992-10-23,2023-11-01,2023-11-01,,29HR5,HR Manager,HR,RFT,T,Terminated,ALPNC,102,50,,,,102574_ALPNC,EE102574_CO004,1.0,2026-01-22
102575,EE102575,CO002,William,William,Patel,william.patel@westmarkmanufacturing.com,1965-02-11,2023-11-02,2023-11-02,,48OPS1,Operations Assistant,OPS,RFT,A,Active,WSTMF,108,190,100313,"Larsson, Priya",priya.larsson@northernpipeline.com,102575_WSTMF,EE102575_CO002,1.0,
102576,EE102576,CO003,Alexander,Alexander,Robinson,alexander.robinson@prairieresources.ca,2003-06-14,2023-11-02,2023-11-02,,01ADM1,Administrative Assistant,ADMIN,RFT,A,Active,PRMRE,121,80,,,,102576_PRMRE,EE102576_CO003,1.0,
102577,EE102577,CO002,Giovanni,Giovanni,Johnson,giovanni.johnson@westmarkmanufacturing.com,1977-07-30,2023-11-03,2023-11-03,,25HR1,HR Coordinator,HR,RPT,T,Terminated,WSTMF,110,200,,,,102577_WSTMF,EE102577_CO002,0.54,2025-01-21
102578,EE102578,CO002,Dennis,Dennis,Moore,dennis.moore@westmarkmanufacturing.com,1981-12-31,2023-11-03,2023-11-03,,03ADM3,Senior Administrative Coordinator,ADMIN,RFT,A,Active,WSTMF,115,80,101251,"Li, Matthew",matthew.li@westmarkmanufacturing.com,102578_WSTMF,EE102578_CO002,1.0,
102579,EE102579,CO002,Emily,Emily,Castillo,emily.castillo@westmarkmanufacturing.com,1989-09-25,2023-11-03,2023-11-03,,50OPS3,Operations Specialist,OPS,RPT,A,Active,WSTMF,108,200,,,,102579_WSTMF,EE102579_CO002,0.7,
102580,EE102580,CO003,Charles,Charles,Peterson,charles.peterson@prairieresources.ca,1974-03-29,2023-11-03,2023-11-03,,18ENG1,Junior Engineer,ENGR,RFT,A,Active,PRMRE,122,190,102645,"Persson, Raj",raj.persson@westmarkmanufacturing.com,102580_PRMRE,EE102580_CO003,1.0,
102581,EE102581,CO004,Eric,Eric,Young,eric.young@alpineconstruction.com,1988-11-10,2023-11-03,2023-11-03,,13CSR1,Customer Service Representative,CSR,RFT,A,Active,ALPNC,114,10,102027,"Wong, Rebecca",rebecca.wong@northernpipeline.com,102581_ALPNC,EE102581_CO004,1.0,
102582,EE102582,CO004,Ronald,Ronald,Jimenez,ronald.jimenez@alpineconstruction.com,1988-05-29,2023-11-06,2023-11-06,,43SAL3,Senior Account Executive,SALES,RFT,T,Terminated,ALPNC,104,140,,,,102582_ALPNC,EE102582_CO004,1.0,2024-09-20
102583,EE102583,CO001,Charles,Charles,Brown,charles.brown@northernpipeline.com,1992-05-13,2023-11-08,2023-11-08,,71MKT2,Marketing Specialist,MKTG,RFT,A,Active,NRTHP,117,140,102245,"Zhang, Yuki",yuki.zhang@prairieresources.ca,102583_NRTHP,EE102583_CO001,1.0,
102584,EE102584,CO003,Mei,Mei,Long,mei.long@prairieresources.ca,1979-07-22,2023-11-10,2023-11-10,,65TEC1,Field Technician,TECH,RFT,T,Terminated,PRMRE,124,120,101806,"Campbell, Edward",edward.campbell@alpineconstruction.com,102584_PRMRE,EE102584_CO003,1.0,2024-09-29
102585,EE102585,CO004,Fatima,Fatima,Howard,fatima.howard@alpineconstruction.com,1981-02-14,2023-11-10,2023-11-10,,96LEG4,Senior Legal Counsel,LEGAL,RFT,A,Active,ALPNC,100,230,,,,102585_ALPNC,EE102585_CO004,1.0,
102586,EE102586,CO001,Priya,Priya,Walker,priya.walker@northernpipeline.com,1998-10-29,2023-11-10,2023-11-10,,71MKT2,Marketing Specialist,MKTG,RFT,A,Active,NRTHP,104,90,102432,"Cruz, Margaret",margaret.cruz@northernpipeline.com,102586_NRTHP,EE102586_CO001,1.0,
102587,EE102587,CO002,Brandon,Brandon,Reyes,brandon.reyes@westmarkmanufacturing.com,2005-05-18,2023-11-10,2023-11-10,,54OPS7,Chief Operating Officer,OPS,RFT,T,Terminated,WSTMF,124,160,,,,102587_WSTMF,EE102587_CO002,1.0,2024-07-09
102588,EE102588,CO001,Karen,Karen,Perez,karen.perez@northernpipeline.com,1994-06-18,2023-11-13,2023-11-13,,80ANL4,Analytics Lead,ANLYT,RPT,A,Active,NRTHP,103,160,,,,102588_NRTHP,EE102588_CO001,0.53,
102589,EE102589,CO004,Wei,Wei,Shah,wei.shah@alpineconstruction.com,2000-04-23,2023-11-15,2023-11-15,,18ENG1,Junior Engineer,ENGR,TFT,A,Active,ALPNC,121,20,100758,"Nelson, Diane",diane.nelson@prairieresources.ca,102589_ALPNC,EE102589_CO004,1.0,
102590,EE102590,CO002,Isabella,Isabella,Rodriguez,isabella.rodriguez@westmarkmanufacturing.com,1992-04-01,2023-11-15,2023-11-15,,08ACC3,Senior Accountant,ACCTG,RFT,A,Active,WSTMF,115,100,,,,102590_WSTMF,EE102590_CO002,1.0,
102591,EE102591,CO003,Steven,Steven,Kumar,steven.kumar@prairieresources.ca,1979-01-09,2023-11-15,2023-11-15,,78ANL2,Business Analyst,ANLYT,RFT,A,Active,PRMRE,124,220,100427,"Brown, David",david.brown@westmarkmanufacturing.com,102591_PRMRE,EE102591_CO003,1.0,
102592,EE102592,CO003,Jacob,Jacob,Wilson,jacob.wilson@prairieresources.ca,1996-02-21,2023-11-17,2023-11-17,,68TEC4,Technical Specialist,TECH,RFT,T,Terminated,PRMRE,124,120,,,,102592_PRMRE,EE102592_CO003,1.0,2024-03-13
102593,EE102593,CO001,Janet,Janet,Hill,janet.hill@northernpipeline.com,1992-01-21,2023-11-17,2023-11-17,,72MKT3,Senior Marketing Specialist,MKTG,RFT,T,Terminated,NRTHP,118,180,,,,102593_NRTHP,EE102593_CO001,1.0,2024-08-30
102594,EE102594,CO001,Barbara,Barbara,Ross,barbara.ross@northernpipeline.com,1991-09-17,2023-11-20,2023-11-20,,48OPS1,Operations Assistant,OPS,RFT,A,Active,NRTHP,100,80,100205,"Andersson, Adam",adam.andersson@alpineconstruction.com,102594_NRTHP,EE102594_CO001,1.0,
102595,EE102595,CO003,William,William,Hernandez,william.hernandez@prairieresources.ca,1983-11-12,2023-11-20,2023-11-20,,05ACC1,Accounts Payable Clerk,ACCTG,RFT,T,Terminated,PRMRE,117,10,101488,"Castillo, Sandra",sandra.castillo@prairieresources.ca,102595_PRMRE,EE102595_CO003,1.0,2024-02-14
102596,EE102596,CO003,Fatima,Fatima,Mitchell,fatima.mitchell@prairieresources.ca,2005-04-05,2023-11-21,2023-11-21,,33IT2,Systems Administrator,IT,TAW,A,Active,PRMRE,117,250,,,,102596_PRMRE,EE102596_CO003,1.0,
102597,EE102597,CO003,Nathan,Nathan,Lopez,nathan.lopez@prairieresources.ca,1998-08-18,2023-11-22,2023-11-22,,78ANL2,Business Analyst,ANLYT,RFT,A,Active,PRMRE,102,30,100967,"Clark, Kenneth",kenneth.clark@prairieresources.ca,102597_PRMRE,EE102597_CO003,1.0,
102598,EE102598,CO001,Helen,Helen,Mendoza,helen.mendoza@northernpipeline.com,1989-09-12,2023-11-22,2023-11-22,,48OPS1,Operations Assistant,OPS,RFT,A,Active,NRTHP,108,80,102046,"Reyes, Joshua",joshua.reyes@northernpipeline.com,102598_NRTHP,EE102598_CO001,1.0,
102599,EE102599,CO003,Susan,Susan,Young,susan.young@prairieresources.ca,1979-03-22,2023-11-22,2023-11-22,,25HR1,HR Coordinator,HR,RFT,A,Active,PRMRE,115,120,101288,"Baker, Brandon",brandon.baker@alpineconstruction.com,102599_PRMRE,EE102599_CO003,1.0,
102600,EE102600,CO003,Margaret,Margaret,Miller,margaret.miller@prairieresources.ca,1996-07-18,2023-11-24,2023-11-24,,43SAL3,Senior Account Executive,SALES,RFT,A,Active,PRMRE,121,40,,,,102600_PRMRE,EE102600_CO003,1.0,
102601,EE102601,CO004,Lisa,Lisa,Campbell,lisa.campbell@alpineconstruction.com,2005-04-10,2023-11-24,2023-11-24,,06ACC1,Accounts Receivable Clerk,ACCTG,RPT,A,Active,ALPNC,100,150,100702,"Reed, Melissa",melissa.reed@westmarkmanufacturing.com,102601_ALPNC,EE102601_CO004,0.58,
102602,EE102602,CO003,Kenji,Kenji,Miller,kenji.miller@prairieresources.ca,1985-09-17,2023-11-24,2023-11-24,,71MKT2,Marketing Specialist,MKTG,RFT,A,Active,PRMRE,124,170,102836,"Alvarez, Deborah",deborah.alvarez@westmarkmanufacturing.com,102602_PRMRE,EE102602_CO003,1.0,
102603,EE102603,CO001,Ashley,Ashley,Li,ashley.li@northernpipeline.com,1998-03-31,2023-11-24,2023-11-24,,71MKT2,Marketing Specialist,MKTG,RFT,A,Active,NRTHP,108,240,100447,"Patel, Joyce",joyce.patel@westmarkmanufacturing.com,102603_NRTHP,EE102603_CO001,1.0,
102604,EE102604,CO004,Rebecca,Rebecca,Campbell,rebecca.campbell@alpineconstruction.com,2003-07-22,2023-11-28,2023-11-28,,20ENG3,Senior Engineer,ENGR,RFT,T,Terminated,ALPNC,112,190,100738,"Jones, Dennis",dennis.jones@alpineconstruction.com,102604_ALPNC,EE102604_CO004,1.0,2024-10-29
102605,EE102605,CO002,Jason,Jason,Thompson,jason.thompson@westmarkmanufacturing.com,1998-11-08,2023-12-01,2023-12-01,,55TRD1,Apprentice Technician,TRD,RFT,A,Active,WSTMF,107,140,,,,102605_WSTMF,EE102605_CO002,1.0,
102606,EE102606,CO002,Diane,Diane,Tanaka,diane.tanaka@westmarkmanufacturing.com,1993-02-13,2023-12-04,2023-12-04,,08ACC3,Senior Accountant,ACCTG,RPT,A,Active,WSTMF,118,40,102377,"Rodriguez, Fatima",fatima.rodriguez@prairieresources.ca,102606_WSTMF,EE102606_CO002,0.73,
102607,EE102607,CO004,Karen,Karen,Lee,karen.lee@alpineconstruction.com,1998-09-13,2023-12-06,2023-12-06,,14CSR2,Customer Service Specialist,CSR,RFT,A,Active,ALPNC,114,150,100084,"Nelson, Anna",anna.nelson@alpineconstruction.com,102607_ALPNC,EE102607_CO004,1.0,
102608,EE102608,CO004,Gregory,Gregory,Campbell,gregory.campbell@alpineconstruction.com,2005-11-13,2023-12-08,2023-12-08,,36IT3,Senior Systems Administrator,IT,RFT,T,Terminated,ALPNC,100,10,,,,102608_ALPNC,EE102608_CO004,1.0,2025-12-21
102609,EE102609,CO003,Thomas,Thomas,Chavez,thomas.chavez@prairieresources.ca,1983-12-13,2023-12-08,2023-12-08,,34IT2,Software Developer,IT,RFT,T,Terminated,PRMRE,105,90,101404,"Wilson, Diane",diane.wilson@westmarkmanufacturing.com,102609_PRMRE,EE102609_CO003,1.0,2024-12-17
102610,EE102610,CO002,Christine,Christine,Stewart,christine.stewart@westmarkmanufacturing.com,1979-11-09,2023-12-11,2023-12-11,,72MKT3,Senior Marketing Specialist,MKTG,RPT,A,Active,WSTMF,102,90,,,,102610_WSTMF,EE102610_CO002,0.56,
102611,EE102611,CO004,Nicole,Nicole,Shah,nicole.shah@alpineconstruction.com,1985-05-25,2023-12-12,2023-12-12,,41SAL1,Sales Representative,SALES,RPT,A,Active,ALPNC,100,200,100546,"Ruiz, Priya",priya.ruiz@northernpipeline.com,102611_ALPNC,EE102611_CO004,0.49,
102612,EE102612,CO001,Andrew,Andrew,Morgan,andrew.morgan@northernpipeline.com,2003-04-19,2023-12-13,2023-12-13,,66TEC2,Service Technician,TECH,RPT,A,Active,NRTHP,122,70,101370,"Nilsson, Samantha",samantha.nilsson@westmarkmanufacturing.com,102612_NRTHP,EE102612_CO001,0.63,
102613,EE102613,CO003,Debra,Debra,Scott,debra.scott@prairieresources.ca,1994-08-17,2023-12-13,2023-12-13,,15CSR3,Senior Customer Service Specialist,CSR,RFT,T,Terminated,PRMRE,123,120,,,,102613_PRMRE,EE102613_CO003,1.0,2024-06-07
102614,EE102614,CO004,Ingrid,Ingrid,Thomas,ingrid.thomas@alpineconstruction.com,1992-09-03,2023-12-15,2023-12-15,,20ENG3,Senior Engineer,ENGR,RFT,A,Active,ALPNC,100,110,101160,"Andersson, Sarah",sarah.andersson@northernpipeline.com,102614_ALPNC,EE102614_CO004,1.0,
102615,EE102615,CO004,Nicholas,Nicholas,Baker,nicholas.baker@alpineconstruction.com,1986-11-28,2023-12-15,2023-12-15,,27HR3,Senior HR Generalist,HR,RFT,A,Active,ALPNC,115,210,100349,"Gutierrez, Paul",paul.gutierrez@prairieresources.ca,102615_ALPNC,EE102615_CO004,1.0,
102616,EE102616,CO001,Amanda,Amanda,Edwards,amanda.edwards@northernpipeline.com,1985-02-23,2023-12-15,2023-12-15,,66TEC2,Service Technician,TECH,RFT,T,Terminated,NRTHP,113,140,,,,102616_NRTHP,EE102616_CO001,1.0,2024-03-23
102617,EE102617,CO001,Anthony,Anthony,Larsson,anthony.larsson@northernpipeline.com,1999-04-27,2023-12-21,2023-12-21,,70MKT1,Marketing Coordinator,MKTG,RFT,A,Active,NRTHP,111,190,101390,"Harris, Kenneth",kenneth.harris@northernpipeline.com,102617_NRTHP,EE102617_CO001,1.0,
102618,EE102618,CO004,Lars,Lars,Schmidt,lars.schmidt@alpineconstruction.com,1991-04-16,2023-12-22,2023-12-22,,09ACC4,Accounting Lead,ACCTG,RPT,A,Active,ALPNC,124,30,101397,"Alvarez, Janet",janet.alvarez@prairieresources.ca,102618_ALPNC,EE102618_CO004,0.71,
102619,EE102619,CO001,Marie,Marie,Ross,marie.ross@northernpipeline.com,1987-04-21,2024-01-03,2024-01-03,,92PRO5,Program Manager,PROJ,CON,T,Terminated,NRTHP,109,60,,,,102619_NRTHP,EE102619_CO001,1.0,2024-09-18
102620,EE102620,CO002,Donald,Donald,Cruz,donald.cruz@westmarkmanufacturing.com,1977-04-30,2024-01-03,2024-01-03,,48OPS1,Operations Assistant,OPS,RPT,A,Active,WSTMF,106,80,101286,"Baker, Sarah",sarah.baker@westmarkmanufacturing.com,102620_WSTMF,EE102620_CO002,0.55,
102621,EE102621,CO002,Mohammed,Mohammed,Thompson,mohammed.thompson@westmarkmanufacturing.com,1984-05-02,2024-01-03,2024-01-03,,26HR2,HR Generalist,HR,RFT,T,Terminated,WSTMF,115,250,100992,"Moore, Ronald",ronald.moore@westmarkmanufacturing.com,102621_WSTMF,EE102621_CO002,1.0,2024-08-11
102622,EE102622,CO001,Mary,Mary,Gutierrez,mary.gutierrez@northernpipeline.com,1984-05-04,2024-01-04,2024-01-04,,33IT2,Systems Administrator,IT,RFT,T,Terminated,NRTHP,122,100,101678,"Chavez, Eric",eric.chavez@westmarkmanufacturing.com,102622_NRTHP,EE102622_CO001,1.0,2024-02-15
102623,EE102623,CO002,Margaret,Margaret,Wood,margaret.wood@westmarkmanufacturing.com,1991-07-18,2024-01-04,2024-01-04,,03ADM3,Senior Administrative Coordinator,ADMIN,RFT,A,Active,WSTMF,113,130,,,,102623_WSTMF,EE102623_CO002,1.0,
102624,EE102624,CO002,Thomas,Thomas,Lopez,thomas.lopez@westmarkmanufacturing.com,1977-09-02,2024-01-05,2024-01-05,,71MKT2,Marketing Specialist,MKTG,RFT,A,Active,WSTMF,104,130,100843,"Larsson, Joshua",joshua.larsson@westmarkmanufacturing.com,102624_WSTMF,EE102624_CO002,1.0,
102625,EE102625,CO004,Shirley,Shirley,Price,shirley.price@alpineconstruction.com,1987-06-05,2024-01-05,2024-01-05,,09ACC4,Accounting Lead,ACCTG,RFT,T,Terminated,ALPNC,115,170,102467,"Hill, Lars",lars.hill@westmarkmanufacturing.com,102625_ALPNC,EE102625_CO004,1.0,2024-04-28
102626,EE102626,CO004,Patricia,Patricia,Diaz,patricia.diaz@alpineconstruction.com,2000-10-30,2024-01-05,2024-01-05,,51OPS4,Operations Lead,OPS,RFT,A,Active,ALPNC,100,160,,,,102626_ALPNC,EE102626_CO004,1.0,
102627,EE102627,CO001,Richard,Richard,Myers,richard.myers@northernpipeline.com,1977-12-20,2024-01-05,2024-01-05,,71MKT2,Marketing Specialist,MKTG,RFT,T,Terminated,NRTHP,124,160,100599,"Johansson, Jonathan",jonathan.johansson@prairieresources.ca,102627_NRTHP,EE102627_CO001,1.0,2024-06-17
102628,EE102628,CO003,Raymond,Raymond,Gutierrez,raymond.gutierrez@prairieresources.ca,1985-05-16,2024-01-09,2024-01-09,,79ANL3,Senior Data Analyst,ANLYT,RFT,A,Active,PRMRE,102,220,102813,"Mitchell, John",john.mitchell@alpineconstruction.com,102628_PRMRE,EE102628_CO003,1.0,
102629,EE102629,CO001,Ahmed,Ahmed,Ruiz,ahmed.ruiz@northernpipeline.com,1996-09-13,2024-01-09,2024-01-09,,01ADM1,Administrative Assistant,ADMIN,RFT,A,Active,NRTHP,109,200,,,,102629_NRTHP,EE102629_CO001,1.0,
102630,EE102630,CO002,Nathan,Nathan,Schneider,nathan.schneider@westmarkmanufacturing.com,1996-03-04,2024-01-10,2024-01-10,,60WHS1,Warehouse Associate,WHSE,RFT,T,Terminated,WSTMF,122,190,102645,"Persson, Raj",raj.persson@westmarkmanufacturing.com,102630_WSTMF,EE102630_CO002,1.0,2024-10-18
102631,EE102631,CO002,Wei,Wei,Sanders,wei.sanders@westmarkmanufacturing.com,1989-08-03,2024-01-10,2024-01-10,,35IT3,Senior Developer,IT,RFT,T,Terminated,WSTMF,108,110,,,,102631_WSTMF,EE102631_CO002,1.0,2024-02-02
102632,EE102632,CO003,Maria,Maria,Nilsson,maria.nilsson@prairieresources.ca,1987-08-27,2024-01-10,2024-01-10,,35IT3,Senior Developer,IT,RFT,A,Active,PRMRE,102,20,102972,"Ruiz, Maria",maria.ruiz@alpineconstruction.com,102632_PRMRE,EE102632_CO003,1.0,
102633,EE102633,CO003,Jessica,Jessica,Edwards,jessica.edwards@prairieresources.ca,1991-01-02,2024-01-11,2024-01-11,,85SUP5,Regional Supervisor,SUPV,RFT,A,Active,PRMRE,121,60,,,,102633_PRMRE,EE102633_CO003,1.0,
102634,EE102634,CO004,Kathleen,Kathleen,Wilson,kathleen.wilson@alpineconstruction.com,1988-03-29,2024-01-12,2024-01-12,,32IT1,IT Support Technician,IT,RPT,T,Terminated,ALPNC,124,160,100599,"Johansson, Jonathan",jonathan.johansson@prairieresources.ca,102634_ALPNC,EE102634_CO004,0.55,2025-10-08
102635,EE102635,CO002,Olivia,Olivia,Nguyen,olivia.nguyen@westmarkmanufacturing.com,1975-11-14,2024-01-15,2024-01-15,,71MKT2,Marketing Specialist,MKTG,RFT,A,Active,WSTMF,107,220,100089,"Schneider, Tyler",tyler.schneider@westmarkmanufacturing.com,102635_WSTMF,EE102635_CO002,1.0,
102636,EE102636,CO003,Elizabeth,Elizabeth,Collins,elizabeth.collins@prairieresources.ca,1981-11-21,2024-01-15,2024-01-15,,67TEC3,Senior Service Technician,TECH,RPT,A,Active,PRMRE,102,160,101777,"Brooks, Ingrid",ingrid.brooks@alpineconstruction.com,102636_PRMRE,EE102636_CO003,0.78,
102637,EE102637,CO003,Thomas,Thomas,Cox,thomas.cox@prairieresources.ca,1990-12-07,2024-01-15,2024-01-15,,18ENG1,Junior Engineer,ENGR,RFT,A,Active,PRMRE,115,30,102360,"Castillo, Timothy",timothy.castillo@westmarkmanufacturing.com,102637_PRMRE,EE102637_CO003,1.0,
102638,EE102638,CO001,James,James,Thomas,james.thomas@northernpipeline.com,1982-09-16,2024-01-16,2024-01-16,,56TRD2,Journeyman Technician,TRD,RFT,A,Active,NRTHP,119,90,101592,"Nguyen, John",john.nguyen@northernpipeline.com,102638_NRTHP,EE102638_CO001,1.0,
102639,EE102639,CO003,Ruth,Ruth,Kumar,ruth.kumar@prairieresources.ca,2002-07-05,2024-01-18,2024-01-18,,02ADM2,Administrative Coordinator,ADMIN,RFT,T,Terminated,PRMRE,117,140,102245,"Zhang, Yuki",yuki.zhang@prairieresources.ca,102639_PRMRE,EE102639_CO003,1.0,2024-09-01
102640,EE102640,CO001,Amanda,Amanda,Sanders,amanda.sanders@northernpipeline.com,1988-09-09,2024-01-18,2024-01-18,,57TRD3,Senior Technician,TRD,RFT,A,Active,NRTHP,124,220,100427,"Brown, David",david.brown@westmarkmanufacturing.com,102640_NRTHP,EE102640_CO001,1.0,
102641,EE102641,CO001,Timothy,Timothy,Green,timothy.green@northernpipeline.com,1973-07-19,2024-01-19,2024-01-19,,34IT2,Software Developer,IT,CON,T,Terminated,NRTHP,113,60,,,,102641_NRTHP,EE102641_CO001,1.0,2024-07-10
102642,EE102642,CO002,Aaron,Aaron,Gray,aaron.gray@westmarkmanufacturing.com,1994-08-23,2024-01-22,2024-01-22,,25HR1,HR Coordinator,HR,RFT,A,Active,WSTMF,122,110,100644,"Ross, Carol",carol.ross@prairieresources.ca,102642_WSTMF,EE102642_CO002,1.0,
102643,EE102643,CO004,Mohammed,Mohammed,Ramirez,mohammed.ramirez@alpineconstruction.com,2000-03-11,2024-01-22,2024-01-22,,18ENG1,Junior Engineer,ENGR,RPT,T,Terminated,ALPNC,121,40,102259,"Martinez, Nicole",nicole.martinez@alpineconstruction.com,102643_ALPNC,EE102643_CO004,0.59,2024-09-15
102644,EE102644,CO001,Wei,Wei,Bennett,wei.bennett@northernpipeline.com,1998-11-17,2024-01-23,2024-01-23,,18ENG1,Junior Engineer,ENGR,RFT,A,Active,NRTHP,122,10,101560,"Jones, Lisa",lisa.jones@prairieresources.ca,102644_NRTHP,EE102644_CO001,1.0,
102645,EE102645,CO002,Raj,Raj,Persson,raj.persson@westmarkmanufacturing.com,2002-08-10,2024-01-23,2024-01-23,,79ANL3,Senior Data Analyst,ANLYT,RFT,A,Active,WSTMF,122,190,,,,102645_WSTMF,EE102645_CO002,1.0,
102646,EE102646,CO004,Ryan,Ryan,Castillo,ryan.castillo@alpineconstruction.com,1999-08-31,2024-01-23,2024-01-23,,51OPS4,Operations Lead,OPS,RFT,T,Terminated,ALPNC,100,250,102201,"Reed, Sandra",sandra.reed@westmarkmanufacturing.com,102646_ALPNC,EE102646_CO004,1.0,2025-03-17
102647,EE102647,CO003,Tyler,Tyler,Martin,tyler.martin@prairieresources.ca,1995-06-08,2024-01-23,2024-01-23,,03ADM3,Senior Administrative Coordinator,ADMIN,RFT,T,Terminated,PRMRE,123,80,,,,102647_PRMRE,EE102647_CO003,1.0,2024-04-16
102648,EE102648,CO003,Ashley,Ashley,Flores,ashley.flores@prairieresources.ca,2006-01-19,2024-01-25,2024-01-25,,27HR3,Senior HR Generalist,HR,RFT,A,Active,PRMRE,115,220,,,,102648_PRMRE,EE102648_CO003,1.0,
102649,EE102649,CO004,Ashley,Ashley,Gomez,ashley.gomez@alpineconstruction.com,1991-07-19,2024-01-26,2024-01-26,,82ANL6,Director of Analytics,ANLYT,RFT,T,Terminated,ALPNC,124,100,,,,102649_ALPNC,EE102649_CO004,1.0,2024-11-24
102650,EE102650,CO001,Diane,Diane,Ward,diane.ward@northernpipeline.com,1982-09-18,2024-01-26,2024-01-26,,68TEC4,Technical Specialist,TECH,RPT,T,Terminated,NRTHP,109,90,,,,102650_NRTHP,EE102650_CO001,0.72,2024-11-19
102651,EE102651,CO004,Rebecca,Rebecca,Yamamoto,rebecca.yamamoto@alpineconstruction.com,2001-05-24,2024-01-26,2024-01-26,,02ADM2,Administrative Coordinator,ADMIN,RFT,A,Active,ALPNC,116,50,100007,"Becker, Gary",gary.becker@alpineconstruction.com,102651_ALPNC,EE102651_CO004,1.0,
102652,EE102652,CO002,Janet,Janet,Garcia,janet.garcia@westmarkmanufacturing.com,1976-05-10,2024-02-01,2024-02-01,,60WHS1,Warehouse Associate,WHSE,RFT,T,Terminated,WSTMF,106,160,,,,102652_WSTMF,EE102652_CO002,1.0,2024-05-08
102653,EE102653,CO002,Diane,Diane,Parker,diane.parker@westmarkmanufacturing.com,1986-11-28,2024-02-02,2024-02-02,,56TRD2,Journeyman Technician,TRD,RPT,A,Active,WSTMF,102,170,101871,"Martin, George",george.martin@alpineconstruction.com,102653_WSTMF,EE102653_CO002,0.78,
102654,EE102654,CO003,Pamela,Pamela,Mueller,pamela.mueller@prairieresources.ca,1981-03-13,2024-02-02,2024-02-02,,32IT1,IT Support Technician,IT,RPT,A,Active,PRMRE,122,10,101560,"Jones, Lisa",lisa.jones@prairieresources.ca,102654_PRMRE,EE102654_CO003,0.76,
102655,EE102655,CO001,Patrick,Patrick,Turner,patrick.turner@northernpipeline.com,1998-02-22,2024-02-02,2024-02-02,,61WHS2,Warehouse Clerk,WHSE,RFT,A,Active,NRTHP,120,240,,,,102655_NRTHP,EE102655_CO001,1.0,
102656,EE102656,CO002,Emily,Emily,Kim,emily.kim@westmarkmanufacturing.com,1983-11-29,2024-02-05,2024-02-05,,43SAL3,Senior Account Executive,SALES,RFT,A,Active,WSTMF,110,40,,,,102656_WSTMF,EE102656_CO002,1.0,
102657,EE102657,CO002,Anthony,Anthony,Ramirez,anthony.ramirez@westmarkmanufacturing.com,2002-07-28,2024-02-05,2024-02-05,,89PRO2,Project Coordinator,PROJ,RFT,A,Active,WSTMF,102,200,,,,102657_WSTMF,EE102657_CO002,1.0,
102658,EE102658,CO002,Tyler,Tyler,James,tyler.james@westmarkmanufacturing.com,1983-10-30,2024-02-06,2024-02-06,,06ACC1,Accounts Receivable Clerk,ACCTG,RFT,T,Terminated,WSTMF,113,140,,,,102658_WSTMF,EE102658_CO002,1.0,2025-02-17
102659,EE102659,CO004,Scott,Scott,Hall,scott.hall@alpineconstruction.com,1991-01-20,2024-02-06,2024-02-06,,33IT2,Systems Administrator,IT,RFT,A,Active,ALPNC,119,140,102516,"Weber, Jessica",jessica.weber@alpineconstruction.com,102659_ALPNC,EE102659_CO004,1.0,
102660,EE102660,CO002,Benjamin,Benjamin,Ward,benjamin.ward@westmarkmanufacturing.com,1986-05-28,2024-02-07,2024-02-07,,66TEC2,Service Technician,TECH,RFT,A,Active,WSTMF,107,150,,,,102660_WSTMF,EE102660_CO002,1.0,
102661,EE102661,CO003,Aaron,Aaron,Thompson,aaron.thompson@prairieresources.ca,2003-06-30,2024-02-08,2024-02-08,,55TRD1,Apprentice Technician,TRD,RFT,A,Active,PRMRE,102,70,102708,"Moore, Jessica",jessica.moore@westmarkmanufacturing.com,102661_PRMRE,EE102661_CO003,1.0,
102662,EE102662,CO001,Brian,Brian,Andersson,brian.andersson@northernpipeline.com,2000-08-15,2024-02-08,2024-02-08,,13CSR1,Customer Service Representative,CSR,RFT,T,Terminated,NRTHP,113,40,101772,"Ramos, Donna",donna.ramos@northernpipeline.com,102662_NRTHP,EE102662_CO001,1.0,2025-02-22
102663,EE102663,CO004,Kimberly,Kimberly,Chen,kimberly.chen@alpineconstruction.com,1986-12-18,2024-02-09,2024-02-09,,90PRO3,Project Manager,PROJ,RFT,A,Active,ALPNC,124,60,102033,"Anderson, Heather",heather.anderson@alpineconstruction.com,102663_ALPNC,EE102663_CO004,1.0,
102664,EE102664,CO003,Marie,Marie,Hernandez,marie.hernandez@prairieresources.ca,2001-12-25,2024-02-12,2024-02-12,,35IT3,Senior Developer,IT,CON,A,Active,PRMRE,105,190,,,,102664_PRMRE,EE102664_CO003,1.0,
102665,EE102665,CO002,Frank,Frank,Rogers,frank.rogers@westmarkmanufacturing.com,1987-07-16,2024-02-12,2024-02-12,,02ADM2,Administrative Coordinator,ADMIN,RFT,T,Terminated,WSTMF,113,40,,,,102665_WSTMF,EE102665_CO002,1.0,2025-07-01
102666,EE102666,CO001,Samuel,Samuel,Green,samuel.green@northernpipeline.com,2005-05-30,2024-02-12,2024-02-12,,49OPS2,Operations Coordinator,OPS,RFT,A,Active,NRTHP,117,220,101599,"Ramirez, Lars",lars.ramirez@prairieresources.ca,102666_NRTHP,EE102666_CO001,1.0,
102667,EE102667,CO004,Gary,Gary,Wong,gary.wong@alpineconstruction.com,1983-10-21,2024-02-13,2024-02-13,,51OPS4,Operations Lead,OPS,RFT,T,Terminated,ALPNC,124,50,101154,"Wilson, Andrew",andrew.wilson@alpineconstruction.com,102667_ALPNC,EE102667_CO004,1.0,2025-03-10
102668,EE102668,CO002,Gregory,Gregory,Patel,gregory.patel@westmarkmanufacturing.com,2004-10-03,2024-02-15,2024-02-15,,16CSR4,Customer Service Team Lead,CSR,RPT,T,Terminated,WSTMF,106,60,,,,102668_WSTMF,EE102668_CO002,0.73,2024-02-27
102669,EE102669,CO002,Barbara,Barbara,Rodriguez,barbara.rodriguez@westmarkmanufacturing.com,1986-05-27,2024-02-16,2024-02-16,,72MKT3,Senior Marketing Specialist,MKTG,RPT,A,Active,WSTMF,108,200,,,,102669_WSTMF,EE102669_CO002,0.74,
102670,EE102670,CO002,Christopher,Christopher,Turner,christopher.turner@westmarkmanufacturing.com,1985-06-09,2024-02-16,2024-02-16,,33IT2,Systems Administrator,IT,RFT,A,Active,WSTMF,107,150,,,,102670_WSTMF,EE102670_CO002,1.0,
102671,EE102671,CO004,Priya,Priya,Anderson,priya.anderson@alpineconstruction.com,1998-07-30,2024-02-16,2024-02-16,,70MKT1,Marketing Coordinator,MKTG,CON,T,Terminated,ALPNC,100,150,100702,"Reed, Melissa",melissa.reed@westmarkmanufacturing.com,102671_ALPNC,EE102671_CO004,1.0,2025-10-02
102672,EE102672,CO004,Donna,Donna,Carter,donna.carter@alpineconstruction.com,1986-12-03,2024-02-16,2024-02-16,,60WHS1,Warehouse Associate,WHSE,RFT,L,Leave of Absence,ALPNC,111,170,100861,"Ortiz, Jose",jose.ortiz@alpineconstruction.com,102672_ALPNC,EE102672_CO004,1.0,
102673,EE102673,CO004,Joshua,Joshua,Flores,joshua.flores@alpineconstruction.com,1989-12-15,2024-02-19,2024-02-19,,67TEC3,Senior Service Technician,TECH,RPT,A,Active,ALPNC,124,100,102781,"Bennett, Sandra",sandra.bennett@northernpipeline.com,102673_ALPNC,EE102673_CO004,0.63,
102674,EE102674,CO004,Tyler,Tyler,Carter,tyler.carter@alpineconstruction.com,1997-04-04,2024-02-20,2024-02-20,,71MKT2,Marketing Specialist,MKTG,RFT,T,Terminated,ALPNC,115,20,101427,"Tanaka, Wei",wei.tanaka@prairieresources.ca,102674_ALPNC,EE102674_CO004,1.0,2024-02-27
102675,EE102675,CO003,Olivia,Olivia,Hill,olivia.hill@prairieresources.ca,2003-01-02,2024-02-21,2024-02-21,,90PRO3,Project Manager,PROJ,RFT,T,Terminated,PRMRE,117,30,,,,102675_PRMRE,EE102675_CO003,1.0,2026-01-16
102676,EE102676,CO001,Kathleen,Kathleen,Fischer,kathleen.fischer@northernpipeline.com,2006-01-15,2024-02-23,2024-02-23,,89PRO2,Project Coordinator,PROJ,RFT,T,Terminated,NRTHP,102,150,100842,"Reed, Larry",larry.reed@prairieresources.ca,102676_NRTHP,EE102676_CO001,1.0,2025-04-05
102677,EE102677,CO002,Patricia,Patricia,Smith,patricia.smith@westmarkmanufacturing.com,1988-06-03,2024-02-23,2024-02-23,,15CSR3,Senior Customer Service Specialist,CSR,RFT,T,Terminated,WSTMF,108,230,,,,102677_WSTMF,EE102677_CO002,1.0,2025-12-05
102678,EE102678,CO004,Yuki,Yuki,Schmidt,yuki.schmidt@alpineconstruction.com,2005-06-17,2024-02-23,2024-02-23,,71MKT2,Marketing Specialist,MKTG,RFT,A,Active,ALPNC,114,180,102185,"Mueller, Jonathan",jonathan.mueller@northernpipeline.com,102678_ALPNC,EE102678_CO004,1.0,
102679,EE102679,CO001,Adam,Adam,Roberts,adam.roberts@northernpipeline.com,1991-03-08,2024-02-26,2024-02-26,,48OPS1,Operations Assistant,OPS,RFT,A,Active,NRTHP,122,210,101716,"Martinez, Angela",angela.martinez@westmarkmanufacturing.com,102679_NRTHP,EE102679_CO001,1.0,
102680,EE102680,CO004,Thomas,Thomas,Murphy,thomas.murphy@alpineconstruction.com,1994-10-26,2024-02-26,2024-02-26,,66TEC2,Service Technician,TECH,RFT,A,Active,ALPNC,104,130,100843,"Larsson, Joshua",joshua.larsson@westmarkmanufacturing.com,102680_ALPNC,EE102680_CO004,1.0,
102681,EE102681,CO001,Emily,Emily,Watson,emily.watson@northernpipeline.com,1985-09-25,2024-02-26,2024-02-26,,60WHS1,Warehouse Associate,WHSE,RFT,A,Active,NRTHP,109,160,,,,102681_NRTHP,EE102681_CO001,1.0,
102682,EE102682,CO001,Carol,Carol,Ross,carol.ross@northernpipeline.com,1996-01-19,2024-02-26,2024-02-26,,05ACC1,Accounts Payable Clerk,ACCTG,RPT,A,Active,NRTHP,104,70,100847,"Peterson, Daniel",daniel.peterson@alpineconstruction.com,102682_NRTHP,EE102682_CO001,0.75,
102683,EE102683,CO002,Stephen,Stephen,James,stephen.james@westmarkmanufacturing.com,1995-05-23,2024-03-01,2024-03-01,,36IT3,Senior Systems Administrator,IT,RFT,T,Terminated,WSTMF,124,190,,,,102683_WSTMF,EE102683_CO002,1.0,2024-06-10
102684,EE102684,CO002,Nicholas,Nicholas,Lopez,nicholas.lopez@westmarkmanufacturing.com,1985-03-03,2024-03-01,2024-03-01,,14CSR2,Customer Service Specialist,CSR,TAW,T,Terminated,WSTMF,111,150,,,,102684_WSTMF,EE102684_CO002,1.0,2026-01-23
102685,EE102685,CO003,Rachel,Rachel,Brown,rachel.brown@prairieresources.ca,1989-02-13,2024-03-01,2024-03-01,,49OPS2,Operations Coordinator,OPS,RFT,A,Active,PRMRE,117,140,102245,"Zhang, Yuki",yuki.zhang@prairieresources.ca,102685_PRMRE,EE102685_CO003,1.0,
102686,EE102686,CO001,Angela,Angela,Jones,angela.jones@northernpipeline.com,1989-01-13,2024-03-04,2024-03-04,,89PRO2,Project Coordinator,PROJ,RFT,A,Active,NRTHP,124,10,100895,"Li, George",george.li@alpineconstruction.com,102686_NRTHP,EE102686_CO001,1.0,
102687,EE102687,CO003,Heather,Heather,Johansson,heather.johansson@prairieresources.ca,1987-05-06,2024-03-05,2024-03-05,,18ENG1,Junior Engineer,ENGR,RPT,T,Terminated,PRMRE,122,80,101768,"Mueller, Kenneth",kenneth.mueller@prairieresources.ca,102687_PRMRE,EE102687_CO003,0.5,2024-11-13
102688,EE102688,CO001,Paul,Paul,Weber,paul.weber@northernpipeline.com,2005-06-12,2024-03-05,2024-03-05,,14CSR2,Customer Service Specialist,CSR,RFT,T,Terminated,NRTHP,102,170,101871,"Martin, George",george.martin@alpineconstruction.com,102688_NRTHP,EE102688_CO001,1.0,2024-07-29
102689,EE102689,CO003,Kevin,Kevin,Larsson,kevin.larsson@prairieresources.ca,1985-03-03,2024-03-05,2024-03-05,,43SAL3,Senior Account Executive,SALES,RFT,A,Active,PRMRE,102,30,,,,102689_PRMRE,EE102689_CO003,1.0,
102690,EE102690,CO003,Daniel,Daniel,Jackson,daniel.jackson@prairieresources.ca,1985-04-27,2024-03-05,2024-03-05,,55TRD1,Apprentice Technician,TRD,TFT,A,Active,PRMRE,100,20,102004,"Ward, Raj",raj.ward@northernpipeline.com,102690_PRMRE,EE102690_CO003,1.0,
102691,EE102691,CO001,Emma,Emma,Garcia,emma.garcia@northernpipeline.com,2002-06-08,2024-03-06,2024-03-06,,34IT2,Software Developer,IT,RFT,T,Terminated,NRTHP,114,80,,,,102691_NRTHP,EE102691_CO001,1.0,2025-09-25
102692,EE102692,CO001,Helen,Helen,Edwards,helen.edwards@northernpipeline.com,1994-10-27,2024-03-06,2024-03-06,,65TEC1,Field Technician,TECH,RFT,T,Terminated,NRTHP,101,100,100126,"Myers, Daniel",daniel.myers@northernpipeline.com,102692_NRTHP,EE102692_CO001,1.0,2025-03-25
102693,EE102693,CO004,Kenji,Kenji,Larsson,kenji.larsson@alpineconstruction.com,1993-01-15,2024-03-06,2024-03-06,,55TRD1,Apprentice Technician,TRD,RPT,A,Active,ALPNC,100,180,102279,"Wood, John",john.wood@prairieresources.ca,102693_ALPNC,EE102693_CO004,0.7,
102694,EE102694,CO002,Alexander,Alexander,Mendoza,alexander.mendoza@westmarkmanufacturing.com,1993-09-29,2024-03-08,2024-03-08,,55TRD1,Apprentice Technician,TRD,RFT,A,Active,WSTMF,111,120,101780,"Schulz, Cynthia",cynthia.schulz@westmarkmanufacturing.com,102694_WSTMF,EE102694_CO002,1.0,
102695,EE102695,CO001,Betty,Betty,Anderson,betty.anderson@northernpipeline.com,1989-01-03,2024-03-08,2024-03-08,,79ANL3,Senior Data Analyst,ANLYT,RFT,A,Active,NRTHP,115,160,,,,102695_NRTHP,EE102695_CO001,1.0,
102696,EE102696,CO004,Anna,Anna,Taylor,anna.taylor@alpineconstruction.com,1977-12-23,2024-03-11,2024-03-11,,36IT3,Senior Systems Administrator,IT,TFT,T,Terminated,ALPNC,124,50,101154,"Wilson, Andrew",andrew.wilson@alpineconstruction.com,102696_ALPNC,EE102696_CO004,1.0,2024-05-17
102697,EE102697,CO004,Dmitri,Dmitri,Wang,dmitri.wang@alpineconstruction.com,1982-01-30,2024-03-11,2024-03-11,,20ENG3,Senior Engineer,ENGR,RFT,T,Terminated,ALPNC,102,230,,,,102697_ALPNC,EE102697_CO004,1.0,2026-01-22
102698,EE102698,CO002,Emma,Emma,Lee,emma.lee@westmarkmanufacturing.com,2005-05-25,2024-03-12,2024-03-12,,58TRD4,Lead Technician,TRD,RFT,A,Active,WSTMF,124,210,,,,102698_WSTMF,EE102698_CO002,1.0,
102699,EE102699,CO002,Rachel,Rachel,Ramos,rachel.ramos@westmarkmanufacturing.com,1985-03-31,2024-03-12,2024-03-12,,74MKT5,Marketing Manager,MKTG,RFT,A,Active,WSTMF,104,30,,,,102699_WSTMF,EE102699_CO002,1.0,
102700,EE102700,CO004,John,John,Ortiz,john.ortiz@alpineconstruction.com,1978-07-31,2024-03-14,2024-03-14,,26HR2,HR Generalist,HR,TAW,A,Active,ALPNC,102,140,100617,"Hughes, Cynthia",cynthia.hughes@alpineconstruction.com,102700_ALPNC,EE102700_CO004,1.0,
102701,EE102701,CO003,Matthew,Matthew,Nguyen,matthew.nguyen@prairieresources.ca,1988-07-07,2024-03-14,2024-03-14,,89PRO2,Project Coordinator,PROJ,CON,T,Terminated,PRMRE,116,60,102529,"Weber, Raymond",raymond.weber@prairieresources.ca,102701_PRMRE,EE102701_CO003,1.0,2025-06-14
102702,EE102702,CO003,Karen,Karen,Wagner,karen.wagner@prairieresources.ca,1982-01-11,2024-03-14,2024-03-14,,70MKT1,Marketing Coordinator,MKTG,RFT,T,Terminated,PRMRE,123,250,101980,"Harris, Ahmed",ahmed.harris@northernpipeline.com,102702_PRMRE,EE102702_CO003,1.0,2024-04-24
102703,EE102703,CO004,Dennis,Dennis,Karlsson,dennis.karlsson@alpineconstruction.com,1972-02-05,2024-03-15,2024-03-15,,60WHS1,Warehouse Associate,WHSE,RFT,T,Terminated,ALPNC,111,180,100076,"Bailey, Ryan",ryan.bailey@alpineconstruction.com,102703_ALPNC,EE102703_CO004,1.0,2025-01-14
102704,EE102704,CO003,Mary,Mary,Myers,mary.myers@prairieresources.ca,1981-07-21,2024-03-15,2024-03-15,,72MKT3,Senior Marketing Specialist,MKTG,RFT,A,Active,PRMRE,118,160,100692,"Wang, Tyler",tyler.wang@northernpipeline.com,102704_PRMRE,EE102704_CO003,1.0,
102705,EE102705,CO003,Brian,Brian,Martinez,brian.martinez@prairieresources.ca,1989-09-09,2024-03-15,2024-03-15,,26HR2,HR Generalist,HR,TFT,A,Active,PRMRE,116,40,,,,102705_PRMRE,EE102705_CO003,1.0,
102706,EE102706,CO002,Janet,Janet,White,janet.white@westmarkmanufacturing.com,1981-07-27,2024-03-15,2024-03-15,,63WHS4,Warehouse Lead,WHSE,RFT,T,Terminated,WSTMF,107,180,,,,102706_WSTMF,EE102706_CO002,1.0,2025-02-06
102707,EE102707,CO004,Maria,Maria,Kim,maria.kim@alpineconstruction.com,1990-12-22,2024-03-15,2024-03-15,,43SAL3,Senior Account Executive,SALES,CON,A,Active,ALPNC,104,250,,,,102707_ALPNC,EE102707_CO004,1.0,
102708,EE102708,CO002,Jessica,Jessica,Moore,jessica.moore@westmarkmanufacturing.com,1991-10-24,2024-03-15,2024-03-15,,03ADM3,Senior Administrative Coordinator,ADMIN,RFT,A,Active,WSTMF,102,70,,,,102708_WSTMF,EE102708_CO002,1.0,
102709,EE102709,CO002,Christopher,Christopher,Olsson,christopher.olsson@westmarkmanufacturing.com,1995-09-20,2024-03-15,2024-03-15,,13CSR1,Customer Service Representative,CSR,RFT,T,Terminated,WSTMF,113,210,102016,"Robinson, Kimberly",kimberly.robinson@westmarkmanufacturing.com,102709_WSTMF,EE102709_CO002,1.0,2024-10-31
102710,EE102710,CO004,George,George,Ortiz,george.ortiz@alpineconstruction.com,1976-04-12,2024-03-18,2024-03-18,,18ENG1,Junior Engineer,ENGR,RPT,A,Active,ALPNC,112,220,102048,"Parker, Ronald",ronald.parker@northernpipeline.com,102710_ALPNC,EE102710_CO004,0.5,
102711,EE102711,CO002,Stephanie,Stephanie,Perez,stephanie.perez@westmarkmanufacturing.com,2001-03-08,2024-03-19,2024-03-19,,77ANL1,Data Analyst,ANLYT,RFT,A,Active,WSTMF,106,160,,,,102711_WSTMF,EE102711_CO002,1.0,
102712,EE102712,CO002,Ingrid,Ingrid,Karlsson,ingrid.karlsson@westmarkmanufacturing.com,1976-06-28,2024-03-19,2024-03-19,,50OPS3,Operations Specialist,OPS,RFT,T,Terminated,WSTMF,102,70,,,,102712_WSTMF,EE102712_CO002,1.0,2024-05-03
102713,EE102713,CO004,Kathleen,Kathleen,Ward,kathleen.ward@alpineconstruction.com,1988-02-06,2024-03-21,2024-03-21,,06ACC1,Accounts Receivable Clerk,ACCTG,RFT,T,Terminated,ALPNC,124,70,102457,"Ross, Pamela",pamela.ross@westmarkmanufacturing.com,102713_ALPNC,EE102713_CO004,1.0,2025-01-19
102714,EE102714,CO004,Janet,Janet,Gomez,janet.gomez@alpineconstruction.com,2006-01-09,2024-03-21,2024-03-21,,27HR3,Senior HR Generalist,HR,RFT,T,Terminated,ALPNC,102,130,102468,"Morgan, Sofia",sofia.morgan@prairieresources.ca,102714_ALPNC,EE102714_CO004,1.0,2024-05-05
102715,EE102715,CO004,Daniel,Daniel,Campbell,daniel.campbell@alpineconstruction.com,1988-12-21,2024-03-22,2024-03-22,,91PRO4,Senior Project Manager,PROJ,RFT,A,Active,ALPNC,102,150,,,,102715_ALPNC,EE102715_CO004,1.0,
102716,EE102716,CO001,Emily,Emily,Walker,emily.walker@northernpipeline.com,2005-10-22,2024-03-22,2024-03-22,,35IT3,Senior Developer,IT,RFT,A,Active,NRTHP,103,80,,,,102716_NRTHP,EE102716_CO001,1.0,
102717,EE102717,CO002,Susan,Susan,Gray,susan.gray@westmarkmanufacturing.com,1985-04-16,2024-03-22,2024-03-22,,61WHS2,Warehouse Clerk,WHSE,RFT,A,Active,WSTMF,108,250,,,,102717_WSTMF,EE102717_CO002,1.0,
102718,EE102718,CO001,Dorothy,Dorothy,Wilson,dorothy.wilson@northernpipeline.com,1984-01-10,2024-03-25,2024-03-25,,13CSR1,Customer Service Representative,CSR,RFT,A,Active,NRTHP,116,110,101478,"Patel, Kenji",kenji.patel@prairieresources.ca,102718_NRTHP,EE102718_CO001,1.0,
102719,EE102719,CO002,Ryan,Ryan,Robinson,ryan.robinson@westmarkmanufacturing.com,1998-02-09,2024-03-25,2024-03-25,,61WHS2,Warehouse Clerk,WHSE,RFT,A,Active,WSTMF,102,30,100967,"Clark, Kenneth",kenneth.clark@prairieresources.ca,102719_WSTMF,EE102719_CO002,1.0,
102720,EE102720,CO001,Timothy,Timothy,Cruz,timothy.cruz@northernpipeline.com,1990-08-21,2024-03-25,2024-03-25,,36IT3,Senior Systems Administrator,IT,RPT,A,Active,NRTHP,120,70,,,,102720_NRTHP,EE102720_CO001,0.49,
102721,EE102721,CO002,Barbara,Barbara,Fischer,barbara.fischer@westmarkmanufacturing.com,1972-05-08,2024-03-27,2024-03-27,,90PRO3,Project Manager,PROJ,RPT,T,Terminated,WSTMF,102,120,100740,"Foster, Betty",betty.foster@northernpipeline.com,102721_WSTMF,EE102721_CO002,0.71,2024-06-20
102722,EE102722,CO002,Wei,Wei,Gray,wei.gray@westmarkmanufacturing.com,1997-12-09,2024-03-27,2024-03-27,,19ENG2,Engineer,ENGR,RFT,A,Active,WSTMF,124,80,101078,"Cruz, Alexander",alexander.cruz@westmarkmanufacturing.com,102722_WSTMF,EE102722_CO002,1.0,
102723,EE102723,CO001,Timothy,Timothy,Sanchez,timothy.sanchez@northernpipeline.com,2003-03-30,2024-03-27,2024-03-27,,60WHS1,Warehouse Associate,WHSE,RPT,A,Active,NRTHP,121,60,102633,"Edwards, Jessica",jessica.edwards@prairieresources.ca,102723_NRTHP,EE102723_CO001,0.69,
102724,EE102724,CO003,Mark,Mark,Liu,mark.liu@prairieresources.ca,1978-01-12,2024-03-28,2024-03-28,,68TEC4,Technical Specialist,TECH,RFT,A,Active,PRMRE,115,190,,,,102724_PRMRE,EE102724_CO003,1.0,
102725,EE102725,CO001,Raj,Raj,Howard,raj.howard@northernpipeline.com,1972-08-13,2024-04-01,2024-04-01,,95LEG3,Legal Counsel,LEGAL,RFT,T,Terminated,NRTHP,102,180,,,,102725_NRTHP,EE102725_CO001,1.0,2025-11-10
102726,EE102726,CO004,Jose,Jose,Mendoza,jose.mendoza@alpineconstruction.com,1991-06-16,2024-04-02,2024-04-02,,78ANL2,Business Analyst,ANLYT,TFT,A,Active,ALPNC,119,240,100179,"Cox, John",john.cox@alpineconstruction.com,102726_ALPNC,EE102726_CO004,1.0,
102727,EE102727,CO001,Adam,Adam,Anderson,adam.anderson@northernpipeline.com,1981-05-18,2024-04-02,2024-04-02,,94LEG2,Paralegal,LEGAL,RFT,A,Active,NRTHP,121,170,,,,102727_NRTHP,EE102727_CO001,1.0,
102728,EE102728,CO003,Joshua,Joshua,Wagner,joshua.wagner@prairieresources.ca,1979-02-27,2024-04-03,2024-04-03,,26HR2,HR Generalist,HR,RFT,A,Active,PRMRE,102,70,102708,"Moore, Jessica",jessica.moore@westmarkmanufacturing.com,102728_PRMRE,EE102728_CO003,1.0,
102729,EE102729,CO004,Samuel,Samuel,Bennett,samuel.bennett@alpineconstruction.com,1999-12-27,2024-04-03,2024-04-03,,70MKT1,Marketing Coordinator,MKTG,TAW,T,Terminated,ALPNC,112,70,,,,102729_ALPNC,EE102729_CO004,1.0,2024-10-16
102730,EE102730,CO003,George,George,Wood,george.wood@prairieresources.ca,1997-01-20,2024-04-03,2024-04-03,,61WHS2,Warehouse Clerk,WHSE,RFT,A,Active,PRMRE,105,20,,,,102730_PRMRE,EE102730_CO003,1.0,
102731,EE102731,CO001,Sakura,Sakura,Evans,sakura.evans@northernpipeline.com,1979-09-16,2024-04-05,2024-04-05,,26HR2,HR Generalist,HR,RFT,A,Active,NRTHP,102,50,102746,"Castillo, Nathan",nathan.castillo@alpineconstruction.com,102731_NRTHP,EE102731_CO001,1.0,
102732,EE102732,CO004,Michael,Michael,Jimenez,michael.jimenez@alpineconstruction.com,1975-06-23,2024-04-05,2024-04-05,,71MKT2,Marketing Specialist,MKTG,RFT,A,Active,ALPNC,112,180,,,,102732_ALPNC,EE102732_CO004,1.0,
102733,EE102733,CO004,Alexander,Alexander,Taylor,alexander.taylor@alpineconstruction.com,1986-07-20,2024-04-05,2024-04-05,,01ADM1,Administrative Assistant,ADMIN,TFT,A,Active,ALPNC,116,230,100181,"Brown, Anthony",anthony.brown@prairieresources.ca,102733_ALPNC,EE102733_CO004,1.0,
102734,EE102734,CO003,Elizabeth,Elizabeth,Campbell,elizabeth.campbell@prairieresources.ca,2000-10-06,2024-04-05,2024-04-05,,41SAL1,Sales Representative,SALES,CON,T,Terminated,PRMRE,121,110,100624,"Wood, Ahmed",ahmed.wood@alpineconstruction.com,102734_PRMRE,EE102734_CO003,1.0,2025-05-14
102735,EE102735,CO001,Mary,Mary,Nguyen,mary.nguyen@northernpipeline.com,1972-05-30,2024-04-05,2024-04-05,,34IT2,Software Developer,IT,RFT,A,Active,NRTHP,102,60,101520,"Olsson, Jason",jason.olsson@alpineconstruction.com,102735_NRTHP,EE102735_CO001,1.0,
102736,EE102736,CO001,Benjamin,Benjamin,Schneider,benjamin.schneider@northernpipeline.com,1997-06-08,2024-04-05,2024-04-05,,89PRO2,Project Coordinator,PROJ,RPT,A,Active,NRTHP,108,60,101866,"Walker, Dmitri",dmitri.walker@westmarkmanufacturing.com,102736_NRTHP,EE102736_CO001,0.74,
102737,EE102737,CO002,Heather,Heather,Johansson,heather.johansson@westmarkmanufacturing.com,1996-02-04,2024-04-09,2024-04-09,,77ANL1,Data Analyst,ANLYT,RPT,T,Terminated,WSTMF,105,40,101888,"Long, Carolyn",carolyn.long@prairieresources.ca,102737_WSTMF,EE102737_CO002,0.6,2025-06-24
102738,EE102738,CO001,Linda,Linda,Collins,linda.collins@northernpipeline.com,1989-01-31,2024-04-09,2024-04-09,,49OPS2,Operations Coordinator,OPS,RPT,T,Terminated,NRTHP,123,90,,,,102738_NRTHP,EE102738_CO001,0.53,2025-06-19
102739,EE102739,CO002,Henry,Henry,Diaz,henry.diaz@westmarkmanufacturing.com,1977-04-20,2024-04-09,2024-04-09,,33IT2,Systems Administrator,IT,RPT,T,Terminated,WSTMF,106,130,,,,102739_WSTMF,EE102739_CO002,0.7,2025-02-19
102740,EE102740,CO003,Thomas,Thomas,Howard,thomas.howard@prairieresources.ca,1983-11-09,2024-04-10,2024-04-10,,06ACC1,Accounts Receivable Clerk,ACCTG,RPT,A,Active,PRMRE,115,140,102983,"Baker, Adam",adam.baker@northernpipeline.com,102740_PRMRE,EE102740_CO003,0.59,
102741,EE102741,CO001,Jerry,Jerry,Collins,jerry.collins@northernpipeline.com,1987-07-02,2024-04-10,2024-04-10,,51OPS4,Operations Lead,OPS,RFT,T,Terminated,NRTHP,102,40,,,,102741_NRTHP,EE102741_CO001,1.0,2025-04-19
102742,EE102742,CO003,Christopher,Christopher,Cooper,christopher.cooper@prairieresources.ca,1988-04-11,2024-04-11,2024-04-11,,07ACC2,Accountant,ACCTG,RPT,A,Active,PRMRE,118,190,,,,102742_PRMRE,EE102742_CO003,0.58,
102743,EE102743,CO003,Sarah,Sarah,Meyer,sarah.meyer@prairieresources.ca,1991-12-01,2024-04-12,2024-04-12,,61WHS2,Warehouse Clerk,WHSE,CON,A,Active,PRMRE,117,200,101375,"Phillips, Alexander",alexander.phillips@prairieresources.ca,102743_PRMRE,EE102743_CO003,1.0,
102744,EE102744,CO003,Raj,Raj,Cruz,raj.cruz@prairieresources.ca,1987-02-10,2024-04-17,2024-04-17,,15CSR3,Senior Customer Service Specialist,CSR,RFT,A,Active,PRMRE,123,60,101098,"Hernandez, Mary",mary.hernandez@northernpipeline.com,102744_PRMRE,EE102744_CO003,1.0,
102745,EE102745,CO001,Fatima,Fatima,Persson,fatima.persson@northernpipeline.com,2005-05-17,2024-04-18,2024-04-18,,15CSR3,Senior Customer Service Specialist,CSR,RFT,T,Terminated,NRTHP,114,250,,,,102745_NRTHP,EE102745_CO001,1.0,2025-02-20
102746,EE102746,CO004,Nathan,Nathan,Castillo,nathan.castillo@alpineconstruction.com,1995-01-18,2024-04-18,2024-04-18,,63WHS4,Warehouse Lead,WHSE,RPT,A,Active,ALPNC,102,50,,,,102746_ALPNC,EE102746_CO004,0.76,
102747,EE102747,CO003,Heather,Heather,Clark,heather.clark@prairieresources.ca,1989-07-20,2024-04-19,2024-04-19,,16CSR4,Customer Service Team Lead,CSR,TFT,T,Terminated,PRMRE,100,140,,,,102747_PRMRE,EE102747_CO003,1.0,2025-01-04
102748,EE102748,CO003,Mohammed,Mohammed,Liu,mohammed.liu@prairieresources.ca,2003-08-15,2024-04-19,2024-04-19,,90PRO3,Project Manager,PROJ,RFT,A,Active,PRMRE,124,220,100427,"Brown, David",david.brown@westmarkmanufacturing.com,102748_PRMRE,EE102748_CO003,1.0,
102749,EE102749,CO002,Brandon,Brandon,Gomez,brandon.gomez@westmarkmanufacturing.com,1988-08-20,2024-04-19,2024-04-19,,25HR1,HR Coordinator,HR,RFT,T,Terminated,WSTMF,122,50,101619,"Smith, Donald",donald.smith@westmarkmanufacturing.com,102749_WSTMF,EE102749_CO002,1.0,2024-12-30
102750,EE102750,CO001,Christine,Christine,Li,christine.li@northernpipeline.com,1995-01-10,2024-04-19,2024-04-19,,94LEG2,Paralegal,LEGAL,RFT,T,Terminated,NRTHP,112,30,,,,102750_NRTHP,EE102750_CO001,1.0,2024-06-30
102751,EE102751,CO001,Mary,Mary,Campbell,mary.campbell@northernpipeline.com,1975-01-04,2024-04-19,2024-04-19,,07ACC2,Accountant,ACCTG,RFT,A,Active,NRTHP,121,20,100758,"Nelson, Diane",diane.nelson@prairieresources.ca,102751_NRTHP,EE102751_CO001,1.0,
102752,EE102752,CO004,Michelle,Michelle,Carter,michelle.carter@alpineconstruction.com,1976-06-14,2024-04-19,2024-04-19,,36IT3,Senior Systems Administrator,IT,RPT,A,Active,ALPNC,100,10,,,,102752_ALPNC,EE102752_CO004,0.45,
102753,EE102753,CO001,Margaret,Margaret,Wright,margaret.wright@northernpipeline.com,1997-04-18,2024-04-19,2024-04-19,,34IT2,Software Developer,IT,RPT,A,Active,NRTHP,116,60,102529,"Weber, Raymond",raymond.weber@prairieresources.ca,102753_NRTHP,EE102753_CO001,0.55,
102754,EE102754,CO001,Laura,Laura,Roberts,laura.roberts@northernpipeline.com,1993-07-22,2024-04-19,2024-04-19,,06ACC1,Accounts Receivable Clerk,ACCTG,RFT,A,Active,NRTHP,101,80,,,,102754_NRTHP,EE102754_CO001,1.0,
102755,EE102755,CO004,William,William,Williams,william.williams@alpineconstruction.com,1992-12-01,2024-04-19,2024-04-19,,42SAL2,Account Executive,SALES,RFT,T,Terminated,ALPNC,102,210,101824,"Martin, Edward",edward.martin@prairieresources.ca,102755_ALPNC,EE102755_CO004,1.0,2024-06-16
102756,EE102756,CO003,Alexander,Alexander,Hill,alexander.hill@prairieresources.ca,1996-06-04,2024-04-19,2024-04-19,,55TRD1,Apprentice Technician,TRD,RPT,A,Active,PRMRE,100,200,100546,"Ruiz, Priya",priya.ruiz@northernpipeline.com,102756_PRMRE,EE102756_CO003,0.66,
102757,EE102757,CO003,Ingrid,Ingrid,Parker,ingrid.parker@prairieresources.ca,1991-02-11,2024-04-19,2024-04-19,,48OPS1,Operations Assistant,OPS,RFT,A,Active,PRMRE,116,220,101724,"Morales, Fatima",fatima.morales@northernpipeline.com,102757_PRMRE,EE102757_CO003,1.0,
102758,EE102758,CO003,Samantha,Samantha,Bailey,samantha.bailey@prairieresources.ca,1999-08-18,2024-04-19,2024-04-19,,61WHS2,Warehouse Clerk,WHSE,RFT,T,Terminated,PRMRE,100,40,102372,"Lopez, Jonathan",jonathan.lopez@alpineconstruction.com,102758_PRMRE,EE102758_CO003,1.0,2024-06-10
102759,EE102759,CO004,Patricia,Patricia,Fischer,patricia.fischer@alpineconstruction.com,2003-07-07,2024-04-19,2024-04-19,,36IT3,Senior Systems Administrator,IT,RFT,T,Terminated,ALPNC,100,90,100821,"Morales, Catherine",catherine.morales@alpineconstruction.com,102759_ALPNC,EE102759_CO004,1.0,2025-01-30
102760,EE102760,CO002,Timothy,Timothy,Becker,timothy.becker@westmarkmanufacturing.com,1985-10-06,2024-04-19,2024-04-19,,34IT2,Software Developer,IT,RFT,A,Active,WSTMF,102,140,100617,"Hughes, Cynthia",cynthia.hughes@alpineconstruction.com,102760_WSTMF,EE102760_CO002,1.0,
102761,EE102761,CO003,Anna,Anna,Mitchell,anna.mitchell@prairieresources.ca,1986-01-07,2024-04-19,2024-04-19,,41SAL1,Sales Representative,SALES,RFT,A,Active,PRMRE,123,200,101298,"Schmidt, Ruth",ruth.schmidt@prairieresources.ca,102761_PRMRE,EE102761_CO003,1.0,
102762,EE102762,CO004,Dennis,Dennis,Green,dennis.green@alpineconstruction.com,2001-01-27,2024-04-22,2024-04-22,,78ANL2,Business Analyst,ANLYT,RFT,A,Active,ALPNC,119,80,,,,102762_ALPNC,EE102762_CO004,1.0,
102763,EE102763,CO003,Paul,Paul,Torres,paul.torres@prairieresources.ca,1983-10-01,2024-04-24,2024-04-24,,05ACC1,Accounts Payable Clerk,ACCTG,RFT,A,Active,PRMRE,102,50,102746,"Castillo, Nathan",nathan.castillo@alpineconstruction.com,102763_PRMRE,EE102763_CO003,1.0,
102764,EE102764,CO001,Carlos,Carlos,Nilsson,carlos.nilsson@northernpipeline.com,1998-12-13,2024-04-25,2024-04-25,,94LEG2,Paralegal,LEGAL,RPT,T,Terminated,NRTHP,114,180,102185,"Mueller, Jonathan",jonathan.mueller@northernpipeline.com,102764_NRTHP,EE102764_CO001,0.54,2025-04-24
102765,EE102765,CO002,Kimberly,Kimberly,Scott,kimberly.scott@westmarkmanufacturing.com,1990-02-28,2024-04-25,2024-04-25,,65TEC1,Field Technician,TECH,TFT,T,Terminated,WSTMF,115,70,,,,102765_WSTMF,EE102765_CO002,1.0,2025-01-10
102766,EE102766,CO003,Emily,Emily,Nelson,emily.nelson@prairieresources.ca,1984-04-10,2024-04-26,2024-04-26,,20ENG3,Senior Engineer,ENGR,RFT,A,Active,PRMRE,116,100,,,,102766_PRMRE,EE102766_CO003,1.0,
102767,EE102767,CO003,Donald,Donald,Rivera,donald.rivera@prairieresources.ca,1993-01-10,2024-04-26,2024-04-26,,61WHS2,Warehouse Clerk,WHSE,RFT,A,Active,PRMRE,123,190,,,,102767_PRMRE,EE102767_CO003,1.0,
102768,EE102768,CO002,Aaron,Aaron,Larsson,aaron.larsson@westmarkmanufacturing.com,1988-02-22,2024-04-26,2024-04-26,,14CSR2,Customer Service Specialist,CSR,RFT,A,Active,WSTMF,110,220,,,,102768_WSTMF,EE102768_CO002,1.0,
102769,EE102769,CO001,Mei,Mei,Kumar,mei.kumar@northernpipeline.com,1997-11-27,2024-04-26,2024-04-26,,36IT3,Senior Systems Administrator,IT,RPT,T,Terminated,NRTHP,113,60,,,,102769_NRTHP,EE102769_CO001,0.65,2024-07-29
102770,EE102770,CO004,Barbara,Barbara,Castillo,barbara.castillo@alpineconstruction.com,1993-10-12,2024-05-02,2024-05-02,,80ANL4,Analytics Lead,ANLYT,RFT,T,Terminated,ALPNC,111,140,,,,102770_ALPNC,EE102770_CO004,1.0,2024-06-10
102771,EE102771,CO002,Isabella,Isabella,Hernandez,isabella.hernandez@westmarkmanufacturing.com,1995-02-15,2024-05-03,2024-05-03,,25HR1,HR Coordinator,HR,RPT,T,Terminated,WSTMF,113,170,100750,"Cook, Stephanie",stephanie.cook@westmarkmanufacturing.com,102771_WSTMF,EE102771_CO002,0.75,2026-01-16
102772,EE102772,CO002,Amanda,Amanda,Gonzalez,amanda.gonzalez@westmarkmanufacturing.com,1999-05-16,2024-05-03,2024-05-03,,90PRO3,Project Manager,PROJ,CON,T,Terminated,WSTMF,118,30,,,,102772_WSTMF,EE102772_CO002,1.0,2025-09-13
102773,EE102773,CO001,Barbara,Barbara,Stewart,barbara.stewart@northernpipeline.com,1993-10-26,2024-05-03,2024-05-03,,32IT1,IT Support Technician,IT,RFT,A,Active,NRTHP,115,40,102391,"Rivera, Jose",jose.rivera@prairieresources.ca,102773_NRTHP,EE102773_CO001,1.0,
102774,EE102774,CO004,Ingrid,Ingrid,Watson,ingrid.watson@alpineconstruction.com,2005-06-16,2024-05-03,2024-05-03,,01ADM1,Administrative Assistant,ADMIN,RFT,T,Terminated,ALPNC,102,80,100620,"Hall, Sakura",sakura.hall@northernpipeline.com,102774_ALPNC,EE102774_CO004,1.0,2024-11-15
102775,EE102775,CO001,Sharon,Sharon,Olsson,sharon.olsson@northernpipeline.com,1997-03-22,2024-05-03,2024-05-03,,33IT2,Systems Administrator,IT,RFT,T,Terminated,NRTHP,120,130,,,,102775_NRTHP,EE102775_CO001,1.0,2024-06-22
102776,EE102776,CO003,Mohammed,Mohammed,Schneider,mohammed.schneider@prairieresources.ca,1994-06-21,2024-05-06,2024-05-06,,36IT3,Senior Systems Administrator,IT,RFT,T,Terminated,PRMRE,102,30,,,,102776_PRMRE,EE102776_CO003,1.0,2025-08-29
102777,EE102777,CO001,Ahmed,Ahmed,Liu,ahmed.liu@northernpipeline.com,1995-02-10,2024-05-07,2024-05-07,,18ENG1,Junior Engineer,ENGR,RFT,A,Active,NRTHP,118,150,102348,"Long, Yuki",yuki.long@westmarkmanufacturing.com,102777_NRTHP,EE102777_CO001,1.0,
102778,EE102778,CO004,Anthony,Anthony,Martinez,anthony.martinez@alpineconstruction.com,1995-01-01,2024-05-08,2024-05-08,,71MKT2,Marketing Specialist,MKTG,RFT,A,Active,ALPNC,114,180,102185,"Mueller, Jonathan",jonathan.mueller@northernpipeline.com,102778_ALPNC,EE102778_CO004,1.0,
102779,EE102779,CO002,Benjamin,Benjamin,Peterson,benjamin.peterson@westmarkmanufacturing.com,1992-10-16,2024-05-08,2024-05-08,,03ADM3,Senior Administrative Coordinator,ADMIN,RPT,A,Active,WSTMF,111,90,,,,102779_WSTMF,EE102779_CO002,0.49,
102780,EE102780,CO003,Andrew,Andrew,Johnson,andrew.johnson@prairieresources.ca,1988-01-22,2024-05-09,2024-05-09,,01ADM1,Administrative Assistant,ADMIN,RFT,T,Terminated,PRMRE,102,210,101824,"Martin, Edward",edward.martin@prairieresources.ca,102780_PRMRE,EE102780_CO003,1.0,2025-05-27
102781,EE102781,CO001,Sandra,Sandra,Bennett,sandra.bennett@northernpipeline.com,1984-04-08,2024-05-10,2024-05-10,,51OPS4,Operations Lead,OPS,RFT,A,Active,NRTHP,124,100,,,,102781_NRTHP,EE102781_CO001,1.0,
102782,EE102782,CO001,Barbara,Barbara,Carter,barbara.carter@northernpipeline.com,1998-05-30,2024-05-10,2024-05-10,,65TEC1,Field Technician,TECH,RFT,A,Active,NRTHP,100,60,,,,102782_NRTHP,EE102782_CO001,1.0,
102783,EE102783,CO003,Emma,Emma,Wilson,emma.wilson@prairieresources.ca,2004-11-10,2024-05-10,2024-05-10,,67TEC3,Senior Service Technician,TECH,RFT,T,Terminated,PRMRE,115,240,102901,"Olsson, Charles",charles.olsson@westmarkmanufacturing.com,102783_PRMRE,EE102783_CO003,1.0,2025-04-30
102784,EE102784,CO001,Stephen,Stephen,Edwards,stephen.edwards@northernpipeline.com,2003-01-17,2024-05-10,2024-05-10,,20ENG3,Senior Engineer,ENGR,CON,A,Active,NRTHP,115,10,,,,102784_NRTHP,EE102784_CO001,1.0,
102785,EE102785,CO001,Linda,Linda,Meyer,linda.meyer@northernpipeline.com,1997-04-11,2024-05-10,2024-05-10,,94LEG2,Paralegal,LEGAL,RFT,A,Active,NRTHP,116,120,101531,"Kim, Rachel",rachel.kim@alpineconstruction.com,102785_NRTHP,EE102785_CO001,1.0,
102786,EE102786,CO003,Samuel,Samuel,Evans,samuel.evans@prairieresources.ca,1996-03-22,2024-05-10,2024-05-10,,05ACC1,Accounts Payable Clerk,ACCTG,RFT,A,Active,PRMRE,105,30,101914,"Rodriguez, Carlos",carlos.rodriguez@prairieresources.ca,102786_PRMRE,EE102786_CO003,1.0,
102787,EE102787,CO001,Robert,Robert,Alvarez,robert.alvarez@northernpipeline.com,1999-08-21,2024-05-10,2024-05-10,,84SUP5,Area Supervisor,SUPV,CON,T,Terminated,NRTHP,118,20,,,,102787_NRTHP,EE102787_CO001,1.0,2024-10-18
102788,EE102788,CO003,Jason,Jason,Li,jason.li@prairieresources.ca,2004-11-05,2024-05-10,2024-05-10,,06ACC1,Accounts Receivable Clerk,ACCTG,RFT,A,Active,PRMRE,122,120,100170,"Persson, Margaret",margaret.persson@prairieresources.ca,102788_PRMRE,EE102788_CO003,1.0,
102789,EE102789,CO004,Michael,Michael,Anderson,michael.anderson@alpineconstruction.com,1996-11-03,2024-05-10,2024-05-10,,72MKT3,Senior Marketing Specialist,MKTG,RFT,A,Active,ALPNC,119,200,,,,102789_ALPNC,EE102789_CO004,1.0,
102790,EE102790,CO001,Barbara,Barbara,Nelson,barbara.nelson@northernpipeline.com,1991-01-26,2024-05-13,2024-05-13,,57TRD3,Senior Technician,TRD,RFT,A,Active,NRTHP,103,250,,,,102790_NRTHP,EE102790_CO001,1.0,
102791,EE102791,CO001,Patrick,Patrick,Wang,patrick.wang@northernpipeline.com,1986-07-19,2024-05-13,2024-05-13,,26HR2,HR Generalist,HR,RFT,T,Terminated,NRTHP,115,110,102872,"Gray, Carolyn",carolyn.gray@prairieresources.ca,102791_NRTHP,EE102791_CO001,1.0,2024-06-30
102792,EE102792,CO003,Gregory,Gregory,Jimenez,gregory.jimenez@prairieresources.ca,1997-08-20,2024-05-14,2024-05-14,,18ENG1,Junior Engineer,ENGR,RFT,A,Active,PRMRE,118,130,100080,"Campbell, Carol",carol.campbell@prairieresources.ca,102792_PRMRE,EE102792_CO003,1.0,
102793,EE102793,CO003,Brandon,Brandon,Bailey,brandon.bailey@prairieresources.ca,1997-04-29,2024-05-15,2024-05-15,,06ACC1,Accounts Receivable Clerk,ACCTG,RFT,T,Terminated,PRMRE,118,110,,,,102793_PRMRE,EE102793_CO003,1.0,2025-03-29
102794,EE102794,CO004,Paul,Paul,Hernandez,paul.hernandez@alpineconstruction.com,2001-12-06,2024-05-15,2024-05-15,,61WHS2,Warehouse Clerk,WHSE,RFT,T,Terminated,ALPNC,100,70,,,,102794_ALPNC,EE102794_CO004,1.0,2025-03-31
102795,EE102795,CO003,Andrew,Andrew,Rivera,andrew.rivera@prairieresources.ca,1993-03-25,2024-05-15,2024-05-15,,06ACC1,Accounts Receivable Clerk,ACCTG,CON,A,Active,PRMRE,102,110,100283,"Larsson, Patricia",patricia.larsson@alpineconstruction.com,102795_PRMRE,EE102795_CO003,1.0,
102796,EE102796,CO003,Charles,Charles,Ross,charles.ross@prairieresources.ca,2001-03-01,2024-05-15,2024-05-15,,68TEC4,Technical Specialist,TECH,RPT,T,Terminated,PRMRE,123,150,,,,102796_PRMRE,EE102796_CO003,0.51,2025-08-15
102797,EE102797,CO004,Wei,Wei,Singh,wei.singh@alpineconstruction.com,1986-11-27,2024-05-16,2024-05-16,,73MKT4,Marketing Lead,MKTG,RFT,T,Terminated,ALPNC,100,150,,,,102797_ALPNC,EE102797_CO004,1.0,2025-06-05
102798,EE102798,CO003,Shirley,Shirley,Castillo,shirley.castillo@prairieresources.ca,2006-02-23,2024-05-16,2024-05-16,,25HR1,HR Coordinator,HR,RFT,A,Active,PRMRE,121,160,101494,"Jones, Eric",eric.jones@alpineconstruction.com,102798_PRMRE,EE102798_CO003,1.0,
102799,EE102799,CO004,Dmitri,Dmitri,Chavez,dmitri.chavez@alpineconstruction.com,1996-03-18,2024-05-16,2024-05-16,,65TEC1,Field Technician,TECH,RPT,T,Terminated,ALPNC,121,180,,,,102799_ALPNC,EE102799_CO004,0.71,2024-12-05
102800,EE102800,CO002,Mei,Mei,Sanders,mei.sanders@westmarkmanufacturing.com,1989-02-02,2024-05-17,2024-05-17,,33IT2,Systems Administrator,IT,RFT,A,Active,WSTMF,104,250,102707,"Kim, Maria",maria.kim@alpineconstruction.com,102800_WSTMF,EE102800_CO002,1.0,
102801,EE102801,CO004,Olga,Olga,Martin,olga.martin@alpineconstruction.com,1991-03-10,2024-05-17,2024-05-17,,43SAL3,Senior Account Executive,SALES,RFT,T,Terminated,ALPNC,104,250,,,,102801_ALPNC,EE102801_CO004,1.0,2024-05-21
102802,EE102802,CO004,William,William,Ward,william.ward@alpineconstruction.com,1965-12-01,2024-05-17,2024-05-17,,62WHS3,Senior Warehouse Clerk,WHSE,CON,T,Terminated,ALPNC,116,90,102267,"Schmidt, Kimberly",kimberly.schmidt@alpineconstruction.com,102802_ALPNC,EE102802_CO004,1.0,2024-11-10
102803,EE102803,CO001,Tyler,Tyler,Ruiz,tyler.ruiz@northernpipeline.com,1989-02-02,2024-05-20,2024-05-20,,77ANL1,Data Analyst,ANLYT,CON,A,Active,NRTHP,103,40,100952,"Rivera, Jacob",jacob.rivera@northernpipeline.com,102803_NRTHP,EE102803_CO001,1.0,
102804,EE102804,CO001,Patrick,Patrick,Anderson,patrick.anderson@northernpipeline.com,2003-04-29,2024-05-21,2024-05-21,,66TEC2,Service Technician,TECH,RPT,A,Active,NRTHP,120,110,,,,102804_NRTHP,EE102804_CO001,0.61,
102805,EE102805,CO003,Astrid,Astrid,Rodriguez,astrid.rodriguez@prairieresources.ca,1992-09-17,2024-05-21,2024-05-21,,89PRO2,Project Coordinator,PROJ,RPT,A,Active,PRMRE,115,120,101288,"Baker, Brandon",brandon.baker@alpineconstruction.com,102805_PRMRE,EE102805_CO003,0.45,
102806,EE102806,CO003,Deborah,Deborah,Reed,deborah.reed@prairieresources.ca,2006-05-15,2024-05-22,2024-05-22,,61WHS2,Warehouse Clerk,WHSE,RFT,A,Active,PRMRE,122,160,100003,"Liu, Barbara",barbara.liu@northernpipeline.com,102806_PRMRE,EE102806_CO003,1.0,
102807,EE102807,CO001,Mei,Mei,Roberts,mei.roberts@northernpipeline.com,1992-11-27,2024-05-23,2024-05-23,,16CSR4,Customer Service Team Lead,CSR,TAW,T,Terminated,NRTHP,119,50,,,,102807_NRTHP,EE102807_CO001,1.0,2024-08-04
102808,EE102808,CO004,Thomas,Thomas,Reed,thomas.reed@alpineconstruction.com,2000-11-07,2024-05-23,2024-05-23,,42SAL2,Account Executive,SALES,RFT,A,Active,ALPNC,116,150,100258,"Cox, Virginia",virginia.cox@prairieresources.ca,102808_ALPNC,EE102808_CO004,1.0,
102809,EE102809,CO004,Dennis,Dennis,Nilsson,dennis.nilsson@alpineconstruction.com,1982-06-20,2024-05-24,2024-05-24,,61WHS2,Warehouse Clerk,WHSE,RFT,A,Active,ALPNC,100,200,100546,"Ruiz, Priya",priya.ruiz@northernpipeline.com,102809_ALPNC,EE102809_CO004,1.0,
102810,EE102810,CO002,Aaron,Aaron,Garcia,aaron.garcia@westmarkmanufacturing.com,1998-03-04,2024-05-24,2024-05-24,,02ADM2,Administrative Coordinator,ADMIN,RFT,A,Active,WSTMF,102,60,101520,"Olsson, Jason",jason.olsson@alpineconstruction.com,102810_WSTMF,EE102810_CO002,1.0,
102811,EE102811,CO003,Donna,Donna,Turner,donna.turner@prairieresources.ca,1993-09-09,2024-05-24,2024-05-24,,36IT3,Senior Systems Administrator,IT,RFT,A,Active,PRMRE,105,110,,,,102811_PRMRE,EE102811_CO003,1.0,
102812,EE102812,CO003,Ryan,Ryan,Miller,ryan.miller@prairieresources.ca,1998-07-20,2024-05-24,2024-05-24,,79ANL3,Senior Data Analyst,ANLYT,RFT,A,Active,PRMRE,102,210,,,,102812_PRMRE,EE102812_CO003,1.0,
102813,EE102813,CO004,John,John,Mitchell,john.mitchell@alpineconstruction.com,1975-05-14,2024-05-28,2024-05-28,,92PRO5,Program Manager,PROJ,RFT,A,Active,ALPNC,102,220,,,,102813_ALPNC,EE102813_CO004,1.0,
102814,EE102814,CO001,Michael,Michael,Lewis,michael.lewis@northernpipeline.com,1995-12-06,2024-05-28,2024-05-28,,32IT1,IT Support Technician,IT,RFT,A,Active,NRTHP,109,10,,,,102814_NRTHP,EE102814_CO001,1.0,
102815,EE102815,CO002,Ronald,Ronald,Adams,ronald.adams@westmarkmanufacturing.com,1973-08-08,2024-05-31,2024-05-31,,74MKT5,Marketing Manager,MKTG,RPT,T,Terminated,WSTMF,108,220,,,,102815_WSTMF,EE102815_CO002,0.69,2024-10-14
102816,EE102816,CO003,Jack,Jack,Johnson,jack.johnson@prairieresources.ca,1983-07-08,2024-05-31,2024-05-31,,78ANL2,Business Analyst,ANLYT,RFT,T,Terminated,PRMRE,121,170,,,,102816_PRMRE,EE102816_CO003,1.0,2025-07-03
102817,EE102817,CO003,Eric,Eric,Perez,eric.perez@prairieresources.ca,1987-09-15,2024-05-31,2024-05-31,,48OPS1,Operations Assistant,OPS,RFT,A,Active,PRMRE,102,90,102610,"Stewart, Christine",christine.stewart@westmarkmanufacturing.com,102817_PRMRE,EE102817_CO003,1.0,
102818,EE102818,CO001,Sandra,Sandra,Schulz,sandra.schulz@northernpipeline.com,1988-11-02,2024-05-31,2024-05-31,,27HR3,Senior HR Generalist,HR,RFT,T,Terminated,NRTHP,102,110,100283,"Larsson, Patricia",patricia.larsson@alpineconstruction.com,102818_NRTHP,EE102818_CO001,1.0,2025-09-14
102819,EE102819,CO001,Donald,Donald,Flores,donald.flores@northernpipeline.com,1988-11-30,2024-06-03,2024-06-03,,42SAL2,Account Executive,SALES,CON,A,Active,NRTHP,100,130,101590,"Karlsson, Aaron",aaron.karlsson@prairieresources.ca,102819_NRTHP,EE102819_CO001,1.0,
102820,EE102820,CO003,Tyler,Tyler,Flores,tyler.flores@prairieresources.ca,2005-10-20,2024-06-04,2024-06-04,,32IT1,IT Support Technician,IT,CON,T,Terminated,PRMRE,122,220,,,,102820_PRMRE,EE102820_CO003,1.0,2024-07-05
102821,EE102821,CO004,Amy,Amy,Patel,amy.patel@alpineconstruction.com,1994-10-23,2024-06-05,2024-06-05,,15CSR3,Senior Customer Service Specialist,CSR,TFT,T,Terminated,ALPNC,114,120,,,,102821_ALPNC,EE102821_CO004,1.0,2024-11-04
102822,EE102822,CO001,Susan,Susan,Garcia,susan.garcia@northernpipeline.com,1984-05-06,2024-06-06,2024-06-06,,55TRD1,Apprentice Technician,TRD,RFT,T,Terminated,NRTHP,120,20,,,,102822_NRTHP,EE102822_CO001,1.0,2024-06-15
102823,EE102823,CO004,William,William,Phillips,william.phillips@alpineconstruction.com,1993-06-09,2024-06-06,2024-06-06,,56TRD2,Journeyman Technician,TRD,RPT,T,Terminated,ALPNC,111,120,101780,"Schulz, Cynthia",cynthia.schulz@westmarkmanufacturing.com,102823_ALPNC,EE102823_CO004,0.7,2024-09-26
102824,EE102824,CO001,Jeffrey,Jeffrey,Clark,jeffrey.clark@northernpipeline.com,2005-12-05,2024-06-07,2024-06-07,,57TRD3,Senior Technician,TRD,TFT,T,Terminated,NRTHP,123,190,,,,102824_NRTHP,EE102824_CO001,1.0,2025-01-18
102825,EE102825,CO004,Adam,Adam,Adams,adam.adams@alpineconstruction.com,1992-10-23,2024-06-07,2024-06-07,,01ADM1,Administrative Assistant,ADMIN,RFT,T,Terminated,ALPNC,121,40,102259,"Martinez, Nicole",nicole.martinez@alpineconstruction.com,102825_ALPNC,EE102825_CO004,1.0,2024-12-15
102826,EE102826,CO003,Carlos,Carlos,Rodriguez,carlos.rodriguez@prairieresources.ca,1975-01-15,2024-06-07,2024-06-07,,94LEG2,Paralegal,LEGAL,RFT,A,Active,PRMRE,123,160,100953,"Hernandez, Amy",amy.hernandez@northernpipeline.com,102826_PRMRE,EE102826_CO003,1.0,
102827,EE102827,CO001,Jessica,Jessica,Morales,jessica.morales@northernpipeline.com,1980-06-12,2024-06-07,2024-06-07,,65TEC1,Field Technician,TECH,RFT,T,Terminated,NRTHP,117,80,,,,102827_NRTHP,EE102827_CO001,1.0,2025-11-05
102828,EE102828,CO002,Paul,Paul,Diaz,paul.diaz@westmarkmanufacturing.com,1992-11-29,2024-06-07,2024-06-07,,36IT3,Senior Systems Administrator,IT,RFT,A,Active,WSTMF,107,240,,,,102828_WSTMF,EE102828_CO002,1.0,
102829,EE102829,CO002,Carlos,Carlos,Diaz,carlos.diaz@westmarkmanufacturing.com,1982-09-30,2024-06-10,2024-06-10,,01ADM1,Administrative Assistant,ADMIN,CON,T,Terminated,WSTMF,108,100,100625,"Rodriguez, Shirley",shirley.rodriguez@westmarkmanufacturing.com,102829_WSTMF,EE102829_CO002,1.0,2025-04-20
102830,EE102830,CO001,Rebecca,Rebecca,Lewis,rebecca.lewis@northernpipeline.com,1995-11-18,2024-06-10,2024-06-10,,06ACC1,Accounts Receivable Clerk,ACCTG,RFT,A,Active,NRTHP,124,110,102338,"Jones, James",james.jones@northernpipeline.com,102830_NRTHP,EE102830_CO001,1.0,
102831,EE102831,CO003,Richard,Richard,Lee,richard.lee@prairieresources.ca,2005-08-05,2024-06-10,2024-06-10,,65TEC1,Field Technician,TECH,RPT,A,Active,PRMRE,100,140,101268,"Schulz, Jonathan",jonathan.schulz@westmarkmanufacturing.com,102831_PRMRE,EE102831_CO003,0.54,
102832,EE102832,CO003,Sandra,Sandra,Olsson,sandra.olsson@prairieresources.ca,2001-08-03,2024-06-11,2024-06-11,,14CSR2,Customer Service Specialist,CSR,RFT,T,Terminated,PRMRE,122,100,101678,"Chavez, Eric",eric.chavez@westmarkmanufacturing.com,102832_PRMRE,EE102832_CO003,1.0,2025-07-31
102833,EE102833,CO002,Carolyn,Carolyn,Gray,carolyn.gray@westmarkmanufacturing.com,1976-08-23,2024-06-11,2024-06-11,,38IT5,IT Manager,IT,RFT,T,Terminated,WSTMF,113,70,,,,102833_WSTMF,EE102833_CO002,1.0,2024-08-15
102834,EE102834,CO002,Fatima,Fatima,Weber,fatima.weber@westmarkmanufacturing.com,1994-06-25,2024-06-12,2024-06-12,,19ENG2,Engineer,ENGR,CON,T,Terminated,WSTMF,102,250,,,,102834_WSTMF,EE102834_CO002,1.0,2024-12-21
102835,EE102835,CO002,Rachel,Rachel,Garcia,rachel.garcia@westmarkmanufacturing.com,1994-07-05,2024-06-13,2024-06-13,,89PRO2,Project Coordinator,PROJ,RFT,T,Terminated,WSTMF,100,50,101996,"Scott, Ashley",ashley.scott@prairieresources.ca,102835_WSTMF,EE102835_CO002,1.0,2024-10-06
102836,EE102836,CO002,Deborah,Deborah,Alvarez,deborah.alvarez@westmarkmanufacturing.com,1995-03-25,2024-06-13,2024-06-13,,80ANL4,Analytics Lead,ANLYT,RFT,A,Active,WSTMF,124,170,,,,102836_WSTMF,EE102836_CO002,1.0,
102837,EE102837,CO002,Alexander,Alexander,Gray,alexander.gray@westmarkmanufacturing.com,1973-04-28,2024-06-14,2024-06-14,,49OPS2,Operations Coordinator,OPS,CON,A,Active,WSTMF,100,160,102626,"Diaz, Patricia",patricia.diaz@alpineconstruction.com,102837_WSTMF,EE102837_CO002,1.0,
102838,EE102838,CO001,Brandon,Brandon,Morgan,brandon.morgan@northernpipeline.com,1976-04-21,2024-06-14,2024-06-14,,89PRO2,Project Coordinator,PROJ,TAW,T,Terminated,NRTHP,104,100,100066,"Li, Raj",raj.li@alpineconstruction.com,102838_NRTHP,EE102838_CO001,1.0,2024-08-16
102839,EE102839,CO003,Scott,Scott,Jackson,scott.jackson@prairieresources.ca,1969-10-11,2024-06-14,2024-06-14,,16CSR4,Customer Service Team Lead,CSR,RFT,A,Active,PRMRE,118,90,,,,102839_PRMRE,EE102839_CO003,1.0,
102840,EE102840,CO002,Joseph,Joseph,Carter,joseph.carter@westmarkmanufacturing.com,1993-11-26,2024-06-14,2024-06-14,,57TRD3,Senior Technician,TRD,RFT,T,Terminated,WSTMF,122,180,,,,102840_WSTMF,EE102840_CO002,1.0,2025-06-30
102841,EE102841,CO004,Ryan,Ryan,Morris,ryan.morris@alpineconstruction.com,1990-05-09,2024-06-14,2024-06-14,,90PRO3,Project Manager,PROJ,RFT,A,Active,ALPNC,104,180,102929,"Parker, Anna",anna.parker@westmarkmanufacturing.com,102841_ALPNC,EE102841_CO004,1.0,
102842,EE102842,CO001,Kevin,Kevin,Diaz,kevin.diaz@northernpipeline.com,2006-04-19,2024-06-14,2024-06-14,,21ENG4,Principal Engineer,ENGR,RFT,A,Active,NRTHP,103,100,,,,102842_NRTHP,EE102842_CO001,1.0,
102843,EE102843,CO001,William,William,Cruz,william.cruz@northernpipeline.com,1977-11-01,2024-06-14,2024-06-14,,18ENG1,Junior Engineer,ENGR,RFT,A,Active,NRTHP,124,30,101397,"Alvarez, Janet",janet.alvarez@prairieresources.ca,102843_NRTHP,EE102843_CO001,1.0,
102844,EE102844,CO001,Michael,Michael,Allen,michael.allen@northernpipeline.com,2003-10-18,2024-06-17,2024-06-17,,96LEG4,Senior Legal Counsel,LEGAL,RPT,A,Active,NRTHP,118,60,,,,102844_NRTHP,EE102844_CO001,0.77,
102845,EE102845,CO003,Karen,Karen,Alvarez,karen.alvarez@prairieresources.ca,1990-03-15,2024-06-17,2024-06-17,,48OPS1,Operations Assistant,OPS,RFT,A,Active,PRMRE,121,80,,,,102845_PRMRE,EE102845_CO003,1.0,
102846,EE102846,CO002,Sofia,Sofia,Chen,sofia.chen@westmarkmanufacturing.com,2002-09-26,2024-06-19,2024-06-19,,79ANL3,Senior Data Analyst,ANLYT,RPT,T,Terminated,WSTMF,104,180,102929,"Parker, Anna",anna.parker@westmarkmanufacturing.com,102846_WSTMF,EE102846_CO002,0.75,2024-09-11
102847,EE102847,CO003,Adam,Adam,Long,adam.long@prairieresources.ca,1998-04-06,2024-06-19,2024-06-19,,33IT2,Systems Administrator,IT,RFT,T,Terminated,PRMRE,118,140,101731,"Young, Jose",jose.young@northernpipeline.com,102847_PRMRE,EE102847_CO003,1.0,2024-12-04
102848,EE102848,CO001,George,George,Weber,george.weber@northernpipeline.com,2001-04-07,2024-06-20,2024-06-20,,06ACC1,Accounts Receivable Clerk,ACCTG,RFT,A,Active,NRTHP,109,120,,,,102848_NRTHP,EE102848_CO001,1.0,
102849,EE102849,CO004,Jose,Jose,Phillips,jose.phillips@alpineconstruction.com,1998-08-02,2024-06-20,2024-06-20,,68TEC4,Technical Specialist,TECH,RFT,A,Active,ALPNC,119,170,,,,102849_ALPNC,EE102849_CO004,1.0,
102850,EE102850,CO002,Kevin,Kevin,Young,kevin.young@westmarkmanufacturing.com,1998-03-21,2024-06-24,2024-06-24,,19ENG2,Engineer,ENGR,RPT,A,Active,WSTMF,102,50,102746,"Castillo, Nathan",nathan.castillo@alpineconstruction.com,102850_WSTMF,EE102850_CO002,0.78,
102851,EE102851,CO001,Edward,Edward,Singh,edward.singh@northernpipeline.com,1998-02-02,2024-06-25,2024-06-25,,14CSR2,Customer Service Specialist,CSR,RFT,A,Active,NRTHP,114,100,,,,102851_NRTHP,EE102851_CO001,1.0,
102852,EE102852,CO002,Nathan,Nathan,Lewis,nathan.lewis@westmarkmanufacturing.com,1984-03-05,2024-06-27,2024-06-27,,43SAL3,Senior Account Executive,SALES,RFT,T,Terminated,WSTMF,104,190,,,,102852_WSTMF,EE102852_CO002,1.0,2025-07-10
102853,EE102853,CO003,Maria,Maria,Johansson,maria.johansson@prairieresources.ca,2004-05-09,2024-06-28,2024-06-28,,66TEC2,Service Technician,TECH,RFT,T,Terminated,PRMRE,121,100,,,,102853_PRMRE,EE102853_CO003,1.0,2025-03-14
102854,EE102854,CO001,Robert,Robert,Wong,robert.wong@northernpipeline.com,1989-07-15,2024-06-28,2024-06-28,,94LEG2,Paralegal,LEGAL,RFT,A,Active,NRTHP,120,100,,,,102854_NRTHP,EE102854_CO001,1.0,
102855,EE102855,CO003,Ashley,Ashley,Kelly,ashley.kelly@prairieresources.ca,1980-02-26,2024-07-01,2024-07-01,,25HR1,HR Coordinator,HR,RFT,A,Active,PRMRE,102,240,101786,"Cox, Kevin",kevin.cox@alpineconstruction.com,102855_PRMRE,EE102855_CO003,1.0,
102856,EE102856,CO002,Jonathan,Jonathan,Johansson,jonathan.johansson@westmarkmanufacturing.com,1997-11-06,2024-07-02,2024-07-02,,55TRD1,Apprentice Technician,TRD,RPT,L,Leave of Absence,WSTMF,115,50,100721,"Walker, Larry",larry.walker@alpineconstruction.com,102856_WSTMF,EE102856_CO002,0.51,
102857,EE102857,CO004,Patricia,Patricia,Karlsson,patricia.karlsson@alpineconstruction.com,2000-02-12,2024-07-02,2024-07-02,,01ADM1,Administrative Assistant,ADMIN,RFT,T,Terminated,ALPNC,104,130,100843,"Larsson, Joshua",joshua.larsson@westmarkmanufacturing.com,102857_ALPNC,EE102857_CO004,1.0,2026-01-02
102858,EE102858,CO004,Helen,Helen,White,helen.white@alpineconstruction.com,1994-10-01,2024-07-03,2024-07-03,,26HR2,HR Generalist,HR,RFT,A,Active,ALPNC,115,230,101987,"Schmidt, Priya",priya.schmidt@westmarkmanufacturing.com,102858_ALPNC,EE102858_CO004,1.0,
102859,EE102859,CO003,Samantha,Samantha,Johansson,samantha.johansson@prairieresources.ca,1981-03-30,2024-07-04,2024-07-04,,34IT2,Software Developer,IT,RFT,A,Active,PRMRE,124,90,100652,"Smith, Larry",larry.smith@westmarkmanufacturing.com,102859_PRMRE,EE102859_CO003,1.0,
102860,EE102860,CO001,Lisa,Lisa,Allen,lisa.allen@northernpipeline.com,1990-09-21,2024-07-04,2024-07-04,,70MKT1,Marketing Coordinator,MKTG,RFT,A,Active,NRTHP,111,200,101844,"Cox, Frank",frank.cox@alpineconstruction.com,102860_NRTHP,EE102860_CO001,1.0,
102861,EE102861,CO001,Timothy,Timothy,Gomez,timothy.gomez@northernpipeline.com,1998-03-01,2024-07-04,2024-07-04,,05ACC1,Accounts Payable Clerk,ACCTG,RFT,A,Active,NRTHP,124,120,101806,"Campbell, Edward",edward.campbell@alpineconstruction.com,102861_NRTHP,EE102861_CO001,1.0,
102862,EE102862,CO001,Rachel,Rachel,Yamamoto,rachel.yamamoto@northernpipeline.com,1987-08-07,2024-07-05,2024-07-05,,57TRD3,Senior Technician,TRD,RPT,T,Terminated,NRTHP,118,80,,,,102862_NRTHP,EE102862_CO001,0.72,2024-09-19
102863,EE102863,CO004,Andrew,Andrew,Robinson,andrew.robinson@alpineconstruction.com,2003-09-29,2024-07-05,2024-07-05,,16CSR4,Customer Service Team Lead,CSR,TAW,A,Active,ALPNC,116,190,,,,102863_ALPNC,EE102863_CO004,1.0,
102864,EE102864,CO004,Michelle,Michelle,Cox,michelle.cox@alpineconstruction.com,1985-09-27,2024-07-05,2024-07-05,,62WHS3,Senior Warehouse Clerk,WHSE,RFT,T,Terminated,ALPNC,114,150,100084,"Nelson, Anna",anna.nelson@alpineconstruction.com,102864_ALPNC,EE102864_CO004,1.0,2025-07-11
102865,EE102865,CO003,Margaret,Margaret,Persson,margaret.persson@prairieresources.ca,1987-08-07,2024-07-09,2024-07-09,,60WHS1,Warehouse Associate,WHSE,RFT,A,Active,PRMRE,122,140,102218,"Tanaka, Ingrid",ingrid.tanaka@prairieresources.ca,102865_PRMRE,EE102865_CO003,1.0,
102866,EE102866,CO004,Nicole,Nicole,Wagner,nicole.wagner@alpineconstruction.com,1995-09-25,2024-07-09,2024-07-09,,62WHS3,Senior Warehouse Clerk,WHSE,RFT,T,Terminated,ALPNC,102,250,,,,102866_ALPNC,EE102866_CO004,1.0,2024-09-13
102867,EE102867,CO001,Joseph,Joseph,Sanchez,joseph.sanchez@northernpipeline.com,2001-06-01,2024-07-10,2024-07-10,,14CSR2,Customer Service Specialist,CSR,RPT,A,Active,NRTHP,116,50,100007,"Becker, Gary",gary.becker@alpineconstruction.com,102867_NRTHP,EE102867_CO001,0.61,
102868,EE102868,CO004,Matthew,Matthew,Li,matthew.li@alpineconstruction.com,2001-06-20,2024-07-10,2024-07-10,,13CSR1,Customer Service Representative,CSR,RFT,T,Terminated,ALPNC,116,70,101496,"Hill, Gregory",gregory.hill@prairieresources.ca,102868_ALPNC,EE102868_CO004,1.0,2025-08-16
102869,EE102869,CO002,Lisa,Lisa,Diaz,lisa.diaz@westmarkmanufacturing.com,1987-02-12,2024-07-12,2024-07-12,,56TRD2,Journeyman Technician,TRD,RFT,A,Active,WSTMF,124,10,100895,"Li, George",george.li@alpineconstruction.com,102869_WSTMF,EE102869_CO002,1.0,
102870,EE102870,CO002,Joyce,Joyce,King,joyce.king@westmarkmanufacturing.com,1980-07-22,2024-07-12,2024-07-12,,01ADM1,Administrative Assistant,ADMIN,RFT,A,Active,WSTMF,102,200,102657,"Ramirez, Anthony",anthony.ramirez@westmarkmanufacturing.com,102870_WSTMF,EE102870_CO002,1.0,
102871,EE102871,CO004,Amanda,Amanda,Li,amanda.li@alpineconstruction.com,1999-01-26,2024-07-12,2024-07-12,,02ADM2,Administrative Coordinator,ADMIN,RFT,A,Active,ALPNC,112,230,,,,102871_ALPNC,EE102871_CO004,1.0,
102872,EE102872,CO003,Carolyn,Carolyn,Gray,carolyn.gray@prairieresources.ca,1988-06-18,2024-07-12,2024-07-12,,44SAL4,Sales Team Lead,SALES,RPT,A,Active,PRMRE,115,110,,,,102872_PRMRE,EE102872_CO003,0.76,
102873,EE102873,CO001,Mei,Mei,Roberts,mei.roberts@northernpipeline.com,2006-04-27,2024-07-12,2024-07-12,,34IT2,Software Developer,IT,RFT,A,Active,NRTHP,121,160,,,,102873_NRTHP,EE102873_CO001,1.0,
102874,EE102874,CO003,Sarah,Sarah,Persson,sarah.persson@prairieresources.ca,1998-03-30,2024-07-12,2024-07-12,,56TRD2,Journeyman Technician,TRD,RFT,A,Active,PRMRE,116,140,101433,"Persson, Benjamin",benjamin.persson@alpineconstruction.com,102874_PRMRE,EE102874_CO003,1.0,
102875,EE102875,CO002,James,James,Alvarez,james.alvarez@westmarkmanufacturing.com,1992-10-27,2024-07-12,2024-07-12,,01ADM1,Administrative Assistant,ADMIN,RPT,A,Active,WSTMF,104,130,100843,"Larsson, Joshua",joshua.larsson@westmarkmanufacturing.com,102875_WSTMF,EE102875_CO002,0.74,
102876,EE102876,CO002,Jack,Jack,Meyer,jack.meyer@westmarkmanufacturing.com,2002-04-07,2024-07-15,2024-07-15,,61WHS2,Warehouse Clerk,WHSE,RFT,A,Active,WSTMF,111,40,101448,"Chen, Kenneth",kenneth.chen@alpineconstruction.com,102876_WSTMF,EE102876_CO002,1.0,
102877,EE102877,CO003,Pierre,Pierre,Jackson,pierre.jackson@prairieresources.ca,2001-08-08,2024-07-16,2024-07-16,,62WHS3,Senior Warehouse Clerk,WHSE,RFT,A,Active,PRMRE,102,190,,,,102877_PRMRE,EE102877_CO003,1.0,
102878,EE102878,CO003,Olga,Olga,Allen,olga.allen@prairieresources.ca,1999-03-31,2024-07-17,2024-07-17,,26HR2,HR Generalist,HR,RFT,T,Terminated,PRMRE,102,110,100283,"Larsson, Patricia",patricia.larsson@alpineconstruction.com,102878_PRMRE,EE102878_CO003,1.0,2024-09-03
102879,EE102879,CO001,Dorothy,Dorothy,Mueller,dorothy.mueller@northernpipeline.com,1990-04-12,2024-07-18,2024-07-18,,91PRO4,Senior Project Manager,PROJ,RFT,A,Active,NRTHP,122,20,,,,102879_NRTHP,EE102879_CO001,1.0,
102880,EE102880,CO001,Brandon,Brandon,Gray,brandon.gray@northernpipeline.com,1994-06-10,2024-07-18,2024-07-18,,32IT1,IT Support Technician,IT,RFT,A,Active,NRTHP,124,50,101154,"Wilson, Andrew",andrew.wilson@alpineconstruction.com,102880_NRTHP,EE102880_CO001,1.0,
102881,EE102881,CO002,Heather,Heather,Thompson,heather.thompson@westmarkmanufacturing.com,2005-11-16,2024-07-18,2024-07-18,,26HR2,HR Generalist,HR,RFT,T,Terminated,WSTMF,108,250,,,,102881_WSTMF,EE102881_CO002,1.0,2025-06-07
102882,EE102882,CO004,Angela,Angela,Clark,angela.clark@alpineconstruction.com,2006-03-10,2024-07-18,2024-07-18,,11ACC6,Controller,ACCTG,RFT,A,Active,ALPNC,114,130,,,,102882_ALPNC,EE102882_CO004,1.0,
102883,EE102883,CO003,Donald,Donald,Bailey,donald.bailey@prairieresources.ca,1999-07-15,2024-07-19,2024-07-19,,08ACC3,Senior Accountant,ACCTG,RFT,A,Active,PRMRE,116,50,,,,102883_PRMRE,EE102883_CO003,1.0,
102884,EE102884,CO001,Alexander,Alexander,Stewart,alexander.stewart@northernpipeline.com,1988-07-25,2024-07-19,2024-07-19,,90PRO3,Project Manager,PROJ,RFT,A,Active,NRTHP,122,190,,,,102884_NRTHP,EE102884_CO001,1.0,
102885,EE102885,CO003,David,David,Kim,david.kim@prairieresources.ca,2005-11-27,2024-07-19,2024-07-19,,03ADM3,Senior Administrative Coordinator,ADMIN,RFT,T,Terminated,PRMRE,116,210,,,,102885_PRMRE,EE102885_CO003,1.0,2025-01-20
102886,EE102886,CO003,Ahmed,Ahmed,Campbell,ahmed.campbell@prairieresources.ca,1997-06-21,2024-07-19,2024-07-19,,42SAL2,Account Executive,SALES,RFT,A,Active,PRMRE,117,240,,,,102886_PRMRE,EE102886_CO003,1.0,
102887,EE102887,CO001,Eric,Eric,Sanders,eric.sanders@northernpipeline.com,1998-03-15,2024-07-22,2024-07-22,,25HR1,HR Coordinator,HR,RFT,A,Active,NRTHP,104,110,102499,"White, Stephen",stephen.white@northernpipeline.com,102887_NRTHP,EE102887_CO001,1.0,
102888,EE102888,CO002,Helen,Helen,Persson,helen.persson@westmarkmanufacturing.com,1978-12-01,2024-07-22,2024-07-22,,13CSR1,Customer Service Representative,CSR,RFT,T,Terminated,WSTMF,115,150,102289,"Price, Angela",angela.price@prairieresources.ca,102888_WSTMF,EE102888_CO002,1.0,2025-04-19
102889,EE102889,CO004,Samantha,Samantha,Shah,samantha.shah@alpineconstruction.com,1995-10-16,2024-07-24,2024-07-24,,33IT2,Systems Administrator,IT,RFT,T,Terminated,ALPNC,119,150,101181,"Howard, Jacob",jacob.howard@alpineconstruction.com,102889_ALPNC,EE102889_CO004,1.0,2025-01-25
102890,EE102890,CO001,Sharon,Sharon,Martinez,sharon.martinez@northernpipeline.com,1988-10-31,2024-07-25,2024-07-25,,56TRD2,Journeyman Technician,TRD,RPT,A,Active,NRTHP,119,20,101102,"Flores, Jacob",jacob.flores@northernpipeline.com,102890_NRTHP,EE102890_CO001,0.53,
102891,EE102891,CO004,Amanda,Amanda,Gray,amanda.gray@alpineconstruction.com,1991-06-14,2024-07-25,2024-07-25,,06ACC1,Accounts Receivable Clerk,ACCTG,RFT,A,Active,ALPNC,104,160,102299,"Martinez, Jessica",jessica.martinez@northernpipeline.com,102891_ALPNC,EE102891_CO004,1.0,
102892,EE102892,CO004,Jennifer,Jennifer,Martin,jennifer.martin@alpineconstruction.com,2006-03-27,2024-07-26,2024-07-26,,80ANL4,Analytics Lead,ANLYT,RFT,T,Terminated,ALPNC,102,230,,,,102892_ALPNC,EE102892_CO004,1.0,2025-03-11
102893,EE102893,CO001,Aisha,Aisha,Long,aisha.long@northernpipeline.com,1985-01-05,2024-07-26,2024-07-26,,90PRO3,Project Manager,PROJ,RFT,A,Active,NRTHP,119,220,,,,102893_NRTHP,EE102893_CO001,1.0,
102894,EE102894,CO004,Dmitri,Dmitri,Myers,dmitri.myers@alpineconstruction.com,1989-08-14,2024-08-02,2024-08-02,,96LEG4,Senior Legal Counsel,LEGAL,RFT,T,Terminated,ALPNC,102,60,,,,102894_ALPNC,EE102894_CO004,1.0,2025-04-15
102895,EE102895,CO001,Amy,Amy,Yamamoto,amy.yamamoto@northernpipeline.com,1987-01-03,2024-08-02,2024-08-02,,04ADM4,Executive Assistant,ADMIN,RFT,T,Terminated,NRTHP,114,200,,,,102895_NRTHP,EE102895_CO001,1.0,2025-10-10
102896,EE102896,CO003,Brandon,Brandon,Nelson,brandon.nelson@prairieresources.ca,1959-02-27,2024-08-02,2024-08-02,,13CSR1,Customer Service Representative,CSR,RFT,A,Active,PRMRE,117,70,,,,102896_PRMRE,EE102896_CO003,1.0,
102897,EE102897,CO003,Stephen,Stephen,Scott,stephen.scott@prairieresources.ca,2005-10-10,2024-08-05,2024-08-05,,15CSR3,Senior Customer Service Specialist,CSR,RPT,A,Active,PRMRE,118,130,,,,102897_PRMRE,EE102897_CO003,0.64,
102898,EE102898,CO003,Thomas,Thomas,Garcia,thomas.garcia@prairieresources.ca,1975-02-26,2024-08-05,2024-08-05,,37IT4,Technical Lead,IT,RPT,A,Active,PRMRE,124,110,,,,102898_PRMRE,EE102898_CO003,0.6,
102899,EE102899,CO003,Shirley,Shirley,Ross,shirley.ross@prairieresources.ca,1995-08-03,2024-08-05,2024-08-05,,18ENG1,Junior Engineer,ENGR,RFT,A,Active,PRMRE,115,20,101427,"Tanaka, Wei",wei.tanaka@prairieresources.ca,102899_PRMRE,EE102899_CO003,1.0,
102900,EE102900,CO002,Helen,Helen,Collins,helen.collins@westmarkmanufacturing.com,1990-06-18,2024-08-05,2024-08-05,,26HR2,HR Generalist,HR,RPT,A,Active,WSTMF,122,40,101880,"Roberts, Christine",christine.roberts@westmarkmanufacturing.com,102900_WSTMF,EE102900_CO002,0.73,
102901,EE102901,CO002,Charles,Charles,Olsson,charles.olsson@westmarkmanufacturing.com,1992-12-28,2024-08-06,2024-08-06,,85SUP5,Regional Supervisor,SUPV,RFT,A,Active,WSTMF,115,240,,,,102901_WSTMF,EE102901_CO002,1.0,
102902,EE102902,CO001,Sofia,Sofia,Hernandez,sofia.hernandez@northernpipeline.com,1996-09-22,2024-08-07,2024-08-07,,33IT2,Systems Administrator,IT,RPT,T,Terminated,NRTHP,102,220,102813,"Mitchell, John",john.mitchell@alpineconstruction.com,102902_NRTHP,EE102902_CO001,0.71,2024-09-24
102903,EE102903,CO003,Jose,Jose,Wong,jose.wong@prairieresources.ca,1997-11-02,2024-08-09,2024-08-09,,72MKT3,Senior Marketing Specialist,MKTG,RFT,A,Active,PRMRE,105,60,,,,102903_PRMRE,EE102903_CO003,1.0,
102904,EE102904,CO002,Elizabeth,Elizabeth,Jones,elizabeth.jones@westmarkmanufacturing.com,1989-05-21,2024-08-09,2024-08-09,,71MKT2,Marketing Specialist,MKTG,RPT,A,Active,WSTMF,122,40,101880,"Roberts, Christine",christine.roberts@westmarkmanufacturing.com,102904_WSTMF,EE102904_CO002,0.64,
102905,EE102905,CO001,Raymond,Raymond,Evans,raymond.evans@northernpipeline.com,2005-11-01,2024-08-09,2024-08-09,,84SUP5,Area Supervisor,SUPV,RFT,A,Active,NRTHP,124,220,,,,102905_NRTHP,EE102905_CO001,1.0,
102906,EE102906,CO001,Carolyn,Carolyn,Castillo,carolyn.castillo@northernpipeline.com,1984-11-27,2024-08-09,2024-08-09,,13CSR1,Customer Service Representative,CSR,CON,T,Terminated,NRTHP,104,90,102432,"Cruz, Margaret",margaret.cruz@northernpipeline.com,102906_NRTHP,EE102906_CO001,1.0,2024-10-13
102907,EE102907,CO001,Julie,Julie,Weber,julie.weber@northernpipeline.com,1997-06-20,2024-08-12,2024-08-12,,27HR3,Senior HR Generalist,HR,RFT,T,Terminated,NRTHP,115,200,102397,"Allen, Priya",priya.allen@prairieresources.ca,102907_NRTHP,EE102907_CO001,1.0,2025-03-27
102908,EE102908,CO002,Richard,Richard,Reed,richard.reed@westmarkmanufacturing.com,2003-11-17,2024-08-12,2024-08-12,,02ADM2,Administrative Coordinator,ADMIN,RFT,A,Active,WSTMF,111,60,,,,102908_WSTMF,EE102908_CO002,1.0,
102909,EE102909,CO003,Patricia,Patricia,Gutierrez,patricia.gutierrez@prairieresources.ca,1997-01-27,2024-08-13,2024-08-13,,71MKT2,Marketing Specialist,MKTG,RFT,T,Terminated,PRMRE,121,80,,,,102909_PRMRE,EE102909_CO003,1.0,2024-12-06
102910,EE102910,CO003,Ahmed,Ahmed,Martin,ahmed.martin@prairieresources.ca,1980-01-14,2024-08-13,2024-08-13,,41SAL1,Sales Representative,SALES,CON,T,Terminated,PRMRE,123,10,102401,"Young, Samuel",samuel.young@northernpipeline.com,102910_PRMRE,EE102910_CO003,1.0,2024-09-30
102911,EE102911,CO001,Nathan,Nathan,Gutierrez,nathan.gutierrez@northernpipeline.com,1997-11-29,2024-08-15,2024-08-15,,34IT2,Software Developer,IT,RFT,A,Active,NRTHP,115,100,102590,"Rodriguez, Isabella",isabella.rodriguez@westmarkmanufacturing.com,102911_NRTHP,EE102911_CO001,1.0,
102912,EE102912,CO003,Betty,Betty,Wong,betty.wong@prairieresources.ca,1989-03-18,2024-08-16,2024-08-16,,41SAL1,Sales Representative,SALES,RFT,A,Active,PRMRE,124,220,100427,"Brown, David",david.brown@westmarkmanufacturing.com,102912_PRMRE,EE102912_CO003,1.0,
102913,EE102913,CO002,Amanda,Amanda,Peterson,amanda.peterson@westmarkmanufacturing.com,1999-10-16,2024-08-16,2024-08-16,,02ADM2,Administrative Coordinator,ADMIN,RFT,A,Active,WSTMF,105,230,100226,"Gutierrez, Amanda",amanda.gutierrez@prairieresources.ca,102913_WSTMF,EE102913_CO002,1.0,
102914,EE102914,CO003,Eric,Eric,Alvarez,eric.alvarez@prairieresources.ca,1984-12-30,2024-08-16,2024-08-16,,25HR1,HR Coordinator,HR,RPT,T,Terminated,PRMRE,115,40,102391,"Rivera, Jose",jose.rivera@prairieresources.ca,102914_PRMRE,EE102914_CO003,0.74,2024-10-10
102915,EE102915,CO003,Susan,Susan,Nilsson,susan.nilsson@prairieresources.ca,1986-05-14,2024-08-16,2024-08-16,,05ACC1,Accounts Payable Clerk,ACCTG,TAW,A,Active,PRMRE,102,240,101786,"Cox, Kevin",kevin.cox@alpineconstruction.com,102915_PRMRE,EE102915_CO003,1.0,
102916,EE102916,CO002,Margaret,Margaret,Collins,margaret.collins@westmarkmanufacturing.com,1974-07-11,2024-08-16,2024-08-16,,18ENG1,Junior Engineer,ENGR,RFT,A,Active,WSTMF,110,250,102925,"Wright, Joshua",joshua.wright@westmarkmanufacturing.com,102916_WSTMF,EE102916_CO002,1.0,
102917,EE102917,CO002,Jonathan,Jonathan,Shah,jonathan.shah@westmarkmanufacturing.com,1994-04-18,2024-08-16,2024-08-16,,13CSR1,Customer Service Representative,CSR,RFT,T,Terminated,WSTMF,100,200,100546,"Ruiz, Priya",priya.ruiz@northernpipeline.com,102917_WSTMF,EE102917_CO002,1.0,2024-09-21
102918,EE102918,CO002,Angela,Angela,Morgan,angela.morgan@westmarkmanufacturing.com,1985-11-08,2024-08-20,2024-08-20,,51OPS4,Operations Lead,OPS,RPT,A,Active,WSTMF,111,240,,,,102918_WSTMF,EE102918_CO002,0.45,
102919,EE102919,CO004,Henry,Henry,Kim,henry.kim@alpineconstruction.com,1991-12-13,2024-08-20,2024-08-20,,60WHS1,Warehouse Associate,WHSE,RFT,A,Active,ALPNC,104,80,100073,"Myers, Aisha",aisha.myers@alpineconstruction.com,102919_ALPNC,EE102919_CO004,1.0,
102920,EE102920,CO001,Melissa,Melissa,Gutierrez,melissa.gutierrez@northernpipeline.com,1980-06-17,2024-08-20,2024-08-20,,06ACC1,Accounts Receivable Clerk,ACCTG,RFT,A,Active,NRTHP,116,30,102136,"Zhang, Anthony",anthony.zhang@northernpipeline.com,102920_NRTHP,EE102920_CO001,1.0,
102921,EE102921,CO004,John,John,Torres,john.torres@alpineconstruction.com,2000-06-21,2024-08-20,2024-08-20,,18ENG1,Junior Engineer,ENGR,RFT,A,Active,ALPNC,104,190,100361,"Morgan, Richard",richard.morgan@northernpipeline.com,102921_ALPNC,EE102921_CO004,1.0,
102922,EE102922,CO004,Elizabeth,Elizabeth,Zhang,elizabeth.zhang@alpineconstruction.com,1985-07-02,2024-08-23,2024-08-23,,05ACC1,Accounts Payable Clerk,ACCTG,RFT,T,Terminated,ALPNC,114,30,,,,102922_ALPNC,EE102922_CO004,1.0,2025-05-23
102923,EE102923,CO004,Virginia,Virginia,Walker,virginia.walker@alpineconstruction.com,1993-09-01,2024-08-23,2024-08-23,,36IT3,Senior Systems Administrator,IT,RPT,A,Active,ALPNC,112,190,100738,"Jones, Dennis",dennis.jones@alpineconstruction.com,102923_ALPNC,EE102923_CO004,0.75,
102924,EE102924,CO002,Amy,Amy,Eriksson,amy.eriksson@westmarkmanufacturing.com,1993-02-21,2024-08-26,2024-08-26,,01ADM1,Administrative Assistant,ADMIN,RFT,A,Active,WSTMF,122,240,102139,"Jackson, Amanda",amanda.jackson@westmarkmanufacturing.com,102924_WSTMF,EE102924_CO002,1.0,
102925,EE102925,CO002,Joshua,Joshua,Wright,joshua.wright@westmarkmanufacturing.com,1992-04-22,2024-08-26,2024-08-26,,85SUP5,Regional Supervisor,SUPV,RFT,A,Active,WSTMF,110,250,,,,102925_WSTMF,EE102925_CO002,1.0,
102926,EE102926,CO002,Kathleen,Kathleen,Lewis,kathleen.lewis@westmarkmanufacturing.com,1990-08-08,2024-08-30,2024-08-30,,14CSR2,Customer Service Specialist,CSR,RFT,A,Active,WSTMF,106,10,,,,102926_WSTMF,EE102926_CO002,1.0,
102927,EE102927,CO004,Jerry,Jerry,Lopez,jerry.lopez@alpineconstruction.com,1994-09-03,2024-08-30,2024-08-30,,32IT1,IT Support Technician,IT,RFT,A,Active,ALPNC,104,110,102499,"White, Stephen",stephen.white@northernpipeline.com,102927_ALPNC,EE102927_CO004,1.0,
102928,EE102928,CO003,Jose,Jose,Patel,jose.patel@prairieresources.ca,1990-01-06,2024-09-02,2024-09-02,,32IT1,IT Support Technician,IT,RPT,A,Active,PRMRE,116,200,102378,"Cook, Patrick",patrick.cook@prairieresources.ca,102928_PRMRE,EE102928_CO003,0.41,
102929,EE102929,CO002,Anna,Anna,Parker,anna.parker@westmarkmanufacturing.com,1977-01-27,2024-09-02,2024-09-02,,74MKT5,Marketing Manager,MKTG,RFT,A,Active,WSTMF,104,180,,,,102929_WSTMF,EE102929_CO002,1.0,
102930,EE102930,CO004,Gregory,Gregory,Ramos,gregory.ramos@alpineconstruction.com,1982-12-07,2024-09-04,2024-09-04,,45SAL5,Sales Manager,SALES,CON,T,Terminated,ALPNC,121,40,,,,102930_ALPNC,EE102930_CO004,1.0,2024-11-26
102931,EE102931,CO002,Aaron,Aaron,Cook,aaron.cook@westmarkmanufacturing.com,1983-10-24,2024-09-05,2024-09-05,,34IT2,Software Developer,IT,RPT,A,Active,WSTMF,110,240,,,,102931_WSTMF,EE102931_CO002,0.65,
102932,EE102932,CO004,Melissa,Melissa,Scott,melissa.scott@alpineconstruction.com,1997-01-09,2024-09-06,2024-09-06,,73MKT4,Marketing Lead,MKTG,RFT,A,Active,ALPNC,121,110,100624,"Wood, Ahmed",ahmed.wood@alpineconstruction.com,102932_ALPNC,EE102932_CO004,1.0,
102933,EE102933,CO001,Raj,Raj,Howard,raj.howard@northernpipeline.com,2001-09-02,2024-09-06,2024-09-06,,49OPS2,Operations Coordinator,OPS,RFT,T,Terminated,NRTHP,113,120,,,,102933_NRTHP,EE102933_CO001,1.0,2025-06-05
102934,EE102934,CO001,Nicholas,Nicholas,Schneider,nicholas.schneider@northernpipeline.com,1983-06-02,2024-09-06,2024-09-06,,49OPS2,Operations Coordinator,OPS,RFT,A,Active,NRTHP,123,120,,,,102934_NRTHP,EE102934_CO001,1.0,
102935,EE102935,CO004,David,David,Tanaka,david.tanaka@alpineconstruction.com,1984-03-10,2024-09-09,2024-09-09,,14CSR2,Customer Service Specialist,CSR,RPT,A,Active,ALPNC,111,110,100019,"Wright, Kenji",kenji.wright@northernpipeline.com,102935_ALPNC,EE102935_CO004,0.69,
102936,EE102936,CO002,Ryan,Ryan,Ramos,ryan.ramos@westmarkmanufacturing.com,1977-11-02,2024-09-10,2024-09-10,,02ADM2,Administrative Coordinator,ADMIN,RPT,T,Terminated,WSTMF,122,20,102879,"Mueller, Dorothy",dorothy.mueller@northernpipeline.com,102936_WSTMF,EE102936_CO002,0.54,2025-03-03
102937,EE102937,CO003,Donna,Donna,Nguyen,donna.nguyen@prairieresources.ca,1998-11-29,2024-09-10,2024-09-10,,56TRD2,Journeyman Technician,TRD,RFT,T,Terminated,PRMRE,124,80,101078,"Cruz, Alexander",alexander.cruz@westmarkmanufacturing.com,102937_PRMRE,EE102937_CO003,1.0,2025-01-03
102938,EE102938,CO003,Karen,Karen,Gutierrez,karen.gutierrez@prairieresources.ca,1994-11-24,2024-09-10,2024-09-10,,18ENG1,Junior Engineer,ENGR,TAW,T,Terminated,PRMRE,123,130,100445,"Gonzalez, Ingrid",ingrid.gonzalez@northernpipeline.com,102938_PRMRE,EE102938_CO003,1.0,2025-12-28
102939,EE102939,CO004,Charles,Charles,Kim,charles.kim@alpineconstruction.com,2005-10-19,2024-09-11,2024-09-11,,13CSR1,Customer Service Representative,CSR,RFT,A,Active,ALPNC,111,40,101448,"Chen, Kenneth",kenneth.chen@alpineconstruction.com,102939_ALPNC,EE102939_CO004,1.0,
102940,EE102940,CO003,Maria,Maria,Williams,maria.williams@prairieresources.ca,1996-05-15,2024-09-11,2024-09-11,,72MKT3,Senior Marketing Specialist,MKTG,CON,T,Terminated,PRMRE,123,240,101281,"Green, George",george.green@prairieresources.ca,102940_PRMRE,EE102940_CO003,1.0,2025-04-15
102941,EE102941,CO004,Jessica,Jessica,Williams,jessica.williams@alpineconstruction.com,1983-04-06,2024-09-12,2024-09-12,,25HR1,HR Coordinator,HR,RPT,A,Active,ALPNC,124,160,100599,"Johansson, Jonathan",jonathan.johansson@prairieresources.ca,102941_ALPNC,EE102941_CO004,0.54,
102942,EE102942,CO003,Brenda,Brenda,Kumar,brenda.kumar@prairieresources.ca,1997-07-11,2024-09-13,2024-09-13,,19ENG2,Engineer,ENGR,TFT,T,Terminated,PRMRE,118,230,100254,"Fischer, Jessica",jessica.fischer@westmarkmanufacturing.com,102942_PRMRE,EE102942_CO003,1.0,2024-12-12
102943,EE102943,CO003,Kenneth,Kenneth,Gomez,kenneth.gomez@prairieresources.ca,1986-03-23,2024-09-13,2024-09-13,,89PRO2,Project Coordinator,PROJ,RFT,A,Active,PRMRE,116,110,,,,102943_PRMRE,EE102943_CO003,1.0,
102944,EE102944,CO002,Ronald,Ronald,Martin,ronald.martin@westmarkmanufacturing.com,1994-05-25,2024-09-16,2024-09-16,,06ACC1,Accounts Receivable Clerk,ACCTG,TFT,T,Terminated,WSTMF,111,250,102191,"Green, Cynthia",cynthia.green@alpineconstruction.com,102944_WSTMF,EE102944_CO002,1.0,2024-12-23
102945,EE102945,CO001,Raymond,Raymond,Sanchez,raymond.sanchez@northernpipeline.com,1989-01-23,2024-09-16,2024-09-16,,41SAL1,Sales Representative,SALES,RPT,A,Active,NRTHP,114,240,100980,"Kim, Laura",laura.kim@northernpipeline.com,102945_NRTHP,EE102945_CO001,0.69,
102946,EE102946,CO003,Jessica,Jessica,Davis,jessica.davis@prairieresources.ca,2004-09-14,2024-09-16,2024-09-16,,63WHS4,Warehouse Lead,WHSE,RFT,A,Active,PRMRE,102,50,,,,102946_PRMRE,EE102946_CO003,1.0,
102947,EE102947,CO002,Diane,Diane,Sanchez,diane.sanchez@westmarkmanufacturing.com,1992-06-27,2024-09-16,2024-09-16,,72MKT3,Senior Marketing Specialist,MKTG,RFT,A,Active,WSTMF,110,30,,,,102947_WSTMF,EE102947_CO002,1.0,
102948,EE102948,CO001,Ashley,Ashley,Diaz,ashley.diaz@northernpipeline.com,2005-10-17,2024-09-17,2024-09-17,,50OPS3,Operations Specialist,OPS,RPT,A,Active,NRTHP,114,160,,,,102948_NRTHP,EE102948_CO001,0.65,
102949,EE102949,CO004,Helen,Helen,Flores,helen.flores@alpineconstruction.com,1994-03-21,2024-09-17,2024-09-17,,49OPS2,Operations Coordinator,OPS,RFT,A,Active,ALPNC,112,40,,,,102949_ALPNC,EE102949_CO004,1.0,
102950,EE102950,CO002,Jennifer,Jennifer,Ross,jennifer.ross@westmarkmanufacturing.com,2006-08-01,2024-09-17,2024-09-17,,26HR2,HR Generalist,HR,CON,A,Active,WSTMF,124,130,102158,"Flores, Joyce",joyce.flores@prairieresources.ca,102950_WSTMF,EE102950_CO002,1.0,
102951,EE102951,CO001,Deborah,Deborah,Bennett,deborah.bennett@northernpipeline.com,1980-03-28,2024-09-18,2024-09-18,,68TEC4,Technical Specialist,TECH,TFT,A,Active,NRTHP,102,50,,,,102951_NRTHP,EE102951_CO001,1.0,
102952,EE102952,CO004,Aaron,Aaron,Persson,aaron.persson@alpineconstruction.com,1985-02-13,2024-09-19,2024-09-19,,44SAL4,Sales Team Lead,SALES,RFT,A,Active,ALPNC,100,190,102532,"Brown, Melissa",melissa.brown@westmarkmanufacturing.com,102952_ALPNC,EE102952_CO004,1.0,
102953,EE102953,CO003,Christine,Christine,Yamamoto,christine.yamamoto@prairieresources.ca,1988-07-11,2024-09-19,2024-09-19,,02ADM2,Administrative Coordinator,ADMIN,RFT,A,Active,PRMRE,115,200,102397,"Allen, Priya",priya.allen@prairieresources.ca,102953_PRMRE,EE102953_CO003,1.0,
102954,EE102954,CO002,Mary,Mary,Rogers,mary.rogers@westmarkmanufacturing.com,1977-03-24,2024-09-19,2024-09-19,,08ACC3,Senior Accountant,ACCTG,RFT,T,Terminated,WSTMF,104,100,100066,"Li, Raj",raj.li@alpineconstruction.com,102954_WSTMF,EE102954_CO002,1.0,2025-09-27
102955,EE102955,CO002,Emma,Emma,Perez,emma.perez@westmarkmanufacturing.com,2002-06-30,2024-09-19,2024-09-19,,48OPS1,Operations Assistant,OPS,RFT,A,Active,WSTMF,124,120,101806,"Campbell, Edward",edward.campbell@alpineconstruction.com,102955_WSTMF,EE102955_CO002,1.0,
102956,EE102956,CO002,Jessica,Jessica,Peterson,jessica.peterson@westmarkmanufacturing.com,1975-02-22,2024-09-19,2024-09-19,,18ENG1,Junior Engineer,ENGR,RFT,A,Active,WSTMF,118,160,100692,"Wang, Tyler",tyler.wang@northernpipeline.com,102956_WSTMF,EE102956_CO002,1.0,
102957,EE102957,CO001,Ahmed,Ahmed,Scott,ahmed.scott@northernpipeline.com,1982-11-21,2024-09-19,2024-09-19,,60WHS1,Warehouse Associate,WHSE,RPT,A,Active,NRTHP,115,120,101288,"Baker, Brandon",brandon.baker@alpineconstruction.com,102957_NRTHP,EE102957_CO001,0.64,
102958,EE102958,CO001,Justin,Justin,Ross,justin.ross@northernpipeline.com,1995-03-24,2024-09-20,2024-09-20,,70MKT1,Marketing Coordinator,MKTG,RFT,T,Terminated,NRTHP,112,80,100948,"Rivera, Adam",adam.rivera@northernpipeline.com,102958_NRTHP,EE102958_CO001,1.0,2025-11-09
102959,EE102959,CO002,Patrick,Patrick,Cruz,patrick.cruz@westmarkmanufacturing.com,1981-07-09,2024-09-20,2024-09-20,,77ANL1,Data Analyst,ANLYT,RPT,A,Active,WSTMF,115,140,102983,"Baker, Adam",adam.baker@northernpipeline.com,102959_WSTMF,EE102959_CO002,0.55,
102960,EE102960,CO004,Edward,Edward,Bennett,edward.bennett@alpineconstruction.com,2004-05-18,2024-09-20,2024-09-20,,94LEG2,Paralegal,LEGAL,RFT,A,Active,ALPNC,114,120,,,,102960_ALPNC,EE102960_CO004,1.0,
102961,EE102961,CO002,Justin,Justin,Reed,justin.reed@westmarkmanufacturing.com,2000-11-04,2024-09-20,2024-09-20,,32IT1,IT Support Technician,IT,CON,A,Active,WSTMF,122,160,100003,"Liu, Barbara",barbara.liu@northernpipeline.com,102961_WSTMF,EE102961_CO002,1.0,
102962,EE102962,CO003,Pamela,Pamela,Collins,pamela.collins@prairieresources.ca,1998-12-07,2024-09-20,2024-09-20,,66TEC2,Service Technician,TECH,RFT,A,Active,PRMRE,122,50,101619,"Smith, Donald",donald.smith@westmarkmanufacturing.com,102962_PRMRE,EE102962_CO003,1.0,
102963,EE102963,CO002,Daniel,Daniel,Patel,daniel.patel@westmarkmanufacturing.com,1998-02-26,2024-09-20,2024-09-20,,07ACC2,Accountant,ACCTG,RFT,A,Active,WSTMF,122,40,101880,"Roberts, Christine",christine.roberts@westmarkmanufacturing.com,102963_WSTMF,EE102963_CO002,1.0,
102964,EE102964,CO003,Kevin,Kevin,Wright,kevin.wright@prairieresources.ca,2003-08-13,2024-09-20,2024-09-20,,88EXE6,Vice President,EXEC,RFT,T,Terminated,PRMRE,102,190,,,,102964_PRMRE,EE102964_CO003,1.0,2024-09-29
102965,EE102965,CO001,Henry,Henry,Lewis,henry.lewis@northernpipeline.com,1980-04-15,2024-09-23,2024-09-23,,89PRO2,Project Coordinator,PROJ,RPT,T,Terminated,NRTHP,121,40,102259,"Martinez, Nicole",nicole.martinez@alpineconstruction.com,102965_NRTHP,EE102965_CO001,0.74,2025-10-23
102966,EE102966,CO004,Melissa,Melissa,Shah,melissa.shah@alpineconstruction.com,1995-02-09,2024-09-23,2024-09-23,,41SAL1,Sales Representative,SALES,RFT,A,Active,ALPNC,114,160,102948,"Diaz, Ashley",ashley.diaz@northernpipeline.com,102966_ALPNC,EE102966_CO004,1.0,
102967,EE102967,CO003,Jack,Jack,Collins,jack.collins@prairieresources.ca,1989-08-24,2024-09-24,2024-09-24,,25HR1,HR Coordinator,HR,CON,A,Active,PRMRE,100,210,101401,"Allen, Daniel",daniel.allen@prairieresources.ca,102967_PRMRE,EE102967_CO003,1.0,
102968,EE102968,CO001,Kenji,Kenji,Ortiz,kenji.ortiz@northernpipeline.com,1998-09-15,2024-09-24,2024-09-24,,52OPS5,Operations Manager,OPS,RFT,A,Active,NRTHP,113,220,,,,102968_NRTHP,EE102968_CO001,1.0,
102969,EE102969,CO004,Justin,Justin,Patel,justin.patel@alpineconstruction.com,2006-04-09,2024-09-24,2024-09-24,,70MKT1,Marketing Coordinator,MKTG,RFT,T,Terminated,ALPNC,111,240,100802,"Brown, Laura",laura.brown@alpineconstruction.com,102969_ALPNC,EE102969_CO004,1.0,2025-04-19
102970,EE102970,CO003,Christopher,Christopher,Brown,christopher.brown@prairieresources.ca,1989-10-07,2024-09-25,2024-09-25,,02ADM2,Administrative Coordinator,ADMIN,RPT,T,Terminated,PRMRE,105,30,101914,"Rodriguez, Carlos",carlos.rodriguez@prairieresources.ca,102970_PRMRE,EE102970_CO003,0.79,2025-07-23
102971,EE102971,CO004,Kimberly,Kimberly,Rodriguez,kimberly.rodriguez@alpineconstruction.com,2006-07-02,2024-09-25,2024-09-25,,78ANL2,Business Analyst,ANLYT,RPT,A,Active,ALPNC,111,80,100773,"Olsson, Debra",debra.olsson@alpineconstruction.com,102971_ALPNC,EE102971_CO004,0.65,
102972,EE102972,CO004,Maria,Maria,Ruiz,maria.ruiz@alpineconstruction.com,1993-08-28,2024-09-26,2024-09-26,,21ENG4,Principal Engineer,ENGR,RFT,A,Active,ALPNC,102,20,,,,102972_ALPNC,EE102972_CO004,1.0,
102973,EE102973,CO004,Nicole,Nicole,Clark,nicole.clark@alpineconstruction.com,2006-03-19,2024-09-26,2024-09-26,,32IT1,IT Support Technician,IT,RPT,A,Active,ALPNC,124,50,101154,"Wilson, Andrew",andrew.wilson@alpineconstruction.com,102973_ALPNC,EE102973_CO004,0.69,
102974,EE102974,CO001,Ahmed,Ahmed,Mueller,ahmed.mueller@northernpipeline.com,1973-04-05,2024-09-27,2024-09-27,,62WHS3,Senior Warehouse Clerk,WHSE,RFT,A,Active,NRTHP,102,240,101786,"Cox, Kevin",kevin.cox@alpineconstruction.com,102974_NRTHP,EE102974_CO001,1.0,
102975,EE102975,CO004,Carlos,Carlos,Yamamoto,carlos.yamamoto@alpineconstruction.com,1982-10-09,2024-09-27,2024-09-27,,44SAL4,Sales Team Lead,SALES,RFT,T,Terminated,ALPNC,104,50,,,,102975_ALPNC,EE102975_CO004,1.0,2025-05-24
102976,EE102976,CO002,Sarah,Sarah,Williams,sarah.williams@westmarkmanufacturing.com,1991-01-20,2024-09-27,2024-09-27,,49OPS2,Operations Coordinator,OPS,RPT,T,Terminated,WSTMF,107,40,101830,"Taylor, William",william.taylor@westmarkmanufacturing.com,102976_WSTMF,EE102976_CO002,0.6,2025-08-23
102977,EE102977,CO001,Joseph,Joseph,Gonzalez,joseph.gonzalez@northernpipeline.com,1980-01-04,2024-09-27,2024-09-27,,77ANL1,Data Analyst,ANLYT,RFT,A,Active,NRTHP,101,70,102097,"Liu, Melissa",melissa.liu@northernpipeline.com,102977_NRTHP,EE102977_CO001,1.0,
102978,EE102978,CO004,Scott,Scott,Peterson,scott.peterson@alpineconstruction.com,2000-11-10,2024-09-27,2024-09-27,,18ENG1,Junior Engineer,ENGR,RFT,A,Active,ALPNC,124,10,100895,"Li, George",george.li@alpineconstruction.com,102978_ALPNC,EE102978_CO004,1.0,
102979,EE102979,CO002,Ahmed,Ahmed,Gutierrez,ahmed.gutierrez@westmarkmanufacturing.com,1987-07-26,2024-09-27,2024-09-27,,77ANL1,Data Analyst,ANLYT,RFT,A,Active,WSTMF,105,20,102730,"Wood, George",george.wood@prairieresources.ca,102979_WSTMF,EE102979_CO002,1.0,
102980,EE102980,CO002,Christopher,Christopher,Jackson,christopher.jackson@westmarkmanufacturing.com,1991-05-22,2024-10-01,2024-10-01,,81ANL5,Analytics Manager,ANLYT,RPT,A,Active,WSTMF,100,120,,,,102980_WSTMF,EE102980_CO002,0.68,
102981,EE102981,CO001,Ronald,Ronald,Morris,ronald.morris@northernpipeline.com,1990-09-16,2024-10-02,2024-10-02,,20ENG3,Senior Engineer,ENGR,RFT,A,Active,NRTHP,111,180,100076,"Bailey, Ryan",ryan.bailey@alpineconstruction.com,102981_NRTHP,EE102981_CO001,1.0,
102982,EE102982,CO002,Christine,Christine,Cook,christine.cook@westmarkmanufacturing.com,1979-10-29,2024-10-04,2024-10-04,,65TEC1,Field Technician,TECH,RFT,A,Active,WSTMF,106,20,,,,102982_WSTMF,EE102982_CO002,1.0,
102983,EE102983,CO001,Adam,Adam,Baker,adam.baker@northernpipeline.com,1985-09-12,2024-10-04,2024-10-04,,50OPS3,Operations Specialist,OPS,RFT,A,Active,NRTHP,115,140,,,,102983_NRTHP,EE102983_CO001,1.0,
102984,EE102984,CO004,Joshua,Joshua,Morgan,joshua.morgan@alpineconstruction.com,1990-03-30,2024-10-07,2024-10-07,,25HR1,HR Coordinator,HR,RFT,T,Terminated,ALPNC,112,210,,,,102984_ALPNC,EE102984_CO004,1.0,2025-11-17
102985,EE102985,CO002,Benjamin,Benjamin,Phillips,benjamin.phillips@westmarkmanufacturing.com,2006-01-18,2024-10-07,2024-10-07,,71MKT2,Marketing Specialist,MKTG,RPT,A,Active,WSTMF,108,220,101152,"Ross, Edward",edward.ross@northernpipeline.com,102985_WSTMF,EE102985_CO002,0.48,
102986,EE102986,CO001,Barbara,Barbara,Ramos,barbara.ramos@northernpipeline.com,2002-06-12,2024-10-11,2024-10-11,,02ADM2,Administrative Coordinator,ADMIN,RFT,T,Terminated,NRTHP,103,40,100952,"Rivera, Jacob",jacob.rivera@northernpipeline.com,102986_NRTHP,EE102986_CO001,1.0,2025-07-02
102987,EE102987,CO004,Frank,Frank,Ward,frank.ward@alpineconstruction.com,1994-06-23,2024-10-14,2024-10-14,,66TEC2,Service Technician,TECH,RFT,A,Active,ALPNC,111,100,,,,102987_ALPNC,EE102987_CO004,1.0,
102988,EE102988,CO002,Joseph,Joseph,Chavez,joseph.chavez@westmarkmanufacturing.com,1992-05-06,2024-10-14,2024-10-14,,94LEG2,Paralegal,LEGAL,RFT,T,Terminated,WSTMF,111,10,101010,"Martinez, Sofia",sofia.martinez@alpineconstruction.com,102988_WSTMF,EE102988_CO002,1.0,2025-10-10
102989,EE102989,CO003,Steven,Steven,White,steven.white@prairieresources.ca,2004-01-18,2024-10-14,2024-10-14,,33IT2,Systems Administrator,IT,RFT,A,Active,PRMRE,121,120,101473,"Mueller, Giovanni",giovanni.mueller@northernpipeline.com,102989_PRMRE,EE102989_CO003,1.0,
102990,EE102990,CO002,Anthony,Anthony,Morris,anthony.morris@westmarkmanufacturing.com,1968-08-18,2024-10-15,2024-10-15,,78ANL2,Business Analyst,ANLYT,RFT,A,Active,WSTMF,113,10,,,,102990_WSTMF,EE102990_CO002,1.0,
102991,EE102991,CO002,Wei,Wei,Miller,wei.miller@westmarkmanufacturing.com,1977-04-14,2024-10-16,2024-10-16,,72MKT3,Senior Marketing Specialist,MKTG,RFT,A,Active,WSTMF,108,200,,,,102991_WSTMF,EE102991_CO002,1.0,
102992,EE102992,CO001,Catherine,Catherine,Allen,catherine.allen@northernpipeline.com,1985-12-22,2024-10-17,2024-10-17,,89PRO2,Project Coordinator,PROJ,RFT,A,Active,NRTHP,118,190,,,,102992_NRTHP,EE102992_CO001,1.0,
102993,EE102993,CO001,Anthony,Anthony,Ramirez,anthony.ramirez@northernpipeline.com,1992-09-25,2024-10-18,2024-10-18,,77ANL1,Data Analyst,ANLYT,TAW,A,Active,NRTHP,116,210,101706,"Fischer, Jessica",jessica.fischer@northernpipeline.com,102993_NRTHP,EE102993_CO001,1.0,
102994,EE102994,CO004,Kenneth,Kenneth,Larsson,kenneth.larsson@alpineconstruction.com,1994-12-03,2024-10-23,2024-10-23,,41SAL1,Sales Representative,SALES,RFT,A,Active,ALPNC,111,10,101010,"Martinez, Sofia",sofia.martinez@alpineconstruction.com,102994_ALPNC,EE102994_CO004,1.0,
102995,EE102995,CO002,Samantha,Samantha,Robinson,samantha.robinson@westmarkmanufacturing.com,2002-01-24,2024-10-23,2024-10-23,,77ANL1,Data Analyst,ANLYT,RFT,A,Active,WSTMF,108,200,100563,"Li, Eric",eric.li@westmarkmanufacturing.com,102995_WSTMF,EE102995_CO002,1.0,
102996,EE102996,CO003,Jonathan,Jonathan,Ramirez,jonathan.ramirez@prairieresources.ca,1992-10-07,2024-10-24,2024-10-24,,65TEC1,Field Technician,TECH,RFT,A,Active,PRMRE,102,60,101520,"Olsson, Jason",jason.olsson@alpineconstruction.com,102996_PRMRE,EE102996_CO003,1.0,
102997,EE102997,CO002,Samantha,Samantha,Johansson,samantha.johansson@westmarkmanufacturing.com,1990-10-17,2024-10-24,2024-10-24,,69TEC5,Technical Services Manager,TECH,TFT,T,Terminated,WSTMF,106,10,,,,102997_WSTMF,EE102997_CO002,1.0,2025-01-06
102998,EE102998,CO004,Sandra,Sandra,Hall,sandra.hall@alpineconstruction.com,2005-02-11,2024-10-25,2024-10-25,,08ACC3,Senior Accountant,ACCTG,RFT,A,Active,ALPNC,102,10,102485,"Ramos, Helen",helen.ramos@alpineconstruction.com,102998_ALPNC,EE102998_CO004,1.0,
102999,EE102999,CO001,Tyler,Tyler,Wright,tyler.wright@northernpipeline.com,1989-08-04,2024-10-28,2024-10-28,,70MKT1,Marketing Coordinator,MKTG,RFT,A,Active,NRTHP,121,40,102259,"Martinez, Nicole",nicole.martinez@alpineconstruction.com,102999_NRTHP,EE102999_CO001,1.0,
103000,EE103000,CO002,Lars,Lars,Johnson,lars.johnson@westmarkmanufacturing.com,1994-02-11,2024-10-28,2024-10-28,,77ANL1,Data Analyst,ANLYT,RFT,A,Active,WSTMF,113,30,,,,103000_WSTMF,EE103000_CO002,1.0,
