employee_number,transaction_date,effective_date,employee_status_code,employee_type_code,fullpart_time_code,scheduled_fte,job_code,job_family_code,company_code,location_code,org_1_code,org_2_code,last_hire_date,seniority_date,date_in_job,termination_date,termination_reason_code,termination_type_code,salaryhourly_code,earning_group_code,pay_group_code,supervisor_employee_number,orglvl1reportcategory
100001,2018-01-01,2018-01-01,A,RFT,F,1.0,71MKT2,MKTG,PRMRE,117,110,30,2018-01-01,2018-01-01,2018-01-01,,,,H,EG10,PG02,,Operations
100001,2021-02-26,2021-02-26,T,RFT,F,1.0,71MKT2,MKTG,PRMRE,117,110,30,2018-01-01,2018-01-01,2018-01-01,2021-02-26,102,V,H,EG10,PG02,,Operations
100002,2018-01-01,2018-01-01,A,TFT,F,1.0,43SAL3,SALES,NRTHP,102,20,110,2018-01-01,2018-01-01,2018-01-01,,,,S,EG10,PG05,102972.0,Operations
100002,2019-05-18,2019-05-18,T,TFT,F,1.0,43SAL3,SALES,NRTHP,102,20,110,2018-01-01,2018-01-01,2018-01-01,2019-05-18,205,I,S,EG10,PG05,102972.0,Operations
100003,2018-01-01,2018-01-01,A,RFT,F,1.0,23ENG6,ENGR,NRTHP,122,160,10,2018-01-01,2018-01-01,2018-01-01,,,,S,EG07,PG05,,Operations
100004,2018-01-02,2018-01-02,A,RFT,F,1.0,14CSR2,CSR,NRTHP,111,240,90,2018-01-02,2018-01-02,2018-01-02,,,,H,EG06,PG05,100802.0,Operations
100004,2020-06-16,2020-06-16,A,RFT,F,1.0,15CSR3,CSR,NRTHP,111,240,90,2018-01-02,2018-01-02,2020-06-16,,,,H,EG10,PG05,100802.0,Operations
100004,2021-09-15,2021-09-15,T,RFT,F,1.0,15CSR3,CSR,NRTHP,111,240,90,2018-01-02,2018-01-02,2020-06-16,2021-09-15,102,V,H,EG10,PG05,100802.0,Operations
100005,2018-01-03,2018-01-03,A,RFT,F,1.0,41SAL1,SALES,WSTMF,108,40,50,2018-01-03,2018-01-03,2018-01-03,,,,S,EG08,PG03,102445.0,Operations
100005,2018-12-19,2018-12-19,A,RFT,F,1.0,42SAL2,SALES,WSTMF,108,40,50,2018-01-03,2018-01-03,2018-12-19,,,,S,EG10,PG03,102445.0,Operations
100005,2021-05-04,2021-05-04,A,RFT,F,1.0,71MKT2,MKTG,WSTMF,108,40,50,2018-01-03,2018-01-03,2021-05-04,,,,S,EG10,PG03,102445.0,Operations
100005,2022-01-15,2022-01-15,L,RFT,F,1.0,71MKT2,MKTG,WSTMF,108,40,50,2018-01-03,2018-01-03,2021-05-04,,,,S,EG10,PG03,102445.0,Operations
100005,2022-03-21,2022-03-21,A,RFT,F,1.0,71MKT2,MKTG,WSTMF,108,40,50,2018-01-03,2018-01-03,2021-05-04,,,,S,EG10,PG03,102445.0,Operations
100005,2022-09-23,2022-09-23,T,RFT,F,1.0,71MKT2,MKTG,WSTMF,108,40,50,2018-01-03,2018-01-03,2021-05-04,2022-09-23,210,I,S,EG10,PG03,102445.0,Operations
100006,2018-01-03,2018-01-03,A,RFT,F,1.0,19ENG2,ENGR,NRTHP,124,40,60,2018-01-03,2018-01-03,2018-01-03,,,,H,EG01,PG05,,Operations
100006,2018-03-13,2018-03-13,A,RFT,F,1.0,20ENG3,ENGR,NRTHP,124,40,60,2018-01-03,2018-01-03,2018-03-13,,,,H,EG03,PG05,,Operations
100006,2022-04-14,2022-04-14,T,RFT,F,1.0,20ENG3,ENGR,NRTHP,124,40,60,2018-01-03,2018-01-03,2018-03-13,2022-04-14,102,V,H,EG03,PG05,,Operations
100007,2018-01-04,2018-01-04,A,RFT,F,1.0,43SAL3,SALES,ALPNC,116,50,10,2018-01-04,2018-01-04,2018-01-04,,,,S,EG10,PG03,,Operations
100007,2018-03-01,2018-03-01,A,RFT,F,1.0,44SAL4,SALES,ALPNC,116,50,10,2018-01-04,2018-01-04,2018-03-01,,,,S,EG09,PG03,,Operations
100007,2023-10-24,2023-10-24,L,RFT,F,1.0,44SAL4,SALES,ALPNC,116,50,10,2018-01-04,2018-01-04,2018-03-01,,,,S,EG09,PG03,,Operations
100007,2024-04-01,2024-04-01,A,RFT,F,1.0,44SAL4,SALES,ALPNC,116,50,10,2018-01-04,2018-01-04,2018-03-01,,,,S,EG09,PG03,,Operations
100007,2025-11-08,2025-11-08,A,RFT,F,1.0,45SAL5,SALES,ALPNC,116,50,10,2018-01-04,2018-01-04,2025-11-08,,,,S,EG06,PG03,,Operations
100008,2018-01-04,2018-01-04,A,RFT,F,1.0,71MKT2,MKTG,PRMRE,123,60,60,2018-01-04,2018-01-04,2018-01-04,,,,H,EG10,PG02,101098.0,Operations
100008,2022-09-28,2022-09-28,A,RFT,F,1.0,89PRO2,PROJ,PRMRE,123,60,60,2018-01-04,2018-01-04,2022-09-28,,,,H,EG06,PG02,101098.0,Operations
100009,2018-01-05,2018-01-05,A,RPT,F,0.79,80ANL4,ANLYT,WSTMF,102,10,40,2018-01-05,2018-01-05,2018-01-05,,,,S,EG05,PG03,,Operations
100009,2018-08-23,2018-08-23,A,RPT,F,0.79,81ANL5,ANLYT,WSTMF,102,10,40,2018-01-05,2018-01-05,2018-08-23,,,,S,EG01,PG03,,Operations
100009,2019-04-07,2019-04-07,T,RPT,F,0.79,81ANL5,ANLYT,WSTMF,102,10,40,2018-01-05,2018-01-05,2018-08-23,2019-04-07,207,I,S,EG01,PG03,,Operations
100010,2018-01-05,2018-01-05,A,RPT,P,0.42,51OPS4,OPS,NRTHP,113,150,50,2018-01-05,2018-01-05,2018-01-05,,,,S,EG07,PG05,,Operations
100010,2018-04-10,2018-04-10,T,RPT,P,0.42,51OPS4,OPS,NRTHP,113,150,50,2018-01-05,2018-01-05,2018-01-05,2018-04-10,100,V,S,EG07,PG05,,Operations
100011,2018-01-05,2018-01-05,A,RFT,F,1.0,61WHS2,WHSE,PRMRE,123,60,20,2018-01-05,2018-01-05,2018-01-05,,,,S,EG01,PG02,101098.0,Operations
100011,2020-01-04,2020-01-04,L,RFT,F,1.0,61WHS2,WHSE,PRMRE,123,60,20,2018-01-05,2018-01-05,2018-01-05,,,,S,EG01,PG02,101098.0,Operations
100011,2020-06-20,2020-06-20,A,RFT,F,1.0,61WHS2,WHSE,PRMRE,123,60,20,2018-01-05,2018-01-05,2018-01-05,,,,S,EG01,PG02,101098.0,Operations
100011,2020-07-13,2020-07-13,L,RFT,F,1.0,61WHS2,WHSE,PRMRE,123,60,20,2018-01-05,2018-01-05,2018-01-05,,,,S,EG01,PG02,101098.0,Operations
100011,2021-01-05,2021-01-05,A,RFT,F,1.0,61WHS2,WHSE,PRMRE,123,60,20,2018-01-05,2018-01-05,2018-01-05,,,,S,EG01,PG02,101098.0,Operations
100011,2024-06-03,2024-06-03,A,RFT,F,1.0,62WHS3,WHSE,PRMRE,123,60,20,2018-01-05,2018-01-05,2024-06-03,,,,S,EG01,PG02,101098.0,Operations
100012,2018-01-08,2018-01-08,A,RFT,F,1.0,79ANL3,ANLYT,WSTMF,104,210,20,2018-01-08,2018-01-08,2018-01-08,,,,S,EG10,PG03,,Operations
100012,2019-06-09,2019-06-09,T,RFT,F,1.0,79ANL3,ANLYT,WSTMF,104,210,20,2018-01-08,2018-01-08,2018-01-08,2019-06-09,101,V,S,EG10,PG03,,Operations
100013,2018-01-08,2018-01-08,A,RPT,P,0.73,26HR2,HR,PRMRE,100,60,30,2018-01-08,2018-01-08,2018-01-08,,,,H,EG03,PG02,,Operations
100013,2020-01-17,2020-01-17,T,RPT,P,0.73,26HR2,HR,PRMRE,100,60,30,2018-01-08,2018-01-08,2018-01-08,2020-01-17,207,I,H,EG03,PG02,,Operations
100014,2018-01-08,2018-01-08,A,RFT,F,1.0,26HR2,HR,WSTMF,102,240,120,2018-01-08,2018-01-08,2018-01-08,,,,H,EG03,PG03,101786.0,Operations
100014,2019-01-27,2019-01-27,T,RFT,F,1.0,26HR2,HR,WSTMF,102,240,120,2018-01-08,2018-01-08,2018-01-08,2019-01-27,100,V,H,EG03,PG03,101786.0,Operations
100015,2018-01-08,2018-01-08,A,RFT,F,1.0,55TRD1,TRD,WSTMF,102,230,20,2018-01-08,2018-01-08,2018-01-08,,,,S,EG04,PG03,102105.0,Operations
100015,2020-07-13,2020-07-13,T,RFT,F,1.0,55TRD1,TRD,WSTMF,102,230,20,2018-01-08,2018-01-08,2018-01-08,2020-07-13,103,V,S,EG04,PG03,102105.0,Operations
100016,2018-01-09,2018-01-09,A,RFT,F,1.0,50OPS3,OPS,WSTMF,115,90,90,2018-01-09,2018-01-09,2018-01-09,,,,S,EG06,PG03,102088.0,Operations
100016,2018-10-17,2018-10-17,A,RFT,F,1.0,51OPS4,OPS,WSTMF,115,90,90,2018-01-09,2018-01-09,2018-10-17,,,,S,EG07,PG03,102088.0,Operations
100016,2019-07-07,2019-07-07,L,RFT,F,1.0,51OPS4,OPS,WSTMF,115,90,90,2018-01-09,2018-01-09,2018-10-17,,,,S,EG07,PG03,102088.0,Operations
100016,2019-08-12,2019-08-12,A,RFT,F,1.0,51OPS4,OPS,WSTMF,115,90,90,2018-01-09,2018-01-09,2018-10-17,,,,S,EG07,PG03,102088.0,Operations
100016,2021-01-24,2021-01-24,T,RFT,F,1.0,51OPS4,OPS,WSTMF,115,90,90,2018-01-09,2018-01-09,2018-10-17,2021-01-24,100,V,S,EG07,PG03,102088.0,Operations
100017,2018-01-09,2018-01-09,A,RPT,P,0.7,13CSR1,CSR,WSTMF,118,190,50,2018-01-09,2018-01-09,2018-01-09,,,,H,EG01,PG03,102992.0,Operations
100017,2023-03-26,2023-03-26,T,RPT,P,0.7,13CSR1,CSR,WSTMF,118,190,50,2018-01-09,2018-01-09,2018-01-09,2023-03-26,200,I,H,EG01,PG03,102992.0,Operations
100018,2018-01-12,2018-01-12,A,RFT,F,1.0,96LEG4,LEGAL,NRTHP,119,100,10,2018-01-12,2018-01-12,2018-01-12,,,,S,EG10,PG05,,Operations
100018,2024-06-04,2024-06-04,T,RFT,F,1.0,96LEG4,LEGAL,NRTHP,119,100,10,2018-01-12,2018-01-12,2018-01-12,2024-06-04,205,I,S,EG10,PG05,,Operations
100019,2018-01-12,2018-01-12,A,RFT,F,1.0,29HR5,HR,NRTHP,111,110,10,2018-01-12,2018-01-12,2018-01-12,,,,S,EG07,PG05,,Operations
100020,2018-01-15,2018-01-15,A,RPT,P,0.68,34IT2,IT,WSTMF,118,150,20,2018-01-15,2018-01-15,2018-01-15,,,,H,EG08,PG03,,Operations
100020,2019-01-27,2019-01-27,T,RPT,P,0.68,34IT2,IT,WSTMF,118,150,20,2018-01-15,2018-01-15,2018-01-15,2019-01-27,100,V,H,EG08,PG03,,Operations
100021,2018-01-17,2018-01-17,A,RPT,P,0.65,02ADM2,ADMIN,ALPNC,115,80,90,2018-01-17,2018-01-17,2018-01-17,,,,H,EG04,PG03,101251.0,Operations
100021,2019-08-02,2019-08-02,L,RPT,P,0.65,02ADM2,ADMIN,ALPNC,115,80,90,2018-01-17,2018-01-17,2018-01-17,,,,H,EG04,PG03,101251.0,Operations
100021,2019-12-13,2019-12-13,A,RPT,P,0.65,02ADM2,ADMIN,ALPNC,115,80,90,2018-01-17,2018-01-17,2018-01-17,,,,H,EG04,PG03,101251.0,Operations
100022,2018-01-18,2018-01-18,A,RFT,F,1.0,09ACC4,ACCTG,ALPNC,104,120,90,2018-01-18,2018-01-18,2018-01-18,,,,S,EG05,PG03,,Operations
100022,2018-02-23,2018-02-23,T,RFT,F,1.0,09ACC4,ACCTG,ALPNC,104,120,90,2018-01-18,2018-01-18,2018-01-18,2018-02-23,201,I,S,EG05,PG03,,Operations
100023,2018-01-18,2018-01-18,A,RFT,F,1.0,61WHS2,WHSE,ALPNC,112,230,70,2018-01-18,2018-01-18,2018-01-18,,,,S,EG01,PG03,,Operations
100023,2018-06-17,2018-06-17,T,RFT,F,1.0,61WHS2,WHSE,ALPNC,112,230,70,2018-01-18,2018-01-18,2018-01-18,2018-06-17,205,I,S,EG01,PG03,,Operations
100024,2018-01-18,2018-01-18,A,RFT,F,1.0,83SUP4,SUPV,ALPNC,100,200,30,2018-01-18,2018-01-18,2018-01-18,,,,S,EG01,PG03,,Operations
100024,2019-01-20,2019-01-20,A,RFT,F,1.0,85SUP5,SUPV,ALPNC,100,200,30,2018-01-18,2018-01-18,2019-01-20,,,,S,EG01,PG03,,Operations
100024,2019-10-09,2019-10-09,T,RFT,F,1.0,85SUP5,SUPV,ALPNC,100,200,30,2018-01-18,2018-01-18,2019-01-20,2019-10-09,202,V,S,EG01,PG03,,Operations
100025,2018-01-19,2018-01-19,A,RFT,F,1.0,43SAL3,SALES,WSTMF,100,160,30,2018-01-19,2018-01-19,2018-01-19,,,,S,EG10,PG03,102626.0,Operations
100025,2019-08-23,2019-08-23,A,RFT,F,1.0,44SAL4,SALES,WSTMF,100,160,30,2018-01-19,2018-01-19,2019-08-23,,,,S,EG09,PG03,102626.0,Operations
100025,2021-10-16,2021-10-16,T,RFT,F,1.0,44SAL4,SALES,WSTMF,100,160,30,2018-01-19,2018-01-19,2019-08-23,2021-10-16,205,I,S,EG09,PG03,102626.0,Operations
100026,2018-01-19,2018-01-19,A,RFT,F,1.0,60WHS1,WHSE,PRMRE,116,30,60,2018-01-19,2018-01-19,2018-01-19,,,,H,EG06,PG02,102136.0,Operations
100026,2020-06-24,2020-06-24,A,RFT,F,1.0,61WHS2,WHSE,PRMRE,116,30,60,2018-01-19,2018-01-19,2020-06-24,,,,H,EG01,PG02,102136.0,Operations
100026,2021-01-17,2021-01-17,T,RFT,F,1.0,61WHS2,WHSE,PRMRE,116,30,60,2018-01-19,2018-01-19,2020-06-24,2021-01-17,202,V,H,EG01,PG02,102136.0,Operations
100027,2018-01-19,2018-01-19,A,RPT,P,0.72,36IT3,IT,WSTMF,118,90,10,2018-01-19,2018-01-19,2018-01-19,,,,S,EG07,PG03,102839.0,Operations
100027,2024-09-12,2024-09-12,A,RPT,P,0.72,62WHS3,WHSE,WSTMF,118,90,10,2018-01-19,2018-01-19,2024-09-12,,,,S,EG01,PG03,102839.0,Operations
100028,2018-01-19,2018-01-19,A,RPT,P,0.63,79ANL3,ANLYT,WSTMF,122,240,70,2018-01-19,2018-01-19,2018-01-19,,,,S,EG10,PG03,102139.0,Operations
100028,2018-09-10,2018-09-10,L,RPT,P,0.63,79ANL3,ANLYT,WSTMF,122,240,70,2018-01-19,2018-01-19,2018-01-19,,,,S,EG10,PG03,102139.0,Operations
100028,2018-12-09,2018-12-09,A,RPT,P,0.63,79ANL3,ANLYT,WSTMF,122,240,70,2018-01-19,2018-01-19,2018-01-19,,,,S,EG10,PG03,102139.0,Operations
100028,2021-08-31,2021-08-31,A,RPT,P,0.63,80ANL4,ANLYT,WSTMF,122,240,70,2018-01-19,2018-01-19,2021-08-31,,,,S,EG05,PG03,102139.0,Operations
100028,2022-05-18,2022-05-18,T,RPT,P,0.63,80ANL4,ANLYT,WSTMF,122,240,70,2018-01-19,2018-01-19,2021-08-31,2022-05-18,100,V,S,EG05,PG03,102139.0,Operations
100029,2018-01-22,2018-01-22,A,RFT,F,1.0,20ENG3,ENGR,WSTMF,118,60,60,2018-01-22,2018-01-22,2018-01-22,,,,S,EG03,PG03,102844.0,Operations
100029,2018-11-14,2018-11-14,T,RFT,F,1.0,20ENG3,ENGR,WSTMF,118,60,60,2018-01-22,2018-01-22,2018-01-22,2018-11-14,100,V,S,EG03,PG03,102844.0,Operations
100030,2018-01-23,2018-01-23,A,CON,F,1.0,19ENG2,ENGR,WSTMF,115,240,30,2018-01-23,2018-01-23,2018-01-23,,,,H,EG01,PG03,102901.0,Operations
100031,2018-01-23,2018-01-23,A,RFT,F,1.0,32IT1,IT,PRMRE,105,200,120,2018-01-23,2018-01-23,2018-01-23,,,,H,EG03,PG02,101074.0,Operations
100031,2025-11-22,2025-11-22,A,RFT,F,1.0,33IT2,IT,PRMRE,105,200,120,2018-01-23,2018-01-23,2025-11-22,,,,H,EG09,PG02,101074.0,Operations
100032,2018-01-24,2018-01-24,A,RFT,F,1.0,13CSR1,CSR,NRTHP,117,40,10,2018-01-24,2018-01-24,2018-01-24,,,,H,EG01,PG05,100480.0,Operations
100033,2018-01-24,2018-01-24,A,RPT,P,0.73,07ACC2,ACCTG,WSTMF,122,100,50,2018-01-24,2018-01-24,2018-01-24,,,,S,EG03,PG03,101678.0,Operations
100033,2018-03-01,2018-03-01,T,RPT,P,0.73,07ACC2,ACCTG,WSTMF,122,100,50,2018-01-24,2018-01-24,2018-01-24,2018-03-01,103,V,S,EG03,PG03,101678.0,Operations
100034,2018-01-24,2018-01-24,A,RFT,F,1.0,61WHS2,WHSE,PRMRE,102,130,80,2018-01-24,2018-01-24,2018-01-24,,,,H,EG01,PG02,102468.0,Operations
100034,2019-02-21,2019-02-21,T,RFT,F,1.0,61WHS2,WHSE,PRMRE,102,130,80,2018-01-24,2018-01-24,2018-01-24,2019-02-21,103,V,H,EG01,PG02,102468.0,Operations
100035,2018-02-01,2018-02-01,A,RFT,F,1.0,94LEG2,LEGAL,PRMRE,116,10,60,2018-02-01,2018-02-01,2018-02-01,,,,S,EG02,PG02,102461.0,Operations
100035,2020-11-02,2020-11-02,T,RFT,F,1.0,94LEG2,LEGAL,PRMRE,116,10,60,2018-02-01,2018-02-01,2018-02-01,2020-11-02,101,V,S,EG02,PG02,102461.0,Operations
100036,2018-02-02,2018-02-02,A,RFT,F,1.0,03ADM3,ADMIN,NRTHP,114,220,80,2018-02-02,2018-02-02,2018-02-02,,,,S,EG07,PG05,,Operations
100036,2018-04-16,2018-04-16,A,RFT,F,1.0,04ADM4,ADMIN,NRTHP,114,220,80,2018-02-02,2018-02-02,2018-04-16,,,,S,EG06,PG05,,Operations
100036,2018-11-23,2018-11-23,T,RFT,F,1.0,04ADM4,ADMIN,NRTHP,114,220,80,2018-02-02,2018-02-02,2018-04-16,2018-11-23,100,V,S,EG06,PG05,,Operations
100037,2018-02-02,2018-02-02,A,TAW,F,1.0,35IT3,IT,WSTMF,124,30,100,2018-02-02,2018-02-02,2018-02-02,,,,S,EG08,PG03,101397.0,Operations
100037,2018-06-29,2018-06-29,A,TAW,F,1.0,37IT4,IT,WSTMF,124,30,100,2018-02-02,2018-02-02,2018-06-29,,,,S,EG04,PG03,101397.0,Operations
100037,2018-11-14,2018-11-14,T,TAW,F,1.0,37IT4,IT,WSTMF,124,30,100,2018-02-02,2018-02-02,2018-06-29,2018-11-14,201,I,S,EG04,PG03,101397.0,Operations
100038,2018-02-02,2018-02-02,A,RFT,F,1.0,44SAL4,SALES,ALPNC,115,60,60,2018-02-02,2018-02-02,2018-02-02,,,,S,EG09,PG03,,Operations
100039,2018-02-02,2018-02-02,A,RFT,F,1.0,32IT1,IT,ALPNC,119,30,90,2018-02-02,2018-02-02,2018-02-02,,,,S,EG03,PG03,,Operations
100039,2019-03-28,2019-03-28,A,RFT,F,1.0,33IT2,IT,ALPNC,119,30,90,2018-02-02,2018-02-02,2019-03-28,,,,S,EG09,PG03,,Operations
100039,2021-11-20,2021-11-20,T,RFT,F,1.0,33IT2,IT,ALPNC,119,30,90,2018-02-02,2018-02-02,2019-03-28,2021-11-20,100,V,S,EG09,PG03,,Operations
100040,2018-02-02,2018-02-02,A,RFT,F,1.0,01ADM1,ADMIN,WSTMF,106,10,60,2018-02-02,2018-02-02,2018-02-02,,,,H,EG05,PG03,102926.0,Operations
100040,2020-11-26,2020-11-26,T,RFT,F,1.0,01ADM1,ADMIN,WSTMF,106,10,60,2018-02-02,2018-02-02,2018-02-02,2020-11-26,202,V,H,EG05,PG03,102926.0,Operations
100041,2018-02-02,2018-02-02,A,RFT,F,1.0,48OPS1,OPS,WSTMF,106,70,40,2018-02-02,2018-02-02,2018-02-02,,,,S,EG03,PG03,101220.0,Operations
100041,2018-09-26,2018-09-26,T,RFT,F,1.0,48OPS1,OPS,WSTMF,106,70,40,2018-02-02,2018-02-02,2018-02-02,2018-09-26,100,V,S,EG03,PG03,101220.0,Operations
100042,2018-02-05,2018-02-05,A,RFT,F,1.0,56TRD2,TRD,WSTMF,100,150,50,2018-02-05,2018-02-05,2018-02-05,,,,S,EG02,PG03,,Operations
100042,2020-04-06,2020-04-06,T,RFT,F,1.0,56TRD2,TRD,WSTMF,100,150,50,2018-02-05,2018-02-05,2018-02-05,2020-04-06,201,I,S,EG02,PG03,,Operations
100043,2018-02-06,2018-02-06,A,RPT,F,0.78,26HR2,HR,WSTMF,102,70,80,2018-02-06,2018-02-06,2018-02-06,,,,S,EG03,PG03,102708.0,Operations
100043,2019-05-25,2019-05-25,A,RPT,F,0.78,42SAL2,SALES,WSTMF,102,70,80,2018-02-06,2018-02-06,2019-05-25,,,,S,EG10,PG03,102708.0,Operations
100043,2019-11-11,2019-11-11,T,RPT,F,0.78,42SAL2,SALES,WSTMF,102,70,80,2018-02-06,2018-02-06,2019-05-25,2019-11-11,207,I,S,EG10,PG03,102708.0,Operations
100044,2018-02-07,2018-02-07,A,RFT,F,1.0,94LEG2,LEGAL,PRMRE,117,130,120,2018-02-07,2018-02-07,2018-02-07,,,,H,EG02,PG02,101323.0,Operations
100044,2024-04-05,2024-04-05,A,RFT,F,1.0,95LEG3,LEGAL,PRMRE,117,130,120,2018-02-07,2018-02-07,2024-04-05,,,,H,EG05,PG02,101323.0,Operations
100045,2018-02-09,2018-02-09,A,RFT,F,1.0,61WHS2,WHSE,NRTHP,122,210,20,2018-02-09,2018-02-09,2018-02-09,,,,H,EG01,PG05,101716.0,Operations
100045,2020-05-29,2020-05-29,T,RFT,F,1.0,61WHS2,WHSE,NRTHP,122,210,20,2018-02-09,2018-02-09,2018-02-09,2020-05-29,206,I,H,EG01,PG05,101716.0,Operations
100046,2018-02-09,2018-02-09,A,RFT,F,1.0,43SAL3,SALES,ALPNC,104,60,20,2018-02-09,2018-02-09,2018-02-09,,,,S,EG10,PG03,101066.0,Operations
100046,2018-06-22,2018-06-22,L,RFT,F,1.0,43SAL3,SALES,ALPNC,104,60,20,2018-02-09,2018-02-09,2018-02-09,,,,S,EG10,PG03,101066.0,Operations
100046,2018-11-28,2018-11-28,A,RFT,F,1.0,43SAL3,SALES,ALPNC,104,60,20,2018-02-09,2018-02-09,2018-02-09,,,,S,EG10,PG03,101066.0,Operations
100046,2018-11-14,2018-11-14,A,RFT,F,1.0,15CSR3,CSR,ALPNC,104,60,20,2018-02-09,2018-02-09,2018-11-14,,,,S,EG10,PG03,101066.0,Operations
100046,2024-08-24,2024-08-24,T,RFT,F,1.0,15CSR3,CSR,ALPNC,104,60,20,2018-02-09,2018-02-09,2018-11-14,2024-08-24,202,V,S,EG10,PG03,101066.0,Operations
100047,2018-02-09,2018-02-09,A,RFT,F,1.0,56TRD2,TRD,PRMRE,115,110,10,2018-02-09,2018-02-09,2018-02-09,,,,H,EG02,PG02,102872.0,Operations
100047,2019-10-02,2019-10-02,T,RFT,F,1.0,56TRD2,TRD,PRMRE,115,110,10,2018-02-09,2018-02-09,2018-02-09,2019-10-02,200,I,H,EG02,PG02,102872.0,Operations
100048,2018-02-09,2018-02-09,A,RFT,F,1.0,90PRO3,PROJ,WSTMF,118,60,50,2018-02-09,2018-02-09,2018-02-09,,,,S,EG04,PG03,102844.0,Operations
100048,2019-06-26,2019-06-26,A,RFT,F,1.0,15CSR3,CSR,WSTMF,118,60,50,2018-02-09,2018-02-09,2019-06-26,,,,S,EG10,PG03,102844.0,Operations
100048,2021-12-30,2021-12-30,A,RFT,F,1.0,67TEC3,TECH,WSTMF,118,60,50,2018-02-09,2018-02-09,2021-12-30,,,,S,EG10,PG03,102844.0,Operations
100049,2018-02-12,2018-02-12,A,RFT,F,1.0,41SAL1,SALES,ALPNC,102,150,110,2018-02-12,2018-02-12,2018-02-12,,,,S,EG08,PG03,100842.0,Operations
100049,2022-06-02,2022-06-02,A,RFT,F,1.0,01ADM1,ADMIN,ALPNC,102,150,110,2018-02-12,2018-02-12,2022-06-02,,,,S,EG05,PG03,100842.0,Operations
100049,2023-06-02,2023-06-02,A,RFT,F,1.0,13CSR1,CSR,ALPNC,102,150,110,2018-02-12,2018-02-12,2023-06-02,,,,S,EG01,PG03,100842.0,Operations
100049,2025-02-04,2025-02-04,T,RFT,F,1.0,13CSR1,CSR,ALPNC,102,150,110,2018-02-12,2018-02-12,2023-06-02,2025-02-04,207,I,S,EG01,PG03,100842.0,Operations
100050,2018-02-12,2018-02-12,A,TAW,F,1.0,26HR2,HR,NRTHP,112,70,60,2018-02-12,2018-02-12,2018-02-12,,,,H,EG03,PG05,,Operations
100050,2019-09-23,2019-09-23,T,TAW,F,1.0,26HR2,HR,NRTHP,112,70,60,2018-02-12,2018-02-12,2018-02-12,2019-09-23,201,I,H,EG03,PG05,,Operations
100051,2018-02-13,2018-02-13,A,TFT,F,1.0,13CSR1,CSR,NRTHP,103,170,40,2018-02-13,2018-02-13,2018-02-13,,,,H,EG01,PG05,,Operations
100051,2018-07-03,2018-07-03,T,TFT,F,1.0,13CSR1,CSR,NRTHP,103,170,40,2018-02-13,2018-02-13,2018-02-13,2018-07-03,210,I,H,EG01,PG05,,Operations
100052,2018-02-13,2018-02-13,A,CON,F,1.0,09ACC4,ACCTG,ALPNC,121,110,110,2018-02-13,2018-02-13,2018-02-13,,,,S,EG05,PG03,100624.0,Operations
100052,2019-01-15,2019-01-15,T,CON,F,1.0,09ACC4,ACCTG,ALPNC,121,110,110,2018-02-13,2018-02-13,2018-02-13,2019-01-15,102,V,S,EG05,PG03,100624.0,Operations
100053,2018-02-14,2018-02-14,A,RFT,F,1.0,55TRD1,TRD,NRTHP,102,130,50,2018-02-14,2018-02-14,2018-02-14,,,,H,EG04,PG05,102468.0,Operations
100053,2021-01-13,2021-01-13,T,RFT,F,1.0,55TRD1,TRD,NRTHP,102,130,50,2018-02-14,2018-02-14,2018-02-14,2021-01-13,102,V,H,EG04,PG05,102468.0,Operations
100054,2018-02-15,2018-02-15,A,RFT,F,1.0,05ACC1,ACCTG,WSTMF,102,60,30,2018-02-15,2018-02-15,2018-02-15,,,,S,EG05,PG03,101520.0,Operations
100054,2020-10-10,2020-10-10,L,RFT,F,1.0,05ACC1,ACCTG,WSTMF,102,60,30,2018-02-15,2018-02-15,2018-02-15,,,,S,EG05,PG03,101520.0,Operations
100054,2020-11-28,2020-11-28,A,RFT,F,1.0,05ACC1,ACCTG,WSTMF,102,60,30,2018-02-15,2018-02-15,2018-02-15,,,,S,EG05,PG03,101520.0,Operations
100055,2018-02-16,2018-02-16,A,TAW,F,1.0,09ACC4,ACCTG,ALPNC,119,200,50,2018-02-16,2018-02-16,2018-02-16,,,,S,EG05,PG03,,Operations
100055,2018-03-13,2018-03-13,T,TAW,F,1.0,09ACC4,ACCTG,ALPNC,119,200,50,2018-02-16,2018-02-16,2018-02-16,2018-03-13,201,I,S,EG05,PG03,,Operations
100056,2018-02-16,2018-02-16,A,RPT,P,0.7,41SAL1,SALES,WSTMF,113,220,50,2018-02-16,2018-02-16,2018-02-16,,,,S,EG08,PG03,102968.0,Operations
100057,2018-02-20,2018-02-20,A,RPT,P,0.42,56TRD2,TRD,ALPNC,102,200,10,2018-02-20,2018-02-20,2018-02-20,,,,H,EG02,PG03,,Operations
100057,2022-08-24,2022-08-24,T,RPT,P,0.42,56TRD2,TRD,ALPNC,102,200,10,2018-02-20,2018-02-20,2018-02-20,2022-08-24,201,I,H,EG02,PG03,,Operations
100058,2018-02-23,2018-02-23,A,RFT,F,1.0,19ENG2,ENGR,WSTMF,111,230,120,2018-02-23,2018-02-23,2018-02-23,,,,H,EG01,PG03,,Operations
100058,2024-03-17,2024-03-17,T,RFT,F,1.0,19ENG2,ENGR,WSTMF,111,230,120,2018-02-23,2018-02-23,2018-02-23,2024-03-17,101,V,H,EG01,PG03,,Operations
100059,2018-02-23,2018-02-23,A,RFT,F,1.0,94LEG2,LEGAL,WSTMF,108,170,90,2018-02-23,2018-02-23,2018-02-23,,,,H,EG02,PG03,101544.0,Operations
100059,2019-05-24,2019-05-24,A,RFT,F,1.0,19ENG2,ENGR,WSTMF,108,170,90,2018-02-23,2018-02-23,2019-05-24,,,,H,EG01,PG03,101544.0,Operations
100059,2020-06-04,2020-06-04,A,RFT,F,1.0,20ENG3,ENGR,WSTMF,108,170,90,2018-02-23,2018-02-23,2020-06-04,,,,H,EG03,PG03,101544.0,Operations
100059,2020-08-06,2020-08-06,T,RFT,F,1.0,20ENG3,ENGR,WSTMF,108,170,90,2018-02-23,2018-02-23,2020-06-04,2020-08-06,200,I,H,EG03,PG03,101544.0,Operations
100060,2018-02-23,2018-02-23,A,RFT,F,1.0,70MKT1,MKTG,ALPNC,111,40,40,2018-02-23,2018-02-23,2018-02-23,,,,S,EG04,PG03,101448.0,Operations
100060,2024-09-17,2024-09-17,A,RFT,F,1.0,71MKT2,MKTG,ALPNC,111,40,40,2018-02-23,2018-02-23,2024-09-17,,,,S,EG10,PG03,101448.0,Operations
100060,2025-06-21,2025-06-21,L,RFT,F,1.0,71MKT2,MKTG,ALPNC,111,40,40,2018-02-23,2018-02-23,2024-09-17,,,,S,EG10,PG03,101448.0,Operations
100060,2025-10-14,2025-10-14,A,RFT,F,1.0,71MKT2,MKTG,ALPNC,111,40,40,2018-02-23,2018-02-23,2024-09-17,,,,S,EG10,PG03,101448.0,Operations
100061,2018-02-23,2018-02-23,A,CON,F,1.0,71MKT2,MKTG,PRMRE,115,220,80,2018-02-23,2018-02-23,2018-02-23,,,,S,EG10,PG02,102648.0,Operations
100061,2018-09-30,2018-09-30,T,CON,F,1.0,71MKT2,MKTG,PRMRE,115,220,80,2018-02-23,2018-02-23,2018-02-23,2018-09-30,101,V,S,EG10,PG02,102648.0,Operations
100062,2018-02-26,2018-02-26,A,RFT,F,1.0,77ANL1,ANLYT,ALPNC,124,160,80,2018-02-26,2018-02-26,2018-02-26,,,,H,EG04,PG03,100599.0,Operations
100062,2023-11-29,2023-11-29,A,RFT,F,1.0,78ANL2,ANLYT,ALPNC,124,160,80,2018-02-26,2018-02-26,2023-11-29,,,,H,EG04,PG03,100599.0,Operations
100063,2018-02-26,2018-02-26,A,RFT,F,1.0,96LEG4,LEGAL,PRMRE,116,210,30,2018-02-26,2018-02-26,2018-02-26,,,,S,EG10,PG02,,Operations
100063,2018-08-18,2018-08-18,T,RFT,F,1.0,96LEG4,LEGAL,PRMRE,116,210,30,2018-02-26,2018-02-26,2018-02-26,2018-08-18,206,I,S,EG10,PG02,,Operations
100064,2018-02-28,2018-02-28,A,RFT,F,1.0,60WHS1,WHSE,PRMRE,117,40,60,2018-02-28,2018-02-28,2018-02-28,,,,H,EG06,PG02,100480.0,Operations
100064,2019-06-26,2019-06-26,L,RFT,F,1.0,60WHS1,WHSE,PRMRE,117,40,60,2018-02-28,2018-02-28,2018-02-28,,,,H,EG06,PG02,100480.0,Operations
100064,2019-10-22,2019-10-22,A,RFT,F,1.0,60WHS1,WHSE,PRMRE,117,40,60,2018-02-28,2018-02-28,2018-02-28,,,,H,EG06,PG02,100480.0,Operations
100064,2020-01-28,2020-01-28,T,RFT,F,1.0,60WHS1,WHSE,PRMRE,117,40,60,2018-02-28,2018-02-28,2018-02-28,2020-01-28,205,I,H,EG06,PG02,100480.0,Operations
100065,2018-02-28,2018-02-28,A,RFT,F,1.0,77ANL1,ANLYT,ALPNC,102,150,60,2018-02-28,2018-02-28,2018-02-28,,,,H,EG04,PG03,100842.0,Operations
100065,2022-07-10,2022-07-10,A,RFT,F,1.0,78ANL2,ANLYT,ALPNC,102,150,60,2018-02-28,2018-02-28,2022-07-10,,,,H,EG04,PG03,100842.0,Operations
100066,2018-03-02,2018-03-02,A,RFT,F,1.0,04ADM4,ADMIN,ALPNC,104,100,80,2018-03-02,2018-03-02,2018-03-02,,,,S,EG06,PG03,,Operations
100066,2021-08-10,2021-08-10,L,RFT,F,1.0,04ADM4,ADMIN,ALPNC,104,100,80,2018-03-02,2018-03-02,2018-03-02,,,,S,EG06,PG03,,Operations
100066,2022-01-13,2022-01-13,A,RFT,F,1.0,04ADM4,ADMIN,ALPNC,104,100,80,2018-03-02,2018-03-02,2018-03-02,,,,S,EG06,PG03,,Operations
100067,2018-03-02,2018-03-02,A,RFT,F,1.0,13CSR1,CSR,WSTMF,108,190,50,2018-03-02,2018-03-02,2018-03-02,,,,H,EG01,PG03,100313.0,Operations
100067,2019-03-01,2019-03-01,A,RFT,F,1.0,14CSR2,CSR,WSTMF,108,190,50,2018-03-02,2018-03-02,2019-03-01,,,,H,EG06,PG03,100313.0,Operations
100067,2021-04-20,2021-04-20,A,RFT,F,1.0,15CSR3,CSR,WSTMF,108,190,50,2018-03-02,2018-03-02,2021-04-20,,,,H,EG10,PG03,100313.0,Operations
100067,2022-07-27,2022-07-27,A,RFT,F,1.0,16CSR4,CSR,WSTMF,108,190,50,2018-03-02,2018-03-02,2022-07-27,,,,H,EG10,PG03,100313.0,Operations
100068,2018-03-02,2018-03-02,A,RFT,F,1.0,57TRD3,TRD,PRMRE,116,70,110,2018-03-02,2018-03-02,2018-03-02,,,,S,EG02,PG02,101496.0,Operations
100069,2018-03-02,2018-03-02,A,RFT,F,1.0,80ANL4,ANLYT,ALPNC,116,130,10,2018-03-02,2018-03-02,2018-03-02,,,,S,EG05,PG03,,Operations
100069,2024-07-19,2024-07-19,A,RFT,F,1.0,81ANL5,ANLYT,ALPNC,116,130,10,2018-03-02,2018-03-02,2024-07-19,,,,S,EG01,PG03,,Operations
100070,2018-03-02,2018-03-02,A,RFT,F,1.0,28HR4,HR,ALPNC,115,50,20,2018-03-02,2018-03-02,2018-03-02,,,,S,EG08,PG03,,Operations
100070,2021-02-02,2021-02-02,L,RFT,F,1.0,28HR4,HR,ALPNC,115,50,20,2018-03-02,2018-03-02,2018-03-02,,,,S,EG08,PG03,,Operations
100070,2021-07-24,2021-07-24,A,RFT,F,1.0,28HR4,HR,ALPNC,115,50,20,2018-03-02,2018-03-02,2018-03-02,,,,S,EG08,PG03,,Operations
100070,2022-12-13,2022-12-13,T,RFT,F,1.0,28HR4,HR,ALPNC,115,50,20,2018-03-02,2018-03-02,2018-03-02,2022-12-13,101,V,S,EG08,PG03,,Operations
100071,2018-03-06,2018-03-06,A,RFT,F,1.0,66TEC2,TECH,NRTHP,111,150,80,2018-03-06,2018-03-06,2018-03-06,,,,H,EG04,PG05,,Operations
100071,2020-09-14,2020-09-14,A,RFT,F,1.0,67TEC3,TECH,NRTHP,111,150,80,2018-03-06,2018-03-06,2020-09-14,,,,H,EG10,PG05,,Operations
100071,2024-03-20,2024-03-20,A,RFT,F,1.0,68TEC4,TECH,NRTHP,111,150,80,2018-03-06,2018-03-06,2024-03-20,,,,H,EG06,PG05,,Operations
100072,2018-03-06,2018-03-06,A,RFT,F,1.0,65TEC1,TECH,WSTMF,118,160,60,2018-03-06,2018-03-06,2018-03-06,,,,H,EG08,PG03,100692.0,Operations
100072,2019-07-31,2019-07-31,A,RFT,F,1.0,66TEC2,TECH,WSTMF,118,160,60,2018-03-06,2018-03-06,2019-07-31,,,,H,EG04,PG03,100692.0,Operations
100073,2018-03-07,2018-03-07,A,RFT,F,1.0,07ACC2,ACCTG,ALPNC,104,80,30,2018-03-07,2018-03-07,2018-03-07,,,,H,EG03,PG03,,Operations
100073,2019-12-10,2019-12-10,A,RFT,F,1.0,08ACC3,ACCTG,ALPNC,104,80,30,2018-03-07,2018-03-07,2019-12-10,,,,H,EG01,PG03,,Operations
100073,2022-12-01,2022-12-01,L,RFT,F,1.0,08ACC3,ACCTG,ALPNC,104,80,30,2018-03-07,2018-03-07,2019-12-10,,,,H,EG01,PG03,,Operations
100073,2023-02-02,2023-02-02,A,RFT,F,1.0,08ACC3,ACCTG,ALPNC,104,80,30,2018-03-07,2018-03-07,2019-12-10,,,,H,EG01,PG03,,Operations
100074,2018-03-07,2018-03-07,A,RFT,F,1.0,55TRD1,TRD,PRMRE,118,210,20,2018-03-07,2018-03-07,2018-03-07,,,,S,EG04,PG02,101721.0,Operations
100074,2020-01-07,2020-01-07,A,RFT,F,1.0,56TRD2,TRD,PRMRE,118,210,20,2018-03-07,2018-03-07,2020-01-07,,,,S,EG02,PG02,101721.0,Operations
100074,2021-07-24,2021-07-24,T,RFT,F,1.0,56TRD2,TRD,PRMRE,118,210,20,2018-03-07,2018-03-07,2020-01-07,2021-07-24,102,V,S,EG02,PG02,101721.0,Operations
100075,2018-03-08,2018-03-08,A,RFT,F,1.0,16CSR4,CSR,NRTHP,123,50,20,2018-03-08,2018-03-08,2018-03-08,,,,S,EG10,PG05,,Operations
100075,2024-04-08,2024-04-08,L,RFT,F,1.0,16CSR4,CSR,NRTHP,123,50,20,2018-03-08,2018-03-08,2018-03-08,,,,S,EG10,PG05,,Operations
100075,2024-06-08,2024-06-08,A,RFT,F,1.0,16CSR4,CSR,NRTHP,123,50,20,2018-03-08,2018-03-08,2018-03-08,,,,S,EG10,PG05,,Operations
100075,2025-12-08,2025-12-08,A,RFT,F,1.0,91PRO4,PROJ,NRTHP,123,50,20,2018-03-08,2018-03-08,2025-12-08,,,,S,EG02,PG05,,Operations
100076,2018-03-08,2018-03-08,A,RPT,P,0.7,91PRO4,PROJ,ALPNC,111,180,120,2018-03-08,2018-03-08,2018-03-08,,,,S,EG02,PG03,,Operations
100076,2021-04-29,2021-04-29,A,RPT,P,0.7,92PRO5,PROJ,ALPNC,111,180,120,2018-03-08,2018-03-08,2021-04-29,,,,S,EG07,PG03,,Operations
100077,2018-03-09,2018-03-09,A,TFT,F,1.0,42SAL2,SALES,PRMRE,123,50,20,2018-03-09,2018-03-09,2018-03-09,,,,S,EG10,PG02,100075.0,Operations
100077,2018-12-27,2018-12-27,A,TFT,F,1.0,43SAL3,SALES,PRMRE,123,50,20,2018-03-09,2018-03-09,2018-12-27,,,,S,EG10,PG02,100075.0,Operations
100077,2019-06-14,2019-06-14,A,TFT,F,1.0,44SAL4,SALES,PRMRE,123,50,20,2018-03-09,2018-03-09,2019-06-14,,,,S,EG09,PG02,100075.0,Operations
100077,2024-08-24,2024-08-24,T,TFT,F,1.0,44SAL4,SALES,PRMRE,123,50,20,2018-03-09,2018-03-09,2019-06-14,2024-08-24,200,I,S,EG09,PG02,100075.0,Operations
100078,2018-03-09,2018-03-09,A,RFT,F,1.0,27HR3,HR,NRTHP,122,130,100,2018-03-09,2018-03-09,2018-03-09,,,,S,EG02,PG05,102268.0,Operations
100078,2019-02-21,2019-02-21,A,RFT,F,1.0,28HR4,HR,NRTHP,122,130,100,2018-03-09,2018-03-09,2019-02-21,,,,S,EG08,PG05,102268.0,Operations
100078,2021-06-09,2021-06-09,T,RFT,F,1.0,28HR4,HR,NRTHP,122,130,100,2018-03-09,2018-03-09,2019-02-21,2021-06-09,101,V,S,EG08,PG05,102268.0,Operations
100079,2018-03-09,2018-03-09,A,RPT,P,0.58,66TEC2,TECH,ALPNC,100,130,20,2018-03-09,2018-03-09,2018-03-09,,,,H,EG04,PG03,101590.0,Operations
100079,2020-04-05,2020-04-05,T,RPT,P,0.58,66TEC2,TECH,ALPNC,100,130,20,2018-03-09,2018-03-09,2018-03-09,2020-04-05,102,V,H,EG04,PG03,101590.0,Operations
100080,2018-03-12,2018-03-12,A,RFT,F,1.0,15CSR3,CSR,PRMRE,118,130,110,2018-03-12,2018-03-12,2018-03-12,,,,S,EG10,PG02,,Operations
100081,2018-03-12,2018-03-12,A,RFT,F,1.0,77ANL1,ANLYT,NRTHP,111,170,90,2018-03-12,2018-03-12,2018-03-12,,,,S,EG04,PG05,100861.0,Operations
100081,2018-07-31,2018-07-31,A,RFT,F,1.0,78ANL2,ANLYT,NRTHP,111,170,90,2018-03-12,2018-03-12,2018-07-31,,,,S,EG04,PG05,100861.0,Operations
100081,2018-12-03,2018-12-03,A,RFT,F,1.0,79ANL3,ANLYT,NRTHP,111,170,90,2018-03-12,2018-03-12,2018-12-03,,,,S,EG10,PG05,100861.0,Operations
100081,2019-01-07,2019-01-07,T,RFT,F,1.0,79ANL3,ANLYT,NRTHP,111,170,90,2018-03-12,2018-03-12,2018-12-03,2019-01-07,101,V,S,EG10,PG05,100861.0,Operations
100082,2018-03-12,2018-03-12,A,RFT,F,1.0,06ACC1,ACCTG,ALPNC,111,250,80,2018-03-12,2018-03-12,2018-03-12,,,,H,EG09,PG03,102191.0,Operations
100082,2024-11-30,2024-11-30,T,RFT,F,1.0,06ACC1,ACCTG,ALPNC,111,250,80,2018-03-12,2018-03-12,2018-03-12,2024-11-30,102,V,H,EG09,PG03,102191.0,Operations
100083,2018-03-12,2018-03-12,A,RPT,P,0.48,43SAL3,SALES,ALPNC,121,150,20,2018-03-12,2018-03-12,2018-03-12,,,,S,EG10,PG03,,Operations
100083,2019-03-11,2019-03-11,A,RPT,P,0.48,90PRO3,PROJ,ALPNC,121,150,20,2018-03-12,2018-03-12,2019-03-11,,,,S,EG04,PG03,,Operations
100084,2018-03-13,2018-03-13,A,RFT,F,1.0,28HR4,HR,ALPNC,114,150,120,2018-03-13,2018-03-13,2018-03-13,,,,S,EG08,PG03,,Operations
100084,2019-09-26,2019-09-26,A,RFT,F,1.0,83SUP4,SUPV,ALPNC,114,150,120,2018-03-13,2018-03-13,2019-09-26,,,,S,EG01,PG03,,Operations
100085,2018-03-15,2018-03-15,A,RFT,F,1.0,78ANL2,ANLYT,PRMRE,115,30,30,2018-03-15,2018-03-15,2018-03-15,,,,H,EG04,PG02,102360.0,Operations
100085,2020-07-24,2020-07-24,A,RFT,F,1.0,89PRO2,PROJ,PRMRE,115,30,30,2018-03-15,2018-03-15,2020-07-24,,,,H,EG06,PG02,102360.0,Operations
100086,2018-03-16,2018-03-16,A,RFT,F,1.0,01ADM1,ADMIN,NRTHP,121,30,30,2018-03-16,2018-03-16,2018-03-16,,,,H,EG05,PG05,100345.0,Operations
100086,2019-11-04,2019-11-04,A,RFT,F,1.0,02ADM2,ADMIN,NRTHP,121,30,30,2018-03-16,2018-03-16,2019-11-04,,,,H,EG04,PG05,100345.0,Operations
100086,2020-10-19,2020-10-19,A,RFT,F,1.0,03ADM3,ADMIN,NRTHP,121,30,30,2018-03-16,2018-03-16,2020-10-19,,,,H,EG07,PG05,100345.0,Operations
100086,2020-12-30,2020-12-30,A,RFT,F,1.0,04ADM4,ADMIN,NRTHP,121,30,30,2018-03-16,2018-03-16,2020-12-30,,,,H,EG06,PG05,100345.0,Operations
100086,2025-03-27,2025-03-27,A,RFT,F,1.0,83SUP4,SUPV,NRTHP,121,30,30,2018-03-16,2018-03-16,2025-03-27,,,,H,EG01,PG05,100345.0,Operations
100087,2018-03-19,2018-03-19,A,RFT,F,1.0,03ADM3,ADMIN,WSTMF,100,70,120,2018-03-19,2018-03-19,2018-03-19,,,,S,EG07,PG03,,Operations
100087,2019-01-03,2019-01-03,T,RFT,F,1.0,03ADM3,ADMIN,WSTMF,100,70,120,2018-03-19,2018-03-19,2018-03-19,2019-01-03,101,V,S,EG07,PG03,,Operations
100088,2018-03-20,2018-03-20,A,RFT,F,1.0,07ACC2,ACCTG,ALPNC,100,250,120,2018-03-20,2018-03-20,2018-03-20,,,,S,EG03,PG03,102201.0,Operations
100088,2019-09-27,2019-09-27,T,RFT,F,1.0,07ACC2,ACCTG,ALPNC,100,250,120,2018-03-20,2018-03-20,2018-03-20,2019-09-27,200,I,S,EG03,PG03,102201.0,Operations
100089,2018-03-20,2018-03-20,A,RFT,F,1.0,63WHS4,WHSE,WSTMF,107,220,60,2018-03-20,2018-03-20,2018-03-20,,,,S,EG10,PG03,,Operations
100089,2018-12-16,2018-12-16,L,RFT,F,1.0,63WHS4,WHSE,WSTMF,107,220,60,2018-03-20,2018-03-20,2018-03-20,,,,S,EG10,PG03,,Operations
100089,2019-01-28,2019-01-28,A,RFT,F,1.0,63WHS4,WHSE,WSTMF,107,220,60,2018-03-20,2018-03-20,2018-03-20,,,,S,EG10,PG03,,Operations
100089,2019-02-05,2019-02-05,A,RFT,F,1.0,64WHS5,WHSE,WSTMF,107,220,60,2018-03-20,2018-03-20,2019-02-05,,,,S,EG03,PG03,,Operations
100089,2020-07-07,2020-07-07,L,RFT,F,1.0,64WHS5,WHSE,WSTMF,107,220,60,2018-03-20,2018-03-20,2019-02-05,,,,S,EG03,PG03,,Operations
100089,2020-12-09,2020-12-09,A,RFT,F,1.0,64WHS5,WHSE,WSTMF,107,220,60,2018-03-20,2018-03-20,2019-02-05,,,,S,EG03,PG03,,Operations
100089,2023-11-07,2023-11-07,A,RFT,F,1.0,75MKT6,MKTG,WSTMF,107,220,60,2018-03-20,2018-03-20,2023-11-07,,,,S,EG02,PG03,,Operations
100090,2018-03-21,2018-03-21,A,RPT,P,0.51,80ANL4,ANLYT,ALPNC,119,30,70,2018-03-21,2018-03-21,2018-03-21,,,,S,EG05,PG03,,Operations
100090,2022-09-25,2022-09-25,T,RPT,P,0.51,80ANL4,ANLYT,ALPNC,119,30,70,2018-03-21,2018-03-21,2018-03-21,2022-09-25,205,I,S,EG05,PG03,,Operations
100091,2018-03-21,2018-03-21,A,RFT,F,1.0,14CSR2,CSR,WSTMF,113,170,60,2018-03-21,2018-03-21,2018-03-21,,,,S,EG06,PG03,100750.0,Operations
100092,2018-03-21,2018-03-21,A,RFT,F,1.0,32IT1,IT,NRTHP,115,50,100,2018-03-21,2018-03-21,2018-03-21,,,,H,EG03,PG05,100721.0,Operations
100092,2018-07-29,2018-07-29,T,RFT,F,1.0,32IT1,IT,NRTHP,115,50,100,2018-03-21,2018-03-21,2018-03-21,2018-07-29,201,I,H,EG03,PG05,100721.0,Operations
100093,2018-03-21,2018-03-21,A,RPT,P,0.65,56TRD2,TRD,ALPNC,121,170,60,2018-03-21,2018-03-21,2018-03-21,,,,S,EG02,PG03,,Operations
100093,2021-09-26,2021-09-26,A,RPT,P,0.65,14CSR2,CSR,ALPNC,121,170,60,2018-03-21,2018-03-21,2021-09-26,,,,S,EG06,PG03,,Operations
100093,2025-06-19,2025-06-19,L,RPT,P,0.65,14CSR2,CSR,ALPNC,121,170,60,2018-03-21,2018-03-21,2021-09-26,,,,S,EG06,PG03,,Operations
100093,2025-08-22,2025-08-22,A,RPT,P,0.65,14CSR2,CSR,ALPNC,121,170,60,2018-03-21,2018-03-21,2021-09-26,,,,S,EG06,PG03,,Operations
100094,2018-03-22,2018-03-22,A,RFT,F,1.0,34IT2,IT,WSTMF,115,60,100,2018-03-22,2018-03-22,2018-03-22,,,,S,EG08,PG03,100038.0,Operations
100094,2020-03-18,2020-03-18,A,RFT,F,1.0,07ACC2,ACCTG,WSTMF,115,60,100,2018-03-22,2018-03-22,2020-03-18,,,,S,EG03,PG03,100038.0,Operations
100094,2020-07-22,2020-07-22,T,RFT,F,1.0,07ACC2,ACCTG,WSTMF,115,60,100,2018-03-22,2018-03-22,2020-03-18,2020-07-22,101,V,S,EG03,PG03,100038.0,Operations
100095,2018-03-22,2018-03-22,A,RFT,F,1.0,62WHS3,WHSE,ALPNC,116,250,120,2018-03-22,2018-03-22,2018-03-22,,,,S,EG01,PG03,,Operations
100095,2019-07-25,2019-07-25,A,RFT,F,1.0,63WHS4,WHSE,ALPNC,116,250,120,2018-03-22,2018-03-22,2019-07-25,,,,S,EG10,PG03,,Operations
100095,2019-11-13,2019-11-13,L,RFT,F,1.0,63WHS4,WHSE,ALPNC,116,250,120,2018-03-22,2018-03-22,2019-07-25,,,,S,EG10,PG03,,Operations
100095,2020-04-16,2020-04-16,A,RFT,F,1.0,63WHS4,WHSE,ALPNC,116,250,120,2018-03-22,2018-03-22,2019-07-25,,,,S,EG10,PG03,,Operations
100095,2020-12-04,2020-12-04,L,RFT,F,1.0,63WHS4,WHSE,ALPNC,116,250,120,2018-03-22,2018-03-22,2019-07-25,,,,S,EG10,PG03,,Operations
100095,2021-02-04,2021-02-04,A,RFT,F,1.0,63WHS4,WHSE,ALPNC,116,250,120,2018-03-22,2018-03-22,2019-07-25,,,,S,EG10,PG03,,Operations
100095,2021-11-28,2021-11-28,T,RFT,F,1.0,63WHS4,WHSE,ALPNC,116,250,120,2018-03-22,2018-03-22,2019-07-25,2021-11-28,205,I,S,EG10,PG03,,Operations
100096,2018-03-22,2018-03-22,A,RFT,F,1.0,78ANL2,ANLYT,WSTMF,118,40,80,2018-03-22,2018-03-22,2018-03-22,,,,H,EG04,PG03,102377.0,Operations
100096,2018-07-17,2018-07-17,T,RFT,F,1.0,78ANL2,ANLYT,WSTMF,118,40,80,2018-03-22,2018-03-22,2018-03-22,2018-07-17,200,I,H,EG04,PG03,102377.0,Operations
100097,2018-03-23,2018-03-23,A,RFT,F,1.0,33IT2,IT,ALPNC,114,200,60,2018-03-23,2018-03-23,2018-03-23,,,,H,EG09,PG03,102155.0,Operations
100097,2019-01-21,2019-01-21,T,RFT,F,1.0,33IT2,IT,ALPNC,114,200,60,2018-03-23,2018-03-23,2018-03-23,2019-01-21,100,V,H,EG09,PG03,102155.0,Operations
100098,2018-03-23,2018-03-23,A,CON,F,1.0,56TRD2,TRD,PRMRE,117,130,50,2018-03-23,2018-03-23,2018-03-23,,,,H,EG02,PG02,101323.0,Operations
100098,2019-04-19,2019-04-19,A,CON,F,1.0,61WHS2,WHSE,PRMRE,117,130,50,2018-03-23,2018-03-23,2019-04-19,,,,H,EG01,PG02,101323.0,Operations
100098,2022-03-11,2022-03-11,A,CON,F,1.0,14CSR2,CSR,PRMRE,117,130,50,2018-03-23,2018-03-23,2022-03-11,,,,H,EG06,PG02,101323.0,Operations
100099,2018-03-23,2018-03-23,A,RFT,F,1.0,68TEC4,TECH,WSTMF,111,60,20,2018-03-23,2018-03-23,2018-03-23,,,,S,EG06,PG03,,Operations
100099,2021-03-06,2021-03-06,A,RFT,F,1.0,58TRD4,TRD,WSTMF,111,60,20,2018-03-23,2018-03-23,2021-03-06,,,,S,EG05,PG03,,Operations
100099,2023-04-29,2023-04-29,T,RFT,F,1.0,58TRD4,TRD,WSTMF,111,60,20,2018-03-23,2018-03-23,2021-03-06,2023-04-29,100,V,S,EG05,PG03,,Operations
100100,2018-03-27,2018-03-27,A,RFT,F,1.0,79ANL3,ANLYT,PRMRE,123,30,10,2018-03-27,2018-03-27,2018-03-27,,,,S,EG10,PG02,,Operations
100100,2018-09-02,2018-09-02,T,RFT,F,1.0,79ANL3,ANLYT,PRMRE,123,30,10,2018-03-27,2018-03-27,2018-03-27,2018-09-02,200,I,S,EG10,PG02,,Operations
100101,2018-03-27,2018-03-27,A,RPT,P,0.5,77ANL1,ANLYT,WSTMF,115,170,20,2018-03-27,2018-03-27,2018-03-27,,,,H,EG04,PG03,102467.0,Operations
100101,2018-08-21,2018-08-21,A,RPT,P,0.5,78ANL2,ANLYT,WSTMF,115,170,20,2018-03-27,2018-03-27,2018-08-21,,,,H,EG04,PG03,102467.0,Operations
100101,2019-11-13,2019-11-13,A,RPT,P,0.5,79ANL3,ANLYT,WSTMF,115,170,20,2018-03-27,2018-03-27,2019-11-13,,,,H,EG10,PG03,102467.0,Operations
100101,2020-07-20,2020-07-20,T,RPT,P,0.5,79ANL3,ANLYT,WSTMF,115,170,20,2018-03-27,2018-03-27,2019-11-13,2020-07-20,100,V,H,EG10,PG03,102467.0,Operations
100102,2018-03-28,2018-03-28,A,RFT,F,1.0,70MKT1,MKTG,WSTMF,102,80,90,2018-03-28,2018-03-28,2018-03-28,,,,H,EG04,PG03,100620.0,Operations
100102,2019-04-05,2019-04-05,T,RFT,F,1.0,70MKT1,MKTG,WSTMF,102,80,90,2018-03-28,2018-03-28,2018-03-28,2019-04-05,102,V,H,EG04,PG03,100620.0,Operations
100103,2018-03-28,2018-03-28,A,RFT,F,1.0,42SAL2,SALES,NRTHP,108,130,70,2018-03-28,2018-03-28,2018-03-28,,,,H,EG10,PG05,,Operations
100103,2018-04-02,2018-04-02,A,RFT,F,1.0,43SAL3,SALES,NRTHP,108,130,70,2018-03-28,2018-03-28,2018-04-02,,,,H,EG10,PG05,,Operations
100103,2018-06-21,2018-06-21,A,RFT,F,1.0,20ENG3,ENGR,NRTHP,108,130,70,2018-03-28,2018-03-28,2018-06-21,,,,H,EG03,PG05,,Operations
100103,2021-05-05,2021-05-05,T,RFT,F,1.0,20ENG3,ENGR,NRTHP,108,130,70,2018-03-28,2018-03-28,2018-06-21,2021-05-05,101,V,H,EG03,PG05,,Operations
100104,2018-03-28,2018-03-28,A,RFT,F,1.0,01ADM1,ADMIN,NRTHP,115,160,50,2018-03-28,2018-03-28,2018-03-28,,,,H,EG05,PG05,102695.0,Operations
100104,2019-04-03,2019-04-03,T,RFT,F,1.0,01ADM1,ADMIN,NRTHP,115,160,50,2018-03-28,2018-03-28,2018-03-28,2019-04-03,101,V,H,EG05,PG05,102695.0,Operations
100105,2018-04-02,2018-04-02,A,RFT,F,1.0,02ADM2,ADMIN,ALPNC,116,10,90,2018-04-02,2018-04-02,2018-04-02,,,,H,EG04,PG03,102461.0,Operations
100106,2018-04-02,2018-04-02,A,RPT,P,0.41,15CSR3,CSR,WSTMF,124,240,30,2018-04-02,2018-04-02,2018-04-02,,,,S,EG10,PG03,,Operations
100106,2018-12-21,2018-12-21,T,RPT,P,0.41,15CSR3,CSR,WSTMF,124,240,30,2018-04-02,2018-04-02,2018-04-02,2018-12-21,205,I,S,EG10,PG03,,Operations
100107,2018-04-03,2018-04-03,A,RFT,F,1.0,89PRO2,PROJ,ALPNC,115,250,110,2018-04-03,2018-04-03,2018-04-03,,,,H,EG06,PG03,100992.0,Operations
100107,2018-10-16,2018-10-16,A,RFT,F,1.0,90PRO3,PROJ,ALPNC,115,250,110,2018-04-03,2018-04-03,2018-10-16,,,,H,EG04,PG03,100992.0,Operations
100107,2022-06-03,2022-06-03,T,RFT,F,1.0,90PRO3,PROJ,ALPNC,115,250,110,2018-04-03,2018-04-03,2018-10-16,2022-06-03,207,I,H,EG04,PG03,100992.0,Operations
100108,2018-04-05,2018-04-05,A,RFT,F,1.0,78ANL2,ANLYT,PRMRE,115,40,60,2018-04-05,2018-04-05,2018-04-05,,,,H,EG04,PG02,,Operations
100108,2021-04-21,2021-04-21,T,RFT,F,1.0,78ANL2,ANLYT,PRMRE,115,40,60,2018-04-05,2018-04-05,2018-04-05,2021-04-21,101,V,H,EG04,PG02,,Operations
100109,2018-04-05,2018-04-05,A,RFT,F,1.0,45SAL5,SALES,ALPNC,115,200,80,2018-04-05,2018-04-05,2018-04-05,,,,S,EG06,PG03,,Operations
100109,2018-04-19,2018-04-19,A,RFT,F,1.0,46SAL6,SALES,ALPNC,115,200,80,2018-04-05,2018-04-05,2018-04-19,,,,S,EG05,PG03,,Operations
100109,2020-11-25,2020-11-25,A,RFT,F,1.0,47SAL7,SALES,ALPNC,115,200,80,2018-04-05,2018-04-05,2020-11-25,,,,S,EG04,PG03,,Operations
100109,2022-01-11,2022-01-11,A,RFT,F,1.0,86EXE7,EXEC,ALPNC,115,200,80,2018-04-05,2018-04-05,2022-01-11,,,,S,EG07,PG03,,Operations
100109,2025-07-09,2025-07-09,T,RFT,F,1.0,86EXE7,EXEC,ALPNC,115,200,80,2018-04-05,2018-04-05,2022-01-11,2025-07-09,102,V,S,EG07,PG03,,Operations
100110,2018-04-06,2018-04-06,A,RFT,F,1.0,65TEC1,TECH,PRMRE,122,40,20,2018-04-06,2018-04-06,2018-04-06,,,,H,EG08,PG02,101880.0,Operations
100110,2022-03-03,2022-03-03,A,RFT,F,1.0,66TEC2,TECH,PRMRE,122,40,20,2018-04-06,2018-04-06,2022-03-03,,,,H,EG04,PG02,101880.0,Operations
100111,2018-04-06,2018-04-06,A,RFT,F,1.0,16CSR4,CSR,ALPNC,114,120,110,2018-04-06,2018-04-06,2018-04-06,,,,S,EG10,PG03,,Operations
100111,2021-06-29,2021-06-29,T,RFT,F,1.0,16CSR4,CSR,ALPNC,114,120,110,2018-04-06,2018-04-06,2018-04-06,2021-06-29,201,I,S,EG10,PG03,,Operations
100112,2018-04-06,2018-04-06,A,RFT,F,1.0,65TEC1,TECH,PRMRE,115,230,100,2018-04-06,2018-04-06,2018-04-06,,,,H,EG08,PG02,101987.0,Operations
100112,2018-10-18,2018-10-18,T,RFT,F,1.0,65TEC1,TECH,PRMRE,115,230,100,2018-04-06,2018-04-06,2018-04-06,2018-10-18,205,I,H,EG08,PG02,101987.0,Operations
100113,2018-04-06,2018-04-06,A,RFT,F,1.0,08ACC3,ACCTG,PRMRE,117,230,30,2018-04-06,2018-04-06,2018-04-06,,,,S,EG01,PG02,,Operations
100113,2018-06-23,2018-06-23,A,RFT,F,1.0,09ACC4,ACCTG,PRMRE,117,230,30,2018-04-06,2018-04-06,2018-06-23,,,,S,EG05,PG02,,Operations
100113,2018-12-30,2018-12-30,T,RFT,F,1.0,09ACC4,ACCTG,PRMRE,117,230,30,2018-04-06,2018-04-06,2018-06-23,2018-12-30,200,I,S,EG05,PG02,,Operations
100114,2018-04-06,2018-04-06,A,RFT,F,1.0,07ACC2,ACCTG,PRMRE,122,70,10,2018-04-06,2018-04-06,2018-04-06,,,,H,EG03,PG02,101370.0,Operations
100114,2019-04-04,2019-04-04,T,RFT,F,1.0,07ACC2,ACCTG,PRMRE,122,70,10,2018-04-06,2018-04-06,2018-04-06,2019-04-04,103,V,H,EG03,PG02,101370.0,Operations
100115,2018-04-06,2018-04-06,A,RFT,F,1.0,35IT3,IT,NRTHP,114,140,40,2018-04-06,2018-04-06,2018-04-06,,,,S,EG08,PG05,,Operations
100115,2018-11-07,2018-11-07,T,RFT,F,1.0,35IT3,IT,NRTHP,114,140,40,2018-04-06,2018-04-06,2018-04-06,2018-11-07,200,I,S,EG08,PG05,,Operations
100116,2018-04-06,2018-04-06,A,RFT,F,1.0,18ENG1,ENGR,WSTMF,110,190,80,2018-04-06,2018-04-06,2018-04-06,,,,H,EG08,PG03,,Operations
100116,2018-06-29,2018-06-29,T,RFT,F,1.0,18ENG1,ENGR,WSTMF,110,190,80,2018-04-06,2018-04-06,2018-04-06,2018-06-29,200,I,H,EG08,PG03,,Operations
100117,2018-04-09,2018-04-09,A,RPT,P,0.7,42SAL2,SALES,PRMRE,122,230,70,2018-04-09,2018-04-09,2018-04-09,,,,S,EG10,PG02,101500.0,Operations
100117,2018-05-17,2018-05-17,T,RPT,P,0.7,42SAL2,SALES,PRMRE,122,230,70,2018-04-09,2018-04-09,2018-04-09,2018-05-17,207,I,S,EG10,PG02,101500.0,Operations
100118,2018-04-09,2018-04-09,A,RFT,F,1.0,94LEG2,LEGAL,PRMRE,102,80,90,2018-04-09,2018-04-09,2018-04-09,,,,S,EG02,PG02,100620.0,Operations
100118,2022-06-17,2022-06-17,A,RFT,F,1.0,95LEG3,LEGAL,PRMRE,102,80,90,2018-04-09,2018-04-09,2022-06-17,,,,S,EG05,PG02,100620.0,Operations
100118,2024-12-30,2024-12-30,A,RFT,F,1.0,96LEG4,LEGAL,PRMRE,102,80,90,2018-04-09,2018-04-09,2024-12-30,,,,S,EG10,PG02,100620.0,Operations
100119,2018-04-09,2018-04-09,A,RFT,F,1.0,13CSR1,CSR,WSTMF,113,200,80,2018-04-09,2018-04-09,2018-04-09,,,,H,EG01,PG03,101114.0,Operations
100119,2019-08-01,2019-08-01,T,RFT,F,1.0,13CSR1,CSR,WSTMF,113,200,80,2018-04-09,2018-04-09,2018-04-09,2019-08-01,201,I,H,EG01,PG03,101114.0,Operations
100120,2018-04-09,2018-04-09,A,CON,F,1.0,27HR3,HR,NRTHP,122,210,40,2018-04-09,2018-04-09,2018-04-09,,,,S,EG02,PG05,,Operations
100120,2019-04-04,2019-04-04,T,CON,F,1.0,27HR3,HR,NRTHP,122,210,40,2018-04-09,2018-04-09,2018-04-09,2019-04-04,100,V,S,EG02,PG05,,Operations
100121,2018-04-11,2018-04-11,A,RFT,F,1.0,20ENG3,ENGR,ALPNC,124,10,40,2018-04-11,2018-04-11,2018-04-11,,,,S,EG03,PG03,100895.0,Operations
100121,2022-04-07,2022-04-07,A,RFT,F,1.0,21ENG4,ENGR,ALPNC,124,10,40,2018-04-11,2018-04-11,2022-04-07,,,,S,EG06,PG03,100895.0,Operations
100121,2023-05-15,2023-05-15,L,RFT,F,1.0,21ENG4,ENGR,ALPNC,124,10,40,2018-04-11,2018-04-11,2022-04-07,,,,S,EG06,PG03,100895.0,Operations
100121,2023-11-02,2023-11-02,A,RFT,F,1.0,21ENG4,ENGR,ALPNC,124,10,40,2018-04-11,2018-04-11,2022-04-07,,,,S,EG06,PG03,100895.0,Operations
100121,2023-09-28,2023-09-28,A,RFT,F,1.0,22ENG5,ENGR,ALPNC,124,10,40,2018-04-11,2018-04-11,2023-09-28,,,,S,EG08,PG03,100895.0,Operations
100121,2024-02-11,2024-02-11,A,RFT,F,1.0,85SUP5,SUPV,ALPNC,124,10,40,2018-04-11,2018-04-11,2024-02-11,,,,S,EG01,PG03,100895.0,Operations
100122,2018-04-11,2018-04-11,A,RFT,F,1.0,50OPS3,OPS,PRMRE,102,200,120,2018-04-11,2018-04-11,2018-04-11,,,,S,EG06,PG02,,Operations
100122,2019-02-06,2019-02-06,T,RFT,F,1.0,50OPS3,OPS,PRMRE,102,200,120,2018-04-11,2018-04-11,2018-04-11,2019-02-06,101,V,S,EG06,PG02,,Operations
100123,2018-04-11,2018-04-11,A,RFT,F,1.0,77ANL1,ANLYT,PRMRE,121,210,30,2018-04-11,2018-04-11,2018-04-11,,,,S,EG04,PG02,101318.0,Operations
100123,2020-03-26,2020-03-26,T,RFT,F,1.0,77ANL1,ANLYT,PRMRE,121,210,30,2018-04-11,2018-04-11,2018-04-11,2020-03-26,100,V,S,EG04,PG02,101318.0,Operations
100124,2018-04-13,2018-04-13,A,RFT,F,1.0,32IT1,IT,NRTHP,104,120,50,2018-04-13,2018-04-13,2018-04-13,,,,H,EG03,PG05,101422.0,Operations
100124,2018-06-08,2018-06-08,A,RFT,F,1.0,13CSR1,CSR,NRTHP,104,120,50,2018-04-13,2018-04-13,2018-06-08,,,,H,EG01,PG05,101422.0,Operations
100124,2019-06-20,2019-06-20,T,RFT,F,1.0,13CSR1,CSR,NRTHP,104,120,50,2018-04-13,2018-04-13,2018-06-08,2019-06-20,100,V,H,EG01,PG05,101422.0,Operations
100125,2018-04-13,2018-04-13,A,RPT,P,0.48,62WHS3,WHSE,ALPNC,104,50,90,2018-04-13,2018-04-13,2018-04-13,,,,S,EG01,PG03,,Operations
100125,2019-11-28,2019-11-28,A,RPT,P,0.48,63WHS4,WHSE,ALPNC,104,50,90,2018-04-13,2018-04-13,2019-11-28,,,,S,EG10,PG03,,Operations
100125,2020-08-27,2020-08-27,T,RPT,P,0.48,63WHS4,WHSE,ALPNC,104,50,90,2018-04-13,2018-04-13,2019-11-28,2020-08-27,101,V,S,EG10,PG03,,Operations
100126,2018-04-13,2018-04-13,A,RFT,F,1.0,26HR2,HR,NRTHP,101,100,30,2018-04-13,2018-04-13,2018-04-13,,,,H,EG03,PG05,,Operations
100127,2018-04-13,2018-04-13,A,RFT,F,1.0,03ADM3,ADMIN,WSTMF,113,50,70,2018-04-13,2018-04-13,2018-04-13,,,,S,EG07,PG03,,Operations
100127,2018-09-14,2018-09-14,A,RFT,F,1.0,72MKT3,MKTG,WSTMF,113,50,70,2018-04-13,2018-04-13,2018-09-14,,,,S,EG09,PG03,,Operations
100127,2021-02-01,2021-02-01,T,RFT,F,1.0,72MKT3,MKTG,WSTMF,113,50,70,2018-04-13,2018-04-13,2018-09-14,2021-02-01,210,I,S,EG09,PG03,,Operations
100128,2018-04-13,2018-04-13,A,RFT,F,1.0,15CSR3,CSR,PRMRE,116,120,110,2018-04-13,2018-04-13,2018-04-13,,,,S,EG10,PG02,101531.0,Operations
100129,2018-04-13,2018-04-13,A,RFT,F,1.0,77ANL1,ANLYT,ALPNC,112,220,20,2018-04-13,2018-04-13,2018-04-13,,,,H,EG04,PG03,102048.0,Operations
100129,2022-12-12,2022-12-12,T,RFT,F,1.0,77ANL1,ANLYT,ALPNC,112,220,20,2018-04-13,2018-04-13,2018-04-13,2022-12-12,101,V,H,EG04,PG03,102048.0,Operations
100130,2018-04-13,2018-04-13,A,RFT,F,1.0,66TEC2,TECH,PRMRE,105,140,70,2018-04-13,2018-04-13,2018-04-13,,,,H,EG04,PG02,101279.0,Operations
100130,2019-02-22,2019-02-22,A,RFT,F,1.0,49OPS2,OPS,PRMRE,105,140,70,2018-04-13,2018-04-13,2019-02-22,,,,H,EG05,PG02,101279.0,Operations
100130,2019-05-15,2019-05-15,A,RFT,F,1.0,50OPS3,OPS,PRMRE,105,140,70,2018-04-13,2018-04-13,2019-05-15,,,,H,EG06,PG02,101279.0,Operations
100130,2019-08-28,2019-08-28,T,RFT,F,1.0,50OPS3,OPS,PRMRE,105,140,70,2018-04-13,2018-04-13,2019-05-15,2019-08-28,101,V,H,EG06,PG02,101279.0,Operations
100131,2018-04-16,2018-04-16,A,RPT,P,0.46,48OPS1,OPS,WSTMF,102,50,30,2018-04-16,2018-04-16,2018-04-16,,,,H,EG03,PG03,102746.0,Operations
100131,2019-04-02,2019-04-02,T,RPT,P,0.46,48OPS1,OPS,WSTMF,102,50,30,2018-04-16,2018-04-16,2018-04-16,2019-04-02,100,V,H,EG03,PG03,102746.0,Operations
100132,2018-04-18,2018-04-18,A,RFT,F,1.0,43SAL3,SALES,NRTHP,121,10,30,2018-04-18,2018-04-18,2018-04-18,,,,S,EG10,PG05,,Operations
100132,2018-04-23,2018-04-23,T,RFT,F,1.0,43SAL3,SALES,NRTHP,121,10,30,2018-04-18,2018-04-18,2018-04-18,2018-04-23,100,V,S,EG10,PG05,,Operations
100133,2018-04-18,2018-04-18,A,RFT,F,1.0,26HR2,HR,PRMRE,123,250,90,2018-04-18,2018-04-18,2018-04-18,,,,H,EG03,PG02,101980.0,Operations
100133,2019-07-20,2019-07-20,A,RFT,F,1.0,27HR3,HR,PRMRE,123,250,90,2018-04-18,2018-04-18,2019-07-20,,,,H,EG02,PG02,101980.0,Operations
100133,2020-09-20,2020-09-20,T,RFT,F,1.0,27HR3,HR,PRMRE,123,250,90,2018-04-18,2018-04-18,2019-07-20,2020-09-20,100,V,H,EG02,PG02,101980.0,Operations
100134,2018-04-18,2018-04-18,A,RFT,F,1.0,07ACC2,ACCTG,WSTMF,100,90,20,2018-04-18,2018-04-18,2018-04-18,,,,H,EG03,PG03,100821.0,Operations
100134,2019-04-24,2019-04-24,T,RFT,F,1.0,07ACC2,ACCTG,WSTMF,100,90,20,2018-04-18,2018-04-18,2018-04-18,2019-04-24,101,V,H,EG03,PG03,100821.0,Operations
100135,2018-04-19,2018-04-19,A,RFT,F,1.0,33IT2,IT,WSTMF,106,200,30,2018-04-19,2018-04-19,2018-04-19,,,,H,EG09,PG03,,Operations
100135,2018-08-16,2018-08-16,T,RFT,F,1.0,33IT2,IT,WSTMF,106,200,30,2018-04-19,2018-04-19,2018-04-19,2018-08-16,207,I,H,EG09,PG03,,Operations
100136,2018-04-19,2018-04-19,A,RFT,F,1.0,01ADM1,ADMIN,WSTMF,107,100,90,2018-04-19,2018-04-19,2018-04-19,,,,H,EG05,PG03,,Operations
100136,2018-04-29,2018-04-29,T,RFT,F,1.0,01ADM1,ADMIN,WSTMF,107,100,90,2018-04-19,2018-04-19,2018-04-19,2018-04-29,100,V,H,EG05,PG03,,Operations
100137,2018-04-19,2018-04-19,A,RFT,F,1.0,25HR1,HR,WSTMF,124,200,40,2018-04-19,2018-04-19,2018-04-19,,,,S,EG10,PG03,101983.0,Operations
100137,2018-09-16,2018-09-16,L,RFT,F,1.0,25HR1,HR,WSTMF,124,200,40,2018-04-19,2018-04-19,2018-04-19,,,,S,EG10,PG03,101983.0,Operations
100137,2019-02-25,2019-02-25,A,RFT,F,1.0,25HR1,HR,WSTMF,124,200,40,2018-04-19,2018-04-19,2018-04-19,,,,S,EG10,PG03,101983.0,Operations
100137,2018-10-27,2018-10-27,L,RFT,F,1.0,25HR1,HR,WSTMF,124,200,40,2018-04-19,2018-04-19,2018-04-19,,,,S,EG10,PG03,101983.0,Operations
100137,2019-02-06,2019-02-06,A,RFT,F,1.0,25HR1,HR,WSTMF,124,200,40,2018-04-19,2018-04-19,2018-04-19,,,,S,EG10,PG03,101983.0,Operations
100137,2024-10-23,2024-10-23,A,RFT,F,1.0,26HR2,HR,WSTMF,124,200,40,2018-04-19,2018-04-19,2024-10-23,,,,S,EG03,PG03,101983.0,Operations
100137,2025-10-21,2025-10-21,A,RFT,F,1.0,27HR3,HR,WSTMF,124,200,40,2018-04-19,2018-04-19,2025-10-21,,,,S,EG02,PG03,101983.0,Operations
100138,2018-04-20,2018-04-20,A,RFT,F,1.0,44SAL4,SALES,PRMRE,123,120,10,2018-04-20,2018-04-20,2018-04-20,,,,S,EG09,PG02,,Operations
100138,2021-06-26,2021-06-26,T,RFT,F,1.0,44SAL4,SALES,PRMRE,123,120,10,2018-04-20,2018-04-20,2018-04-20,2021-06-26,200,I,S,EG09,PG02,,Operations
100139,2018-04-20,2018-04-20,A,RFT,F,1.0,94LEG2,LEGAL,WSTMF,111,250,70,2018-04-20,2018-04-20,2018-04-20,,,,H,EG02,PG03,102191.0,Operations
100139,2022-12-23,2022-12-23,T,RFT,F,1.0,94LEG2,LEGAL,WSTMF,111,250,70,2018-04-20,2018-04-20,2018-04-20,2022-12-23,202,V,H,EG02,PG03,102191.0,Operations
100140,2018-04-20,2018-04-20,A,RFT,F,1.0,18ENG1,ENGR,ALPNC,102,220,120,2018-04-20,2018-04-20,2018-04-20,,,,H,EG08,PG03,102813.0,Operations
100140,2018-12-30,2018-12-30,T,RFT,F,1.0,18ENG1,ENGR,ALPNC,102,220,120,2018-04-20,2018-04-20,2018-04-20,2018-12-30,102,V,H,EG08,PG03,102813.0,Operations
100141,2018-04-20,2018-04-20,A,RFT,F,1.0,01ADM1,ADMIN,ALPNC,114,100,90,2018-04-20,2018-04-20,2018-04-20,,,,H,EG05,PG03,100841.0,Operations
100141,2021-03-27,2021-03-27,A,RFT,F,1.0,02ADM2,ADMIN,ALPNC,114,100,90,2018-04-20,2018-04-20,2021-03-27,,,,H,EG04,PG03,100841.0,Operations
100141,2022-07-10,2022-07-10,T,RFT,F,1.0,02ADM2,ADMIN,ALPNC,114,100,90,2018-04-20,2018-04-20,2021-03-27,2022-07-10,100,V,H,EG04,PG03,100841.0,Operations
100142,2018-04-23,2018-04-23,A,RFT,F,1.0,07ACC2,ACCTG,ALPNC,111,210,40,2018-04-23,2018-04-23,2018-04-23,,,,H,EG03,PG03,,Operations
100143,2018-04-23,2018-04-23,A,RPT,P,0.45,65TEC1,TECH,WSTMF,104,80,20,2018-04-23,2018-04-23,2018-04-23,,,,H,EG08,PG03,100073.0,Operations
100143,2019-12-29,2019-12-29,A,RPT,P,0.45,66TEC2,TECH,WSTMF,104,80,20,2018-04-23,2018-04-23,2019-12-29,,,,H,EG04,PG03,100073.0,Operations
100143,2020-03-13,2020-03-13,T,RPT,P,0.45,66TEC2,TECH,WSTMF,104,80,20,2018-04-23,2018-04-23,2019-12-29,2020-03-13,102,V,H,EG04,PG03,100073.0,Operations
100144,2018-04-24,2018-04-24,A,RFT,F,1.0,34IT2,IT,ALPNC,114,240,50,2018-04-24,2018-04-24,2018-04-24,,,,H,EG08,PG03,,Operations
100144,2018-06-08,2018-06-08,A,RFT,F,1.0,89PRO2,PROJ,ALPNC,114,240,50,2018-04-24,2018-04-24,2018-06-08,,,,H,EG06,PG03,,Operations
100144,2019-02-13,2019-02-13,A,RFT,F,1.0,90PRO3,PROJ,ALPNC,114,240,50,2018-04-24,2018-04-24,2019-02-13,,,,H,EG04,PG03,,Operations
100144,2020-02-09,2020-02-09,T,RFT,F,1.0,90PRO3,PROJ,ALPNC,114,240,50,2018-04-24,2018-04-24,2019-02-13,2020-02-09,100,V,H,EG04,PG03,,Operations
100145,2018-04-24,2018-04-24,A,RFT,F,1.0,41SAL1,SALES,PRMRE,123,10,90,2018-04-24,2018-04-24,2018-04-24,,,,H,EG08,PG02,102401.0,Operations
100145,2019-10-04,2019-10-04,A,RFT,F,1.0,05ACC1,ACCTG,PRMRE,123,10,90,2018-04-24,2018-04-24,2019-10-04,,,,H,EG05,PG02,102401.0,Operations
100145,2020-07-17,2020-07-17,A,RFT,F,1.0,07ACC2,ACCTG,PRMRE,123,10,90,2018-04-24,2018-04-24,2020-07-17,,,,H,EG03,PG02,102401.0,Operations
100145,2022-05-22,2022-05-22,A,RFT,F,1.0,08ACC3,ACCTG,PRMRE,123,10,90,2018-04-24,2018-04-24,2022-05-22,,,,H,EG01,PG02,102401.0,Operations
100146,2018-04-25,2018-04-25,A,RFT,F,1.0,36IT3,IT,ALPNC,102,110,110,2018-04-25,2018-04-25,2018-04-25,,,,S,EG07,PG03,100283.0,Operations
100146,2019-09-09,2019-09-09,T,RFT,F,1.0,36IT3,IT,ALPNC,102,110,110,2018-04-25,2018-04-25,2018-04-25,2019-09-09,101,V,S,EG07,PG03,100283.0,Operations
100147,2018-04-25,2018-04-25,A,CON,F,1.0,25HR1,HR,ALPNC,102,140,50,2018-04-25,2018-04-25,2018-04-25,,,,H,EG10,PG03,100617.0,Operations
100147,2019-10-29,2019-10-29,T,CON,F,1.0,25HR1,HR,ALPNC,102,140,50,2018-04-25,2018-04-25,2018-04-25,2019-10-29,100,V,H,EG10,PG03,100617.0,Operations
100148,2018-04-26,2018-04-26,A,RFT,F,1.0,18ENG1,ENGR,ALPNC,116,220,90,2018-04-26,2018-04-26,2018-04-26,,,,H,EG08,PG03,101724.0,Operations
100148,2019-05-08,2019-05-08,T,RFT,F,1.0,18ENG1,ENGR,ALPNC,116,220,90,2018-04-26,2018-04-26,2018-04-26,2019-05-08,202,V,H,EG08,PG03,101724.0,Operations
100149,2018-04-27,2018-04-27,A,CON,F,1.0,94LEG2,LEGAL,WSTMF,108,130,60,2018-04-27,2018-04-27,2018-04-27,,,,S,EG02,PG03,,Operations
100149,2019-04-19,2019-04-19,T,CON,F,1.0,94LEG2,LEGAL,WSTMF,108,130,60,2018-04-27,2018-04-27,2018-04-27,2019-04-19,100,V,S,EG02,PG03,,Operations
100150,2018-04-27,2018-04-27,A,RFT,F,1.0,66TEC2,TECH,NRTHP,123,140,70,2018-04-27,2018-04-27,2018-04-27,,,,H,EG04,PG05,102554.0,Operations
100150,2018-11-30,2018-11-30,T,RFT,F,1.0,66TEC2,TECH,NRTHP,123,140,70,2018-04-27,2018-04-27,2018-04-27,2018-11-30,102,V,H,EG04,PG05,102554.0,Operations
100151,2018-05-01,2018-05-01,A,RFT,F,1.0,43SAL3,SALES,ALPNC,112,160,60,2018-05-01,2018-05-01,2018-05-01,,,,S,EG10,PG03,,Operations
100151,2024-01-25,2024-01-25,L,RFT,F,1.0,43SAL3,SALES,ALPNC,112,160,60,2018-05-01,2018-05-01,2018-05-01,,,,S,EG10,PG03,,Operations
100151,2024-06-05,2024-06-05,A,RFT,F,1.0,43SAL3,SALES,ALPNC,112,160,60,2018-05-01,2018-05-01,2018-05-01,,,,S,EG10,PG03,,Operations
100151,2025-06-11,2025-06-11,A,RFT,F,1.0,44SAL4,SALES,ALPNC,112,160,60,2018-05-01,2018-05-01,2025-06-11,,,,S,EG09,PG03,,Operations
100152,2018-05-01,2018-05-01,A,RFT,F,1.0,34IT2,IT,WSTMF,108,90,70,2018-05-01,2018-05-01,2018-05-01,,,,H,EG08,PG03,,Operations
100152,2020-06-23,2020-06-23,A,RFT,F,1.0,35IT3,IT,WSTMF,108,90,70,2018-05-01,2018-05-01,2020-06-23,,,,H,EG08,PG03,,Operations
100152,2022-05-23,2022-05-23,A,RFT,F,1.0,37IT4,IT,WSTMF,108,90,70,2018-05-01,2018-05-01,2022-05-23,,,,H,EG04,PG03,,Operations
100153,2018-05-02,2018-05-02,A,RFT,F,1.0,26HR2,HR,ALPNC,111,190,30,2018-05-02,2018-05-02,2018-05-02,,,,H,EG03,PG03,101390.0,Operations
100154,2018-05-03,2018-05-03,A,RFT,F,1.0,19ENG2,ENGR,PRMRE,121,210,70,2018-05-03,2018-05-03,2018-05-03,,,,H,EG01,PG02,101318.0,Operations
100154,2018-09-03,2018-09-03,T,RFT,F,1.0,19ENG2,ENGR,PRMRE,121,210,70,2018-05-03,2018-05-03,2018-05-03,2018-09-03,100,V,H,EG01,PG02,101318.0,Operations
100155,2018-05-03,2018-05-03,A,RFT,F,1.0,42SAL2,SALES,ALPNC,102,100,20,2018-05-03,2018-05-03,2018-05-03,,,,H,EG10,PG03,100763.0,Operations
100156,2018-05-04,2018-05-04,A,RFT,F,1.0,56TRD2,TRD,WSTMF,122,70,110,2018-05-04,2018-05-04,2018-05-04,,,,H,EG02,PG03,101370.0,Operations
100156,2018-05-28,2018-05-28,T,RFT,F,1.0,56TRD2,TRD,WSTMF,122,70,110,2018-05-04,2018-05-04,2018-05-04,2018-05-28,202,V,H,EG02,PG03,101370.0,Operations
100157,2018-05-04,2018-05-04,A,RFT,F,1.0,80ANL4,ANLYT,PRMRE,118,190,40,2018-05-04,2018-05-04,2018-05-04,,,,S,EG05,PG02,,Operations
100157,2019-10-19,2019-10-19,T,RFT,F,1.0,80ANL4,ANLYT,PRMRE,118,190,40,2018-05-04,2018-05-04,2018-05-04,2019-10-19,100,V,S,EG05,PG02,,Operations
100158,2018-05-04,2018-05-04,A,RFT,F,1.0,13CSR1,CSR,ALPNC,116,60,50,2018-05-04,2018-05-04,2018-05-04,,,,S,EG01,PG03,102529.0,Operations
100158,2018-09-05,2018-09-05,T,RFT,F,1.0,13CSR1,CSR,ALPNC,116,60,50,2018-05-04,2018-05-04,2018-05-04,2018-09-05,101,V,S,EG01,PG03,102529.0,Operations
100159,2018-05-04,2018-05-04,A,CON,F,1.0,15CSR3,CSR,ALPNC,116,120,70,2018-05-04,2018-05-04,2018-05-04,,,,S,EG10,PG03,101531.0,Operations
100159,2019-05-04,2019-05-04,T,CON,F,1.0,15CSR3,CSR,ALPNC,116,120,70,2018-05-04,2018-05-04,2018-05-04,2019-05-04,100,V,S,EG10,PG03,101531.0,Operations
100160,2018-05-04,2018-05-04,A,RFT,F,1.0,33IT2,IT,NRTHP,120,210,120,2018-05-04,2018-05-04,2018-05-04,,,,H,EG09,PG05,,Operations
100160,2022-09-13,2022-09-13,A,RFT,F,1.0,56TRD2,TRD,NRTHP,120,210,120,2018-05-04,2018-05-04,2022-09-13,,,,H,EG02,PG05,,Operations
100160,2024-10-19,2024-10-19,T,RFT,F,1.0,56TRD2,TRD,NRTHP,120,210,120,2018-05-04,2018-05-04,2022-09-13,2024-10-19,103,V,H,EG02,PG05,,Operations
100161,2018-05-04,2018-05-04,A,RFT,F,1.0,68TEC4,TECH,WSTMF,107,180,110,2018-05-04,2018-05-04,2018-05-04,,,,S,EG06,PG03,,Operations
100161,2021-06-06,2021-06-06,A,RFT,F,1.0,69TEC5,TECH,WSTMF,107,180,110,2018-05-04,2018-05-04,2021-06-06,,,,S,EG02,PG03,,Operations
100162,2018-05-04,2018-05-04,A,RFT,F,1.0,32IT1,IT,NRTHP,120,50,20,2018-05-04,2018-05-04,2018-05-04,,,,H,EG03,PG05,,Operations
100162,2018-06-15,2018-06-15,L,RFT,F,1.0,32IT1,IT,NRTHP,120,50,20,2018-05-04,2018-05-04,2018-05-04,,,,H,EG03,PG05,,Operations
100162,2018-07-17,2018-07-17,A,RFT,F,1.0,32IT1,IT,NRTHP,120,50,20,2018-05-04,2018-05-04,2018-05-04,,,,H,EG03,PG05,,Operations
100162,2020-02-11,2020-02-11,T,RFT,F,1.0,32IT1,IT,NRTHP,120,50,20,2018-05-04,2018-05-04,2018-05-04,2020-02-11,200,I,H,EG03,PG05,,Operations
100163,2018-05-08,2018-05-08,A,RFT,F,1.0,13CSR1,CSR,PRMRE,121,150,40,2018-05-08,2018-05-08,2018-05-08,,,,H,EG01,PG02,101583.0,Operations
100163,2018-06-11,2018-06-11,T,RFT,F,1.0,13CSR1,CSR,PRMRE,121,150,40,2018-05-08,2018-05-08,2018-05-08,2018-06-11,102,V,H,EG01,PG02,101583.0,Operations
100164,2018-05-09,2018-05-09,A,RPT,F,0.79,66TEC2,TECH,ALPNC,112,40,110,2018-05-09,2018-05-09,2018-05-09,,,,H,EG04,PG03,,Operations
100164,2023-06-16,2023-06-16,A,RPT,F,0.79,67TEC3,TECH,ALPNC,112,40,110,2018-05-09,2018-05-09,2023-06-16,,,,H,EG10,PG03,,Operations
100164,2024-07-11,2024-07-11,L,RPT,F,0.79,67TEC3,TECH,ALPNC,112,40,110,2018-05-09,2018-05-09,2023-06-16,,,,H,EG10,PG03,,Operations
100164,2024-11-17,2024-11-17,A,RPT,F,0.79,67TEC3,TECH,ALPNC,112,40,110,2018-05-09,2018-05-09,2023-06-16,,,,H,EG10,PG03,,Operations
100164,2025-11-07,2025-11-07,A,RPT,F,0.79,68TEC4,TECH,ALPNC,112,40,110,2018-05-09,2018-05-09,2025-11-07,,,,H,EG06,PG03,,Operations
100165,2018-05-09,2018-05-09,A,RFT,F,1.0,48OPS1,OPS,NRTHP,116,200,70,2018-05-09,2018-05-09,2018-05-09,,,,H,EG03,PG05,102378.0,Operations
100165,2018-11-27,2018-11-27,A,RFT,F,1.0,49OPS2,OPS,NRTHP,116,200,70,2018-05-09,2018-05-09,2018-11-27,,,,H,EG05,PG05,102378.0,Operations
100166,2018-05-09,2018-05-09,A,RFT,F,1.0,79ANL3,ANLYT,PRMRE,100,250,120,2018-05-09,2018-05-09,2018-05-09,,,,S,EG10,PG02,102201.0,Operations
100166,2020-04-06,2020-04-06,A,RFT,F,1.0,36IT3,IT,PRMRE,100,250,120,2018-05-09,2018-05-09,2020-04-06,,,,S,EG07,PG02,102201.0,Operations
100166,2022-05-09,2022-05-09,A,RFT,F,1.0,37IT4,IT,PRMRE,100,250,120,2018-05-09,2018-05-09,2022-05-09,,,,S,EG04,PG02,102201.0,Operations
100166,2023-03-10,2023-03-10,A,RFT,F,1.0,38IT5,IT,PRMRE,100,250,120,2018-05-09,2018-05-09,2023-03-10,,,,S,EG02,PG02,102201.0,Operations
100166,2023-07-15,2023-07-15,T,RFT,F,1.0,38IT5,IT,PRMRE,100,250,120,2018-05-09,2018-05-09,2023-03-10,2023-07-15,100,V,S,EG02,PG02,102201.0,Operations
100167,2018-05-10,2018-05-10,A,RFT,F,1.0,32IT1,IT,PRMRE,117,100,30,2018-05-10,2018-05-10,2018-05-10,,,,S,EG03,PG02,101032.0,Operations
100167,2021-10-16,2021-10-16,A,RFT,F,1.0,34IT2,IT,PRMRE,117,100,30,2018-05-10,2018-05-10,2021-10-16,,,,S,EG08,PG02,101032.0,Operations
100167,2023-03-17,2023-03-17,A,RFT,F,1.0,35IT3,IT,PRMRE,117,100,30,2018-05-10,2018-05-10,2023-03-17,,,,S,EG08,PG02,101032.0,Operations
100167,2025-04-14,2025-04-14,A,RFT,F,1.0,37IT4,IT,PRMRE,117,100,30,2018-05-10,2018-05-10,2025-04-14,,,,S,EG04,PG02,101032.0,Operations
100168,2018-05-11,2018-05-11,A,RFT,F,1.0,41SAL1,SALES,WSTMF,113,30,50,2018-05-11,2018-05-11,2018-05-11,,,,H,EG08,PG03,,Operations
100168,2019-12-01,2019-12-01,A,RFT,F,1.0,42SAL2,SALES,WSTMF,113,30,50,2018-05-11,2018-05-11,2019-12-01,,,,H,EG10,PG03,,Operations
100168,2024-02-14,2024-02-14,T,RFT,F,1.0,42SAL2,SALES,WSTMF,113,30,50,2018-05-11,2018-05-11,2019-12-01,2024-02-14,200,I,H,EG10,PG03,,Operations
100169,2018-05-11,2018-05-11,A,CON,F,1.0,72MKT3,MKTG,PRMRE,116,180,90,2018-05-11,2018-05-11,2018-05-11,,,,S,EG09,PG02,101899.0,Operations
100169,2019-03-18,2019-03-18,L,CON,F,1.0,72MKT3,MKTG,PRMRE,116,180,90,2018-05-11,2018-05-11,2018-05-11,,,,S,EG09,PG02,101899.0,Operations
100169,2019-07-12,2019-07-12,A,CON,F,1.0,72MKT3,MKTG,PRMRE,116,180,90,2018-05-11,2018-05-11,2018-05-11,,,,S,EG09,PG02,101899.0,Operations
100169,2020-01-14,2020-01-14,T,CON,F,1.0,72MKT3,MKTG,PRMRE,116,180,90,2018-05-11,2018-05-11,2018-05-11,2020-01-14,100,V,S,EG09,PG02,101899.0,Operations
100170,2018-05-11,2018-05-11,A,RPT,P,0.67,03ADM3,ADMIN,PRMRE,122,120,10,2018-05-11,2018-05-11,2018-05-11,,,,S,EG07,PG02,,Operations
100170,2018-07-13,2018-07-13,A,RPT,P,0.67,04ADM4,ADMIN,PRMRE,122,120,10,2018-05-11,2018-05-11,2018-07-13,,,,S,EG06,PG02,,Operations
100170,2019-12-17,2019-12-17,A,RPT,P,0.67,45SAL5,SALES,PRMRE,122,120,10,2018-05-11,2018-05-11,2019-12-17,,,,S,EG06,PG02,,Operations
100170,2021-08-06,2021-08-06,A,RPT,P,0.67,22ENG5,ENGR,PRMRE,122,120,10,2018-05-11,2018-05-11,2021-08-06,,,,S,EG08,PG02,,Operations
100171,2018-05-14,2018-05-14,A,CON,F,1.0,71MKT2,MKTG,WSTMF,124,140,100,2018-05-14,2018-05-14,2018-05-14,,,,H,EG10,PG03,100787.0,Operations
100171,2019-08-16,2019-08-16,A,CON,F,1.0,42SAL2,SALES,WSTMF,124,140,100,2018-05-14,2018-05-14,2019-08-16,,,,H,EG10,PG03,100787.0,Operations
100171,2021-09-18,2021-09-18,A,CON,F,1.0,26HR2,HR,WSTMF,124,140,100,2018-05-14,2018-05-14,2021-09-18,,,,H,EG03,PG03,100787.0,Operations
100172,2018-05-14,2018-05-14,A,RFT,F,1.0,02ADM2,ADMIN,PRMRE,102,100,80,2018-05-14,2018-05-14,2018-05-14,,,,H,EG04,PG02,100763.0,Operations
100172,2024-11-08,2024-11-08,T,RFT,F,1.0,02ADM2,ADMIN,PRMRE,102,100,80,2018-05-14,2018-05-14,2018-05-14,2024-11-08,102,V,H,EG04,PG02,100763.0,Operations
100173,2018-05-15,2018-05-15,A,RFT,F,1.0,56TRD2,TRD,ALPNC,104,230,40,2018-05-15,2018-05-15,2018-05-15,,,,H,EG02,PG03,101952.0,Operations
100173,2019-06-04,2019-06-04,A,RFT,F,1.0,89PRO2,PROJ,ALPNC,104,230,40,2018-05-15,2018-05-15,2019-06-04,,,,H,EG06,PG03,101952.0,Operations
100173,2021-08-02,2021-08-02,T,RFT,F,1.0,89PRO2,PROJ,ALPNC,104,230,40,2018-05-15,2018-05-15,2019-06-04,2021-08-02,202,V,H,EG06,PG03,101952.0,Operations
100174,2018-05-15,2018-05-15,A,RFT,F,1.0,56TRD2,TRD,PRMRE,124,230,60,2018-05-15,2018-05-15,2018-05-15,,,,H,EG02,PG02,102542.0,Operations
100174,2020-07-18,2020-07-18,T,RFT,F,1.0,56TRD2,TRD,PRMRE,124,230,60,2018-05-15,2018-05-15,2018-05-15,2020-07-18,100,V,H,EG02,PG02,102542.0,Operations
100175,2018-05-16,2018-05-16,A,TAW,F,1.0,32IT1,IT,PRMRE,116,230,110,2018-05-16,2018-05-16,2018-05-16,,,,H,EG03,PG02,100181.0,Operations
100175,2020-03-04,2020-03-04,T,TAW,F,1.0,32IT1,IT,PRMRE,116,230,110,2018-05-16,2018-05-16,2018-05-16,2020-03-04,102,V,H,EG03,PG02,100181.0,Operations
100176,2018-05-17,2018-05-17,A,CON,F,1.0,01ADM1,ADMIN,ALPNC,112,160,120,2018-05-17,2018-05-17,2018-05-17,,,,H,EG05,PG03,100151.0,Operations
100176,2019-09-03,2019-09-03,A,CON,F,1.0,77ANL1,ANLYT,ALPNC,112,160,120,2018-05-17,2018-05-17,2019-09-03,,,,H,EG04,PG03,100151.0,Operations
100176,2021-06-14,2021-06-14,T,CON,F,1.0,77ANL1,ANLYT,ALPNC,112,160,120,2018-05-17,2018-05-17,2019-09-03,2021-06-14,100,V,H,EG04,PG03,100151.0,Operations
100177,2018-05-17,2018-05-17,A,TFT,F,1.0,32IT1,IT,WSTMF,104,210,20,2018-05-17,2018-05-17,2018-05-17,,,,H,EG03,PG03,,Operations
100177,2018-10-13,2018-10-13,T,TFT,F,1.0,32IT1,IT,WSTMF,104,210,20,2018-05-17,2018-05-17,2018-05-17,2018-10-13,103,V,H,EG03,PG03,,Operations
100178,2018-05-17,2018-05-17,A,RFT,F,1.0,42SAL2,SALES,WSTMF,106,150,100,2018-05-17,2018-05-17,2018-05-17,,,,S,EG10,PG03,,Operations
100178,2019-12-18,2019-12-18,L,RFT,F,1.0,42SAL2,SALES,WSTMF,106,150,100,2018-05-17,2018-05-17,2018-05-17,,,,S,EG10,PG03,,Operations
100178,2020-03-26,2020-03-26,A,RFT,F,1.0,42SAL2,SALES,WSTMF,106,150,100,2018-05-17,2018-05-17,2018-05-17,,,,S,EG10,PG03,,Operations
100178,2020-06-12,2020-06-12,A,RFT,F,1.0,43SAL3,SALES,WSTMF,106,150,100,2018-05-17,2018-05-17,2020-06-12,,,,S,EG10,PG03,,Operations
100178,2021-06-08,2021-06-08,T,RFT,F,1.0,43SAL3,SALES,WSTMF,106,150,100,2018-05-17,2018-05-17,2020-06-12,2021-06-08,100,V,S,EG10,PG03,,Operations
100179,2018-05-18,2018-05-18,A,RPT,P,0.74,03ADM3,ADMIN,ALPNC,119,240,80,2018-05-18,2018-05-18,2018-05-18,,,,S,EG07,PG03,,Operations
100179,2021-02-11,2021-02-11,L,RPT,P,0.74,03ADM3,ADMIN,ALPNC,119,240,80,2018-05-18,2018-05-18,2018-05-18,,,,S,EG07,PG03,,Operations
100179,2021-07-25,2021-07-25,A,RPT,P,0.74,03ADM3,ADMIN,ALPNC,119,240,80,2018-05-18,2018-05-18,2018-05-18,,,,S,EG07,PG03,,Operations
100179,2022-02-28,2022-02-28,L,RPT,P,0.74,03ADM3,ADMIN,ALPNC,119,240,80,2018-05-18,2018-05-18,2018-05-18,,,,S,EG07,PG03,,Operations
100179,2022-05-10,2022-05-10,A,RPT,P,0.74,03ADM3,ADMIN,ALPNC,119,240,80,2018-05-18,2018-05-18,2018-05-18,,,,S,EG07,PG03,,Operations
100179,2024-07-24,2024-07-24,A,RPT,P,0.74,04ADM4,ADMIN,ALPNC,119,240,80,2018-05-18,2018-05-18,2024-07-24,,,,S,EG06,PG03,,Operations
100180,2018-05-18,2018-05-18,A,RFT,F,1.0,05ACC1,ACCTG,NRTHP,104,50,10,2018-05-18,2018-05-18,2018-05-18,,,,S,EG05,PG05,102316.0,Operations
100180,2018-05-26,2018-05-26,T,RFT,F,1.0,05ACC1,ACCTG,NRTHP,104,50,10,2018-05-18,2018-05-18,2018-05-18,2018-05-26,100,V,S,EG05,PG05,102316.0,Operations
100181,2018-05-18,2018-05-18,A,RFT,F,1.0,15CSR3,CSR,PRMRE,116,230,100,2018-05-18,2018-05-18,2018-05-18,,,,S,EG10,PG02,,Operations
100181,2018-08-28,2018-08-28,A,RFT,F,1.0,16CSR4,CSR,PRMRE,116,230,100,2018-05-18,2018-05-18,2018-08-28,,,,S,EG10,PG02,,Operations
100181,2021-03-21,2021-03-21,A,RFT,F,1.0,17CSR5,CSR,PRMRE,116,230,100,2018-05-18,2018-05-18,2021-03-21,,,,S,EG07,PG02,,Operations
100182,2018-05-18,2018-05-18,A,RFT,F,1.0,57TRD3,TRD,NRTHP,109,80,50,2018-05-18,2018-05-18,2018-05-18,,,,S,EG02,PG05,,Operations
100182,2019-05-30,2019-05-30,T,RFT,F,1.0,57TRD3,TRD,NRTHP,109,80,50,2018-05-18,2018-05-18,2018-05-18,2019-05-30,100,V,S,EG02,PG05,,Operations
100183,2018-05-21,2018-05-21,A,RFT,F,1.0,94LEG2,LEGAL,ALPNC,124,90,10,2018-05-21,2018-05-21,2018-05-21,,,,H,EG02,PG03,100652.0,Operations
100183,2019-03-22,2019-03-22,A,RFT,F,1.0,95LEG3,LEGAL,ALPNC,124,90,10,2018-05-21,2018-05-21,2019-03-22,,,,H,EG05,PG03,100652.0,Operations
100183,2021-12-15,2021-12-15,A,RFT,F,1.0,96LEG4,LEGAL,ALPNC,124,90,10,2018-05-21,2018-05-21,2021-12-15,,,,H,EG10,PG03,100652.0,Operations
100183,2025-08-28,2025-08-28,A,RFT,F,1.0,68TEC4,TECH,ALPNC,124,90,10,2018-05-21,2018-05-21,2025-08-28,,,,H,EG06,PG03,100652.0,Operations
100184,2018-05-21,2018-05-21,A,RFT,F,1.0,20ENG3,ENGR,WSTMF,102,80,70,2018-05-21,2018-05-21,2018-05-21,,,,S,EG03,PG03,100620.0,Operations
100184,2018-08-30,2018-08-30,L,RFT,F,1.0,20ENG3,ENGR,WSTMF,102,80,70,2018-05-21,2018-05-21,2018-05-21,,,,S,EG03,PG03,100620.0,Operations
100184,2018-12-20,2018-12-20,A,RFT,F,1.0,20ENG3,ENGR,WSTMF,102,80,70,2018-05-21,2018-05-21,2018-05-21,,,,S,EG03,PG03,100620.0,Operations
100184,2021-09-22,2021-09-22,A,RFT,F,1.0,21ENG4,ENGR,WSTMF,102,80,70,2018-05-21,2018-05-21,2021-09-22,,,,S,EG06,PG03,100620.0,Operations
100184,2024-01-21,2024-01-21,A,RFT,F,1.0,22ENG5,ENGR,WSTMF,102,80,70,2018-05-21,2018-05-21,2024-01-21,,,,S,EG08,PG03,100620.0,Operations
100185,2018-05-22,2018-05-22,A,RFT,F,1.0,32IT1,IT,NRTHP,112,240,120,2018-05-22,2018-05-22,2018-05-22,,,,H,EG03,PG05,,Operations
100185,2022-01-22,2022-01-22,T,RFT,F,1.0,32IT1,IT,NRTHP,112,240,120,2018-05-22,2018-05-22,2018-05-22,2022-01-22,200,I,H,EG03,PG05,,Operations
100186,2018-05-22,2018-05-22,A,RFT,F,1.0,05ACC1,ACCTG,PRMRE,100,120,60,2018-05-22,2018-05-22,2018-05-22,,,,H,EG05,PG02,102980.0,Operations
100187,2018-05-22,2018-05-22,A,RFT,F,1.0,56TRD2,TRD,WSTMF,111,150,40,2018-05-22,2018-05-22,2018-05-22,,,,H,EG02,PG03,,Operations
100187,2019-03-24,2019-03-24,T,RFT,F,1.0,56TRD2,TRD,WSTMF,111,150,40,2018-05-22,2018-05-22,2018-05-22,2019-03-24,207,I,H,EG02,PG03,,Operations
100188,2018-05-24,2018-05-24,A,RFT,F,1.0,41SAL1,SALES,ALPNC,112,30,20,2018-05-24,2018-05-24,2018-05-24,,,,H,EG08,PG03,,Operations
100188,2020-05-16,2020-05-16,A,RFT,F,1.0,18ENG1,ENGR,ALPNC,112,30,20,2018-05-24,2018-05-24,2020-05-16,,,,H,EG08,PG03,,Operations
100189,2018-05-24,2018-05-24,A,RPT,P,0.74,95LEG3,LEGAL,WSTMF,104,120,40,2018-05-24,2018-05-24,2018-05-24,,,,S,EG05,PG03,,Operations
100189,2019-01-23,2019-01-23,A,RPT,P,0.74,96LEG4,LEGAL,WSTMF,104,120,40,2018-05-24,2018-05-24,2019-01-23,,,,S,EG10,PG03,,Operations
100189,2021-01-25,2021-01-25,T,RPT,P,0.74,96LEG4,LEGAL,WSTMF,104,120,40,2018-05-24,2018-05-24,2019-01-23,2021-01-25,100,V,S,EG10,PG03,,Operations
100190,2018-05-24,2018-05-24,A,RFT,F,1.0,43SAL3,SALES,WSTMF,122,120,80,2018-05-24,2018-05-24,2018-05-24,,,,S,EG10,PG03,,Operations
100190,2020-02-22,2020-02-22,A,RFT,F,1.0,44SAL4,SALES,WSTMF,122,120,80,2018-05-24,2018-05-24,2020-02-22,,,,S,EG09,PG03,,Operations
100190,2021-10-09,2021-10-09,T,RFT,F,1.0,44SAL4,SALES,WSTMF,122,120,80,2018-05-24,2018-05-24,2020-02-22,2021-10-09,207,I,S,EG09,PG03,,Operations
100191,2018-05-25,2018-05-25,A,RFT,F,1.0,55TRD1,TRD,PRMRE,122,170,110,2018-05-25,2018-05-25,2018-05-25,,,,H,EG04,PG02,100623.0,Operations
100192,2018-05-25,2018-05-25,A,RFT,F,1.0,43SAL3,SALES,NRTHP,112,230,70,2018-05-25,2018-05-25,2018-05-25,,,,S,EG10,PG05,,Operations
100192,2019-02-13,2019-02-13,T,RFT,F,1.0,43SAL3,SALES,NRTHP,112,230,70,2018-05-25,2018-05-25,2018-05-25,2019-02-13,100,V,S,EG10,PG05,,Operations
100193,2018-05-25,2018-05-25,A,TAW,F,1.0,13CSR1,CSR,ALPNC,124,100,50,2018-05-25,2018-05-25,2018-05-25,,,,S,EG01,PG03,102781.0,Operations
100193,2021-03-16,2021-03-16,A,TAW,F,1.0,70MKT1,MKTG,ALPNC,124,100,50,2018-05-25,2018-05-25,2021-03-16,,,,S,EG04,PG03,102781.0,Operations
100193,2025-08-22,2025-08-22,A,TAW,F,1.0,71MKT2,MKTG,ALPNC,124,100,50,2018-05-25,2018-05-25,2025-08-22,,,,S,EG10,PG03,102781.0,Operations
100194,2018-05-25,2018-05-25,A,RFT,F,1.0,20ENG3,ENGR,NRTHP,113,220,60,2018-05-25,2018-05-25,2018-05-25,,,,S,EG03,PG05,102968.0,Operations
100194,2020-03-14,2020-03-14,A,RFT,F,1.0,21ENG4,ENGR,NRTHP,113,220,60,2018-05-25,2018-05-25,2020-03-14,,,,S,EG06,PG05,102968.0,Operations
100194,2024-07-04,2024-07-04,A,RFT,F,1.0,22ENG5,ENGR,NRTHP,113,220,60,2018-05-25,2018-05-25,2024-07-04,,,,S,EG08,PG05,102968.0,Operations
100195,2018-05-25,2018-05-25,A,RPT,F,0.8,49OPS2,OPS,NRTHP,112,120,30,2018-05-25,2018-05-25,2018-05-25,,,,H,EG05,PG05,101486.0,Operations
100195,2019-06-11,2019-06-11,A,RPT,F,0.8,50OPS3,OPS,NRTHP,112,120,30,2018-05-25,2018-05-25,2019-06-11,,,,H,EG06,PG05,101486.0,Operations
100195,2023-01-30,2023-01-30,A,RPT,F,0.8,51OPS4,OPS,NRTHP,112,120,30,2018-05-25,2018-05-25,2023-01-30,,,,H,EG07,PG05,101486.0,Operations
100196,2018-05-28,2018-05-28,A,RFT,F,1.0,25HR1,HR,ALPNC,119,140,90,2018-05-28,2018-05-28,2018-05-28,,,,H,EG10,PG03,102516.0,Operations
100196,2023-01-05,2023-01-05,T,RFT,F,1.0,25HR1,HR,ALPNC,119,140,90,2018-05-28,2018-05-28,2018-05-28,2023-01-05,205,I,H,EG10,PG03,102516.0,Operations
100197,2018-05-28,2018-05-28,A,RFT,F,1.0,01ADM1,ADMIN,PRMRE,117,210,50,2018-05-28,2018-05-28,2018-05-28,,,,S,EG05,PG02,100414.0,Operations
100197,2018-12-05,2018-12-05,T,RFT,F,1.0,01ADM1,ADMIN,PRMRE,117,210,50,2018-05-28,2018-05-28,2018-05-28,2018-12-05,100,V,S,EG05,PG02,100414.0,Operations
100198,2018-06-01,2018-06-01,A,RPT,F,0.78,18ENG1,ENGR,PRMRE,115,170,50,2018-06-01,2018-06-01,2018-06-01,,,,H,EG08,PG02,102467.0,Operations
100198,2018-12-09,2018-12-09,A,RPT,F,0.78,19ENG2,ENGR,PRMRE,115,170,50,2018-06-01,2018-06-01,2018-12-09,,,,H,EG01,PG02,102467.0,Operations
100199,2018-06-01,2018-06-01,A,RFT,F,1.0,34IT2,IT,NRTHP,115,170,70,2018-06-01,2018-06-01,2018-06-01,,,,H,EG08,PG05,102467.0,Operations
100199,2021-02-20,2021-02-20,T,RFT,F,1.0,34IT2,IT,NRTHP,115,170,70,2018-06-01,2018-06-01,2018-06-01,2021-02-20,100,V,H,EG08,PG05,102467.0,Operations
100200,2018-06-01,2018-06-01,A,CON,F,1.0,66TEC2,TECH,WSTMF,106,60,10,2018-06-01,2018-06-01,2018-06-01,,,,H,EG04,PG03,,Operations
100200,2020-07-27,2020-07-27,T,CON,F,1.0,66TEC2,TECH,WSTMF,106,60,10,2018-06-01,2018-06-01,2018-06-01,2020-07-27,100,V,H,EG04,PG03,,Operations
100201,2018-06-01,2018-06-01,A,RFT,F,1.0,35IT3,IT,NRTHP,118,40,70,2018-06-01,2018-06-01,2018-06-01,,,,S,EG08,PG05,102377.0,Operations
100201,2018-06-25,2018-06-25,T,RFT,F,1.0,35IT3,IT,NRTHP,118,40,70,2018-06-01,2018-06-01,2018-06-01,2018-06-25,207,I,S,EG08,PG05,102377.0,Operations
100202,2018-06-01,2018-06-01,A,RPT,P,0.58,60WHS1,WHSE,NRTHP,122,240,60,2018-06-01,2018-06-01,2018-06-01,,,,H,EG06,PG05,102139.0,Operations
100202,2024-11-03,2024-11-03,A,RPT,P,0.58,61WHS2,WHSE,NRTHP,122,240,60,2018-06-01,2018-06-01,2024-11-03,,,,H,EG01,PG05,102139.0,Operations
100203,2018-06-01,2018-06-01,A,RPT,P,0.44,05ACC1,ACCTG,PRMRE,116,120,20,2018-06-01,2018-06-01,2018-06-01,,,,S,EG05,PG02,101531.0,Operations
100203,2020-01-28,2020-01-28,T,RPT,P,0.44,05ACC1,ACCTG,PRMRE,116,120,20,2018-06-01,2018-06-01,2018-06-01,2020-01-28,205,I,S,EG05,PG02,101531.0,Operations
100204,2018-06-04,2018-06-04,A,RFT,F,1.0,57TRD3,TRD,ALPNC,116,200,20,2018-06-04,2018-06-04,2018-06-04,,,,S,EG02,PG03,,Operations
100205,2018-06-04,2018-06-04,A,RFT,F,1.0,90PRO3,PROJ,ALPNC,100,80,70,2018-06-04,2018-06-04,2018-06-04,,,,S,EG04,PG03,,Operations
100205,2025-06-05,2025-06-05,A,RFT,F,1.0,91PRO4,PROJ,ALPNC,100,80,70,2018-06-04,2018-06-04,2025-06-05,,,,S,EG02,PG03,,Operations
100205,2025-10-08,2025-10-08,A,RFT,F,1.0,16CSR4,CSR,ALPNC,100,80,70,2018-06-04,2018-06-04,2025-10-08,,,,S,EG10,PG03,,Operations
100206,2018-06-05,2018-06-05,A,RPT,P,0.48,09ACC4,ACCTG,NRTHP,111,70,120,2018-06-05,2018-06-05,2018-06-05,,,,S,EG05,PG05,,Operations
100206,2024-05-17,2024-05-17,A,RPT,P,0.48,10ACC5,ACCTG,NRTHP,111,70,120,2018-06-05,2018-06-05,2024-05-17,,,,S,EG09,PG05,,Operations
100207,2018-06-06,2018-06-06,A,RFT,F,1.0,43SAL3,SALES,PRMRE,100,190,110,2018-06-06,2018-06-06,2018-06-06,,,,S,EG10,PG02,102532.0,Operations
100207,2020-08-09,2020-08-09,T,RFT,F,1.0,43SAL3,SALES,PRMRE,100,190,110,2018-06-06,2018-06-06,2018-06-06,2020-08-09,100,V,S,EG10,PG02,102532.0,Operations
100208,2018-06-07,2018-06-07,A,RFT,F,1.0,20ENG3,ENGR,WSTMF,113,30,80,2018-06-07,2018-06-07,2018-06-07,,,,S,EG03,PG03,,Operations
100208,2019-02-28,2019-02-28,T,RFT,F,1.0,20ENG3,ENGR,WSTMF,113,30,80,2018-06-07,2018-06-07,2018-06-07,2019-02-28,101,V,S,EG03,PG03,,Operations
100209,2018-06-08,2018-06-08,A,RFT,F,1.0,95LEG3,LEGAL,WSTMF,100,220,30,2018-06-08,2018-06-08,2018-06-08,,,,S,EG05,PG03,100923.0,Operations
100209,2022-02-26,2022-02-26,L,RFT,F,1.0,95LEG3,LEGAL,WSTMF,100,220,30,2018-06-08,2018-06-08,2018-06-08,,,,S,EG05,PG03,100923.0,Operations
100209,2022-06-20,2022-06-20,A,RFT,F,1.0,95LEG3,LEGAL,WSTMF,100,220,30,2018-06-08,2018-06-08,2018-06-08,,,,S,EG05,PG03,100923.0,Operations
100209,2025-04-11,2025-04-11,T,RFT,F,1.0,95LEG3,LEGAL,WSTMF,100,220,30,2018-06-08,2018-06-08,2018-06-08,2025-04-11,101,V,S,EG05,PG03,100923.0,Operations
100210,2018-06-08,2018-06-08,A,RFT,F,1.0,20ENG3,ENGR,PRMRE,123,210,10,2018-06-08,2018-06-08,2018-06-08,,,,S,EG03,PG02,,Operations
100210,2020-08-23,2020-08-23,A,RFT,F,1.0,57TRD3,TRD,PRMRE,123,210,10,2018-06-08,2018-06-08,2020-08-23,,,,S,EG02,PG02,,Operations
100210,2023-03-14,2023-03-14,T,RFT,F,1.0,57TRD3,TRD,PRMRE,123,210,10,2018-06-08,2018-06-08,2020-08-23,2023-03-14,201,I,S,EG02,PG02,,Operations
100211,2018-06-08,2018-06-08,A,RFT,F,1.0,95LEG3,LEGAL,ALPNC,111,250,40,2018-06-08,2018-06-08,2018-06-08,,,,S,EG05,PG03,,Operations
100211,2018-10-08,2018-10-08,T,RFT,F,1.0,95LEG3,LEGAL,ALPNC,111,250,40,2018-06-08,2018-06-08,2018-06-08,2018-10-08,100,V,S,EG05,PG03,,Operations
100212,2018-06-08,2018-06-08,A,RFT,F,1.0,27HR3,HR,WSTMF,108,180,110,2018-06-08,2018-06-08,2018-06-08,,,,S,EG02,PG03,100320.0,Operations
100212,2018-07-03,2018-07-03,A,RFT,F,1.0,28HR4,HR,WSTMF,108,180,110,2018-06-08,2018-06-08,2018-07-03,,,,S,EG08,PG03,100320.0,Operations
100212,2023-03-03,2023-03-03,A,RFT,F,1.0,29HR5,HR,WSTMF,108,180,110,2018-06-08,2018-06-08,2023-03-03,,,,S,EG07,PG03,100320.0,Operations
100212,2024-12-22,2024-12-22,L,RFT,F,1.0,29HR5,HR,WSTMF,108,180,110,2018-06-08,2018-06-08,2023-03-03,,,,S,EG07,PG03,100320.0,Operations
100212,2025-02-01,2025-02-01,A,RFT,F,1.0,29HR5,HR,WSTMF,108,180,110,2018-06-08,2018-06-08,2023-03-03,,,,S,EG07,PG03,100320.0,Operations
100212,2025-06-30,2025-06-30,A,RFT,F,1.0,30HR6,HR,WSTMF,108,180,110,2018-06-08,2018-06-08,2025-06-30,,,,S,EG04,PG03,100320.0,Operations
100213,2018-06-11,2018-06-11,A,RFT,F,1.0,13CSR1,CSR,WSTMF,105,30,70,2018-06-11,2018-06-11,2018-06-11,,,,H,EG01,PG03,101914.0,Operations
100213,2020-08-21,2020-08-21,A,RFT,F,1.0,06ACC1,ACCTG,WSTMF,105,30,70,2018-06-11,2018-06-11,2020-08-21,,,,H,EG09,PG03,101914.0,Operations
100213,2022-08-19,2022-08-19,T,RFT,F,1.0,06ACC1,ACCTG,WSTMF,105,30,70,2018-06-11,2018-06-11,2020-08-21,2022-08-19,100,V,H,EG09,PG03,101914.0,Operations
100214,2018-06-12,2018-06-12,A,RFT,F,1.0,50OPS3,OPS,PRMRE,122,80,80,2018-06-12,2018-06-12,2018-06-12,,,,S,EG06,PG02,,Operations
100214,2018-10-02,2018-10-02,T,RFT,F,1.0,50OPS3,OPS,PRMRE,122,80,80,2018-06-12,2018-06-12,2018-06-12,2018-10-02,100,V,S,EG06,PG02,,Operations
100215,2018-06-12,2018-06-12,A,RFT,F,1.0,01ADM1,ADMIN,NRTHP,122,70,40,2018-06-12,2018-06-12,2018-06-12,,,,H,EG05,PG05,101370.0,Operations
100215,2019-12-09,2019-12-09,T,RFT,F,1.0,01ADM1,ADMIN,NRTHP,122,70,40,2018-06-12,2018-06-12,2018-06-12,2019-12-09,100,V,H,EG05,PG05,101370.0,Operations
100216,2018-06-15,2018-06-15,A,RFT,F,1.0,45SAL5,SALES,PRMRE,116,160,120,2018-06-15,2018-06-15,2018-06-15,,,,S,EG06,PG02,,Operations
100216,2022-05-16,2022-05-16,T,RFT,F,1.0,45SAL5,SALES,PRMRE,116,160,120,2018-06-15,2018-06-15,2018-06-15,2022-05-16,100,V,S,EG06,PG02,,Operations
100217,2018-06-15,2018-06-15,A,RFT,F,1.0,89PRO2,PROJ,NRTHP,116,160,120,2018-06-15,2018-06-15,2018-06-15,,,,H,EG06,PG05,,Operations
100217,2022-06-18,2022-06-18,A,RFT,F,1.0,90PRO3,PROJ,NRTHP,116,160,120,2018-06-15,2018-06-15,2022-06-18,,,,H,EG04,PG05,,Operations
100217,2023-10-31,2023-10-31,L,RFT,F,1.0,90PRO3,PROJ,NRTHP,116,160,120,2018-06-15,2018-06-15,2022-06-18,,,,H,EG04,PG05,,Operations
100217,2024-03-15,2024-03-15,A,RFT,F,1.0,90PRO3,PROJ,NRTHP,116,160,120,2018-06-15,2018-06-15,2022-06-18,,,,H,EG04,PG05,,Operations
100218,2018-06-15,2018-06-15,A,RFT,F,1.0,71MKT2,MKTG,NRTHP,114,50,120,2018-06-15,2018-06-15,2018-06-15,,,,H,EG10,PG05,,Operations
100218,2023-06-08,2023-06-08,A,RFT,F,1.0,72MKT3,MKTG,NRTHP,114,50,120,2018-06-15,2018-06-15,2023-06-08,,,,H,EG09,PG05,,Operations
100219,2018-06-15,2018-06-15,A,RFT,F,1.0,18ENG1,ENGR,NRTHP,115,60,50,2018-06-15,2018-06-15,2018-06-15,,,,S,EG08,PG05,100038.0,Operations
100220,2018-06-15,2018-06-15,A,RPT,P,0.48,07ACC2,ACCTG,WSTMF,124,240,10,2018-06-15,2018-06-15,2018-06-15,,,,H,EG03,PG03,100234.0,Operations
100220,2018-09-25,2018-09-25,A,RPT,P,0.48,08ACC3,ACCTG,WSTMF,124,240,10,2018-06-15,2018-06-15,2018-09-25,,,,H,EG01,PG03,100234.0,Operations
100220,2021-11-12,2021-11-12,T,RPT,P,0.48,08ACC3,ACCTG,WSTMF,124,240,10,2018-06-15,2018-06-15,2018-09-25,2021-11-12,100,V,H,EG01,PG03,100234.0,Operations
100221,2018-06-18,2018-06-18,A,RPT,P,0.73,71MKT2,MKTG,WSTMF,108,30,90,2018-06-18,2018-06-18,2018-06-18,,,,S,EG10,PG03,,Operations
100221,2019-02-12,2019-02-12,T,RPT,P,0.73,71MKT2,MKTG,WSTMF,108,30,90,2018-06-18,2018-06-18,2018-06-18,2019-02-12,100,V,S,EG10,PG03,,Operations
100222,2018-06-19,2018-06-19,A,RFT,F,1.0,36IT3,IT,NRTHP,118,160,90,2018-06-19,2018-06-19,2018-06-19,,,,S,EG07,PG05,100692.0,Operations
100222,2019-07-14,2019-07-14,A,RFT,F,1.0,37IT4,IT,NRTHP,118,160,90,2018-06-19,2018-06-19,2019-07-14,,,,S,EG04,PG05,100692.0,Operations
100223,2018-06-20,2018-06-20,A,RFT,F,1.0,56TRD2,TRD,WSTMF,106,20,90,2018-06-20,2018-06-20,2018-06-20,,,,H,EG02,PG03,,Operations
100223,2018-11-28,2018-11-28,A,RFT,F,1.0,78ANL2,ANLYT,WSTMF,106,20,90,2018-06-20,2018-06-20,2018-11-28,,,,H,EG04,PG03,,Operations
100223,2021-03-28,2021-03-28,T,RFT,F,1.0,78ANL2,ANLYT,WSTMF,106,20,90,2018-06-20,2018-06-20,2018-11-28,2021-03-28,100,V,H,EG04,PG03,,Operations
100224,2018-06-20,2018-06-20,A,CON,F,1.0,03ADM3,ADMIN,PRMRE,121,70,50,2018-06-20,2018-06-20,2018-06-20,,,,S,EG07,PG02,,Operations
100224,2018-08-08,2018-08-08,T,CON,F,1.0,03ADM3,ADMIN,PRMRE,121,70,50,2018-06-20,2018-06-20,2018-06-20,2018-08-08,100,V,S,EG07,PG02,,Operations
100225,2018-06-21,2018-06-21,A,RFT,F,1.0,13CSR1,CSR,WSTMF,118,30,110,2018-06-21,2018-06-21,2018-06-21,,,,H,EG01,PG03,,Operations
100225,2020-06-22,2020-06-22,A,RFT,F,1.0,14CSR2,CSR,WSTMF,118,30,110,2018-06-21,2018-06-21,2020-06-22,,,,H,EG06,PG03,,Operations
100225,2020-11-22,2020-11-22,A,RFT,F,1.0,15CSR3,CSR,WSTMF,118,30,110,2018-06-21,2018-06-21,2020-11-22,,,,H,EG10,PG03,,Operations
100225,2025-03-13,2025-03-13,A,RFT,F,1.0,36IT3,IT,WSTMF,118,30,110,2018-06-21,2018-06-21,2025-03-13,,,,H,EG07,PG03,,Operations
100226,2018-06-21,2018-06-21,A,RFT,F,1.0,57TRD3,TRD,PRMRE,105,230,120,2018-06-21,2018-06-21,2018-06-21,,,,S,EG02,PG02,,Operations
100226,2022-02-20,2022-02-20,A,RFT,F,1.0,43SAL3,SALES,PRMRE,105,230,120,2018-06-21,2018-06-21,2022-02-20,,,,S,EG10,PG02,,Operations
100227,2018-06-22,2018-06-22,A,RFT,F,1.0,19ENG2,ENGR,PRMRE,122,120,100,2018-06-22,2018-06-22,2018-06-22,,,,H,EG01,PG02,100170.0,Operations
100227,2020-05-12,2020-05-12,A,RFT,F,1.0,20ENG3,ENGR,PRMRE,122,120,100,2018-06-22,2018-06-22,2020-05-12,,,,H,EG03,PG02,100170.0,Operations
100228,2018-06-25,2018-06-25,A,RFT,F,1.0,14CSR2,CSR,PRMRE,123,230,70,2018-06-25,2018-06-25,2018-06-25,,,,H,EG06,PG02,,Operations
100228,2019-12-18,2019-12-18,T,RFT,F,1.0,14CSR2,CSR,PRMRE,123,230,70,2018-06-25,2018-06-25,2018-06-25,2019-12-18,101,V,H,EG06,PG02,,Operations
100229,2018-06-25,2018-06-25,A,RFT,F,1.0,06ACC1,ACCTG,WSTMF,111,120,10,2018-06-25,2018-06-25,2018-06-25,,,,H,EG09,PG03,101780.0,Operations
100229,2019-12-23,2019-12-23,T,RFT,F,1.0,06ACC1,ACCTG,WSTMF,111,120,10,2018-06-25,2018-06-25,2018-06-25,2019-12-23,100,V,H,EG09,PG03,101780.0,Operations
100230,2018-06-25,2018-06-25,A,RFT,F,1.0,06ACC1,ACCTG,WSTMF,118,140,60,2018-06-25,2018-06-25,2018-06-25,,,,H,EG09,PG03,101731.0,Operations
100230,2020-01-12,2020-01-12,A,RFT,F,1.0,07ACC2,ACCTG,WSTMF,118,140,60,2018-06-25,2018-06-25,2020-01-12,,,,H,EG03,PG03,101731.0,Operations
100230,2023-06-19,2023-06-19,A,RFT,F,1.0,66TEC2,TECH,WSTMF,118,140,60,2018-06-25,2018-06-25,2023-06-19,,,,H,EG04,PG03,101731.0,Operations
100230,2024-04-19,2024-04-19,A,RFT,F,1.0,67TEC3,TECH,WSTMF,118,140,60,2018-06-25,2018-06-25,2024-04-19,,,,H,EG10,PG03,101731.0,Operations
100231,2018-06-26,2018-06-26,A,RFT,F,1.0,42SAL2,SALES,ALPNC,116,120,60,2018-06-26,2018-06-26,2018-06-26,,,,H,EG10,PG03,101531.0,Operations
100231,2021-02-20,2021-02-20,T,RFT,F,1.0,42SAL2,SALES,ALPNC,116,120,60,2018-06-26,2018-06-26,2018-06-26,2021-02-20,202,V,H,EG10,PG03,101531.0,Operations
100232,2018-06-27,2018-06-27,A,RFT,F,1.0,41SAL1,SALES,PRMRE,121,70,90,2018-06-27,2018-06-27,2018-06-27,,,,H,EG08,PG02,100548.0,Operations
100232,2021-10-11,2021-10-11,T,RFT,F,1.0,41SAL1,SALES,PRMRE,121,70,90,2018-06-27,2018-06-27,2018-06-27,2021-10-11,200,I,H,EG08,PG02,100548.0,Operations
100233,2018-06-27,2018-06-27,A,RFT,F,1.0,62WHS3,WHSE,ALPNC,121,10,100,2018-06-27,2018-06-27,2018-06-27,,,,S,EG01,PG03,,Operations
100233,2022-01-18,2022-01-18,A,RFT,F,1.0,43SAL3,SALES,ALPNC,121,10,100,2018-06-27,2018-06-27,2022-01-18,,,,S,EG10,PG03,,Operations
100234,2018-06-27,2018-06-27,A,RFT,F,1.0,95LEG3,LEGAL,WSTMF,124,240,50,2018-06-27,2018-06-27,2018-06-27,,,,S,EG05,PG03,,Operations
100235,2018-06-28,2018-06-28,A,RFT,F,1.0,13CSR1,CSR,PRMRE,100,30,110,2018-06-28,2018-06-28,2018-06-28,,,,H,EG01,PG02,101389.0,Operations
100235,2019-03-09,2019-03-09,T,RFT,F,1.0,13CSR1,CSR,PRMRE,100,30,110,2018-06-28,2018-06-28,2018-06-28,2019-03-09,202,V,H,EG01,PG02,101389.0,Operations
100236,2018-06-29,2018-06-29,A,RFT,F,1.0,65TEC1,TECH,ALPNC,116,10,60,2018-06-29,2018-06-29,2018-06-29,,,,S,EG08,PG03,102461.0,Operations
100236,2019-11-07,2019-11-07,T,RFT,F,1.0,65TEC1,TECH,ALPNC,116,10,60,2018-06-29,2018-06-29,2018-06-29,2019-11-07,206,I,S,EG08,PG03,102461.0,Operations
100237,2018-07-03,2018-07-03,A,RFT,F,1.0,42SAL2,SALES,NRTHP,104,220,110,2018-07-03,2018-07-03,2018-07-03,,,,H,EG10,PG05,,Operations
100237,2018-08-01,2018-08-01,T,RFT,F,1.0,42SAL2,SALES,NRTHP,104,220,110,2018-07-03,2018-07-03,2018-07-03,2018-08-01,102,V,H,EG10,PG05,,Operations
100238,2018-07-04,2018-07-04,A,RFT,F,1.0,16CSR4,CSR,NRTHP,100,210,90,2018-07-04,2018-07-04,2018-07-04,,,,S,EG10,PG05,,Operations
100238,2018-11-03,2018-11-03,A,RFT,F,1.0,17CSR5,CSR,NRTHP,100,210,90,2018-07-04,2018-07-04,2018-11-03,,,,S,EG07,PG05,,Operations
100238,2019-01-13,2019-01-13,T,RFT,F,1.0,17CSR5,CSR,NRTHP,100,210,90,2018-07-04,2018-07-04,2018-11-03,2019-01-13,100,V,S,EG07,PG05,,Operations
100239,2018-07-05,2018-07-05,A,RFT,F,1.0,71MKT2,MKTG,PRMRE,121,120,120,2018-07-05,2018-07-05,2018-07-05,,,,H,EG10,PG02,101473.0,Operations
100239,2018-10-05,2018-10-05,T,RFT,F,1.0,71MKT2,MKTG,PRMRE,121,120,120,2018-07-05,2018-07-05,2018-07-05,2018-10-05,100,V,H,EG10,PG02,101473.0,Operations
100240,2018-07-05,2018-07-05,A,RPT,P,0.52,79ANL3,ANLYT,NRTHP,121,250,120,2018-07-05,2018-07-05,2018-07-05,,,,S,EG10,PG05,,Operations
100241,2018-07-06,2018-07-06,A,RFT,F,1.0,19ENG2,ENGR,WSTMF,107,150,60,2018-07-06,2018-07-06,2018-07-06,,,,H,EG01,PG03,,Operations
100241,2020-11-03,2020-11-03,T,RFT,F,1.0,19ENG2,ENGR,WSTMF,107,150,60,2018-07-06,2018-07-06,2018-07-06,2020-11-03,205,I,H,EG01,PG03,,Operations
100242,2018-07-06,2018-07-06,A,RPT,P,0.71,16CSR4,CSR,WSTMF,104,60,120,2018-07-06,2018-07-06,2018-07-06,,,,S,EG10,PG03,101066.0,Operations
100242,2020-03-22,2020-03-22,A,RPT,P,0.71,17CSR5,CSR,WSTMF,104,60,120,2018-07-06,2018-07-06,2020-03-22,,,,S,EG07,PG03,101066.0,Operations
100242,2020-11-25,2020-11-25,A,RPT,P,0.71,93PRO6,PROJ,WSTMF,104,60,120,2018-07-06,2018-07-06,2020-11-25,,,,S,EG09,PG03,101066.0,Operations
100242,2023-05-24,2023-05-24,T,RPT,P,0.71,93PRO6,PROJ,WSTMF,104,60,120,2018-07-06,2018-07-06,2020-11-25,2023-05-24,202,V,S,EG09,PG03,101066.0,Operations
100243,2018-07-06,2018-07-06,A,RPT,P,0.48,13CSR1,CSR,WSTMF,122,130,110,2018-07-06,2018-07-06,2018-07-06,,,,H,EG01,PG03,102268.0,Operations
100243,2021-09-26,2021-09-26,T,RPT,P,0.48,13CSR1,CSR,WSTMF,122,130,110,2018-07-06,2018-07-06,2018-07-06,2021-09-26,200,I,H,EG01,PG03,102268.0,Operations
100244,2018-07-06,2018-07-06,A,CON,F,1.0,41SAL1,SALES,NRTHP,121,250,60,2018-07-06,2018-07-06,2018-07-06,,,,H,EG08,PG05,100240.0,Operations
100244,2019-04-17,2019-04-17,A,CON,F,1.0,55TRD1,TRD,NRTHP,121,250,60,2018-07-06,2018-07-06,2019-04-17,,,,H,EG04,PG05,100240.0,Operations
100244,2019-05-16,2019-05-16,T,CON,F,1.0,55TRD1,TRD,NRTHP,121,250,60,2018-07-06,2018-07-06,2019-04-17,2019-05-16,100,V,H,EG04,PG05,100240.0,Operations
100245,2018-07-06,2018-07-06,A,RFT,F,1.0,15CSR3,CSR,ALPNC,119,90,50,2018-07-06,2018-07-06,2018-07-06,,,,S,EG10,PG03,101592.0,Operations
100246,2018-07-06,2018-07-06,A,RFT,F,1.0,79ANL3,ANLYT,PRMRE,118,100,80,2018-07-06,2018-07-06,2018-07-06,,,,S,EG10,PG02,,Operations
100246,2018-11-05,2018-11-05,T,RFT,F,1.0,79ANL3,ANLYT,PRMRE,118,100,80,2018-07-06,2018-07-06,2018-07-06,2018-11-05,205,I,S,EG10,PG02,,Operations
100247,2018-07-09,2018-07-09,A,RFT,F,1.0,48OPS1,OPS,WSTMF,110,220,60,2018-07-09,2018-07-09,2018-07-09,,,,H,EG03,PG03,102768.0,Operations
100247,2019-07-02,2019-07-02,A,RFT,F,1.0,49OPS2,OPS,WSTMF,110,220,60,2018-07-09,2018-07-09,2019-07-02,,,,H,EG05,PG03,102768.0,Operations
100247,2025-05-25,2025-05-25,T,RFT,F,1.0,49OPS2,OPS,WSTMF,110,220,60,2018-07-09,2018-07-09,2019-07-02,2025-05-25,210,I,H,EG05,PG03,102768.0,Operations
100248,2018-07-10,2018-07-10,A,RFT,F,1.0,06ACC1,ACCTG,ALPNC,124,140,100,2018-07-10,2018-07-10,2018-07-10,,,,H,EG09,PG03,100787.0,Operations
100248,2019-12-01,2019-12-01,A,RFT,F,1.0,07ACC2,ACCTG,ALPNC,124,140,100,2018-07-10,2018-07-10,2019-12-01,,,,H,EG03,PG03,100787.0,Operations
100249,2018-07-11,2018-07-11,A,RFT,F,1.0,89PRO2,PROJ,ALPNC,104,240,90,2018-07-11,2018-07-11,2018-07-11,,,,S,EG06,PG03,,Operations
100249,2018-09-14,2018-09-14,T,RFT,F,1.0,89PRO2,PROJ,ALPNC,104,240,90,2018-07-11,2018-07-11,2018-07-11,2018-09-14,102,V,S,EG06,PG03,,Operations
100250,2018-07-12,2018-07-12,A,RFT,F,1.0,18ENG1,ENGR,ALPNC,124,130,70,2018-07-12,2018-07-12,2018-07-12,,,,H,EG08,PG03,102158.0,Operations
100250,2022-04-28,2022-04-28,A,RFT,F,1.0,19ENG2,ENGR,ALPNC,124,130,70,2018-07-12,2018-07-12,2022-04-28,,,,H,EG01,PG03,102158.0,Operations
100251,2018-07-13,2018-07-13,A,RFT,F,1.0,90PRO3,PROJ,NRTHP,122,120,90,2018-07-13,2018-07-13,2018-07-13,,,,S,EG04,PG05,,Operations
100251,2019-06-04,2019-06-04,L,RFT,F,1.0,90PRO3,PROJ,NRTHP,122,120,90,2018-07-13,2018-07-13,2018-07-13,,,,S,EG04,PG05,,Operations
100251,2019-08-03,2019-08-03,A,RFT,F,1.0,90PRO3,PROJ,NRTHP,122,120,90,2018-07-13,2018-07-13,2018-07-13,,,,S,EG04,PG05,,Operations
100251,2024-10-18,2024-10-18,L,RFT,F,1.0,90PRO3,PROJ,NRTHP,122,120,90,2018-07-13,2018-07-13,2018-07-13,,,,S,EG04,PG05,,Operations
100251,2024-11-25,2024-11-25,A,RFT,F,1.0,90PRO3,PROJ,NRTHP,122,120,90,2018-07-13,2018-07-13,2018-07-13,,,,S,EG04,PG05,,Operations
100251,2025-03-27,2025-03-27,T,RFT,F,1.0,90PRO3,PROJ,NRTHP,122,120,90,2018-07-13,2018-07-13,2018-07-13,2025-03-27,101,V,S,EG04,PG05,,Operations
100252,2018-07-13,2018-07-13,A,RFT,F,1.0,13CSR1,CSR,PRMRE,123,120,100,2018-07-13,2018-07-13,2018-07-13,,,,S,EG01,PG02,102934.0,Operations
100252,2019-05-11,2019-05-11,T,RFT,F,1.0,13CSR1,CSR,PRMRE,123,120,100,2018-07-13,2018-07-13,2018-07-13,2019-05-11,101,V,S,EG01,PG02,102934.0,Operations
100253,2018-07-13,2018-07-13,A,RFT,F,1.0,19ENG2,ENGR,NRTHP,104,200,100,2018-07-13,2018-07-13,2018-07-13,,,,H,EG01,PG05,102297.0,Operations
100253,2022-01-10,2022-01-10,A,RFT,F,1.0,20ENG3,ENGR,NRTHP,104,200,100,2018-07-13,2018-07-13,2022-01-10,,,,H,EG03,PG05,102297.0,Operations
100253,2023-08-17,2023-08-17,A,RFT,F,1.0,21ENG4,ENGR,NRTHP,104,200,100,2018-07-13,2018-07-13,2023-08-17,,,,H,EG06,PG05,102297.0,Operations
100253,2025-01-23,2025-01-23,A,RFT,F,1.0,22ENG5,ENGR,NRTHP,104,200,100,2018-07-13,2018-07-13,2025-01-23,,,,H,EG08,PG05,102297.0,Operations
100253,2025-03-31,2025-03-31,L,RFT,F,1.0,22ENG5,ENGR,NRTHP,104,200,100,2018-07-13,2018-07-13,2025-01-23,,,,H,EG08,PG05,102297.0,Operations
100253,2025-06-02,2025-06-02,A,RFT,F,1.0,22ENG5,ENGR,NRTHP,104,200,100,2018-07-13,2018-07-13,2025-01-23,,,,H,EG08,PG05,102297.0,Operations
100254,2018-07-13,2018-07-13,A,RFT,F,1.0,35IT3,IT,WSTMF,118,230,100,2018-07-13,2018-07-13,2018-07-13,,,,S,EG08,PG03,,Operations
100255,2018-07-16,2018-07-16,A,RFT,F,1.0,55TRD1,TRD,PRMRE,121,70,110,2018-07-16,2018-07-16,2018-07-16,,,,S,EG04,PG02,100548.0,Operations
100255,2019-05-22,2019-05-22,T,RFT,F,1.0,55TRD1,TRD,PRMRE,121,70,110,2018-07-16,2018-07-16,2018-07-16,2019-05-22,101,V,S,EG04,PG02,100548.0,Operations
100256,2018-07-17,2018-07-17,A,RFT,F,1.0,89PRO2,PROJ,PRMRE,118,140,100,2018-07-17,2018-07-17,2018-07-17,,,,H,EG06,PG02,101731.0,Operations
100256,2024-04-11,2024-04-11,A,RFT,F,1.0,61WHS2,WHSE,PRMRE,118,140,100,2018-07-17,2018-07-17,2024-04-11,,,,H,EG01,PG02,101731.0,Operations
100257,2018-07-17,2018-07-17,A,RFT,F,1.0,25HR1,HR,WSTMF,107,200,110,2018-07-17,2018-07-17,2018-07-17,,,,S,EG10,PG03,101805.0,Operations
100257,2021-01-28,2021-01-28,T,RFT,F,1.0,25HR1,HR,WSTMF,107,200,110,2018-07-17,2018-07-17,2018-07-17,2021-01-28,200,I,S,EG10,PG03,101805.0,Operations
100258,2018-07-18,2018-07-18,A,RFT,F,1.0,57TRD3,TRD,PRMRE,116,150,120,2018-07-18,2018-07-18,2018-07-18,,,,S,EG02,PG02,,Operations
100258,2022-09-19,2022-09-19,A,RFT,F,1.0,58TRD4,TRD,PRMRE,116,150,120,2018-07-18,2018-07-18,2022-09-19,,,,S,EG05,PG02,,Operations
100259,2018-07-18,2018-07-18,A,RFT,F,1.0,32IT1,IT,PRMRE,100,160,80,2018-07-18,2018-07-18,2018-07-18,,,,H,EG03,PG02,102626.0,Operations
100259,2018-08-02,2018-08-02,T,RFT,F,1.0,32IT1,IT,PRMRE,100,160,80,2018-07-18,2018-07-18,2018-07-18,2018-08-02,202,V,H,EG03,PG02,102626.0,Operations
100260,2018-07-18,2018-07-18,A,RFT,F,1.0,42SAL2,SALES,WSTMF,124,70,120,2018-07-18,2018-07-18,2018-07-18,,,,H,EG10,PG03,102457.0,Operations
100260,2019-04-25,2019-04-25,A,RFT,F,1.0,43SAL3,SALES,WSTMF,124,70,120,2018-07-18,2018-07-18,2019-04-25,,,,H,EG10,PG03,102457.0,Operations
100260,2019-08-04,2019-08-04,T,RFT,F,1.0,43SAL3,SALES,WSTMF,124,70,120,2018-07-18,2018-07-18,2019-04-25,2019-08-04,202,V,H,EG10,PG03,102457.0,Operations
100261,2018-07-19,2018-07-19,A,RFT,F,1.0,71MKT2,MKTG,PRMRE,122,210,80,2018-07-19,2018-07-19,2018-07-19,,,,H,EG10,PG02,101716.0,Operations
100261,2019-10-10,2019-10-10,T,RFT,F,1.0,71MKT2,MKTG,PRMRE,122,210,80,2018-07-19,2018-07-19,2018-07-19,2019-10-10,200,I,H,EG10,PG02,101716.0,Operations
100262,2018-07-19,2018-07-19,A,RFT,F,1.0,79ANL3,ANLYT,NRTHP,113,150,60,2018-07-19,2018-07-19,2018-07-19,,,,S,EG10,PG05,,Operations
100262,2019-11-02,2019-11-02,T,RFT,F,1.0,79ANL3,ANLYT,NRTHP,113,150,60,2018-07-19,2018-07-19,2018-07-19,2019-11-02,100,V,S,EG10,PG05,,Operations
100263,2018-07-20,2018-07-20,A,RFT,F,1.0,72MKT3,MKTG,PRMRE,123,10,100,2018-07-20,2018-07-20,2018-07-20,,,,S,EG09,PG02,102401.0,Operations
100263,2024-03-25,2024-03-25,A,RFT,F,1.0,20ENG3,ENGR,PRMRE,123,10,100,2018-07-20,2018-07-20,2024-03-25,,,,S,EG03,PG02,102401.0,Operations
100263,2026-01-09,2026-01-09,L,RFT,F,1.0,20ENG3,ENGR,PRMRE,123,10,100,2018-07-20,2018-07-20,2024-03-25,,,,S,EG03,PG02,102401.0,Operations
100264,2018-07-20,2018-07-20,A,RFT,F,1.0,02ADM2,ADMIN,NRTHP,109,250,30,2018-07-20,2018-07-20,2018-07-20,,,,H,EG04,PG05,101475.0,Operations
100265,2018-07-20,2018-07-20,A,RFT,F,1.0,34IT2,IT,WSTMF,100,210,110,2018-07-20,2018-07-20,2018-07-20,,,,S,EG08,PG03,101401.0,Operations
100265,2021-07-05,2021-07-05,A,RFT,F,1.0,35IT3,IT,WSTMF,100,210,110,2018-07-20,2018-07-20,2021-07-05,,,,S,EG08,PG03,101401.0,Operations
100266,2018-07-20,2018-07-20,A,RFT,F,1.0,79ANL3,ANLYT,NRTHP,103,230,100,2018-07-20,2018-07-20,2018-07-20,,,,S,EG10,PG05,102481.0,Operations
100266,2018-08-06,2018-08-06,T,RFT,F,1.0,79ANL3,ANLYT,NRTHP,103,230,100,2018-07-20,2018-07-20,2018-07-20,2018-08-06,100,V,S,EG10,PG05,102481.0,Operations
100267,2018-07-23,2018-07-23,A,RFT,F,1.0,62WHS3,WHSE,ALPNC,112,120,110,2018-07-23,2018-07-23,2018-07-23,,,,S,EG01,PG03,101486.0,Operations
100268,2018-07-23,2018-07-23,A,RFT,F,1.0,13CSR1,CSR,PRMRE,124,110,50,2018-07-23,2018-07-23,2018-07-23,,,,H,EG01,PG02,102338.0,Operations
100268,2019-12-03,2019-12-03,A,RFT,F,1.0,14CSR2,CSR,PRMRE,124,110,50,2018-07-23,2018-07-23,2019-12-03,,,,H,EG06,PG02,102338.0,Operations
100268,2020-08-25,2020-08-25,L,RFT,F,1.0,14CSR2,CSR,PRMRE,124,110,50,2018-07-23,2018-07-23,2019-12-03,,,,H,EG06,PG02,102338.0,Operations
100268,2020-12-05,2020-12-05,A,RFT,F,1.0,14CSR2,CSR,PRMRE,124,110,50,2018-07-23,2018-07-23,2019-12-03,,,,H,EG06,PG02,102338.0,Operations
100269,2018-07-24,2018-07-24,A,RFT,F,1.0,34IT2,IT,ALPNC,121,80,110,2018-07-24,2018-07-24,2018-07-24,,,,H,EG08,PG03,,Operations
100269,2019-04-11,2019-04-11,T,RFT,F,1.0,34IT2,IT,ALPNC,121,80,110,2018-07-24,2018-07-24,2018-07-24,2019-04-11,100,V,H,EG08,PG03,,Operations
100270,2018-07-25,2018-07-25,A,RFT,F,1.0,36IT3,IT,PRMRE,115,160,50,2018-07-25,2018-07-25,2018-07-25,,,,S,EG07,PG02,,Operations
100270,2020-09-27,2020-09-27,T,RFT,F,1.0,36IT3,IT,PRMRE,115,160,50,2018-07-25,2018-07-25,2018-07-25,2020-09-27,202,V,S,EG07,PG02,,Operations
100271,2018-07-25,2018-07-25,A,RFT,F,1.0,02ADM2,ADMIN,WSTMF,107,240,60,2018-07-25,2018-07-25,2018-07-25,,,,H,EG04,PG03,102828.0,Operations
100271,2023-07-09,2023-07-09,A,RFT,F,1.0,03ADM3,ADMIN,WSTMF,107,240,60,2018-07-25,2018-07-25,2023-07-09,,,,H,EG07,PG03,102828.0,Operations
100271,2023-09-23,2023-09-23,L,RFT,F,1.0,03ADM3,ADMIN,WSTMF,107,240,60,2018-07-25,2018-07-25,2023-07-09,,,,H,EG07,PG03,102828.0,Operations
100271,2024-01-14,2024-01-14,A,RFT,F,1.0,03ADM3,ADMIN,WSTMF,107,240,60,2018-07-25,2018-07-25,2023-07-09,,,,H,EG07,PG03,102828.0,Operations
100271,2024-08-15,2024-08-15,A,RFT,F,1.0,04ADM4,ADMIN,WSTMF,107,240,60,2018-07-25,2018-07-25,2024-08-15,,,,H,EG06,PG03,102828.0,Operations
100272,2018-07-27,2018-07-27,A,TFT,F,1.0,33IT2,IT,ALPNC,116,170,80,2018-07-27,2018-07-27,2018-07-27,,,,H,EG09,PG03,,Operations
100272,2021-03-03,2021-03-03,A,TFT,F,1.0,36IT3,IT,ALPNC,116,170,80,2018-07-27,2018-07-27,2021-03-03,,,,H,EG07,PG03,,Operations
100272,2024-02-14,2024-02-14,T,TFT,F,1.0,36IT3,IT,ALPNC,116,170,80,2018-07-27,2018-07-27,2021-03-03,2024-02-14,201,I,H,EG07,PG03,,Operations
100273,2018-08-01,2018-08-01,A,RFT,F,1.0,79ANL3,ANLYT,PRMRE,100,100,50,2018-08-01,2018-08-01,2018-08-01,,,,S,EG10,PG02,,Operations
100273,2018-12-12,2018-12-12,T,RFT,F,1.0,79ANL3,ANLYT,PRMRE,100,100,50,2018-08-01,2018-08-01,2018-08-01,2018-12-12,102,V,S,EG10,PG02,,Operations
100274,2018-08-02,2018-08-02,A,CON,F,1.0,14CSR2,CSR,NRTHP,119,90,60,2018-08-02,2018-08-02,2018-08-02,,,,H,EG06,PG05,101592.0,Operations
100274,2020-03-14,2020-03-14,T,CON,F,1.0,14CSR2,CSR,NRTHP,119,90,60,2018-08-02,2018-08-02,2018-08-02,2020-03-14,100,V,H,EG06,PG05,101592.0,Operations
100275,2018-08-02,2018-08-02,A,RFT,F,1.0,55TRD1,TRD,ALPNC,100,20,30,2018-08-02,2018-08-02,2018-08-02,,,,H,EG04,PG03,102004.0,Operations
100275,2021-07-10,2021-07-10,A,RFT,F,1.0,32IT1,IT,ALPNC,100,20,30,2018-08-02,2018-08-02,2021-07-10,,,,H,EG03,PG03,102004.0,Operations
100275,2023-10-19,2023-10-19,A,RFT,F,1.0,33IT2,IT,ALPNC,100,20,30,2018-08-02,2018-08-02,2023-10-19,,,,H,EG09,PG03,102004.0,Operations
100275,2025-08-24,2025-08-24,T,RFT,F,1.0,33IT2,IT,ALPNC,100,20,30,2018-08-02,2018-08-02,2023-10-19,2025-08-24,207,I,H,EG09,PG03,102004.0,Operations
100276,2018-08-03,2018-08-03,A,TFT,F,1.0,83SUP4,SUPV,ALPNC,115,190,50,2018-08-03,2018-08-03,2018-08-03,,,,S,EG01,PG03,,Operations
100276,2019-06-28,2019-06-28,A,TFT,F,1.0,37IT4,IT,ALPNC,115,190,50,2018-08-03,2018-08-03,2019-06-28,,,,S,EG04,PG03,,Operations
100276,2023-03-03,2023-03-03,A,TFT,F,1.0,38IT5,IT,ALPNC,115,190,50,2018-08-03,2018-08-03,2023-03-03,,,,S,EG02,PG03,,Operations
100276,2024-09-10,2024-09-10,L,TFT,F,1.0,38IT5,IT,ALPNC,115,190,50,2018-08-03,2018-08-03,2023-03-03,,,,S,EG02,PG03,,Operations
100276,2024-12-31,2024-12-31,A,TFT,F,1.0,38IT5,IT,ALPNC,115,190,50,2018-08-03,2018-08-03,2023-03-03,,,,S,EG02,PG03,,Operations
100277,2018-08-03,2018-08-03,A,RPT,P,0.49,35IT3,IT,WSTMF,100,100,80,2018-08-03,2018-08-03,2018-08-03,,,,S,EG08,PG03,,Operations
100277,2019-03-22,2019-03-22,A,RPT,P,0.49,37IT4,IT,WSTMF,100,100,80,2018-08-03,2018-08-03,2019-03-22,,,,S,EG04,PG03,,Operations
100278,2018-08-03,2018-08-03,A,RFT,F,1.0,77ANL1,ANLYT,NRTHP,113,110,40,2018-08-03,2018-08-03,2018-08-03,,,,H,EG04,PG05,100425.0,Operations
100278,2020-05-18,2020-05-18,A,RFT,F,1.0,41SAL1,SALES,NRTHP,113,110,40,2018-08-03,2018-08-03,2020-05-18,,,,H,EG08,PG05,100425.0,Operations
100278,2020-12-29,2020-12-29,A,RFT,F,1.0,42SAL2,SALES,NRTHP,113,110,40,2018-08-03,2018-08-03,2020-12-29,,,,H,EG10,PG05,100425.0,Operations
100278,2022-11-24,2022-11-24,L,RFT,F,1.0,42SAL2,SALES,NRTHP,113,110,40,2018-08-03,2018-08-03,2020-12-29,,,,H,EG10,PG05,100425.0,Operations
100278,2023-04-05,2023-04-05,A,RFT,F,1.0,42SAL2,SALES,NRTHP,113,110,40,2018-08-03,2018-08-03,2020-12-29,,,,H,EG10,PG05,100425.0,Operations
100278,2023-04-29,2023-04-29,T,RFT,F,1.0,42SAL2,SALES,NRTHP,113,110,40,2018-08-03,2018-08-03,2020-12-29,2023-04-29,100,V,H,EG10,PG05,100425.0,Operations
100279,2018-08-03,2018-08-03,A,RFT,F,1.0,20ENG3,ENGR,ALPNC,121,10,30,2018-08-03,2018-08-03,2018-08-03,,,,S,EG03,PG03,,Operations
100279,2024-08-08,2024-08-08,L,RFT,F,1.0,20ENG3,ENGR,ALPNC,121,10,30,2018-08-03,2018-08-03,2018-08-03,,,,S,EG03,PG03,,Operations
100279,2024-10-20,2024-10-20,A,RFT,F,1.0,20ENG3,ENGR,ALPNC,121,10,30,2018-08-03,2018-08-03,2018-08-03,,,,S,EG03,PG03,,Operations
100280,2018-08-03,2018-08-03,A,RFT,F,1.0,78ANL2,ANLYT,PRMRE,115,210,40,2018-08-03,2018-08-03,2018-08-03,,,,H,EG04,PG02,100349.0,Operations
100280,2020-07-05,2020-07-05,A,RFT,F,1.0,79ANL3,ANLYT,PRMRE,115,210,40,2018-08-03,2018-08-03,2020-07-05,,,,H,EG10,PG02,100349.0,Operations
100280,2021-04-18,2021-04-18,T,RFT,F,1.0,79ANL3,ANLYT,PRMRE,115,210,40,2018-08-03,2018-08-03,2020-07-05,2021-04-18,202,V,H,EG10,PG02,100349.0,Operations
100281,2018-08-07,2018-08-07,A,RFT,F,1.0,60WHS1,WHSE,PRMRE,117,120,70,2018-08-07,2018-08-07,2018-08-07,,,,S,EG06,PG02,,Operations
100281,2020-02-21,2020-02-21,L,RFT,F,1.0,60WHS1,WHSE,PRMRE,117,120,70,2018-08-07,2018-08-07,2018-08-07,,,,S,EG06,PG02,,Operations
100281,2020-08-10,2020-08-10,A,RFT,F,1.0,60WHS1,WHSE,PRMRE,117,120,70,2018-08-07,2018-08-07,2018-08-07,,,,S,EG06,PG02,,Operations
100281,2024-03-02,2024-03-02,A,RFT,F,1.0,61WHS2,WHSE,PRMRE,117,120,70,2018-08-07,2018-08-07,2024-03-02,,,,S,EG01,PG02,,Operations
100282,2018-08-07,2018-08-07,A,TAW,F,1.0,78ANL2,ANLYT,WSTMF,108,210,60,2018-08-07,2018-08-07,2018-08-07,,,,H,EG04,PG03,,Operations
100282,2018-12-14,2018-12-14,T,TAW,F,1.0,78ANL2,ANLYT,WSTMF,108,210,60,2018-08-07,2018-08-07,2018-08-07,2018-12-14,201,I,H,EG04,PG03,,Operations
100283,2018-08-08,2018-08-08,A,RFT,F,1.0,59TRD5,TRD,ALPNC,102,110,80,2018-08-08,2018-08-08,2018-08-08,,,,S,EG10,PG03,,Operations
100283,2021-06-30,2021-06-30,A,RFT,F,1.0,46SAL6,SALES,ALPNC,102,110,80,2018-08-08,2018-08-08,2021-06-30,,,,S,EG05,PG03,,Operations
100284,2018-08-08,2018-08-08,A,RFT,F,1.0,68TEC4,TECH,PRMRE,123,10,120,2018-08-08,2018-08-08,2018-08-08,,,,S,EG06,PG02,102401.0,Operations
100284,2019-10-29,2019-10-29,L,RFT,F,1.0,68TEC4,TECH,PRMRE,123,10,120,2018-08-08,2018-08-08,2018-08-08,,,,S,EG06,PG02,102401.0,Operations
100284,2020-03-16,2020-03-16,A,RFT,F,1.0,68TEC4,TECH,PRMRE,123,10,120,2018-08-08,2018-08-08,2018-08-08,,,,S,EG06,PG02,102401.0,Operations
100284,2019-11-12,2019-11-12,T,RFT,F,1.0,68TEC4,TECH,PRMRE,123,10,120,2018-08-08,2018-08-08,2018-08-08,2019-11-12,101,V,S,EG06,PG02,102401.0,Operations
100285,2018-08-08,2018-08-08,A,CON,F,1.0,48OPS1,OPS,PRMRE,118,100,40,2018-08-08,2018-08-08,2018-08-08,,,,H,EG03,PG02,101234.0,Operations
100285,2019-10-11,2019-10-11,T,CON,F,1.0,48OPS1,OPS,PRMRE,118,100,40,2018-08-08,2018-08-08,2018-08-08,2019-10-11,100,V,H,EG03,PG02,101234.0,Operations
100286,2018-08-09,2018-08-09,A,RFT,F,1.0,06ACC1,ACCTG,NRTHP,112,50,30,2018-08-09,2018-08-09,2018-08-09,,,,S,EG09,PG05,,Operations
100286,2019-03-19,2019-03-19,L,RFT,F,1.0,06ACC1,ACCTG,NRTHP,112,50,30,2018-08-09,2018-08-09,2018-08-09,,,,S,EG09,PG05,,Operations
100286,2019-05-10,2019-05-10,A,RFT,F,1.0,06ACC1,ACCTG,NRTHP,112,50,30,2018-08-09,2018-08-09,2018-08-09,,,,S,EG09,PG05,,Operations
100287,2018-08-10,2018-08-10,A,RFT,F,1.0,34IT2,IT,ALPNC,112,20,40,2018-08-10,2018-08-10,2018-08-10,,,,H,EG08,PG03,101852.0,Operations
100287,2018-11-29,2018-11-29,T,RFT,F,1.0,34IT2,IT,ALPNC,112,20,40,2018-08-10,2018-08-10,2018-08-10,2018-11-29,200,I,H,EG08,PG03,101852.0,Operations
100288,2018-08-14,2018-08-14,A,TFT,F,1.0,70MKT1,MKTG,ALPNC,124,170,110,2018-08-14,2018-08-14,2018-08-14,,,,H,EG04,PG03,102836.0,Operations
100288,2024-08-24,2024-08-24,T,TFT,F,1.0,70MKT1,MKTG,ALPNC,124,170,110,2018-08-14,2018-08-14,2018-08-14,2024-08-24,201,I,H,EG04,PG03,102836.0,Operations
100289,2018-08-16,2018-08-16,A,RFT,F,1.0,66TEC2,TECH,ALPNC,119,100,60,2018-08-16,2018-08-16,2018-08-16,,,,H,EG04,PG03,,Operations
100289,2023-11-03,2023-11-03,T,RFT,F,1.0,66TEC2,TECH,ALPNC,119,100,60,2018-08-16,2018-08-16,2018-08-16,2023-11-03,100,V,H,EG04,PG03,,Operations
100290,2018-08-16,2018-08-16,A,RPT,P,0.42,14CSR2,CSR,NRTHP,121,170,80,2018-08-16,2018-08-16,2018-08-16,,,,H,EG06,PG05,,Operations
100290,2021-09-12,2021-09-12,T,RPT,P,0.42,14CSR2,CSR,NRTHP,121,170,80,2018-08-16,2018-08-16,2018-08-16,2021-09-12,100,V,H,EG06,PG05,,Operations
100291,2018-08-16,2018-08-16,A,RFT,F,1.0,50OPS3,OPS,WSTMF,124,60,20,2018-08-16,2018-08-16,2018-08-16,,,,S,EG06,PG03,102033.0,Operations
100291,2022-05-17,2022-05-17,A,RFT,F,1.0,51OPS4,OPS,WSTMF,124,60,20,2018-08-16,2018-08-16,2022-05-17,,,,S,EG07,PG03,102033.0,Operations
100291,2022-12-13,2022-12-13,A,RFT,F,1.0,52OPS5,OPS,WSTMF,124,60,20,2018-08-16,2018-08-16,2022-12-13,,,,S,EG09,PG03,102033.0,Operations
100292,2018-08-17,2018-08-17,A,TAW,F,1.0,80ANL4,ANLYT,WSTMF,107,10,50,2018-08-17,2018-08-17,2018-08-17,,,,S,EG05,PG03,,Operations
100292,2019-02-08,2019-02-08,T,TAW,F,1.0,80ANL4,ANLYT,WSTMF,107,10,50,2018-08-17,2018-08-17,2018-08-17,2019-02-08,201,I,S,EG05,PG03,,Operations
100293,2018-08-17,2018-08-17,A,CON,F,1.0,49OPS2,OPS,PRMRE,116,60,90,2018-08-17,2018-08-17,2018-08-17,,,,S,EG05,PG02,102529.0,Operations
100293,2018-08-18,2018-08-18,T,CON,F,1.0,49OPS2,OPS,PRMRE,116,60,90,2018-08-17,2018-08-17,2018-08-17,2018-08-18,100,V,S,EG05,PG02,102529.0,Operations
100294,2018-08-17,2018-08-17,A,RFT,F,1.0,77ANL1,ANLYT,ALPNC,102,40,110,2018-08-17,2018-08-17,2018-08-17,,,,H,EG04,PG03,102262.0,Operations
100294,2019-04-12,2019-04-12,A,RFT,F,1.0,06ACC1,ACCTG,ALPNC,102,40,110,2018-08-17,2018-08-17,2019-04-12,,,,H,EG09,PG03,102262.0,Operations
100294,2021-03-23,2021-03-23,L,RFT,F,1.0,06ACC1,ACCTG,ALPNC,102,40,110,2018-08-17,2018-08-17,2019-04-12,,,,H,EG09,PG03,102262.0,Operations
100294,2021-07-14,2021-07-14,A,RFT,F,1.0,06ACC1,ACCTG,ALPNC,102,40,110,2018-08-17,2018-08-17,2019-04-12,,,,H,EG09,PG03,102262.0,Operations
100294,2021-04-29,2021-04-29,T,RFT,F,1.0,06ACC1,ACCTG,ALPNC,102,40,110,2018-08-17,2018-08-17,2019-04-12,2021-04-29,100,V,H,EG09,PG03,102262.0,Operations
100295,2018-08-17,2018-08-17,A,CON,F,1.0,41SAL1,SALES,NRTHP,117,170,40,2018-08-17,2018-08-17,2018-08-17,,,,S,EG08,PG05,,Operations
100295,2019-10-22,2019-10-22,T,CON,F,1.0,41SAL1,SALES,NRTHP,117,170,40,2018-08-17,2018-08-17,2018-08-17,2019-10-22,100,V,S,EG08,PG05,,Operations
100296,2018-08-21,2018-08-21,A,CON,F,1.0,26HR2,HR,WSTMF,118,40,80,2018-08-21,2018-08-21,2018-08-21,,,,S,EG03,PG03,102377.0,Operations
100296,2019-07-30,2019-07-30,T,CON,F,1.0,26HR2,HR,WSTMF,118,40,80,2018-08-21,2018-08-21,2018-08-21,2019-07-30,100,V,S,EG03,PG03,102377.0,Operations
100297,2018-08-22,2018-08-22,A,RFT,F,1.0,37IT4,IT,WSTMF,107,240,60,2018-08-22,2018-08-22,2018-08-22,,,,S,EG04,PG03,,Operations
100297,2020-06-06,2020-06-06,T,RFT,F,1.0,37IT4,IT,WSTMF,107,240,60,2018-08-22,2018-08-22,2018-08-22,2020-06-06,200,I,S,EG04,PG03,,Operations
100298,2018-08-23,2018-08-23,A,RFT,F,1.0,18ENG1,ENGR,NRTHP,111,170,70,2018-08-23,2018-08-23,2018-08-23,,,,H,EG08,PG05,100861.0,Operations
100298,2019-02-02,2019-02-02,T,RFT,F,1.0,18ENG1,ENGR,NRTHP,111,170,70,2018-08-23,2018-08-23,2018-08-23,2019-02-02,100,V,H,EG08,PG05,100861.0,Operations
100299,2018-08-24,2018-08-24,A,RFT,F,1.0,20ENG3,ENGR,NRTHP,115,250,20,2018-08-24,2018-08-24,2018-08-24,,,,S,EG03,PG05,100992.0,Operations
100299,2023-07-18,2023-07-18,T,RFT,F,1.0,20ENG3,ENGR,NRTHP,115,250,20,2018-08-24,2018-08-24,2018-08-24,2023-07-18,100,V,S,EG03,PG05,100992.0,Operations
100300,2018-08-24,2018-08-24,A,CON,F,1.0,70MKT1,MKTG,NRTHP,109,130,70,2018-08-24,2018-08-24,2018-08-24,,,,H,EG04,PG05,,Operations
100300,2022-07-30,2022-07-30,A,CON,F,1.0,13CSR1,CSR,NRTHP,109,130,70,2018-08-24,2018-08-24,2022-07-30,,,,H,EG01,PG05,,Operations
100300,2023-03-27,2023-03-27,T,CON,F,1.0,13CSR1,CSR,NRTHP,109,130,70,2018-08-24,2018-08-24,2022-07-30,2023-03-27,100,V,H,EG01,PG05,,Operations
100301,2018-08-24,2018-08-24,A,RFT,F,1.0,01ADM1,ADMIN,NRTHP,121,50,110,2018-08-24,2018-08-24,2018-08-24,,,,H,EG05,PG05,101661.0,Operations
100302,2018-08-28,2018-08-28,A,RFT,F,1.0,89PRO2,PROJ,WSTMF,106,250,30,2018-08-28,2018-08-28,2018-08-28,,,,S,EG06,PG03,,Operations
100302,2018-11-23,2018-11-23,A,RFT,F,1.0,90PRO3,PROJ,WSTMF,106,250,30,2018-08-28,2018-08-28,2018-11-23,,,,S,EG04,PG03,,Operations
100302,2020-10-24,2020-10-24,T,RFT,F,1.0,90PRO3,PROJ,WSTMF,106,250,30,2018-08-28,2018-08-28,2018-11-23,2020-10-24,102,V,S,EG04,PG03,,Operations
100303,2018-08-31,2018-08-31,A,TFT,F,1.0,01ADM1,ADMIN,WSTMF,124,20,30,2018-08-31,2018-08-31,2018-08-31,,,,H,EG05,PG03,100463.0,Operations
100303,2021-06-19,2021-06-19,L,TFT,F,1.0,01ADM1,ADMIN,WSTMF,124,20,30,2018-08-31,2018-08-31,2018-08-31,,,,H,EG05,PG03,100463.0,Operations
100303,2021-10-26,2021-10-26,A,TFT,F,1.0,01ADM1,ADMIN,WSTMF,124,20,30,2018-08-31,2018-08-31,2018-08-31,,,,H,EG05,PG03,100463.0,Operations
100303,2025-05-05,2025-05-05,A,TFT,F,1.0,65TEC1,TECH,WSTMF,124,20,30,2018-08-31,2018-08-31,2025-05-05,,,,H,EG08,PG03,100463.0,Operations
100303,2025-11-04,2025-11-04,T,TFT,F,1.0,65TEC1,TECH,WSTMF,124,20,30,2018-08-31,2018-08-31,2025-05-05,2025-11-04,103,V,H,EG08,PG03,100463.0,Operations
100304,2018-08-31,2018-08-31,A,RFT,F,1.0,06ACC1,ACCTG,PRMRE,100,20,90,2018-08-31,2018-08-31,2018-08-31,,,,H,EG09,PG02,102004.0,Operations
100304,2024-03-05,2024-03-05,A,RFT,F,1.0,07ACC2,ACCTG,PRMRE,100,20,90,2018-08-31,2018-08-31,2024-03-05,,,,H,EG03,PG02,102004.0,Operations
100305,2018-08-31,2018-08-31,A,RFT,F,1.0,51OPS4,OPS,PRMRE,105,30,100,2018-08-31,2018-08-31,2018-08-31,,,,S,EG07,PG02,,Operations
100305,2019-03-03,2019-03-03,A,RFT,F,1.0,52OPS5,OPS,PRMRE,105,30,100,2018-08-31,2018-08-31,2019-03-03,,,,S,EG09,PG02,,Operations
100305,2019-12-07,2019-12-07,T,RFT,F,1.0,52OPS5,OPS,PRMRE,105,30,100,2018-08-31,2018-08-31,2019-03-03,2019-12-07,207,I,S,EG09,PG02,,Operations
100306,2018-08-31,2018-08-31,A,RPT,P,0.5,70MKT1,MKTG,NRTHP,115,160,30,2018-08-31,2018-08-31,2018-08-31,,,,S,EG04,PG05,102695.0,Operations
100306,2023-07-19,2023-07-19,A,RPT,P,0.5,71MKT2,MKTG,NRTHP,115,160,30,2018-08-31,2018-08-31,2023-07-19,,,,S,EG10,PG05,102695.0,Operations
100306,2025-08-15,2025-08-15,A,RPT,P,0.5,07ACC2,ACCTG,NRTHP,115,160,30,2018-08-31,2018-08-31,2025-08-15,,,,S,EG03,PG05,102695.0,Operations
100307,2018-09-03,2018-09-03,A,RFT,F,1.0,01ADM1,ADMIN,NRTHP,123,190,10,2018-09-03,2018-09-03,2018-09-03,,,,H,EG05,PG05,102767.0,Operations
100307,2025-03-10,2025-03-10,A,RFT,F,1.0,60WHS1,WHSE,NRTHP,123,190,10,2018-09-03,2018-09-03,2025-03-10,,,,H,EG06,PG05,102767.0,Operations
100308,2018-09-03,2018-09-03,A,RFT,F,1.0,06ACC1,ACCTG,NRTHP,124,100,10,2018-09-03,2018-09-03,2018-09-03,,,,S,EG09,PG05,102781.0,Operations
100308,2023-12-09,2023-12-09,T,RFT,F,1.0,06ACC1,ACCTG,NRTHP,124,100,10,2018-09-03,2018-09-03,2018-09-03,2023-12-09,101,V,S,EG09,PG05,102781.0,Operations
100309,2018-09-04,2018-09-04,A,RFT,F,1.0,33IT2,IT,WSTMF,106,130,70,2018-09-04,2018-09-04,2018-09-04,,,,H,EG09,PG03,,Operations
100309,2019-03-25,2019-03-25,T,RFT,F,1.0,33IT2,IT,WSTMF,106,130,70,2018-09-04,2018-09-04,2018-09-04,2019-03-25,205,I,H,EG09,PG03,,Operations
100310,2018-09-04,2018-09-04,A,RFT,F,1.0,49OPS2,OPS,WSTMF,105,120,120,2018-09-04,2018-09-04,2018-09-04,,,,H,EG05,PG03,,Operations
100310,2022-09-16,2022-09-16,L,RFT,F,1.0,49OPS2,OPS,WSTMF,105,120,120,2018-09-04,2018-09-04,2018-09-04,,,,H,EG05,PG03,,Operations
100310,2023-03-10,2023-03-10,A,RFT,F,1.0,49OPS2,OPS,WSTMF,105,120,120,2018-09-04,2018-09-04,2018-09-04,,,,H,EG05,PG03,,Operations
100311,2018-09-04,2018-09-04,A,CON,F,1.0,33IT2,IT,ALPNC,111,70,10,2018-09-04,2018-09-04,2018-09-04,,,,H,EG09,PG03,100206.0,Operations
100312,2018-09-05,2018-09-05,A,RFT,F,1.0,72MKT3,MKTG,ALPNC,121,170,40,2018-09-05,2018-09-05,2018-09-05,,,,S,EG09,PG03,,Operations
100312,2022-01-30,2022-01-30,T,RFT,F,1.0,72MKT3,MKTG,ALPNC,121,170,40,2018-09-05,2018-09-05,2018-09-05,2022-01-30,202,V,S,EG09,PG03,,Operations
100313,2018-09-06,2018-09-06,A,RFT,F,1.0,73MKT4,MKTG,NRTHP,108,190,20,2018-09-06,2018-09-06,2018-09-06,,,,S,EG01,PG05,,Operations
100313,2019-01-17,2019-01-17,A,RFT,F,1.0,74MKT5,MKTG,NRTHP,108,190,20,2018-09-06,2018-09-06,2019-01-17,,,,S,EG01,PG05,,Operations
100314,2018-09-06,2018-09-06,A,RFT,F,1.0,65TEC1,TECH,ALPNC,115,40,90,2018-09-06,2018-09-06,2018-09-06,,,,H,EG08,PG03,102391.0,Operations
100314,2022-08-31,2022-08-31,L,RFT,F,1.0,65TEC1,TECH,ALPNC,115,40,90,2018-09-06,2018-09-06,2018-09-06,,,,H,EG08,PG03,102391.0,Operations
100314,2022-09-16,2022-09-16,A,RFT,F,1.0,65TEC1,TECH,ALPNC,115,40,90,2018-09-06,2018-09-06,2018-09-06,,,,H,EG08,PG03,102391.0,Operations
100315,2018-09-07,2018-09-07,A,RPT,P,0.41,55TRD1,TRD,ALPNC,100,170,120,2018-09-07,2018-09-07,2018-09-07,,,,H,EG04,PG03,100931.0,Operations
100315,2019-07-01,2019-07-01,L,RPT,P,0.41,55TRD1,TRD,ALPNC,100,170,120,2018-09-07,2018-09-07,2018-09-07,,,,H,EG04,PG03,100931.0,Operations
100315,2019-12-01,2019-12-01,A,RPT,P,0.41,55TRD1,TRD,ALPNC,100,170,120,2018-09-07,2018-09-07,2018-09-07,,,,H,EG04,PG03,100931.0,Operations
100315,2023-10-18,2023-10-18,T,RPT,P,0.41,55TRD1,TRD,ALPNC,100,170,120,2018-09-07,2018-09-07,2018-09-07,2023-10-18,210,I,H,EG04,PG03,100931.0,Operations
100316,2018-09-07,2018-09-07,A,RFT,F,1.0,58TRD4,TRD,PRMRE,123,20,60,2018-09-07,2018-09-07,2018-09-07,,,,S,EG05,PG02,,Operations
100316,2019-09-20,2019-09-20,A,RFT,F,1.0,59TRD5,TRD,PRMRE,123,20,60,2018-09-07,2018-09-07,2019-09-20,,,,S,EG10,PG02,,Operations
100316,2020-01-30,2020-01-30,T,RFT,F,1.0,59TRD5,TRD,PRMRE,123,20,60,2018-09-07,2018-09-07,2019-09-20,2020-01-30,100,V,S,EG10,PG02,,Operations
100317,2018-09-07,2018-09-07,A,CON,F,1.0,94LEG2,LEGAL,ALPNC,104,200,50,2018-09-07,2018-09-07,2018-09-07,,,,H,EG02,PG03,102297.0,Operations
100317,2025-10-05,2025-10-05,A,CON,F,1.0,95LEG3,LEGAL,ALPNC,104,200,50,2018-09-07,2018-09-07,2025-10-05,,,,H,EG05,PG03,102297.0,Operations
100318,2018-09-07,2018-09-07,A,RFT,F,1.0,18ENG1,ENGR,WSTMF,118,40,70,2018-09-07,2018-09-07,2018-09-07,,,,S,EG08,PG03,102377.0,Operations
100318,2019-10-21,2019-10-21,T,RFT,F,1.0,18ENG1,ENGR,WSTMF,118,40,70,2018-09-07,2018-09-07,2018-09-07,2019-10-21,100,V,S,EG08,PG03,102377.0,Operations
100319,2018-09-07,2018-09-07,A,RPT,F,0.77,19ENG2,ENGR,PRMRE,124,90,60,2018-09-07,2018-09-07,2018-09-07,,,,H,EG01,PG02,100652.0,Operations
100319,2019-02-20,2019-02-20,T,RPT,F,0.77,19ENG2,ENGR,PRMRE,124,90,60,2018-09-07,2018-09-07,2018-09-07,2019-02-20,101,V,H,EG01,PG02,100652.0,Operations
100320,2018-09-07,2018-09-07,A,RFT,F,1.0,63WHS4,WHSE,NRTHP,108,180,70,2018-09-07,2018-09-07,2018-09-07,,,,S,EG10,PG05,,Operations
100320,2020-01-06,2020-01-06,A,RFT,F,1.0,44SAL4,SALES,NRTHP,108,180,70,2018-09-07,2018-09-07,2020-01-06,,,,S,EG09,PG05,,Operations
100320,2020-09-10,2020-09-10,A,RFT,F,1.0,45SAL5,SALES,NRTHP,108,180,70,2018-09-07,2018-09-07,2020-09-10,,,,S,EG06,PG05,,Operations
100321,2018-09-11,2018-09-11,A,TFT,F,1.0,35IT3,IT,NRTHP,117,160,120,2018-09-11,2018-09-11,2018-09-11,,,,S,EG08,PG05,,Operations
100321,2019-08-06,2019-08-06,T,TFT,F,1.0,35IT3,IT,NRTHP,117,160,120,2018-09-11,2018-09-11,2018-09-11,2019-08-06,201,I,S,EG08,PG05,,Operations
100322,2018-09-12,2018-09-12,A,RPT,P,0.62,18ENG1,ENGR,NRTHP,123,120,100,2018-09-12,2018-09-12,2018-09-12,,,,H,EG08,PG05,102934.0,Operations
100322,2019-08-31,2019-08-31,T,RPT,P,0.62,18ENG1,ENGR,NRTHP,123,120,100,2018-09-12,2018-09-12,2018-09-12,2019-08-31,206,I,H,EG08,PG05,102934.0,Operations
100323,2018-09-13,2018-09-13,A,RPT,P,0.69,07ACC2,ACCTG,PRMRE,118,60,30,2018-09-13,2018-09-13,2018-09-13,,,,S,EG03,PG02,102844.0,Operations
100323,2019-08-13,2019-08-13,T,RPT,P,0.69,07ACC2,ACCTG,PRMRE,118,60,30,2018-09-13,2018-09-13,2018-09-13,2019-08-13,100,V,S,EG03,PG02,102844.0,Operations
100324,2018-09-14,2018-09-14,A,RFT,F,1.0,13CSR1,CSR,WSTMF,122,110,40,2018-09-14,2018-09-14,2018-09-14,,,,S,EG01,PG03,100644.0,Operations
100325,2018-09-14,2018-09-14,A,RFT,F,1.0,90PRO3,PROJ,PRMRE,124,60,70,2018-09-14,2018-09-14,2018-09-14,,,,S,EG04,PG02,102033.0,Operations
100325,2023-08-20,2023-08-20,A,RFT,F,1.0,91PRO4,PROJ,PRMRE,124,60,70,2018-09-14,2018-09-14,2023-08-20,,,,S,EG02,PG02,102033.0,Operations
100326,2018-09-14,2018-09-14,A,RFT,F,1.0,01ADM1,ADMIN,ALPNC,114,30,100,2018-09-14,2018-09-14,2018-09-14,,,,H,EG05,PG03,,Operations
100326,2018-09-24,2018-09-24,A,RFT,F,1.0,18ENG1,ENGR,ALPNC,114,30,100,2018-09-14,2018-09-14,2018-09-24,,,,H,EG08,PG03,,Operations
100326,2019-06-12,2019-06-12,T,RFT,F,1.0,18ENG1,ENGR,ALPNC,114,30,100,2018-09-14,2018-09-14,2018-09-24,2019-06-12,101,V,H,EG08,PG03,,Operations
100327,2018-09-14,2018-09-14,A,RFT,F,1.0,27HR3,HR,NRTHP,100,100,30,2018-09-14,2018-09-14,2018-09-14,,,,S,EG02,PG05,,Operations
100327,2019-05-12,2019-05-12,T,RFT,F,1.0,27HR3,HR,NRTHP,100,100,30,2018-09-14,2018-09-14,2018-09-14,2019-05-12,205,I,S,EG02,PG05,,Operations
100328,2018-09-14,2018-09-14,A,RFT,F,1.0,01ADM1,ADMIN,PRMRE,123,170,120,2018-09-14,2018-09-14,2018-09-14,,,,H,EG05,PG02,,Operations
100328,2025-11-25,2025-11-25,T,RFT,F,1.0,01ADM1,ADMIN,PRMRE,123,170,120,2018-09-14,2018-09-14,2018-09-14,2025-11-25,207,I,H,EG05,PG02,,Operations
100329,2018-09-14,2018-09-14,A,RPT,P,0.52,44SAL4,SALES,PRMRE,118,240,120,2018-09-14,2018-09-14,2018-09-14,,,,S,EG09,PG02,102039.0,Operations
100329,2019-04-05,2019-04-05,A,RPT,P,0.52,45SAL5,SALES,PRMRE,118,240,120,2018-09-14,2018-09-14,2019-04-05,,,,S,EG06,PG02,102039.0,Operations
100329,2019-05-24,2019-05-24,T,RPT,P,0.52,45SAL5,SALES,PRMRE,118,240,120,2018-09-14,2018-09-14,2019-04-05,2019-05-24,101,V,S,EG06,PG02,102039.0,Operations
100330,2018-09-14,2018-09-14,A,RFT,F,1.0,18ENG1,ENGR,ALPNC,116,240,120,2018-09-14,2018-09-14,2018-09-14,,,,H,EG08,PG03,,Operations
100330,2024-01-15,2024-01-15,T,RFT,F,1.0,18ENG1,ENGR,ALPNC,116,240,120,2018-09-14,2018-09-14,2018-09-14,2024-01-15,205,I,H,EG08,PG03,,Operations
100331,2018-09-14,2018-09-14,A,RFT,F,1.0,34IT2,IT,ALPNC,124,120,40,2018-09-14,2018-09-14,2018-09-14,,,,H,EG08,PG03,,Operations
100331,2021-04-10,2021-04-10,T,RFT,F,1.0,34IT2,IT,ALPNC,124,120,40,2018-09-14,2018-09-14,2018-09-14,2021-04-10,101,V,H,EG08,PG03,,Operations
100332,2018-09-18,2018-09-18,A,TFT,F,1.0,60WHS1,WHSE,WSTMF,107,130,110,2018-09-18,2018-09-18,2018-09-18,,,,H,EG06,PG03,,Operations
100332,2019-05-23,2019-05-23,T,TFT,F,1.0,60WHS1,WHSE,WSTMF,107,130,110,2018-09-18,2018-09-18,2018-09-18,2019-05-23,201,I,H,EG06,PG03,,Operations
100333,2018-09-18,2018-09-18,A,RFT,F,1.0,19ENG2,ENGR,NRTHP,114,230,40,2018-09-18,2018-09-18,2018-09-18,,,,H,EG01,PG05,,Operations
100333,2018-11-17,2018-11-17,A,RFT,F,1.0,66TEC2,TECH,NRTHP,114,230,40,2018-09-18,2018-09-18,2018-11-17,,,,H,EG04,PG05,,Operations
100333,2019-06-27,2019-06-27,T,RFT,F,1.0,66TEC2,TECH,NRTHP,114,230,40,2018-09-18,2018-09-18,2018-11-17,2019-06-27,200,I,H,EG04,PG05,,Operations
100334,2018-09-18,2018-09-18,A,RFT,F,1.0,79ANL3,ANLYT,PRMRE,124,30,120,2018-09-18,2018-09-18,2018-09-18,,,,S,EG10,PG02,101397.0,Operations
100334,2022-03-27,2022-03-27,A,RFT,F,1.0,80ANL4,ANLYT,PRMRE,124,30,120,2018-09-18,2018-09-18,2022-03-27,,,,S,EG05,PG02,101397.0,Operations
100334,2024-04-08,2024-04-08,A,RFT,F,1.0,81ANL5,ANLYT,PRMRE,124,30,120,2018-09-18,2018-09-18,2024-04-08,,,,S,EG01,PG02,101397.0,Operations
100335,2018-09-21,2018-09-21,A,RFT,F,1.0,28HR4,HR,NRTHP,122,50,100,2018-09-21,2018-09-21,2018-09-21,,,,S,EG08,PG05,,Operations
100335,2020-10-12,2020-10-12,T,RFT,F,1.0,28HR4,HR,NRTHP,122,50,100,2018-09-21,2018-09-21,2018-09-21,2020-10-12,205,I,S,EG08,PG05,,Operations
100336,2018-09-21,2018-09-21,A,CON,F,1.0,66TEC2,TECH,ALPNC,112,100,60,2018-09-21,2018-09-21,2018-09-21,,,,H,EG04,PG03,102556.0,Operations
100336,2019-09-17,2019-09-17,A,CON,F,1.0,42SAL2,SALES,ALPNC,112,100,60,2018-09-21,2018-09-21,2019-09-17,,,,H,EG10,PG03,102556.0,Operations
100336,2023-02-04,2023-02-04,A,CON,F,1.0,43SAL3,SALES,ALPNC,112,100,60,2018-09-21,2018-09-21,2023-02-04,,,,H,EG10,PG03,102556.0,Operations
100336,2024-05-23,2024-05-23,A,CON,F,1.0,44SAL4,SALES,ALPNC,112,100,60,2018-09-21,2018-09-21,2024-05-23,,,,H,EG09,PG03,102556.0,Operations
100337,2018-09-21,2018-09-21,A,RFT,F,1.0,94LEG2,LEGAL,WSTMF,118,60,50,2018-09-21,2018-09-21,2018-09-21,,,,H,EG02,PG03,102844.0,Operations
100337,2019-08-15,2019-08-15,A,RFT,F,1.0,49OPS2,OPS,WSTMF,118,60,50,2018-09-21,2018-09-21,2019-08-15,,,,H,EG05,PG03,102844.0,Operations
100337,2023-11-23,2023-11-23,A,RFT,F,1.0,26HR2,HR,WSTMF,118,60,50,2018-09-21,2018-09-21,2023-11-23,,,,H,EG03,PG03,102844.0,Operations
100338,2018-09-21,2018-09-21,A,RFT,F,1.0,89PRO2,PROJ,PRMRE,102,130,90,2018-09-21,2018-09-21,2018-09-21,,,,S,EG06,PG02,102468.0,Operations
100338,2020-12-13,2020-12-13,A,RFT,F,1.0,90PRO3,PROJ,PRMRE,102,130,90,2018-09-21,2018-09-21,2020-12-13,,,,S,EG04,PG02,102468.0,Operations
100338,2021-11-29,2021-11-29,T,RFT,F,1.0,90PRO3,PROJ,PRMRE,102,130,90,2018-09-21,2018-09-21,2020-12-13,2021-11-29,100,V,S,EG04,PG02,102468.0,Operations
100339,2018-09-21,2018-09-21,A,RFT,F,1.0,77ANL1,ANLYT,NRTHP,119,240,70,2018-09-21,2018-09-21,2018-09-21,,,,S,EG04,PG05,100179.0,Operations
100339,2021-04-06,2021-04-06,T,RFT,F,1.0,77ANL1,ANLYT,NRTHP,119,240,70,2018-09-21,2018-09-21,2018-09-21,2021-04-06,100,V,S,EG04,PG05,100179.0,Operations
100340,2018-09-24,2018-09-24,A,RFT,F,1.0,05ACC1,ACCTG,PRMRE,117,200,40,2018-09-24,2018-09-24,2018-09-24,,,,H,EG05,PG02,101375.0,Operations
100340,2021-01-08,2021-01-08,A,RFT,F,1.0,07ACC2,ACCTG,PRMRE,117,200,40,2018-09-24,2018-09-24,2021-01-08,,,,H,EG03,PG02,101375.0,Operations
100340,2021-09-25,2021-09-25,A,RFT,F,1.0,08ACC3,ACCTG,PRMRE,117,200,40,2018-09-24,2018-09-24,2021-09-25,,,,H,EG01,PG02,101375.0,Operations
100340,2023-08-28,2023-08-28,A,RFT,F,1.0,50OPS3,OPS,PRMRE,117,200,40,2018-09-24,2018-09-24,2023-08-28,,,,H,EG06,PG02,101375.0,Operations
100340,2025-10-05,2025-10-05,A,RFT,F,1.0,95LEG3,LEGAL,PRMRE,117,200,40,2018-09-24,2018-09-24,2025-10-05,,,,H,EG05,PG02,101375.0,Operations
100341,2018-09-24,2018-09-24,A,RFT,F,1.0,15CSR3,CSR,NRTHP,104,130,50,2018-09-24,2018-09-24,2018-09-24,,,,S,EG10,PG05,,Operations
100341,2021-06-06,2021-06-06,A,RFT,F,1.0,16CSR4,CSR,NRTHP,104,130,50,2018-09-24,2018-09-24,2021-06-06,,,,S,EG10,PG05,,Operations
100341,2021-09-11,2021-09-11,T,RFT,F,1.0,16CSR4,CSR,NRTHP,104,130,50,2018-09-24,2018-09-24,2021-06-06,2021-09-11,200,I,S,EG10,PG05,,Operations
100342,2018-09-25,2018-09-25,A,RFT,F,1.0,48OPS1,OPS,NRTHP,114,240,40,2018-09-25,2018-09-25,2018-09-25,,,,H,EG03,PG05,100980.0,Operations
100342,2022-03-07,2022-03-07,T,RFT,F,1.0,48OPS1,OPS,NRTHP,114,240,40,2018-09-25,2018-09-25,2018-09-25,2022-03-07,100,V,H,EG03,PG05,100980.0,Operations
100343,2018-09-26,2018-09-26,A,RFT,F,1.0,56TRD2,TRD,NRTHP,122,40,50,2018-09-26,2018-09-26,2018-09-26,,,,S,EG02,PG05,101880.0,Operations
100343,2019-07-01,2019-07-01,L,RFT,F,1.0,56TRD2,TRD,NRTHP,122,40,50,2018-09-26,2018-09-26,2018-09-26,,,,S,EG02,PG05,101880.0,Operations
100343,2019-08-07,2019-08-07,A,RFT,F,1.0,56TRD2,TRD,NRTHP,122,40,50,2018-09-26,2018-09-26,2018-09-26,,,,S,EG02,PG05,101880.0,Operations
100343,2019-12-18,2019-12-18,T,RFT,F,1.0,56TRD2,TRD,NRTHP,122,40,50,2018-09-26,2018-09-26,2018-09-26,2019-12-18,100,V,S,EG02,PG05,101880.0,Operations
100344,2018-09-26,2018-09-26,A,RPT,P,0.52,78ANL2,ANLYT,ALPNC,100,250,20,2018-09-26,2018-09-26,2018-09-26,,,,H,EG04,PG03,102201.0,Operations
100344,2021-05-31,2021-05-31,A,RPT,P,0.52,79ANL3,ANLYT,ALPNC,100,250,20,2018-09-26,2018-09-26,2021-05-31,,,,H,EG10,PG03,102201.0,Operations
100345,2018-09-27,2018-09-27,A,RFT,F,1.0,15CSR3,CSR,ALPNC,121,30,10,2018-09-27,2018-09-27,2018-09-27,,,,S,EG10,PG03,,Operations
100345,2021-05-08,2021-05-08,A,RFT,F,1.0,16CSR4,CSR,ALPNC,121,30,10,2018-09-27,2018-09-27,2021-05-08,,,,S,EG10,PG03,,Operations
100346,2018-09-28,2018-09-28,A,RFT,F,1.0,83SUP4,SUPV,NRTHP,120,160,10,2018-09-28,2018-09-28,2018-09-28,,,,S,EG01,PG05,,Operations
100346,2021-02-25,2021-02-25,A,RFT,F,1.0,84SUP5,SUPV,NRTHP,120,160,10,2018-09-28,2018-09-28,2021-02-25,,,,S,EG07,PG05,,Operations
100346,2021-06-08,2021-06-08,A,RFT,F,1.0,53OPS6,OPS,NRTHP,120,160,10,2018-09-28,2018-09-28,2021-06-08,,,,S,EG02,PG05,,Operations
100347,2018-09-28,2018-09-28,A,RFT,F,1.0,49OPS2,OPS,WSTMF,106,160,30,2018-09-28,2018-09-28,2018-09-28,,,,H,EG05,PG03,,Operations
100347,2024-02-14,2024-02-14,T,RFT,F,1.0,49OPS2,OPS,WSTMF,106,160,30,2018-09-28,2018-09-28,2018-09-28,2024-02-14,200,I,H,EG05,PG03,,Operations
100348,2018-09-28,2018-09-28,A,RFT,F,1.0,66TEC2,TECH,PRMRE,102,190,30,2018-09-28,2018-09-28,2018-09-28,,,,H,EG04,PG02,102877.0,Operations
100348,2020-10-15,2020-10-15,A,RFT,F,1.0,26HR2,HR,PRMRE,102,190,30,2018-09-28,2018-09-28,2020-10-15,,,,H,EG03,PG02,102877.0,Operations
100348,2020-11-10,2020-11-10,A,RFT,F,1.0,56TRD2,TRD,PRMRE,102,190,30,2018-09-28,2018-09-28,2020-11-10,,,,H,EG02,PG02,102877.0,Operations
100348,2021-12-12,2021-12-12,L,RFT,F,1.0,56TRD2,TRD,PRMRE,102,190,30,2018-09-28,2018-09-28,2020-11-10,,,,H,EG02,PG02,102877.0,Operations
100348,2021-12-27,2021-12-27,A,RFT,F,1.0,56TRD2,TRD,PRMRE,102,190,30,2018-09-28,2018-09-28,2020-11-10,,,,H,EG02,PG02,102877.0,Operations
100349,2018-09-28,2018-09-28,A,RFT,F,1.0,17CSR5,CSR,PRMRE,115,210,90,2018-09-28,2018-09-28,2018-09-28,,,,S,EG07,PG02,,Operations
100349,2023-03-27,2023-03-27,A,RFT,F,1.0,88EXE6,EXEC,PRMRE,115,210,90,2018-09-28,2018-09-28,2023-03-27,,,,S,EG08,PG02,,Operations
100350,2018-09-28,2018-09-28,A,CON,F,1.0,60WHS1,WHSE,PRMRE,115,230,20,2018-09-28,2018-09-28,2018-09-28,,,,H,EG06,PG02,101987.0,Operations
100350,2021-02-10,2021-02-10,A,CON,F,1.0,61WHS2,WHSE,PRMRE,115,230,20,2018-09-28,2018-09-28,2021-02-10,,,,H,EG01,PG02,101987.0,Operations
100350,2022-02-05,2022-02-05,T,CON,F,1.0,61WHS2,WHSE,PRMRE,115,230,20,2018-09-28,2018-09-28,2021-02-10,2022-02-05,101,V,H,EG01,PG02,101987.0,Operations
100351,2018-09-28,2018-09-28,A,RPT,P,0.55,41SAL1,SALES,NRTHP,111,60,30,2018-09-28,2018-09-28,2018-09-28,,,,S,EG08,PG05,102908.0,Operations
100351,2021-01-08,2021-01-08,A,RPT,P,0.55,42SAL2,SALES,NRTHP,111,60,30,2018-09-28,2018-09-28,2021-01-08,,,,S,EG10,PG05,102908.0,Operations
100351,2021-12-13,2021-12-13,T,RPT,P,0.55,42SAL2,SALES,NRTHP,111,60,30,2018-09-28,2018-09-28,2021-01-08,2021-12-13,202,V,S,EG10,PG05,102908.0,Operations
100352,2018-10-01,2018-10-01,A,RPT,P,0.69,05ACC1,ACCTG,WSTMF,102,220,120,2018-10-01,2018-10-01,2018-10-01,,,,H,EG05,PG03,102813.0,Operations
100352,2020-02-10,2020-02-10,T,RPT,P,0.69,05ACC1,ACCTG,WSTMF,102,220,120,2018-10-01,2018-10-01,2018-10-01,2020-02-10,205,I,H,EG05,PG03,102813.0,Operations
100353,2018-10-02,2018-10-02,A,RFT,F,1.0,50OPS3,OPS,NRTHP,101,50,10,2018-10-02,2018-10-02,2018-10-02,,,,S,EG06,PG05,,Operations
100353,2021-01-06,2021-01-06,T,RFT,F,1.0,50OPS3,OPS,NRTHP,101,50,10,2018-10-02,2018-10-02,2018-10-02,2021-01-06,200,I,S,EG06,PG05,,Operations
100354,2018-10-02,2018-10-02,A,CON,F,1.0,32IT1,IT,PRMRE,122,130,20,2018-10-02,2018-10-02,2018-10-02,,,,H,EG03,PG02,102268.0,Operations
100354,2019-04-06,2019-04-06,T,CON,F,1.0,32IT1,IT,PRMRE,122,130,20,2018-10-02,2018-10-02,2018-10-02,2019-04-06,100,V,H,EG03,PG02,102268.0,Operations
100355,2018-10-02,2018-10-02,A,CON,F,1.0,34IT2,IT,WSTMF,111,130,110,2018-10-02,2018-10-02,2018-10-02,,,,H,EG08,PG03,100890.0,Operations
100355,2025-10-12,2025-10-12,A,CON,F,1.0,61WHS2,WHSE,WSTMF,111,130,110,2018-10-02,2018-10-02,2025-10-12,,,,H,EG01,PG03,100890.0,Operations
100356,2018-10-02,2018-10-02,A,RFT,F,1.0,94LEG2,LEGAL,ALPNC,115,100,60,2018-10-02,2018-10-02,2018-10-02,,,,H,EG02,PG03,102590.0,Operations
100357,2018-10-02,2018-10-02,A,RFT,F,1.0,85SUP5,SUPV,ALPNC,115,60,120,2018-10-02,2018-10-02,2018-10-02,,,,S,EG01,PG03,,Operations
100357,2020-03-16,2020-03-16,T,RFT,F,1.0,85SUP5,SUPV,ALPNC,115,60,120,2018-10-02,2018-10-02,2018-10-02,2020-03-16,202,V,S,EG01,PG03,,Operations
100358,2018-10-02,2018-10-02,A,RPT,P,0.71,89PRO2,PROJ,PRMRE,118,210,100,2018-10-02,2018-10-02,2018-10-02,,,,H,EG06,PG02,101721.0,Operations
100359,2018-10-05,2018-10-05,A,RFT,F,1.0,55TRD1,TRD,PRMRE,118,30,30,2018-10-05,2018-10-05,2018-10-05,,,,H,EG04,PG02,,Operations
100360,2018-10-05,2018-10-05,A,RFT,F,1.0,08ACC3,ACCTG,WSTMF,104,130,100,2018-10-05,2018-10-05,2018-10-05,,,,S,EG01,PG03,,Operations
100360,2019-11-30,2019-11-30,A,RFT,F,1.0,50OPS3,OPS,WSTMF,104,130,100,2018-10-05,2018-10-05,2019-11-30,,,,S,EG06,PG03,,Operations
100361,2018-10-05,2018-10-05,A,RFT,F,1.0,90PRO3,PROJ,NRTHP,104,190,110,2018-10-05,2018-10-05,2018-10-05,,,,S,EG04,PG05,,Operations
100361,2025-02-22,2025-02-22,A,RFT,F,1.0,91PRO4,PROJ,NRTHP,104,190,110,2018-10-05,2018-10-05,2025-02-22,,,,S,EG02,PG05,,Operations
100362,2018-10-05,2018-10-05,A,RFT,F,1.0,43SAL3,SALES,PRMRE,115,120,100,2018-10-05,2018-10-05,2018-10-05,,,,S,EG10,PG02,101288.0,Operations
100363,2018-10-05,2018-10-05,A,RFT,F,1.0,05ACC1,ACCTG,ALPNC,112,100,110,2018-10-05,2018-10-05,2018-10-05,,,,H,EG05,PG03,102556.0,Operations
100363,2021-06-20,2021-06-20,L,RFT,F,1.0,05ACC1,ACCTG,ALPNC,112,100,110,2018-10-05,2018-10-05,2018-10-05,,,,H,EG05,PG03,102556.0,Operations
100363,2021-10-28,2021-10-28,A,RFT,F,1.0,05ACC1,ACCTG,ALPNC,112,100,110,2018-10-05,2018-10-05,2018-10-05,,,,H,EG05,PG03,102556.0,Operations
100363,2022-06-17,2022-06-17,T,RFT,F,1.0,05ACC1,ACCTG,ALPNC,112,100,110,2018-10-05,2018-10-05,2018-10-05,2022-06-17,200,I,H,EG05,PG03,102556.0,Operations
100364,2018-10-05,2018-10-05,A,RFT,F,1.0,02ADM2,ADMIN,ALPNC,124,140,110,2018-10-05,2018-10-05,2018-10-05,,,,H,EG04,PG03,100787.0,Operations
100364,2019-03-29,2019-03-29,T,RFT,F,1.0,02ADM2,ADMIN,ALPNC,124,140,110,2018-10-05,2018-10-05,2018-10-05,2019-03-29,101,V,H,EG04,PG03,100787.0,Operations
100365,2018-10-09,2018-10-09,A,RFT,F,1.0,06ACC1,ACCTG,NRTHP,104,60,120,2018-10-09,2018-10-09,2018-10-09,,,,H,EG09,PG05,101066.0,Operations
100365,2021-01-11,2021-01-11,A,RFT,F,1.0,07ACC2,ACCTG,NRTHP,104,60,120,2018-10-09,2018-10-09,2021-01-11,,,,H,EG03,PG05,101066.0,Operations
100365,2025-10-28,2025-10-28,T,RFT,F,1.0,07ACC2,ACCTG,NRTHP,104,60,120,2018-10-09,2018-10-09,2021-01-11,2025-10-28,205,I,H,EG03,PG05,101066.0,Operations
100366,2018-10-10,2018-10-10,A,RFT,F,1.0,61WHS2,WHSE,ALPNC,102,10,70,2018-10-10,2018-10-10,2018-10-10,,,,H,EG01,PG03,102485.0,Operations
100366,2020-06-18,2020-06-18,T,RFT,F,1.0,61WHS2,WHSE,ALPNC,102,10,70,2018-10-10,2018-10-10,2018-10-10,2020-06-18,100,V,H,EG01,PG03,102485.0,Operations
100367,2018-10-10,2018-10-10,A,RFT,F,1.0,06ACC1,ACCTG,WSTMF,111,20,30,2018-10-10,2018-10-10,2018-10-10,,,,H,EG09,PG03,,Operations
100368,2018-10-11,2018-10-11,A,RPT,P,0.5,70MKT1,MKTG,NRTHP,122,180,30,2018-10-11,2018-10-11,2018-10-11,,,,S,EG04,PG05,101289.0,Operations
100369,2018-10-12,2018-10-12,A,RFT,F,1.0,55TRD1,TRD,NRTHP,119,140,50,2018-10-12,2018-10-12,2018-10-12,,,,S,EG04,PG05,102516.0,Operations
100369,2020-10-13,2020-10-13,T,RFT,F,1.0,55TRD1,TRD,NRTHP,119,140,50,2018-10-12,2018-10-12,2018-10-12,2020-10-13,100,V,S,EG04,PG05,102516.0,Operations
100370,2018-10-12,2018-10-12,A,RFT,F,1.0,65TEC1,TECH,WSTMF,107,90,100,2018-10-12,2018-10-12,2018-10-12,,,,H,EG08,PG03,,Operations
100371,2018-10-12,2018-10-12,A,RFT,F,1.0,26HR2,HR,NRTHP,100,30,60,2018-10-12,2018-10-12,2018-10-12,,,,H,EG03,PG05,101389.0,Operations
100371,2020-09-03,2020-09-03,A,RFT,F,1.0,27HR3,HR,NRTHP,100,30,60,2018-10-12,2018-10-12,2020-09-03,,,,H,EG02,PG05,101389.0,Operations
100372,2018-10-12,2018-10-12,A,RFT,F,1.0,33IT2,IT,WSTMF,115,130,110,2018-10-12,2018-10-12,2018-10-12,,,,H,EG09,PG03,101190.0,Operations
100372,2019-09-26,2019-09-26,T,RFT,F,1.0,33IT2,IT,WSTMF,115,130,110,2018-10-12,2018-10-12,2018-10-12,2019-09-26,101,V,H,EG09,PG03,101190.0,Operations
100373,2018-10-15,2018-10-15,A,RFT,F,1.0,07ACC2,ACCTG,WSTMF,110,110,40,2018-10-15,2018-10-15,2018-10-15,,,,H,EG03,PG03,,Operations
100373,2023-07-30,2023-07-30,L,RFT,F,1.0,07ACC2,ACCTG,WSTMF,110,110,40,2018-10-15,2018-10-15,2018-10-15,,,,H,EG03,PG03,,Operations
100373,2023-11-04,2023-11-04,A,RFT,F,1.0,07ACC2,ACCTG,WSTMF,110,110,40,2018-10-15,2018-10-15,2018-10-15,,,,H,EG03,PG03,,Operations
100374,2018-10-16,2018-10-16,A,RFT,F,1.0,77ANL1,ANLYT,WSTMF,108,250,30,2018-10-16,2018-10-16,2018-10-16,,,,H,EG04,PG03,102717.0,Operations
100374,2022-03-07,2022-03-07,T,RFT,F,1.0,77ANL1,ANLYT,WSTMF,108,250,30,2018-10-16,2018-10-16,2018-10-16,2022-03-07,201,I,H,EG04,PG03,102717.0,Operations
100375,2018-10-16,2018-10-16,A,RFT,F,1.0,70MKT1,MKTG,ALPNC,104,170,10,2018-10-16,2018-10-16,2018-10-16,,,,H,EG04,PG03,102275.0,Operations
100375,2019-05-12,2019-05-12,T,RFT,F,1.0,70MKT1,MKTG,ALPNC,104,170,10,2018-10-16,2018-10-16,2018-10-16,2019-05-12,200,I,H,EG04,PG03,102275.0,Operations
100376,2018-10-16,2018-10-16,A,RFT,F,1.0,70MKT1,MKTG,WSTMF,110,130,40,2018-10-16,2018-10-16,2018-10-16,,,,H,EG04,PG03,,Operations
100376,2022-02-17,2022-02-17,T,RFT,F,1.0,70MKT1,MKTG,WSTMF,110,130,40,2018-10-16,2018-10-16,2018-10-16,2022-02-17,100,V,H,EG04,PG03,,Operations
100377,2018-10-16,2018-10-16,A,RFT,F,1.0,67TEC3,TECH,PRMRE,116,70,100,2018-10-16,2018-10-16,2018-10-16,,,,S,EG10,PG02,101496.0,Operations
100377,2020-07-08,2020-07-08,L,RFT,F,1.0,67TEC3,TECH,PRMRE,116,70,100,2018-10-16,2018-10-16,2018-10-16,,,,S,EG10,PG02,101496.0,Operations
100377,2021-01-02,2021-01-02,A,RFT,F,1.0,67TEC3,TECH,PRMRE,116,70,100,2018-10-16,2018-10-16,2018-10-16,,,,S,EG10,PG02,101496.0,Operations
100377,2024-01-31,2024-01-31,A,RFT,F,1.0,68TEC4,TECH,PRMRE,116,70,100,2018-10-16,2018-10-16,2024-01-31,,,,S,EG06,PG02,101496.0,Operations
100377,2025-05-11,2025-05-11,T,RFT,F,1.0,68TEC4,TECH,PRMRE,116,70,100,2018-10-16,2018-10-16,2024-01-31,2025-05-11,100,V,S,EG06,PG02,101496.0,Operations
100378,2018-10-17,2018-10-17,A,CON,F,1.0,02ADM2,ADMIN,NRTHP,113,30,60,2018-10-17,2018-10-17,2018-10-17,,,,S,EG04,PG05,,Operations
100378,2019-08-16,2019-08-16,T,CON,F,1.0,02ADM2,ADMIN,NRTHP,113,30,60,2018-10-17,2018-10-17,2018-10-17,2019-08-16,206,I,S,EG04,PG05,,Operations
100379,2018-10-17,2018-10-17,A,TAW,F,1.0,96LEG4,LEGAL,PRMRE,123,50,90,2018-10-17,2018-10-17,2018-10-17,,,,S,EG10,PG02,,Operations
100379,2020-03-22,2020-03-22,A,TAW,F,1.0,74MKT5,MKTG,PRMRE,123,50,90,2018-10-17,2018-10-17,2020-03-22,,,,S,EG01,PG02,,Operations
100379,2020-05-28,2020-05-28,T,TAW,F,1.0,74MKT5,MKTG,PRMRE,123,50,90,2018-10-17,2018-10-17,2020-03-22,2020-05-28,206,I,S,EG01,PG02,,Operations
100380,2018-10-17,2018-10-17,A,RFT,F,1.0,62WHS3,WHSE,ALPNC,100,150,20,2018-10-17,2018-10-17,2018-10-17,,,,S,EG01,PG03,,Operations
100380,2019-04-23,2019-04-23,T,RFT,F,1.0,62WHS3,WHSE,ALPNC,100,150,20,2018-10-17,2018-10-17,2018-10-17,2019-04-23,102,V,S,EG01,PG03,,Operations
100381,2018-10-18,2018-10-18,A,RFT,F,1.0,34IT2,IT,NRTHP,104,50,70,2018-10-18,2018-10-18,2018-10-18,,,,S,EG08,PG05,102316.0,Operations
100381,2019-05-20,2019-05-20,T,RFT,F,1.0,34IT2,IT,NRTHP,104,50,70,2018-10-18,2018-10-18,2018-10-18,2019-05-20,101,V,S,EG08,PG05,102316.0,Operations
100382,2018-10-18,2018-10-18,A,RPT,P,0.71,78ANL2,ANLYT,WSTMF,107,160,30,2018-10-18,2018-10-18,2018-10-18,,,,H,EG04,PG03,,Operations
100382,2021-06-17,2021-06-17,A,RPT,P,0.71,79ANL3,ANLYT,WSTMF,107,160,30,2018-10-18,2018-10-18,2021-06-17,,,,H,EG10,PG03,,Operations
100382,2023-08-25,2023-08-25,A,RPT,P,0.71,80ANL4,ANLYT,WSTMF,107,160,30,2018-10-18,2018-10-18,2023-08-25,,,,H,EG05,PG03,,Operations
100383,2018-10-19,2018-10-19,A,RFT,F,1.0,15CSR3,CSR,WSTMF,102,60,20,2018-10-19,2018-10-19,2018-10-19,,,,S,EG10,PG03,,Operations
100383,2019-06-05,2019-06-05,T,RFT,F,1.0,15CSR3,CSR,WSTMF,102,60,20,2018-10-19,2018-10-19,2018-10-19,2019-06-05,200,I,S,EG10,PG03,,Operations
100384,2018-10-19,2018-10-19,A,RFT,F,1.0,07ACC2,ACCTG,PRMRE,124,90,40,2018-10-19,2018-10-19,2018-10-19,,,,H,EG03,PG02,100652.0,Operations
100384,2020-03-10,2020-03-10,T,RFT,F,1.0,07ACC2,ACCTG,PRMRE,124,90,40,2018-10-19,2018-10-19,2018-10-19,2020-03-10,200,I,H,EG03,PG02,100652.0,Operations
100385,2018-10-22,2018-10-22,A,TFT,F,1.0,26HR2,HR,PRMRE,105,50,80,2018-10-22,2018-10-22,2018-10-22,,,,H,EG03,PG02,,Operations
100385,2019-03-30,2019-03-30,A,TFT,F,1.0,27HR3,HR,PRMRE,105,50,80,2018-10-22,2018-10-22,2019-03-30,,,,H,EG02,PG02,,Operations
100385,2025-03-17,2025-03-17,A,TFT,F,1.0,03ADM3,ADMIN,PRMRE,105,50,80,2018-10-22,2018-10-22,2025-03-17,,,,H,EG07,PG02,,Operations
100386,2018-10-23,2018-10-23,A,RFT,F,1.0,13CSR1,CSR,WSTMF,105,20,90,2018-10-23,2018-10-23,2018-10-23,,,,H,EG01,PG03,102730.0,Operations
100386,2022-01-24,2022-01-24,A,RFT,F,1.0,14CSR2,CSR,WSTMF,105,20,90,2018-10-23,2018-10-23,2022-01-24,,,,H,EG06,PG03,102730.0,Operations
100386,2023-03-21,2023-03-21,L,RFT,F,1.0,14CSR2,CSR,WSTMF,105,20,90,2018-10-23,2018-10-23,2022-01-24,,,,H,EG06,PG03,102730.0,Operations
100386,2023-05-24,2023-05-24,A,RFT,F,1.0,14CSR2,CSR,WSTMF,105,20,90,2018-10-23,2018-10-23,2022-01-24,,,,H,EG06,PG03,102730.0,Operations
100387,2018-10-23,2018-10-23,A,RPT,P,0.6,01ADM1,ADMIN,NRTHP,104,200,20,2018-10-23,2018-10-23,2018-10-23,,,,H,EG05,PG05,102297.0,Operations
100387,2019-03-10,2019-03-10,T,RPT,P,0.6,01ADM1,ADMIN,NRTHP,104,200,20,2018-10-23,2018-10-23,2018-10-23,2019-03-10,102,V,H,EG05,PG05,102297.0,Operations
100388,2018-10-24,2018-10-24,A,RFT,F,1.0,78ANL2,ANLYT,PRMRE,122,50,40,2018-10-24,2018-10-24,2018-10-24,,,,H,EG04,PG02,101619.0,Operations
100388,2020-12-27,2020-12-27,T,RFT,F,1.0,78ANL2,ANLYT,PRMRE,122,50,40,2018-10-24,2018-10-24,2018-10-24,2020-12-27,202,V,H,EG04,PG02,101619.0,Operations
100389,2018-10-24,2018-10-24,A,TFT,F,1.0,65TEC1,TECH,ALPNC,116,70,60,2018-10-24,2018-10-24,2018-10-24,,,,H,EG08,PG03,101496.0,Operations
100389,2021-08-11,2021-08-11,T,TFT,F,1.0,65TEC1,TECH,ALPNC,116,70,60,2018-10-24,2018-10-24,2018-10-24,2021-08-11,201,I,H,EG08,PG03,101496.0,Operations
100390,2018-10-24,2018-10-24,A,RFT,F,1.0,14CSR2,CSR,ALPNC,112,180,70,2018-10-24,2018-10-24,2018-10-24,,,,H,EG06,PG03,,Operations
100390,2022-04-12,2022-04-12,T,RFT,F,1.0,14CSR2,CSR,ALPNC,112,180,70,2018-10-24,2018-10-24,2018-10-24,2022-04-12,200,I,H,EG06,PG03,,Operations
100391,2018-10-26,2018-10-26,A,RFT,F,1.0,18ENG1,ENGR,WSTMF,113,50,10,2018-10-26,2018-10-26,2018-10-26,,,,H,EG08,PG03,101008.0,Operations
100391,2018-11-12,2018-11-12,T,RFT,F,1.0,18ENG1,ENGR,WSTMF,113,50,10,2018-10-26,2018-10-26,2018-10-26,2018-11-12,202,V,H,EG08,PG03,101008.0,Operations
100392,2018-10-26,2018-10-26,A,CON,F,1.0,26HR2,HR,NRTHP,109,100,60,2018-10-26,2018-10-26,2018-10-26,,,,H,EG03,PG05,,Operations
100392,2021-03-25,2021-03-25,T,CON,F,1.0,26HR2,HR,NRTHP,109,100,60,2018-10-26,2018-10-26,2018-10-26,2021-03-25,100,V,H,EG03,PG05,,Operations
100393,2018-10-26,2018-10-26,A,RFT,F,1.0,02ADM2,ADMIN,PRMRE,123,170,110,2018-10-26,2018-10-26,2018-10-26,,,,H,EG04,PG02,,Operations
100393,2020-04-28,2020-04-28,T,RFT,F,1.0,02ADM2,ADMIN,PRMRE,123,170,110,2018-10-26,2018-10-26,2018-10-26,2020-04-28,200,I,H,EG04,PG02,,Operations
100394,2018-10-26,2018-10-26,A,RPT,P,0.73,03ADM3,ADMIN,WSTMF,124,220,40,2018-10-26,2018-10-26,2018-10-26,,,,S,EG07,PG03,100427.0,Operations
100394,2023-08-09,2023-08-09,T,RPT,P,0.73,03ADM3,ADMIN,WSTMF,124,220,40,2018-10-26,2018-10-26,2018-10-26,2023-08-09,207,I,S,EG07,PG03,100427.0,Operations
100395,2018-10-26,2018-10-26,A,RFT,F,1.0,13CSR1,CSR,ALPNC,121,210,80,2018-10-26,2018-10-26,2018-10-26,,,,H,EG01,PG03,101318.0,Operations
100395,2019-07-30,2019-07-30,T,RFT,F,1.0,13CSR1,CSR,ALPNC,121,210,80,2018-10-26,2018-10-26,2018-10-26,2019-07-30,202,V,H,EG01,PG03,101318.0,Operations
100396,2018-11-02,2018-11-02,A,RFT,F,1.0,13CSR1,CSR,PRMRE,105,100,40,2018-11-02,2018-11-02,2018-11-02,,,,H,EG01,PG02,100497.0,Operations
100396,2021-08-28,2021-08-28,A,RFT,F,1.0,14CSR2,CSR,PRMRE,105,100,40,2018-11-02,2018-11-02,2021-08-28,,,,H,EG06,PG02,100497.0,Operations
100396,2022-12-28,2022-12-28,A,RFT,F,1.0,15CSR3,CSR,PRMRE,105,100,40,2018-11-02,2018-11-02,2022-12-28,,,,H,EG10,PG02,100497.0,Operations
100396,2023-02-03,2023-02-03,A,RFT,F,1.0,16CSR4,CSR,PRMRE,105,100,40,2018-11-02,2018-11-02,2023-02-03,,,,H,EG10,PG02,100497.0,Operations
100397,2018-11-02,2018-11-02,A,RPT,P,0.63,01ADM1,ADMIN,NRTHP,118,120,90,2018-11-02,2018-11-02,2018-11-02,,,,H,EG05,PG05,102476.0,Operations
100397,2019-05-25,2019-05-25,A,RPT,P,0.63,02ADM2,ADMIN,NRTHP,118,120,90,2018-11-02,2018-11-02,2019-05-25,,,,H,EG04,PG05,102476.0,Operations
100397,2021-07-17,2021-07-17,A,RPT,P,0.63,66TEC2,TECH,NRTHP,118,120,90,2018-11-02,2018-11-02,2021-07-17,,,,H,EG04,PG05,102476.0,Operations
100398,2018-11-02,2018-11-02,A,RFT,F,1.0,55TRD1,TRD,NRTHP,100,230,100,2018-11-02,2018-11-02,2018-11-02,,,,H,EG04,PG05,102585.0,Operations
100398,2020-09-14,2020-09-14,T,RFT,F,1.0,55TRD1,TRD,NRTHP,100,230,100,2018-11-02,2018-11-02,2018-11-02,2020-09-14,103,V,H,EG04,PG05,102585.0,Operations
100399,2018-11-02,2018-11-02,A,TAW,F,1.0,01ADM1,ADMIN,NRTHP,117,10,110,2018-11-02,2018-11-02,2018-11-02,,,,H,EG05,PG05,101488.0,Operations
100399,2019-03-11,2019-03-11,T,TAW,F,1.0,01ADM1,ADMIN,NRTHP,117,10,110,2018-11-02,2018-11-02,2018-11-02,2019-03-11,205,I,H,EG05,PG05,101488.0,Operations
100400,2018-11-02,2018-11-02,A,RFT,F,1.0,05ACC1,ACCTG,NRTHP,103,210,30,2018-11-02,2018-11-02,2018-11-02,,,,S,EG05,PG05,,Operations
100400,2019-10-22,2019-10-22,A,RFT,F,1.0,07ACC2,ACCTG,NRTHP,103,210,30,2018-11-02,2018-11-02,2019-10-22,,,,S,EG03,PG05,,Operations
100400,2020-07-05,2020-07-05,T,RFT,F,1.0,07ACC2,ACCTG,NRTHP,103,210,30,2018-11-02,2018-11-02,2019-10-22,2020-07-05,200,I,S,EG03,PG05,,Operations
100401,2018-11-06,2018-11-06,A,RFT,F,1.0,56TRD2,TRD,PRMRE,123,240,10,2018-11-06,2018-11-06,2018-11-06,,,,S,EG02,PG02,101281.0,Operations
100401,2023-06-29,2023-06-29,A,RFT,F,1.0,57TRD3,TRD,PRMRE,123,240,10,2018-11-06,2018-11-06,2023-06-29,,,,S,EG02,PG02,101281.0,Operations
100402,2018-11-07,2018-11-07,A,RFT,F,1.0,42SAL2,SALES,PRMRE,118,50,30,2018-11-07,2018-11-07,2018-11-07,,,,H,EG10,PG02,,Operations
100402,2020-05-27,2020-05-27,T,RFT,F,1.0,42SAL2,SALES,PRMRE,118,50,30,2018-11-07,2018-11-07,2018-11-07,2020-05-27,207,I,H,EG10,PG02,,Operations
100403,2018-11-08,2018-11-08,A,RFT,F,1.0,77ANL1,ANLYT,ALPNC,116,100,30,2018-11-08,2018-11-08,2018-11-08,,,,H,EG04,PG03,102766.0,Operations
100403,2020-03-14,2020-03-14,T,RFT,F,1.0,77ANL1,ANLYT,ALPNC,116,100,30,2018-11-08,2018-11-08,2018-11-08,2020-03-14,100,V,H,EG04,PG03,102766.0,Operations
100404,2018-11-08,2018-11-08,A,RFT,F,1.0,16CSR4,CSR,NRTHP,115,50,50,2018-11-08,2018-11-08,2018-11-08,,,,S,EG10,PG05,,Operations
100404,2019-03-13,2019-03-13,T,RFT,F,1.0,16CSR4,CSR,NRTHP,115,50,50,2018-11-08,2018-11-08,2018-11-08,2019-03-13,101,V,S,EG10,PG05,,Operations
100405,2018-11-09,2018-11-09,A,RFT,F,1.0,32IT1,IT,WSTMF,104,230,60,2018-11-09,2018-11-09,2018-11-09,,,,H,EG03,PG03,101952.0,Operations
100405,2019-01-26,2019-01-26,A,RFT,F,1.0,33IT2,IT,WSTMF,104,230,60,2018-11-09,2018-11-09,2019-01-26,,,,H,EG09,PG03,101952.0,Operations
100405,2019-12-02,2019-12-02,T,RFT,F,1.0,33IT2,IT,WSTMF,104,230,60,2018-11-09,2018-11-09,2019-01-26,2019-12-02,101,V,H,EG09,PG03,101952.0,Operations
100406,2018-11-09,2018-11-09,A,RFT,F,1.0,66TEC2,TECH,ALPNC,119,70,60,2018-11-09,2018-11-09,2018-11-09,,,,H,EG04,PG03,102257.0,Operations
100407,2018-11-13,2018-11-13,A,RFT,F,1.0,72MKT3,MKTG,WSTMF,108,180,70,2018-11-13,2018-11-13,2018-11-13,,,,S,EG09,PG03,100320.0,Operations
100407,2019-10-06,2019-10-06,T,RFT,F,1.0,72MKT3,MKTG,WSTMF,108,180,70,2018-11-13,2018-11-13,2018-11-13,2019-10-06,206,I,S,EG09,PG03,100320.0,Operations
100408,2018-11-14,2018-11-14,A,RPT,F,0.78,43SAL3,SALES,ALPNC,116,160,90,2018-11-14,2018-11-14,2018-11-14,,,,S,EG10,PG03,,Operations
100408,2019-01-14,2019-01-14,T,RPT,F,0.78,43SAL3,SALES,ALPNC,116,160,90,2018-11-14,2018-11-14,2018-11-14,2019-01-14,202,V,S,EG10,PG03,,Operations
100409,2018-11-16,2018-11-16,A,CON,F,1.0,32IT1,IT,NRTHP,115,70,110,2018-11-16,2018-11-16,2018-11-16,,,,H,EG03,PG05,,Operations
100409,2019-01-23,2019-01-23,T,CON,F,1.0,32IT1,IT,NRTHP,115,70,110,2018-11-16,2018-11-16,2018-11-16,2019-01-23,100,V,H,EG03,PG05,,Operations
100410,2018-11-19,2018-11-19,A,RPT,P,0.6,09ACC4,ACCTG,PRMRE,121,10,100,2018-11-19,2018-11-19,2018-11-19,,,,S,EG05,PG02,,Operations
100410,2020-06-11,2020-06-11,T,RPT,P,0.6,09ACC4,ACCTG,PRMRE,121,10,100,2018-11-19,2018-11-19,2018-11-19,2020-06-11,200,I,S,EG05,PG02,,Operations
100411,2018-11-19,2018-11-19,A,RFT,F,1.0,71MKT2,MKTG,NRTHP,122,160,90,2018-11-19,2018-11-19,2018-11-19,,,,H,EG10,PG05,100003.0,Operations
100411,2020-03-07,2020-03-07,A,RFT,F,1.0,72MKT3,MKTG,NRTHP,122,160,90,2018-11-19,2018-11-19,2020-03-07,,,,H,EG09,PG05,100003.0,Operations
100411,2020-08-08,2020-08-08,T,RFT,F,1.0,72MKT3,MKTG,NRTHP,122,160,90,2018-11-19,2018-11-19,2020-03-07,2020-08-08,201,I,H,EG09,PG05,100003.0,Operations
100412,2018-11-19,2018-11-19,A,RFT,F,1.0,49OPS2,OPS,WSTMF,107,10,100,2018-11-19,2018-11-19,2018-11-19,,,,S,EG05,PG03,,Operations
100412,2021-05-03,2021-05-03,T,RFT,F,1.0,49OPS2,OPS,WSTMF,107,10,100,2018-11-19,2018-11-19,2018-11-19,2021-05-03,100,V,S,EG05,PG03,,Operations
100413,2018-11-19,2018-11-19,A,RFT,F,1.0,03ADM3,ADMIN,WSTMF,106,40,40,2018-11-19,2018-11-19,2018-11-19,,,,S,EG07,PG03,,Operations
100413,2019-06-06,2019-06-06,A,RFT,F,1.0,04ADM4,ADMIN,WSTMF,106,40,40,2018-11-19,2018-11-19,2019-06-06,,,,S,EG06,PG03,,Operations
100413,2021-10-18,2021-10-18,T,RFT,F,1.0,04ADM4,ADMIN,WSTMF,106,40,40,2018-11-19,2018-11-19,2019-06-06,2021-10-18,100,V,S,EG06,PG03,,Operations
100414,2018-11-20,2018-11-20,A,CON,F,1.0,89PRO2,PROJ,NRTHP,117,210,10,2018-11-20,2018-11-20,2018-11-20,,,,S,EG06,PG05,,Operations
100415,2018-11-20,2018-11-20,A,RFT,F,1.0,48OPS1,OPS,PRMRE,118,70,100,2018-11-20,2018-11-20,2018-11-20,,,,H,EG03,PG02,,Operations
100415,2019-04-10,2019-04-10,T,RFT,F,1.0,48OPS1,OPS,PRMRE,118,70,100,2018-11-20,2018-11-20,2018-11-20,2019-04-10,101,V,H,EG03,PG02,,Operations
100416,2018-11-20,2018-11-20,A,RFT,F,1.0,01ADM1,ADMIN,NRTHP,121,230,60,2018-11-20,2018-11-20,2018-11-20,,,,S,EG05,PG05,102034.0,Operations
100416,2019-01-08,2019-01-08,T,RFT,F,1.0,01ADM1,ADMIN,NRTHP,121,230,60,2018-11-20,2018-11-20,2018-11-20,2019-01-08,201,I,S,EG05,PG05,102034.0,Operations
100417,2018-11-22,2018-11-22,A,CON,F,1.0,66TEC2,TECH,WSTMF,104,160,50,2018-11-22,2018-11-22,2018-11-22,,,,H,EG04,PG03,102299.0,Operations
100417,2019-08-12,2019-08-12,A,CON,F,1.0,67TEC3,TECH,WSTMF,104,160,50,2018-11-22,2018-11-22,2019-08-12,,,,H,EG10,PG03,102299.0,Operations
100417,2022-12-04,2022-12-04,A,CON,F,1.0,68TEC4,TECH,WSTMF,104,160,50,2018-11-22,2018-11-22,2022-12-04,,,,H,EG06,PG03,102299.0,Operations
100417,2023-01-13,2023-01-13,A,CON,F,1.0,69TEC5,TECH,WSTMF,104,160,50,2018-11-22,2018-11-22,2023-01-13,,,,H,EG02,PG03,102299.0,Operations
100418,2018-11-22,2018-11-22,A,CON,F,1.0,33IT2,IT,WSTMF,107,210,70,2018-11-22,2018-11-22,2018-11-22,,,,H,EG09,PG03,,Operations
100418,2019-06-05,2019-06-05,T,CON,F,1.0,33IT2,IT,WSTMF,107,210,70,2018-11-22,2018-11-22,2018-11-22,2019-06-05,100,V,H,EG09,PG03,,Operations
100419,2018-11-28,2018-11-28,A,RFT,F,1.0,77ANL1,ANLYT,WSTMF,115,20,20,2018-11-28,2018-11-28,2018-11-28,,,,H,EG04,PG03,101427.0,Operations
100419,2022-09-29,2022-09-29,T,RFT,F,1.0,77ANL1,ANLYT,WSTMF,115,20,20,2018-11-28,2018-11-28,2018-11-28,2022-09-29,205,I,H,EG04,PG03,101427.0,Operations
100420,2018-11-28,2018-11-28,A,RFT,F,1.0,78ANL2,ANLYT,NRTHP,103,30,40,2018-11-28,2018-11-28,2018-11-28,,,,H,EG04,PG05,,Operations
100421,2018-11-30,2018-11-30,A,RFT,F,1.0,84SUP5,SUPV,NRTHP,121,190,20,2018-11-30,2018-11-30,2018-11-30,,,,S,EG07,PG05,,Operations
100422,2018-12-03,2018-12-03,A,RFT,F,1.0,81ANL5,ANLYT,ALPNC,114,180,30,2018-12-03,2018-12-03,2018-12-03,,,,S,EG01,PG03,,Operations
100422,2019-03-10,2019-03-10,T,RFT,F,1.0,81ANL5,ANLYT,ALPNC,114,180,30,2018-12-03,2018-12-03,2018-12-03,2019-03-10,102,V,S,EG01,PG03,,Operations
100423,2018-12-04,2018-12-04,A,RPT,P,0.43,71MKT2,MKTG,WSTMF,108,40,90,2018-12-04,2018-12-04,2018-12-04,,,,H,EG10,PG03,102445.0,Operations
100423,2019-01-09,2019-01-09,T,RPT,P,0.43,71MKT2,MKTG,WSTMF,108,40,90,2018-12-04,2018-12-04,2018-12-04,2019-01-09,202,V,H,EG10,PG03,102445.0,Operations
100424,2018-12-05,2018-12-05,A,TAW,F,1.0,60WHS1,WHSE,WSTMF,115,100,80,2018-12-05,2018-12-05,2018-12-05,,,,H,EG06,PG03,102590.0,Operations
100425,2018-12-07,2018-12-07,A,RPT,P,0.53,26HR2,HR,NRTHP,113,110,20,2018-12-07,2018-12-07,2018-12-07,,,,H,EG03,PG05,,Operations
100425,2019-03-07,2019-03-07,A,RPT,P,0.53,27HR3,HR,NRTHP,113,110,20,2018-12-07,2018-12-07,2019-03-07,,,,H,EG02,PG05,,Operations
100425,2020-07-02,2020-07-02,A,RPT,P,0.53,28HR4,HR,NRTHP,113,110,20,2018-12-07,2018-12-07,2020-07-02,,,,H,EG08,PG05,,Operations
100425,2024-06-04,2024-06-04,A,RPT,P,0.53,91PRO4,PROJ,NRTHP,113,110,20,2018-12-07,2018-12-07,2024-06-04,,,,H,EG02,PG05,,Operations
100426,2018-12-07,2018-12-07,A,RPT,P,0.58,79ANL3,ANLYT,ALPNC,104,60,120,2018-12-07,2018-12-07,2018-12-07,,,,S,EG10,PG03,101066.0,Operations
100426,2019-05-27,2019-05-27,T,RPT,P,0.58,79ANL3,ANLYT,ALPNC,104,60,120,2018-12-07,2018-12-07,2018-12-07,2019-05-27,102,V,S,EG10,PG03,101066.0,Operations
100427,2018-12-10,2018-12-10,A,CON,F,1.0,85SUP5,SUPV,WSTMF,124,220,50,2018-12-10,2018-12-10,2018-12-10,,,,S,EG01,PG03,,Operations
100427,2019-08-31,2019-08-31,L,CON,F,1.0,85SUP5,SUPV,WSTMF,124,220,50,2018-12-10,2018-12-10,2018-12-10,,,,S,EG01,PG03,,Operations
100427,2020-02-04,2020-02-04,A,CON,F,1.0,85SUP5,SUPV,WSTMF,124,220,50,2018-12-10,2018-12-10,2018-12-10,,,,S,EG01,PG03,,Operations
100427,2019-09-06,2019-09-06,A,CON,F,1.0,30HR6,HR,WSTMF,124,220,50,2018-12-10,2018-12-10,2019-09-06,,,,S,EG04,PG03,,Operations
100428,2018-12-11,2018-12-11,A,RFT,F,1.0,02ADM2,ADMIN,NRTHP,122,210,40,2018-12-11,2018-12-11,2018-12-11,,,,H,EG04,PG05,101716.0,Operations
100428,2019-04-29,2019-04-29,A,RFT,F,1.0,03ADM3,ADMIN,NRTHP,122,210,40,2018-12-11,2018-12-11,2019-04-29,,,,H,EG07,PG05,101716.0,Operations
100428,2019-11-10,2019-11-10,T,RFT,F,1.0,03ADM3,ADMIN,NRTHP,122,210,40,2018-12-11,2018-12-11,2019-04-29,2019-11-10,202,V,H,EG07,PG05,101716.0,Operations
100429,2018-12-11,2018-12-11,A,RFT,F,1.0,41SAL1,SALES,PRMRE,100,240,50,2018-12-11,2018-12-11,2018-12-11,,,,S,EG08,PG02,102150.0,Operations
100429,2022-12-05,2022-12-05,A,RFT,F,1.0,42SAL2,SALES,PRMRE,100,240,50,2018-12-11,2018-12-11,2022-12-05,,,,S,EG10,PG02,102150.0,Operations
100430,2018-12-13,2018-12-13,A,RFT,F,1.0,49OPS2,OPS,WSTMF,108,210,10,2018-12-13,2018-12-13,2018-12-13,,,,H,EG05,PG03,,Operations
100430,2024-09-19,2024-09-19,T,RFT,F,1.0,49OPS2,OPS,WSTMF,108,210,10,2018-12-13,2018-12-13,2018-12-13,2024-09-19,205,I,H,EG05,PG03,,Operations
100431,2018-12-14,2018-12-14,A,RFT,F,1.0,02ADM2,ADMIN,NRTHP,124,40,120,2018-12-14,2018-12-14,2018-12-14,,,,H,EG04,PG05,,Operations
100431,2020-04-03,2020-04-03,A,RFT,F,1.0,03ADM3,ADMIN,NRTHP,124,40,120,2018-12-14,2018-12-14,2020-04-03,,,,H,EG07,PG05,,Operations
100431,2024-09-15,2024-09-15,T,RFT,F,1.0,03ADM3,ADMIN,NRTHP,124,40,120,2018-12-14,2018-12-14,2020-04-03,2024-09-15,101,V,H,EG07,PG05,,Operations
100432,2018-12-14,2018-12-14,A,RFT,F,1.0,91PRO4,PROJ,ALPNC,115,60,100,2018-12-14,2018-12-14,2018-12-14,,,,S,EG02,PG03,,Operations
100433,2018-12-19,2018-12-19,A,RPT,P,0.61,80ANL4,ANLYT,NRTHP,103,220,90,2018-12-19,2018-12-19,2018-12-19,,,,S,EG05,PG05,,Operations
100433,2021-07-03,2021-07-03,A,RPT,P,0.61,81ANL5,ANLYT,NRTHP,103,220,90,2018-12-19,2018-12-19,2021-07-03,,,,S,EG01,PG05,,Operations
100433,2022-08-26,2022-08-26,A,RPT,P,0.61,82ANL6,ANLYT,NRTHP,103,220,90,2018-12-19,2018-12-19,2022-08-26,,,,S,EG10,PG05,,Operations
100433,2023-03-03,2023-03-03,A,RPT,P,0.61,54OPS7,OPS,NRTHP,103,220,90,2018-12-19,2018-12-19,2023-03-03,,,,S,EG02,PG05,,Operations
100434,2018-12-20,2018-12-20,A,RFT,F,1.0,07ACC2,ACCTG,WSTMF,108,60,90,2018-12-20,2018-12-20,2018-12-20,,,,S,EG03,PG03,101866.0,Operations
100434,2024-02-08,2024-02-08,A,RFT,F,1.0,02ADM2,ADMIN,WSTMF,108,60,90,2018-12-20,2018-12-20,2024-02-08,,,,S,EG04,PG03,101866.0,Operations
100434,2025-08-19,2025-08-19,A,RFT,F,1.0,03ADM3,ADMIN,WSTMF,108,60,90,2018-12-20,2018-12-20,2025-08-19,,,,S,EG07,PG03,101866.0,Operations
100435,2018-12-21,2018-12-21,A,RFT,F,1.0,32IT1,IT,WSTMF,113,240,110,2018-12-21,2018-12-21,2018-12-21,,,,H,EG03,PG03,102205.0,Operations
100435,2020-12-20,2020-12-20,T,RFT,F,1.0,32IT1,IT,WSTMF,113,240,110,2018-12-21,2018-12-21,2018-12-21,2020-12-20,103,V,H,EG03,PG03,102205.0,Operations
100436,2018-12-21,2018-12-21,A,RPT,P,0.65,05ACC1,ACCTG,WSTMF,118,40,110,2018-12-21,2018-12-21,2018-12-21,,,,H,EG05,PG03,102377.0,Operations
100436,2019-10-02,2019-10-02,T,RPT,P,0.65,05ACC1,ACCTG,WSTMF,118,40,110,2018-12-21,2018-12-21,2018-12-21,2019-10-02,205,I,H,EG05,PG03,102377.0,Operations
100437,2018-12-21,2018-12-21,A,RFT,F,1.0,83SUP4,SUPV,PRMRE,124,70,10,2018-12-21,2018-12-21,2018-12-21,,,,S,EG01,PG02,102457.0,Operations
100437,2019-08-23,2019-08-23,T,RFT,F,1.0,83SUP4,SUPV,PRMRE,124,70,10,2018-12-21,2018-12-21,2018-12-21,2019-08-23,200,I,S,EG01,PG02,102457.0,Operations
100438,2018-12-25,2018-12-25,A,RFT,F,1.0,03ADM3,ADMIN,WSTMF,124,190,20,2018-12-25,2018-12-25,2018-12-25,,,,S,EG07,PG03,,Operations
100438,2022-03-12,2022-03-12,T,RFT,F,1.0,03ADM3,ADMIN,WSTMF,124,190,20,2018-12-25,2018-12-25,2018-12-25,2022-03-12,103,V,S,EG07,PG03,,Operations
100439,2019-01-01,2019-01-01,A,RPT,F,0.77,13CSR1,CSR,ALPNC,112,30,80,2019-01-01,2019-01-01,2019-01-01,,,,H,EG01,PG03,,Operations
100439,2019-10-24,2019-10-24,A,RPT,F,0.77,14CSR2,CSR,ALPNC,112,30,80,2019-01-01,2019-01-01,2019-10-24,,,,H,EG06,PG03,,Operations
100439,2021-04-26,2021-04-26,T,RPT,F,0.77,14CSR2,CSR,ALPNC,112,30,80,2019-01-01,2019-01-01,2019-10-24,2021-04-26,207,I,H,EG06,PG03,,Operations
100440,2019-01-03,2019-01-03,A,RFT,F,1.0,60WHS1,WHSE,ALPNC,119,220,30,2019-01-03,2019-01-03,2019-01-03,,,,S,EG06,PG03,102893.0,Operations
100440,2019-06-04,2019-06-04,A,RFT,F,1.0,61WHS2,WHSE,ALPNC,119,220,30,2019-01-03,2019-01-03,2019-06-04,,,,S,EG01,PG03,102893.0,Operations
100440,2020-06-20,2020-06-20,T,RFT,F,1.0,61WHS2,WHSE,ALPNC,119,220,30,2019-01-03,2019-01-03,2019-06-04,2020-06-20,202,V,S,EG01,PG03,102893.0,Operations
100441,2019-01-04,2019-01-04,A,RFT,F,1.0,06ACC1,ACCTG,WSTMF,108,50,90,2019-01-04,2019-01-04,2019-01-04,,,,H,EG09,PG03,,Operations
100441,2020-12-06,2020-12-06,T,RFT,F,1.0,06ACC1,ACCTG,WSTMF,108,50,90,2019-01-04,2019-01-04,2019-01-04,2020-12-06,101,V,H,EG09,PG03,,Operations
100442,2019-01-04,2019-01-04,A,TFT,F,1.0,07ACC2,ACCTG,ALPNC,124,30,20,2019-01-04,2019-01-04,2019-01-04,,,,S,EG03,PG03,101397.0,Operations
100442,2020-01-14,2020-01-14,T,TFT,F,1.0,07ACC2,ACCTG,ALPNC,124,30,20,2019-01-04,2019-01-04,2019-01-04,2020-01-14,102,V,S,EG03,PG03,101397.0,Operations
100443,2019-01-04,2019-01-04,A,RFT,F,1.0,55TRD1,TRD,ALPNC,111,70,20,2019-01-04,2019-01-04,2019-01-04,,,,S,EG04,PG03,100206.0,Operations
100444,2019-01-04,2019-01-04,A,RFT,F,1.0,79ANL3,ANLYT,NRTHP,118,140,100,2019-01-04,2019-01-04,2019-01-04,,,,S,EG10,PG05,,Operations
100444,2020-10-13,2020-10-13,A,RFT,F,1.0,80ANL4,ANLYT,NRTHP,118,140,100,2019-01-04,2019-01-04,2020-10-13,,,,S,EG05,PG05,,Operations
100444,2022-03-17,2022-03-17,T,RFT,F,1.0,80ANL4,ANLYT,NRTHP,118,140,100,2019-01-04,2019-01-04,2020-10-13,2022-03-17,100,V,S,EG05,PG05,,Operations
100445,2019-01-07,2019-01-07,A,CON,F,1.0,90PRO3,PROJ,NRTHP,123,130,60,2019-01-07,2019-01-07,2019-01-07,,,,S,EG04,PG05,,Operations
100445,2022-07-21,2022-07-21,A,CON,F,1.0,67TEC3,TECH,NRTHP,123,130,60,2019-01-07,2019-01-07,2022-07-21,,,,S,EG10,PG05,,Operations
100446,2019-01-08,2019-01-08,A,RFT,F,1.0,65TEC1,TECH,NRTHP,124,180,80,2019-01-08,2019-01-08,2019-01-08,,,,H,EG08,PG05,101270.0,Operations
100446,2019-07-24,2019-07-24,A,RFT,F,1.0,66TEC2,TECH,NRTHP,124,180,80,2019-01-08,2019-01-08,2019-07-24,,,,H,EG04,PG05,101270.0,Operations
100446,2019-10-28,2019-10-28,A,RFT,F,1.0,67TEC3,TECH,NRTHP,124,180,80,2019-01-08,2019-01-08,2019-10-28,,,,H,EG10,PG05,101270.0,Operations
100446,2022-11-24,2022-11-24,A,RFT,F,1.0,68TEC4,TECH,NRTHP,124,180,80,2019-01-08,2019-01-08,2022-11-24,,,,H,EG06,PG05,101270.0,Operations
100447,2019-01-09,2019-01-09,A,CON,F,1.0,83SUP4,SUPV,WSTMF,108,240,70,2019-01-09,2019-01-09,2019-01-09,,,,S,EG01,PG03,,Operations
100447,2021-08-26,2021-08-26,A,CON,F,1.0,85SUP5,SUPV,WSTMF,108,240,70,2019-01-09,2019-01-09,2021-08-26,,,,S,EG01,PG03,,Operations
100447,2021-10-18,2021-10-18,A,CON,F,1.0,52OPS5,OPS,WSTMF,108,240,70,2019-01-09,2019-01-09,2021-10-18,,,,S,EG09,PG03,,Operations
100448,2019-01-09,2019-01-09,A,RFT,F,1.0,14CSR2,CSR,ALPNC,102,50,80,2019-01-09,2019-01-09,2019-01-09,,,,H,EG06,PG03,102746.0,Operations
100448,2019-11-30,2019-11-30,T,RFT,F,1.0,14CSR2,CSR,ALPNC,102,50,80,2019-01-09,2019-01-09,2019-01-09,2019-11-30,206,I,H,EG06,PG03,102746.0,Operations
100449,2019-01-10,2019-01-10,A,RFT,F,1.0,57TRD3,TRD,NRTHP,111,160,50,2019-01-10,2019-01-10,2019-01-10,,,,S,EG02,PG05,,Operations
100450,2019-01-10,2019-01-10,A,RFT,F,1.0,34IT2,IT,WSTMF,100,120,120,2019-01-10,2019-01-10,2019-01-10,,,,H,EG08,PG03,102980.0,Operations
100450,2020-08-30,2020-08-30,A,RFT,F,1.0,35IT3,IT,WSTMF,100,120,120,2019-01-10,2019-01-10,2020-08-30,,,,H,EG08,PG03,102980.0,Operations
100451,2019-01-10,2019-01-10,A,RFT,F,1.0,26HR2,HR,PRMRE,105,100,40,2019-01-10,2019-01-10,2019-01-10,,,,H,EG03,PG02,,Operations
100451,2023-04-23,2023-04-23,T,RFT,F,1.0,26HR2,HR,PRMRE,105,100,40,2019-01-10,2019-01-10,2019-01-10,2023-04-23,100,V,H,EG03,PG02,,Operations
100452,2019-01-11,2019-01-11,A,RFT,F,1.0,68TEC4,TECH,ALPNC,102,100,10,2019-01-11,2019-01-11,2019-01-11,,,,S,EG06,PG03,,Operations
100452,2026-01-28,2026-01-28,T,RFT,F,1.0,68TEC4,TECH,ALPNC,102,100,10,2019-01-11,2019-01-11,2019-01-11,2026-01-28,207,I,S,EG06,PG03,,Operations
100453,2019-01-11,2019-01-11,A,RFT,F,1.0,16CSR4,CSR,ALPNC,112,120,40,2019-01-11,2019-01-11,2019-01-11,,,,S,EG10,PG03,,Operations
100453,2020-05-15,2020-05-15,T,RFT,F,1.0,16CSR4,CSR,ALPNC,112,120,40,2019-01-11,2019-01-11,2019-01-11,2020-05-15,101,V,S,EG10,PG03,,Operations
100454,2019-01-15,2019-01-15,A,RFT,F,1.0,77ANL1,ANLYT,PRMRE,116,230,100,2019-01-15,2019-01-15,2019-01-15,,,,H,EG04,PG02,100181.0,Operations
100454,2022-12-05,2022-12-05,A,RFT,F,1.0,78ANL2,ANLYT,PRMRE,116,230,100,2019-01-15,2019-01-15,2022-12-05,,,,H,EG04,PG02,100181.0,Operations
100454,2023-03-28,2023-03-28,T,RFT,F,1.0,78ANL2,ANLYT,PRMRE,116,230,100,2019-01-15,2019-01-15,2022-12-05,2023-03-28,101,V,H,EG04,PG02,100181.0,Operations
100455,2019-01-17,2019-01-17,A,RFT,F,1.0,61WHS2,WHSE,PRMRE,117,190,90,2019-01-17,2019-01-17,2019-01-17,,,,S,EG01,PG02,,Operations
100455,2022-03-02,2022-03-02,A,RFT,F,1.0,62WHS3,WHSE,PRMRE,117,190,90,2019-01-17,2019-01-17,2022-03-02,,,,S,EG01,PG02,,Operations
100455,2022-05-09,2022-05-09,A,RFT,F,1.0,72MKT3,MKTG,PRMRE,117,190,90,2019-01-17,2019-01-17,2022-05-09,,,,S,EG09,PG02,,Operations
100456,2019-01-17,2019-01-17,A,RPT,P,0.73,13CSR1,CSR,NRTHP,100,100,50,2019-01-17,2019-01-17,2019-01-17,,,,H,EG01,PG05,100277.0,Operations
100456,2022-07-29,2022-07-29,T,RPT,P,0.73,13CSR1,CSR,NRTHP,100,100,50,2019-01-17,2019-01-17,2019-01-17,2022-07-29,101,V,H,EG01,PG05,100277.0,Operations
100457,2019-01-18,2019-01-18,A,RPT,P,0.7,19ENG2,ENGR,ALPNC,119,120,80,2019-01-18,2019-01-18,2019-01-18,,,,H,EG01,PG03,,Operations
100457,2023-11-04,2023-11-04,T,RPT,P,0.7,19ENG2,ENGR,ALPNC,119,120,80,2019-01-18,2019-01-18,2019-01-18,2023-11-04,100,V,H,EG01,PG03,,Operations
100458,2019-01-18,2019-01-18,A,RPT,F,0.77,49OPS2,OPS,NRTHP,108,190,60,2019-01-18,2019-01-18,2019-01-18,,,,H,EG05,PG05,100313.0,Operations
100458,2021-03-31,2021-03-31,A,RPT,F,0.77,50OPS3,OPS,NRTHP,108,190,60,2019-01-18,2019-01-18,2021-03-31,,,,H,EG06,PG05,100313.0,Operations
100458,2021-05-18,2021-05-18,A,RPT,F,0.77,35IT3,IT,NRTHP,108,190,60,2019-01-18,2019-01-18,2021-05-18,,,,H,EG08,PG05,100313.0,Operations
100459,2019-01-18,2019-01-18,A,RFT,F,1.0,65TEC1,TECH,NRTHP,114,60,40,2019-01-18,2019-01-18,2019-01-18,,,,H,EG08,PG05,101378.0,Operations
100459,2019-05-06,2019-05-06,T,RFT,F,1.0,65TEC1,TECH,NRTHP,114,60,40,2019-01-18,2019-01-18,2019-01-18,2019-05-06,101,V,H,EG08,PG05,101378.0,Operations
100460,2019-01-18,2019-01-18,A,CON,F,1.0,65TEC1,TECH,WSTMF,106,220,110,2019-01-18,2019-01-18,2019-01-18,,,,H,EG08,PG03,102083.0,Operations
100460,2020-04-20,2020-04-20,L,CON,F,1.0,65TEC1,TECH,WSTMF,106,220,110,2019-01-18,2019-01-18,2019-01-18,,,,H,EG08,PG03,102083.0,Operations
100460,2020-06-01,2020-06-01,A,CON,F,1.0,65TEC1,TECH,WSTMF,106,220,110,2019-01-18,2019-01-18,2019-01-18,,,,H,EG08,PG03,102083.0,Operations
100460,2020-08-17,2020-08-17,L,CON,F,1.0,65TEC1,TECH,WSTMF,106,220,110,2019-01-18,2019-01-18,2019-01-18,,,,H,EG08,PG03,102083.0,Operations
100460,2021-01-25,2021-01-25,A,CON,F,1.0,65TEC1,TECH,WSTMF,106,220,110,2019-01-18,2019-01-18,2019-01-18,,,,H,EG08,PG03,102083.0,Operations
100460,2021-04-22,2021-04-22,A,CON,F,1.0,66TEC2,TECH,WSTMF,106,220,110,2019-01-18,2019-01-18,2021-04-22,,,,H,EG04,PG03,102083.0,Operations
100461,2019-01-21,2019-01-21,A,RPT,P,0.52,55TRD1,TRD,WSTMF,118,140,80,2019-01-21,2019-01-21,2019-01-21,,,,S,EG04,PG03,101731.0,Operations
100461,2022-04-15,2022-04-15,A,RPT,P,0.52,56TRD2,TRD,WSTMF,118,140,80,2019-01-21,2019-01-21,2022-04-15,,,,S,EG02,PG03,101731.0,Operations
100461,2022-10-19,2022-10-19,T,RPT,P,0.52,56TRD2,TRD,WSTMF,118,140,80,2019-01-21,2019-01-21,2022-04-15,2022-10-19,210,I,S,EG02,PG03,101731.0,Operations
100462,2019-01-22,2019-01-22,A,RFT,F,1.0,42SAL2,SALES,NRTHP,103,110,50,2019-01-22,2019-01-22,2019-01-22,,,,H,EG10,PG05,,Operations
100462,2022-03-11,2022-03-11,T,RFT,F,1.0,42SAL2,SALES,NRTHP,103,110,50,2019-01-22,2019-01-22,2019-01-22,2022-03-11,102,V,H,EG10,PG05,,Operations
100463,2019-01-22,2019-01-22,A,RFT,F,1.0,94LEG2,LEGAL,PRMRE,124,20,80,2019-01-22,2019-01-22,2019-01-22,,,,H,EG02,PG02,,Operations
100463,2020-11-10,2020-11-10,A,RFT,F,1.0,33IT2,IT,PRMRE,124,20,80,2019-01-22,2019-01-22,2020-11-10,,,,H,EG09,PG02,,Operations
100464,2019-01-23,2019-01-23,A,RFT,F,1.0,32IT1,IT,ALPNC,116,180,80,2019-01-23,2019-01-23,2019-01-23,,,,H,EG03,PG03,101899.0,Operations
100464,2020-10-02,2020-10-02,T,RFT,F,1.0,32IT1,IT,ALPNC,116,180,80,2019-01-23,2019-01-23,2019-01-23,2020-10-02,200,I,H,EG03,PG03,101899.0,Operations
100465,2019-01-25,2019-01-25,A,RFT,F,1.0,88EXE6,EXEC,WSTMF,118,230,50,2019-01-25,2019-01-25,2019-01-25,,,,S,EG08,PG03,,Operations
100465,2020-04-06,2020-04-06,A,RFT,F,1.0,86EXE7,EXEC,WSTMF,118,230,50,2019-01-25,2019-01-25,2020-04-06,,,,S,EG07,PG03,,Operations
100465,2021-01-09,2021-01-09,T,RFT,F,1.0,86EXE7,EXEC,WSTMF,118,230,50,2019-01-25,2019-01-25,2020-04-06,2021-01-09,202,V,S,EG07,PG03,,Operations
100466,2019-01-25,2019-01-25,A,RFT,F,1.0,96LEG4,LEGAL,WSTMF,110,150,30,2019-01-25,2019-01-25,2019-01-25,,,,S,EG10,PG03,,Operations
100466,2021-03-05,2021-03-05,A,RFT,F,1.0,52OPS5,OPS,WSTMF,110,150,30,2019-01-25,2019-01-25,2021-03-05,,,,S,EG09,PG03,,Operations
100467,2019-01-25,2019-01-25,A,RPT,P,0.55,26HR2,HR,PRMRE,122,160,40,2019-01-25,2019-01-25,2019-01-25,,,,S,EG03,PG02,100003.0,Operations
100467,2019-06-14,2019-06-14,T,RPT,P,0.55,26HR2,HR,PRMRE,122,160,40,2019-01-25,2019-01-25,2019-01-25,2019-06-14,101,V,S,EG03,PG02,100003.0,Operations
100468,2019-02-01,2019-02-01,A,RFT,F,1.0,65TEC1,TECH,WSTMF,113,190,90,2019-02-01,2019-02-01,2019-02-01,,,,H,EG08,PG03,,Operations
100469,2019-02-01,2019-02-01,A,RFT,F,1.0,60WHS1,WHSE,NRTHP,103,100,60,2019-02-01,2019-02-01,2019-02-01,,,,H,EG06,PG05,102842.0,Operations
100470,2019-02-04,2019-02-04,A,RPT,P,0.71,01ADM1,ADMIN,PRMRE,102,230,20,2019-02-04,2019-02-04,2019-02-04,,,,H,EG05,PG02,102105.0,Operations
100470,2020-08-19,2020-08-19,T,RPT,P,0.71,01ADM1,ADMIN,PRMRE,102,230,20,2019-02-04,2019-02-04,2019-02-04,2020-08-19,101,V,H,EG05,PG02,102105.0,Operations
100471,2019-02-05,2019-02-05,A,RFT,F,1.0,41SAL1,SALES,PRMRE,100,50,50,2019-02-05,2019-02-05,2019-02-05,,,,S,EG08,PG02,101996.0,Operations
100471,2021-09-22,2021-09-22,A,RFT,F,1.0,42SAL2,SALES,PRMRE,100,50,50,2019-02-05,2019-02-05,2021-09-22,,,,S,EG10,PG02,101996.0,Operations
100471,2024-10-26,2024-10-26,T,RFT,F,1.0,42SAL2,SALES,PRMRE,100,50,50,2019-02-05,2019-02-05,2021-09-22,2024-10-26,100,V,S,EG10,PG02,101996.0,Operations
100472,2019-02-07,2019-02-07,A,RFT,F,1.0,85SUP5,SUPV,ALPNC,121,220,20,2019-02-07,2019-02-07,2019-02-07,,,,S,EG01,PG03,,Operations
100472,2019-02-10,2019-02-10,T,RFT,F,1.0,85SUP5,SUPV,ALPNC,121,220,20,2019-02-07,2019-02-07,2019-02-07,2019-02-10,207,I,S,EG01,PG03,,Operations
100473,2019-02-07,2019-02-07,A,RFT,F,1.0,25HR1,HR,NRTHP,104,170,50,2019-02-07,2019-02-07,2019-02-07,,,,H,EG10,PG05,102275.0,Operations
100473,2021-12-14,2021-12-14,T,RFT,F,1.0,25HR1,HR,NRTHP,104,170,50,2019-02-07,2019-02-07,2019-02-07,2021-12-14,101,V,H,EG10,PG05,102275.0,Operations
100474,2019-02-08,2019-02-08,A,RFT,F,1.0,79ANL3,ANLYT,ALPNC,114,80,90,2019-02-08,2019-02-08,2019-02-08,,,,S,EG10,PG03,,Operations
100474,2019-12-02,2019-12-02,T,RFT,F,1.0,79ANL3,ANLYT,ALPNC,114,80,90,2019-02-08,2019-02-08,2019-02-08,2019-12-02,102,V,S,EG10,PG03,,Operations
100475,2019-02-08,2019-02-08,A,RFT,F,1.0,14CSR2,CSR,WSTMF,100,30,50,2019-02-08,2019-02-08,2019-02-08,,,,S,EG06,PG03,101389.0,Operations
100475,2020-09-01,2020-09-01,T,RFT,F,1.0,14CSR2,CSR,WSTMF,100,30,50,2019-02-08,2019-02-08,2019-02-08,2020-09-01,101,V,S,EG06,PG03,101389.0,Operations
100476,2019-02-08,2019-02-08,A,RFT,F,1.0,05ACC1,ACCTG,NRTHP,113,140,110,2019-02-08,2019-02-08,2019-02-08,,,,H,EG05,PG05,,Operations
100476,2019-06-15,2019-06-15,T,RFT,F,1.0,05ACC1,ACCTG,NRTHP,113,140,110,2019-02-08,2019-02-08,2019-02-08,2019-06-15,205,I,H,EG05,PG05,,Operations
100477,2019-02-08,2019-02-08,A,TFT,F,1.0,69TEC5,TECH,ALPNC,121,50,30,2019-02-08,2019-02-08,2019-02-08,,,,S,EG02,PG03,,Operations
100477,2019-11-03,2019-11-03,A,TFT,F,1.0,82ANL6,ANLYT,ALPNC,121,50,30,2019-02-08,2019-02-08,2019-11-03,,,,S,EG10,PG03,,Operations
100477,2019-12-11,2019-12-11,A,TFT,F,1.0,87EXE7,EXEC,ALPNC,121,50,30,2019-02-08,2019-02-08,2019-12-11,,,,S,EG01,PG03,,Operations
100477,2020-08-30,2020-08-30,T,TFT,F,1.0,87EXE7,EXEC,ALPNC,121,50,30,2019-02-08,2019-02-08,2019-12-11,2020-08-30,201,I,S,EG01,PG03,,Operations
100478,2019-02-08,2019-02-08,A,RFT,F,1.0,32IT1,IT,PRMRE,122,80,120,2019-02-08,2019-02-08,2019-02-08,,,,S,EG03,PG02,101768.0,Operations
100478,2021-01-07,2021-01-07,A,RFT,F,1.0,34IT2,IT,PRMRE,122,80,120,2019-02-08,2019-02-08,2021-01-07,,,,S,EG08,PG02,101768.0,Operations
100479,2019-02-11,2019-02-11,A,RFT,F,1.0,32IT1,IT,PRMRE,105,190,60,2019-02-11,2019-02-11,2019-02-11,,,,S,EG03,PG02,102664.0,Operations
100479,2021-11-19,2021-11-19,T,RFT,F,1.0,32IT1,IT,PRMRE,105,190,60,2019-02-11,2019-02-11,2019-02-11,2021-11-19,205,I,S,EG03,PG02,102664.0,Operations
100480,2019-02-14,2019-02-14,A,RFT,F,1.0,04ADM4,ADMIN,PRMRE,117,40,10,2019-02-14,2019-02-14,2019-02-14,,,,S,EG06,PG02,,Operations
100481,2019-02-15,2019-02-15,A,RFT,F,1.0,49OPS2,OPS,ALPNC,102,40,60,2019-02-15,2019-02-15,2019-02-15,,,,S,EG05,PG03,102262.0,Operations
100481,2020-09-28,2020-09-28,L,RFT,F,1.0,49OPS2,OPS,ALPNC,102,40,60,2019-02-15,2019-02-15,2019-02-15,,,,S,EG05,PG03,102262.0,Operations
100481,2020-11-30,2020-11-30,A,RFT,F,1.0,49OPS2,OPS,ALPNC,102,40,60,2019-02-15,2019-02-15,2019-02-15,,,,S,EG05,PG03,102262.0,Operations
100482,2019-02-15,2019-02-15,A,CON,F,1.0,60WHS1,WHSE,WSTMF,107,120,100,2019-02-15,2019-02-15,2019-02-15,,,,H,EG06,PG03,,Operations
100482,2020-06-23,2020-06-23,A,CON,F,1.0,77ANL1,ANLYT,WSTMF,107,120,100,2019-02-15,2019-02-15,2020-06-23,,,,H,EG04,PG03,,Operations
100482,2021-06-10,2021-06-10,T,CON,F,1.0,77ANL1,ANLYT,WSTMF,107,120,100,2019-02-15,2019-02-15,2020-06-23,2021-06-10,100,V,H,EG04,PG03,,Operations
100483,2019-02-18,2019-02-18,A,RFT,F,1.0,35IT3,IT,WSTMF,102,40,30,2019-02-18,2019-02-18,2019-02-18,,,,S,EG08,PG03,,Operations
100483,2019-12-10,2019-12-10,A,RFT,F,1.0,37IT4,IT,WSTMF,102,40,30,2019-02-18,2019-02-18,2019-12-10,,,,S,EG04,PG03,,Operations
100483,2021-11-13,2021-11-13,T,RFT,F,1.0,37IT4,IT,WSTMF,102,40,30,2019-02-18,2019-02-18,2019-12-10,2021-11-13,202,V,S,EG04,PG03,,Operations
100484,2019-02-20,2019-02-20,A,RPT,P,0.58,15CSR3,CSR,NRTHP,117,40,30,2019-02-20,2019-02-20,2019-02-20,,,,S,EG10,PG05,100480.0,Operations
100484,2019-08-17,2019-08-17,T,RPT,P,0.58,15CSR3,CSR,NRTHP,117,40,30,2019-02-20,2019-02-20,2019-02-20,2019-08-17,100,V,S,EG10,PG05,100480.0,Operations
100485,2019-02-21,2019-02-21,A,RFT,F,1.0,15CSR3,CSR,PRMRE,117,120,90,2019-02-21,2019-02-21,2019-02-21,,,,S,EG10,PG02,,Operations
100485,2022-08-15,2022-08-15,T,RFT,F,1.0,15CSR3,CSR,PRMRE,117,120,90,2019-02-21,2019-02-21,2019-02-21,2022-08-15,202,V,S,EG10,PG02,,Operations
100486,2019-02-21,2019-02-21,A,RFT,F,1.0,32IT1,IT,ALPNC,121,230,30,2019-02-21,2019-02-21,2019-02-21,,,,H,EG03,PG03,102034.0,Operations
100486,2022-05-10,2022-05-10,A,RFT,F,1.0,13CSR1,CSR,ALPNC,121,230,30,2019-02-21,2019-02-21,2022-05-10,,,,H,EG01,PG03,102034.0,Operations
100486,2025-03-06,2025-03-06,T,RFT,F,1.0,13CSR1,CSR,ALPNC,121,230,30,2019-02-21,2019-02-21,2022-05-10,2025-03-06,205,I,H,EG01,PG03,102034.0,Operations
100487,2019-02-22,2019-02-22,A,RPT,P,0.62,13CSR1,CSR,ALPNC,102,180,80,2019-02-22,2019-02-22,2019-02-22,,,,S,EG01,PG03,101822.0,Operations
100487,2020-02-18,2020-02-18,T,RPT,P,0.62,13CSR1,CSR,ALPNC,102,180,80,2019-02-22,2019-02-22,2019-02-22,2020-02-18,202,V,S,EG01,PG03,101822.0,Operations
100488,2019-02-22,2019-02-22,A,RFT,F,1.0,35IT3,IT,WSTMF,115,180,100,2019-02-22,2019-02-22,2019-02-22,,,,S,EG08,PG03,100860.0,Operations
100488,2019-12-22,2019-12-22,T,RFT,F,1.0,35IT3,IT,WSTMF,115,180,100,2019-02-22,2019-02-22,2019-02-22,2019-12-22,100,V,S,EG08,PG03,100860.0,Operations
100489,2019-02-22,2019-02-22,A,RFT,F,1.0,77ANL1,ANLYT,ALPNC,111,250,50,2019-02-22,2019-02-22,2019-02-22,,,,H,EG04,PG03,102191.0,Operations
100489,2020-04-10,2020-04-10,L,RFT,F,1.0,77ANL1,ANLYT,ALPNC,111,250,50,2019-02-22,2019-02-22,2019-02-22,,,,H,EG04,PG03,102191.0,Operations
100489,2020-08-18,2020-08-18,A,RFT,F,1.0,77ANL1,ANLYT,ALPNC,111,250,50,2019-02-22,2019-02-22,2019-02-22,,,,H,EG04,PG03,102191.0,Operations
100489,2020-07-25,2020-07-25,L,RFT,F,1.0,77ANL1,ANLYT,ALPNC,111,250,50,2019-02-22,2019-02-22,2019-02-22,,,,H,EG04,PG03,102191.0,Operations
100489,2020-08-11,2020-08-11,A,RFT,F,1.0,77ANL1,ANLYT,ALPNC,111,250,50,2019-02-22,2019-02-22,2019-02-22,,,,H,EG04,PG03,102191.0,Operations
100489,2021-08-02,2021-08-02,T,RFT,F,1.0,77ANL1,ANLYT,ALPNC,111,250,50,2019-02-22,2019-02-22,2019-02-22,2021-08-02,101,V,H,EG04,PG03,102191.0,Operations
100490,2019-02-27,2019-02-27,A,RFT,F,1.0,48OPS1,OPS,ALPNC,119,200,110,2019-02-27,2019-02-27,2019-02-27,,,,H,EG03,PG03,102789.0,Operations
100490,2025-09-26,2025-09-26,A,RFT,F,1.0,49OPS2,OPS,ALPNC,119,200,110,2019-02-27,2019-02-27,2025-09-26,,,,H,EG05,PG03,102789.0,Operations
100491,2019-02-28,2019-02-28,A,RFT,F,1.0,35IT3,IT,NRTHP,112,110,30,2019-02-28,2019-02-28,2019-02-28,,,,S,EG08,PG05,,Operations
100491,2021-02-09,2021-02-09,T,RFT,F,1.0,35IT3,IT,NRTHP,112,110,30,2019-02-28,2019-02-28,2019-02-28,2021-02-09,102,V,S,EG08,PG05,,Operations
100492,2019-02-28,2019-02-28,A,RFT,F,1.0,25HR1,HR,NRTHP,121,150,40,2019-02-28,2019-02-28,2019-02-28,,,,H,EG10,PG05,101583.0,Operations
100492,2019-07-19,2019-07-19,T,RFT,F,1.0,25HR1,HR,NRTHP,121,150,40,2019-02-28,2019-02-28,2019-02-28,2019-07-19,210,I,H,EG10,PG05,101583.0,Operations
100493,2019-03-01,2019-03-01,A,RFT,F,1.0,07ACC2,ACCTG,WSTMF,108,50,70,2019-03-01,2019-03-01,2019-03-01,,,,H,EG03,PG03,,Operations
100493,2019-06-28,2019-06-28,T,RFT,F,1.0,07ACC2,ACCTG,WSTMF,108,50,70,2019-03-01,2019-03-01,2019-03-01,2019-06-28,101,V,H,EG03,PG03,,Operations
100494,2019-03-01,2019-03-01,A,RFT,F,1.0,95LEG3,LEGAL,NRTHP,112,190,10,2019-03-01,2019-03-01,2019-03-01,,,,S,EG05,PG05,100738.0,Operations
100494,2020-02-13,2020-02-13,A,RFT,F,1.0,27HR3,HR,NRTHP,112,190,10,2019-03-01,2019-03-01,2020-02-13,,,,S,EG02,PG05,100738.0,Operations
100494,2022-10-17,2022-10-17,T,RFT,F,1.0,27HR3,HR,NRTHP,112,190,10,2019-03-01,2019-03-01,2020-02-13,2022-10-17,101,V,S,EG02,PG05,100738.0,Operations
100495,2019-03-01,2019-03-01,A,RFT,F,1.0,41SAL1,SALES,ALPNC,112,180,80,2019-03-01,2019-03-01,2019-03-01,,,,H,EG08,PG03,101730.0,Operations
100496,2019-03-01,2019-03-01,A,RFT,F,1.0,79ANL3,ANLYT,NRTHP,121,190,80,2019-03-01,2019-03-01,2019-03-01,,,,S,EG10,PG05,100421.0,Operations
100496,2020-03-24,2020-03-24,T,RFT,F,1.0,79ANL3,ANLYT,NRTHP,121,190,80,2019-03-01,2019-03-01,2019-03-01,2020-03-24,202,V,S,EG10,PG05,100421.0,Operations
100497,2019-03-01,2019-03-01,A,RFT,F,1.0,94LEG2,LEGAL,WSTMF,105,100,70,2019-03-01,2019-03-01,2019-03-01,,,,S,EG02,PG03,,Operations
100498,2019-03-01,2019-03-01,A,RFT,F,1.0,06ACC1,ACCTG,WSTMF,104,190,50,2019-03-01,2019-03-01,2019-03-01,,,,S,EG09,PG03,100361.0,Operations
100498,2025-04-06,2025-04-06,L,RFT,F,1.0,06ACC1,ACCTG,WSTMF,104,190,50,2019-03-01,2019-03-01,2019-03-01,,,,S,EG09,PG03,100361.0,Operations
100498,2025-05-06,2025-05-06,A,RFT,F,1.0,06ACC1,ACCTG,WSTMF,104,190,50,2019-03-01,2019-03-01,2019-03-01,,,,S,EG09,PG03,100361.0,Operations
100499,2019-03-04,2019-03-04,A,RFT,F,1.0,89PRO2,PROJ,PRMRE,115,220,50,2019-03-04,2019-03-04,2019-03-04,,,,H,EG06,PG02,102648.0,Operations
100499,2021-08-07,2021-08-07,A,RFT,F,1.0,90PRO3,PROJ,PRMRE,115,220,50,2019-03-04,2019-03-04,2021-08-07,,,,H,EG04,PG02,102648.0,Operations
100499,2022-03-08,2022-03-08,A,RFT,F,1.0,91PRO4,PROJ,PRMRE,115,220,50,2019-03-04,2019-03-04,2022-03-08,,,,H,EG02,PG02,102648.0,Operations
100499,2023-11-13,2023-11-13,A,RFT,F,1.0,92PRO5,PROJ,PRMRE,115,220,50,2019-03-04,2019-03-04,2023-11-13,,,,H,EG07,PG02,102648.0,Operations
100500,2019-03-05,2019-03-05,A,RFT,F,1.0,55TRD1,TRD,ALPNC,102,220,10,2019-03-05,2019-03-05,2019-03-05,,,,H,EG04,PG03,102813.0,Operations
100500,2019-04-28,2019-04-28,T,RFT,F,1.0,55TRD1,TRD,ALPNC,102,220,10,2019-03-05,2019-03-05,2019-03-05,2019-04-28,100,V,H,EG04,PG03,102813.0,Operations
100501,2019-03-05,2019-03-05,A,CON,F,1.0,60WHS1,WHSE,PRMRE,124,160,40,2019-03-05,2019-03-05,2019-03-05,,,,H,EG06,PG02,100599.0,Operations
100501,2019-07-29,2019-07-29,T,CON,F,1.0,60WHS1,WHSE,PRMRE,124,160,40,2019-03-05,2019-03-05,2019-03-05,2019-07-29,100,V,H,EG06,PG02,100599.0,Operations
100502,2019-03-05,2019-03-05,A,RPT,P,0.42,77ANL1,ANLYT,WSTMF,106,130,80,2019-03-05,2019-03-05,2019-03-05,,,,H,EG04,PG03,100791.0,Operations
100502,2021-09-05,2021-09-05,T,RPT,P,0.42,77ANL1,ANLYT,WSTMF,106,130,80,2019-03-05,2019-03-05,2019-03-05,2021-09-05,100,V,H,EG04,PG03,100791.0,Operations
100503,2019-03-05,2019-03-05,A,RFT,F,1.0,07ACC2,ACCTG,NRTHP,120,180,80,2019-03-05,2019-03-05,2019-03-05,,,,H,EG03,PG05,101748.0,Operations
100503,2022-12-08,2022-12-08,T,RFT,F,1.0,07ACC2,ACCTG,NRTHP,120,180,80,2019-03-05,2019-03-05,2019-03-05,2022-12-08,101,V,H,EG03,PG05,101748.0,Operations
100504,2019-03-06,2019-03-06,A,RFT,F,1.0,48OPS1,OPS,WSTMF,107,40,70,2019-03-06,2019-03-06,2019-03-06,,,,H,EG03,PG03,101830.0,Operations
100504,2019-06-09,2019-06-09,A,RFT,F,1.0,49OPS2,OPS,WSTMF,107,40,70,2019-03-06,2019-03-06,2019-06-09,,,,H,EG05,PG03,101830.0,Operations
100505,2019-03-07,2019-03-07,A,RFT,F,1.0,55TRD1,TRD,ALPNC,111,70,90,2019-03-07,2019-03-07,2019-03-07,,,,H,EG04,PG03,100206.0,Operations
100505,2019-04-14,2019-04-14,A,RFT,F,1.0,77ANL1,ANLYT,ALPNC,111,70,90,2019-03-07,2019-03-07,2019-04-14,,,,H,EG04,PG03,100206.0,Operations
100505,2019-09-21,2019-09-21,A,RFT,F,1.0,78ANL2,ANLYT,ALPNC,111,70,90,2019-03-07,2019-03-07,2019-09-21,,,,H,EG04,PG03,100206.0,Operations
100506,2019-03-08,2019-03-08,A,CON,F,1.0,50OPS3,OPS,WSTMF,108,40,80,2019-03-08,2019-03-08,2019-03-08,,,,S,EG06,PG03,102445.0,Operations
100506,2025-06-26,2025-06-26,T,CON,F,1.0,50OPS3,OPS,WSTMF,108,40,80,2019-03-08,2019-03-08,2019-03-08,2025-06-26,100,V,S,EG06,PG03,102445.0,Operations
100507,2019-03-08,2019-03-08,A,RFT,F,1.0,37IT4,IT,PRMRE,124,20,110,2019-03-08,2019-03-08,2019-03-08,,,,S,EG04,PG02,,Operations
100507,2020-05-21,2020-05-21,T,RFT,F,1.0,37IT4,IT,PRMRE,124,20,110,2019-03-08,2019-03-08,2019-03-08,2020-05-21,101,V,S,EG04,PG02,,Operations
100508,2019-03-08,2019-03-08,A,RPT,P,0.42,48OPS1,OPS,PRMRE,124,190,40,2019-03-08,2019-03-08,2019-03-08,,,,H,EG03,PG02,,Operations
100508,2020-10-31,2020-10-31,A,RPT,P,0.42,49OPS2,OPS,PRMRE,124,190,40,2019-03-08,2019-03-08,2020-10-31,,,,H,EG05,PG02,,Operations
100508,2023-01-16,2023-01-16,T,RPT,P,0.42,49OPS2,OPS,PRMRE,124,190,40,2019-03-08,2019-03-08,2020-10-31,2023-01-16,200,I,H,EG05,PG02,,Operations
100509,2019-03-11,2019-03-11,A,RFT,F,1.0,05ACC1,ACCTG,ALPNC,114,240,60,2019-03-11,2019-03-11,2019-03-11,,,,H,EG05,PG03,100980.0,Operations
100509,2021-02-14,2021-02-14,A,RFT,F,1.0,07ACC2,ACCTG,ALPNC,114,240,60,2019-03-11,2019-03-11,2021-02-14,,,,H,EG03,PG03,100980.0,Operations
100509,2024-05-08,2024-05-08,T,RFT,F,1.0,07ACC2,ACCTG,ALPNC,114,240,60,2019-03-11,2019-03-11,2021-02-14,2024-05-08,205,I,H,EG03,PG03,100980.0,Operations
100510,2019-03-12,2019-03-12,A,RFT,F,1.0,71MKT2,MKTG,NRTHP,103,140,60,2019-03-12,2019-03-12,2019-03-12,,,,H,EG10,PG05,,Operations
100510,2019-12-11,2019-12-11,T,RFT,F,1.0,71MKT2,MKTG,NRTHP,103,140,60,2019-03-12,2019-03-12,2019-03-12,2019-12-11,202,V,H,EG10,PG05,,Operations
100511,2019-03-12,2019-03-12,A,RFT,F,1.0,70MKT1,MKTG,WSTMF,118,130,110,2019-03-12,2019-03-12,2019-03-12,,,,S,EG04,PG03,100080.0,Operations
100512,2019-03-12,2019-03-12,A,RFT,F,1.0,05ACC1,ACCTG,WSTMF,110,240,120,2019-03-12,2019-03-12,2019-03-12,,,,H,EG05,PG03,102931.0,Operations
100512,2022-01-06,2022-01-06,T,RFT,F,1.0,05ACC1,ACCTG,WSTMF,110,240,120,2019-03-12,2019-03-12,2019-03-12,2022-01-06,101,V,H,EG05,PG03,102931.0,Operations
100513,2019-03-14,2019-03-14,A,RFT,F,1.0,25HR1,HR,WSTMF,115,30,80,2019-03-14,2019-03-14,2019-03-14,,,,H,EG10,PG03,102360.0,Operations
100513,2023-03-15,2023-03-15,A,RFT,F,1.0,26HR2,HR,WSTMF,115,30,80,2019-03-14,2019-03-14,2023-03-15,,,,H,EG03,PG03,102360.0,Operations
100514,2019-03-14,2019-03-14,A,RPT,P,0.66,08ACC3,ACCTG,ALPNC,100,40,100,2019-03-14,2019-03-14,2019-03-14,,,,S,EG01,PG03,102372.0,Operations
100514,2023-06-28,2023-06-28,A,RPT,P,0.66,09ACC4,ACCTG,ALPNC,100,40,100,2019-03-14,2019-03-14,2023-06-28,,,,S,EG05,PG03,102372.0,Operations
100515,2019-03-15,2019-03-15,A,RFT,F,1.0,42SAL2,SALES,ALPNC,124,240,10,2019-03-15,2019-03-15,2019-03-15,,,,H,EG10,PG03,100234.0,Operations
100515,2024-01-10,2024-01-10,A,RFT,F,1.0,43SAL3,SALES,ALPNC,124,240,10,2019-03-15,2019-03-15,2024-01-10,,,,H,EG10,PG03,100234.0,Operations
100516,2019-03-18,2019-03-18,A,RFT,F,1.0,19ENG2,ENGR,WSTMF,118,100,40,2019-03-18,2019-03-18,2019-03-18,,,,H,EG01,PG03,,Operations
100516,2022-07-27,2022-07-27,T,RFT,F,1.0,19ENG2,ENGR,WSTMF,118,100,40,2019-03-18,2019-03-18,2019-03-18,2022-07-27,205,I,H,EG01,PG03,,Operations
100517,2019-03-18,2019-03-18,A,RFT,F,1.0,26HR2,HR,PRMRE,124,180,120,2019-03-18,2019-03-18,2019-03-18,,,,H,EG03,PG02,101270.0,Operations
100517,2021-05-20,2021-05-20,A,RFT,F,1.0,27HR3,HR,PRMRE,124,180,120,2019-03-18,2019-03-18,2021-05-20,,,,H,EG02,PG02,101270.0,Operations
100517,2021-07-07,2021-07-07,T,RFT,F,1.0,27HR3,HR,PRMRE,124,180,120,2019-03-18,2019-03-18,2021-05-20,2021-07-07,101,V,H,EG02,PG02,101270.0,Operations
100518,2019-03-18,2019-03-18,A,RFT,F,1.0,25HR1,HR,ALPNC,116,220,10,2019-03-18,2019-03-18,2019-03-18,,,,H,EG10,PG03,101724.0,Operations
100518,2019-09-04,2019-09-04,A,RFT,F,1.0,05ACC1,ACCTG,ALPNC,116,220,10,2019-03-18,2019-03-18,2019-09-04,,,,H,EG05,PG03,101724.0,Operations
100518,2021-03-02,2021-03-02,T,RFT,F,1.0,05ACC1,ACCTG,ALPNC,116,220,10,2019-03-18,2019-03-18,2019-09-04,2021-03-02,100,V,H,EG05,PG03,101724.0,Operations
100519,2019-03-18,2019-03-18,A,RPT,P,0.72,90PRO3,PROJ,WSTMF,106,220,120,2019-03-18,2019-03-18,2019-03-18,,,,S,EG04,PG03,,Operations
100519,2025-10-28,2025-10-28,T,RPT,P,0.72,90PRO3,PROJ,WSTMF,106,220,120,2019-03-18,2019-03-18,2019-03-18,2025-10-28,100,V,S,EG04,PG03,,Operations
100520,2019-03-19,2019-03-19,A,RFT,F,1.0,41SAL1,SALES,ALPNC,114,160,40,2019-03-19,2019-03-19,2019-03-19,,,,H,EG08,PG03,102948.0,Operations
100520,2022-01-31,2022-01-31,T,RFT,F,1.0,41SAL1,SALES,ALPNC,114,160,40,2019-03-19,2019-03-19,2019-03-19,2022-01-31,206,I,H,EG08,PG03,102948.0,Operations
100521,2019-03-21,2019-03-21,A,RFT,F,1.0,71MKT2,MKTG,PRMRE,102,150,100,2019-03-21,2019-03-21,2019-03-21,,,,H,EG10,PG02,100842.0,Operations
100521,2020-02-19,2020-02-19,T,RFT,F,1.0,71MKT2,MKTG,PRMRE,102,150,100,2019-03-21,2019-03-21,2019-03-21,2020-02-19,202,V,H,EG10,PG02,100842.0,Operations
100522,2019-03-22,2019-03-22,A,RFT,F,1.0,78ANL2,ANLYT,WSTMF,110,30,10,2019-03-22,2019-03-22,2019-03-22,,,,H,EG04,PG03,101429.0,Operations
100522,2019-08-02,2019-08-02,T,RFT,F,1.0,78ANL2,ANLYT,WSTMF,110,30,10,2019-03-22,2019-03-22,2019-03-22,2019-08-02,205,I,H,EG04,PG03,101429.0,Operations
100523,2019-03-22,2019-03-22,A,RFT,F,1.0,77ANL1,ANLYT,NRTHP,103,90,60,2019-03-22,2019-03-22,2019-03-22,,,,H,EG04,PG05,102416.0,Operations
100523,2021-10-21,2021-10-21,T,RFT,F,1.0,77ANL1,ANLYT,NRTHP,103,90,60,2019-03-22,2019-03-22,2019-03-22,2021-10-21,101,V,H,EG04,PG05,102416.0,Operations
100524,2019-03-22,2019-03-22,A,TFT,F,1.0,83SUP4,SUPV,NRTHP,124,160,90,2019-03-22,2019-03-22,2019-03-22,,,,S,EG01,PG05,,Operations
100524,2022-04-21,2022-04-21,T,TFT,F,1.0,83SUP4,SUPV,NRTHP,124,160,90,2019-03-22,2019-03-22,2019-03-22,2022-04-21,101,V,S,EG01,PG05,,Operations
100525,2019-03-22,2019-03-22,A,RFT,F,1.0,05ACC1,ACCTG,NRTHP,119,60,60,2019-03-22,2019-03-22,2019-03-22,,,,S,EG05,PG05,101668.0,Operations
100525,2023-01-19,2023-01-19,T,RFT,F,1.0,05ACC1,ACCTG,NRTHP,119,60,60,2019-03-22,2019-03-22,2019-03-22,2023-01-19,205,I,S,EG05,PG05,101668.0,Operations
100526,2019-03-25,2019-03-25,A,CON,F,1.0,63WHS4,WHSE,ALPNC,104,20,20,2019-03-25,2019-03-25,2019-03-25,,,,S,EG10,PG03,,Operations
100526,2020-02-20,2020-02-20,T,CON,F,1.0,63WHS4,WHSE,ALPNC,104,20,20,2019-03-25,2019-03-25,2019-03-25,2020-02-20,102,V,S,EG10,PG03,,Operations
100527,2019-03-26,2019-03-26,A,RFT,F,1.0,48OPS1,OPS,NRTHP,124,220,60,2019-03-26,2019-03-26,2019-03-26,,,,H,EG03,PG05,100427.0,Operations
100527,2020-10-11,2020-10-11,A,RFT,F,1.0,41SAL1,SALES,NRTHP,124,220,60,2019-03-26,2019-03-26,2020-10-11,,,,H,EG08,PG05,100427.0,Operations
100527,2021-05-19,2021-05-19,A,RFT,F,1.0,42SAL2,SALES,NRTHP,124,220,60,2019-03-26,2019-03-26,2021-05-19,,,,H,EG10,PG05,100427.0,Operations
100527,2022-10-08,2022-10-08,T,RFT,F,1.0,42SAL2,SALES,NRTHP,124,220,60,2019-03-26,2019-03-26,2021-05-19,2022-10-08,202,V,H,EG10,PG05,100427.0,Operations
100528,2019-03-27,2019-03-27,A,RFT,F,1.0,26HR2,HR,NRTHP,117,210,40,2019-03-27,2019-03-27,2019-03-27,,,,H,EG03,PG05,,Operations
100529,2019-03-28,2019-03-28,A,RFT,F,1.0,19ENG2,ENGR,NRTHP,119,180,50,2019-03-28,2019-03-28,2019-03-28,,,,H,EG01,PG05,,Operations
100530,2019-04-01,2019-04-01,A,RPT,P,0.65,33IT2,IT,WSTMF,113,180,100,2019-04-01,2019-04-01,2019-04-01,,,,H,EG09,PG03,,Operations
100530,2020-11-22,2020-11-22,A,RPT,P,0.65,61WHS2,WHSE,WSTMF,113,180,100,2019-04-01,2019-04-01,2020-11-22,,,,H,EG01,PG03,,Operations
100530,2021-05-13,2021-05-13,L,RPT,P,0.65,61WHS2,WHSE,WSTMF,113,180,100,2019-04-01,2019-04-01,2020-11-22,,,,H,EG01,PG03,,Operations
100530,2021-09-10,2021-09-10,A,RPT,P,0.65,61WHS2,WHSE,WSTMF,113,180,100,2019-04-01,2019-04-01,2020-11-22,,,,H,EG01,PG03,,Operations
100530,2023-07-15,2023-07-15,T,RPT,P,0.65,61WHS2,WHSE,WSTMF,113,180,100,2019-04-01,2019-04-01,2020-11-22,2023-07-15,200,I,H,EG01,PG03,,Operations
100531,2019-04-02,2019-04-02,A,TFT,F,1.0,02ADM2,ADMIN,PRMRE,116,90,20,2019-04-02,2019-04-02,2019-04-02,,,,S,EG04,PG02,102267.0,Operations
100531,2019-11-17,2019-11-17,T,TFT,F,1.0,02ADM2,ADMIN,PRMRE,116,90,20,2019-04-02,2019-04-02,2019-04-02,2019-11-17,200,I,S,EG04,PG02,102267.0,Operations
100532,2019-04-04,2019-04-04,A,TFT,F,1.0,33IT2,IT,NRTHP,123,230,40,2019-04-04,2019-04-04,2019-04-04,,,,H,EG09,PG05,,Operations
100532,2024-01-02,2024-01-02,T,TFT,F,1.0,33IT2,IT,NRTHP,123,230,40,2019-04-04,2019-04-04,2019-04-04,2024-01-02,201,I,H,EG09,PG05,,Operations
100533,2019-04-04,2019-04-04,A,RPT,F,0.76,72MKT3,MKTG,WSTMF,102,70,20,2019-04-04,2019-04-04,2019-04-04,,,,S,EG09,PG03,,Operations
100533,2020-07-18,2020-07-18,A,RPT,F,0.76,57TRD3,TRD,WSTMF,102,70,20,2019-04-04,2019-04-04,2020-07-18,,,,S,EG02,PG03,,Operations
100533,2025-01-11,2025-01-11,T,RPT,F,0.76,57TRD3,TRD,WSTMF,102,70,20,2019-04-04,2019-04-04,2020-07-18,2025-01-11,100,V,S,EG02,PG03,,Operations
100534,2019-04-05,2019-04-05,A,CON,F,1.0,72MKT3,MKTG,WSTMF,122,30,50,2019-04-05,2019-04-05,2019-04-05,,,,S,EG09,PG03,,Operations
100534,2019-07-25,2019-07-25,T,CON,F,1.0,72MKT3,MKTG,WSTMF,122,30,50,2019-04-05,2019-04-05,2019-04-05,2019-07-25,100,V,S,EG09,PG03,,Operations
100535,2019-04-05,2019-04-05,A,RFT,F,1.0,70MKT1,MKTG,ALPNC,114,170,60,2019-04-05,2019-04-05,2019-04-05,,,,S,EG04,PG03,,Operations
100535,2025-06-26,2025-06-26,L,RFT,F,1.0,70MKT1,MKTG,ALPNC,114,170,60,2019-04-05,2019-04-05,2019-04-05,,,,S,EG04,PG03,,Operations
100535,2025-11-15,2025-11-15,A,RFT,F,1.0,70MKT1,MKTG,ALPNC,114,170,60,2019-04-05,2019-04-05,2019-04-05,,,,S,EG04,PG03,,Operations
100536,2019-04-05,2019-04-05,A,RFT,F,1.0,07ACC2,ACCTG,ALPNC,119,90,60,2019-04-05,2019-04-05,2019-04-05,,,,H,EG03,PG03,101592.0,Operations
100536,2019-07-06,2019-07-06,A,RFT,F,1.0,08ACC3,ACCTG,ALPNC,119,90,60,2019-04-05,2019-04-05,2019-07-06,,,,H,EG01,PG03,101592.0,Operations
100536,2023-10-03,2023-10-03,T,RFT,F,1.0,08ACC3,ACCTG,ALPNC,119,90,60,2019-04-05,2019-04-05,2019-07-06,2023-10-03,205,I,H,EG01,PG03,101592.0,Operations
100537,2019-04-05,2019-04-05,A,RFT,F,1.0,94LEG2,LEGAL,ALPNC,102,190,70,2019-04-05,2019-04-05,2019-04-05,,,,S,EG02,PG03,102877.0,Operations
100537,2022-09-20,2022-09-20,A,RFT,F,1.0,95LEG3,LEGAL,ALPNC,102,190,70,2019-04-05,2019-04-05,2022-09-20,,,,S,EG05,PG03,102877.0,Operations
100537,2023-12-18,2023-12-18,T,RFT,F,1.0,95LEG3,LEGAL,ALPNC,102,190,70,2019-04-05,2019-04-05,2022-09-20,2023-12-18,101,V,S,EG05,PG03,102877.0,Operations
100538,2019-04-05,2019-04-05,A,RFT,F,1.0,55TRD1,TRD,NRTHP,111,40,120,2019-04-05,2019-04-05,2019-04-05,,,,H,EG04,PG05,101448.0,Operations
100538,2019-11-05,2019-11-05,T,RFT,F,1.0,55TRD1,TRD,NRTHP,111,40,120,2019-04-05,2019-04-05,2019-04-05,2019-11-05,201,I,H,EG04,PG05,101448.0,Operations
100539,2019-04-05,2019-04-05,A,RPT,P,0.66,18ENG1,ENGR,NRTHP,101,190,60,2019-04-05,2019-04-05,2019-04-05,,,,H,EG08,PG05,102129.0,Operations
100539,2021-07-07,2021-07-07,L,RPT,P,0.66,18ENG1,ENGR,NRTHP,101,190,60,2019-04-05,2019-04-05,2019-04-05,,,,H,EG08,PG05,102129.0,Operations
100539,2021-10-22,2021-10-22,A,RPT,P,0.66,18ENG1,ENGR,NRTHP,101,190,60,2019-04-05,2019-04-05,2019-04-05,,,,H,EG08,PG05,102129.0,Operations
100540,2019-04-08,2019-04-08,A,CON,F,1.0,25HR1,HR,NRTHP,111,250,90,2019-04-08,2019-04-08,2019-04-08,,,,H,EG10,PG05,102191.0,Operations
100540,2021-01-09,2021-01-09,A,CON,F,1.0,26HR2,HR,NRTHP,111,250,90,2019-04-08,2019-04-08,2021-01-09,,,,H,EG03,PG05,102191.0,Operations
100540,2023-06-25,2023-06-25,T,CON,F,1.0,26HR2,HR,NRTHP,111,250,90,2019-04-08,2019-04-08,2021-01-09,2023-06-25,100,V,H,EG03,PG05,102191.0,Operations
100541,2019-04-08,2019-04-08,A,RFT,F,1.0,27HR3,HR,WSTMF,118,210,30,2019-04-08,2019-04-08,2019-04-08,,,,S,EG02,PG03,101721.0,Operations
100541,2019-09-18,2019-09-18,T,RFT,F,1.0,27HR3,HR,WSTMF,118,210,30,2019-04-08,2019-04-08,2019-04-08,2019-09-18,101,V,S,EG02,PG03,101721.0,Operations
100542,2019-04-08,2019-04-08,A,RFT,F,1.0,78ANL2,ANLYT,WSTMF,124,220,70,2019-04-08,2019-04-08,2019-04-08,,,,S,EG04,PG03,100427.0,Operations
100542,2019-08-15,2019-08-15,T,RFT,F,1.0,78ANL2,ANLYT,WSTMF,124,220,70,2019-04-08,2019-04-08,2019-04-08,2019-08-15,102,V,S,EG04,PG03,100427.0,Operations
100543,2019-04-09,2019-04-09,A,RPT,P,0.6,02ADM2,ADMIN,NRTHP,120,40,10,2019-04-09,2019-04-09,2019-04-09,,,,H,EG04,PG05,,Operations
100543,2020-12-16,2020-12-16,T,RPT,P,0.6,02ADM2,ADMIN,NRTHP,120,40,10,2019-04-09,2019-04-09,2019-04-09,2020-12-16,200,I,H,EG04,PG05,,Operations
100544,2019-04-10,2019-04-10,A,CON,F,1.0,66TEC2,TECH,ALPNC,116,30,80,2019-04-10,2019-04-10,2019-04-10,,,,S,EG04,PG03,102136.0,Operations
100544,2022-08-06,2022-08-06,A,CON,F,1.0,02ADM2,ADMIN,ALPNC,116,30,80,2019-04-10,2019-04-10,2022-08-06,,,,S,EG04,PG03,102136.0,Operations
100544,2023-12-16,2023-12-16,A,CON,F,1.0,03ADM3,ADMIN,ALPNC,116,30,80,2019-04-10,2019-04-10,2023-12-16,,,,S,EG07,PG03,102136.0,Operations
100545,2019-04-11,2019-04-11,A,RFT,F,1.0,94LEG2,LEGAL,PRMRE,115,130,80,2019-04-11,2019-04-11,2019-04-11,,,,H,EG02,PG02,101190.0,Operations
100546,2019-04-12,2019-04-12,A,RFT,F,1.0,08ACC3,ACCTG,NRTHP,100,200,70,2019-04-12,2019-04-12,2019-04-12,,,,S,EG01,PG05,,Operations
100547,2019-04-12,2019-04-12,A,CON,F,1.0,62WHS3,WHSE,PRMRE,121,30,80,2019-04-12,2019-04-12,2019-04-12,,,,S,EG01,PG02,,Operations
100547,2020-11-18,2020-11-18,T,CON,F,1.0,62WHS3,WHSE,PRMRE,121,30,80,2019-04-12,2019-04-12,2019-04-12,2020-11-18,100,V,S,EG01,PG02,,Operations
100548,2019-04-12,2019-04-12,A,RFT,F,1.0,33IT2,IT,NRTHP,121,70,110,2019-04-12,2019-04-12,2019-04-12,,,,H,EG09,PG05,,Operations
100548,2023-12-10,2023-12-10,A,RFT,F,1.0,35IT3,IT,NRTHP,121,70,110,2019-04-12,2019-04-12,2023-12-10,,,,H,EG08,PG05,,Operations
100549,2019-04-12,2019-04-12,A,RFT,F,1.0,26HR2,HR,PRMRE,124,170,100,2019-04-12,2019-04-12,2019-04-12,,,,H,EG03,PG02,102836.0,Operations
100549,2019-10-18,2019-10-18,A,RFT,F,1.0,27HR3,HR,PRMRE,124,170,100,2019-04-12,2019-04-12,2019-10-18,,,,H,EG02,PG02,102836.0,Operations
100549,2020-04-27,2020-04-27,T,RFT,F,1.0,27HR3,HR,PRMRE,124,170,100,2019-04-12,2019-04-12,2019-10-18,2020-04-27,205,I,H,EG02,PG02,102836.0,Operations
100550,2019-04-12,2019-04-12,A,RFT,F,1.0,13CSR1,CSR,ALPNC,100,190,110,2019-04-12,2019-04-12,2019-04-12,,,,S,EG01,PG03,102532.0,Operations
100550,2023-05-11,2023-05-11,A,RFT,F,1.0,77ANL1,ANLYT,ALPNC,100,190,110,2019-04-12,2019-04-12,2023-05-11,,,,S,EG04,PG03,102532.0,Operations
100550,2024-01-27,2024-01-27,T,RFT,F,1.0,77ANL1,ANLYT,ALPNC,100,190,110,2019-04-12,2019-04-12,2023-05-11,2024-01-27,201,I,S,EG04,PG03,102532.0,Operations
100551,2019-04-12,2019-04-12,A,CON,F,1.0,05ACC1,ACCTG,ALPNC,104,50,20,2019-04-12,2019-04-12,2019-04-12,,,,H,EG05,PG03,102316.0,Operations
100551,2020-12-27,2020-12-27,L,CON,F,1.0,05ACC1,ACCTG,ALPNC,104,50,20,2019-04-12,2019-04-12,2019-04-12,,,,H,EG05,PG03,102316.0,Operations
100551,2021-05-21,2021-05-21,A,CON,F,1.0,05ACC1,ACCTG,ALPNC,104,50,20,2019-04-12,2019-04-12,2019-04-12,,,,H,EG05,PG03,102316.0,Operations
100551,2024-09-05,2024-09-05,A,CON,F,1.0,07ACC2,ACCTG,ALPNC,104,50,20,2019-04-12,2019-04-12,2024-09-05,,,,H,EG03,PG03,102316.0,Operations
100552,2019-04-15,2019-04-15,A,RFT,F,1.0,48OPS1,OPS,ALPNC,104,50,110,2019-04-15,2019-04-15,2019-04-15,,,,H,EG03,PG03,102316.0,Operations
100552,2020-11-23,2020-11-23,A,RFT,F,1.0,49OPS2,OPS,ALPNC,104,50,110,2019-04-15,2019-04-15,2020-11-23,,,,H,EG05,PG03,102316.0,Operations
100552,2021-03-07,2021-03-07,T,RFT,F,1.0,49OPS2,OPS,ALPNC,104,50,110,2019-04-15,2019-04-15,2020-11-23,2021-03-07,100,V,H,EG05,PG03,102316.0,Operations
100553,2019-04-16,2019-04-16,A,RFT,F,1.0,61WHS2,WHSE,WSTMF,110,130,110,2019-04-16,2019-04-16,2019-04-16,,,,H,EG01,PG03,,Operations
100553,2020-04-02,2020-04-02,T,RFT,F,1.0,61WHS2,WHSE,WSTMF,110,130,110,2019-04-16,2019-04-16,2019-04-16,2020-04-02,101,V,H,EG01,PG03,,Operations
100554,2019-04-18,2019-04-18,A,RPT,P,0.64,25HR1,HR,ALPNC,111,60,70,2019-04-18,2019-04-18,2019-04-18,,,,H,EG10,PG03,102908.0,Operations
100554,2021-10-12,2021-10-12,T,RPT,P,0.64,25HR1,HR,ALPNC,111,60,70,2019-04-18,2019-04-18,2019-04-18,2021-10-12,100,V,H,EG10,PG03,102908.0,Operations
100555,2019-04-19,2019-04-19,A,TFT,F,1.0,94LEG2,LEGAL,PRMRE,117,10,50,2019-04-19,2019-04-19,2019-04-19,,,,S,EG02,PG02,101488.0,Operations
100555,2019-06-03,2019-06-03,T,TFT,F,1.0,94LEG2,LEGAL,PRMRE,117,10,50,2019-04-19,2019-04-19,2019-04-19,2019-06-03,201,I,S,EG02,PG02,101488.0,Operations
100556,2019-04-22,2019-04-22,A,RFT,F,1.0,48OPS1,OPS,ALPNC,116,250,20,2019-04-22,2019-04-22,2019-04-22,,,,H,EG03,PG03,,Operations
100556,2023-01-20,2023-01-20,A,RFT,F,1.0,41SAL1,SALES,ALPNC,116,250,20,2019-04-22,2019-04-22,2023-01-20,,,,H,EG08,PG03,,Operations
100557,2019-04-23,2019-04-23,A,RPT,F,0.77,19ENG2,ENGR,NRTHP,114,210,100,2019-04-23,2019-04-23,2019-04-23,,,,H,EG01,PG05,,Operations
100557,2019-05-16,2019-05-16,T,RPT,F,0.77,19ENG2,ENGR,NRTHP,114,210,100,2019-04-23,2019-04-23,2019-04-23,2019-05-16,207,I,H,EG01,PG05,,Operations
100558,2019-04-24,2019-04-24,A,CON,F,1.0,65TEC1,TECH,NRTHP,121,140,60,2019-04-24,2019-04-24,2019-04-24,,,,H,EG08,PG05,101613.0,Operations
100558,2019-11-06,2019-11-06,A,CON,F,1.0,66TEC2,TECH,NRTHP,121,140,60,2019-04-24,2019-04-24,2019-11-06,,,,H,EG04,PG05,101613.0,Operations
100558,2020-08-12,2020-08-12,T,CON,F,1.0,66TEC2,TECH,NRTHP,121,140,60,2019-04-24,2019-04-24,2019-11-06,2020-08-12,100,V,H,EG04,PG05,101613.0,Operations
100559,2019-04-24,2019-04-24,A,RFT,F,1.0,77ANL1,ANLYT,NRTHP,104,240,20,2019-04-24,2019-04-24,2019-04-24,,,,H,EG04,PG05,,Operations
100559,2019-09-07,2019-09-07,T,RFT,F,1.0,77ANL1,ANLYT,NRTHP,104,240,20,2019-04-24,2019-04-24,2019-04-24,2019-09-07,100,V,H,EG04,PG05,,Operations
100560,2019-04-24,2019-04-24,A,RFT,F,1.0,06ACC1,ACCTG,PRMRE,116,170,60,2019-04-24,2019-04-24,2019-04-24,,,,S,EG09,PG02,,Operations
100560,2021-04-17,2021-04-17,A,RFT,F,1.0,01ADM1,ADMIN,PRMRE,116,170,60,2019-04-24,2019-04-24,2021-04-17,,,,S,EG05,PG02,,Operations
100560,2023-02-13,2023-02-13,T,RFT,F,1.0,01ADM1,ADMIN,PRMRE,116,170,60,2019-04-24,2019-04-24,2021-04-17,2023-02-13,100,V,S,EG05,PG02,,Operations
100561,2019-04-25,2019-04-25,A,RFT,F,1.0,43SAL3,SALES,PRMRE,122,160,40,2019-04-25,2019-04-25,2019-04-25,,,,S,EG10,PG02,100003.0,Operations
100561,2020-05-10,2020-05-10,A,RFT,F,1.0,44SAL4,SALES,PRMRE,122,160,40,2019-04-25,2019-04-25,2020-05-10,,,,S,EG09,PG02,100003.0,Operations
100561,2023-03-10,2023-03-10,T,RFT,F,1.0,44SAL4,SALES,PRMRE,122,160,40,2019-04-25,2019-04-25,2020-05-10,2023-03-10,205,I,S,EG09,PG02,100003.0,Operations
100562,2019-04-26,2019-04-26,A,RFT,F,1.0,15CSR3,CSR,PRMRE,100,130,60,2019-04-26,2019-04-26,2019-04-26,,,,S,EG10,PG02,101590.0,Operations
100562,2025-06-11,2025-06-11,T,RFT,F,1.0,15CSR3,CSR,PRMRE,100,130,60,2019-04-26,2019-04-26,2019-04-26,2025-06-11,100,V,S,EG10,PG02,101590.0,Operations
100563,2019-04-26,2019-04-26,A,RPT,P,0.66,57TRD3,TRD,WSTMF,108,200,60,2019-04-26,2019-04-26,2019-04-26,,,,S,EG02,PG03,,Operations
100564,2019-04-26,2019-04-26,A,RFT,F,1.0,79ANL3,ANLYT,WSTMF,104,40,80,2019-04-26,2019-04-26,2019-04-26,,,,S,EG10,PG03,100700.0,Operations
100564,2019-12-23,2019-12-23,T,RFT,F,1.0,79ANL3,ANLYT,WSTMF,104,40,80,2019-04-26,2019-04-26,2019-04-26,2019-12-23,102,V,S,EG10,PG03,100700.0,Operations
100565,2019-04-26,2019-04-26,A,CON,F,1.0,56TRD2,TRD,ALPNC,114,70,10,2019-04-26,2019-04-26,2019-04-26,,,,H,EG02,PG03,,Operations
100565,2019-10-25,2019-10-25,A,CON,F,1.0,57TRD3,TRD,ALPNC,114,70,10,2019-04-26,2019-04-26,2019-10-25,,,,H,EG02,PG03,,Operations
100565,2023-02-23,2023-02-23,T,CON,F,1.0,57TRD3,TRD,ALPNC,114,70,10,2019-04-26,2019-04-26,2019-10-25,2023-02-23,101,V,H,EG02,PG03,,Operations
100566,2019-04-26,2019-04-26,A,RFT,F,1.0,38IT5,IT,ALPNC,102,220,60,2019-04-26,2019-04-26,2019-04-26,,,,S,EG02,PG03,,Operations
100566,2019-05-07,2019-05-07,L,RFT,F,1.0,38IT5,IT,ALPNC,102,220,60,2019-04-26,2019-04-26,2019-04-26,,,,S,EG02,PG03,,Operations
100566,2019-09-26,2019-09-26,A,RFT,F,1.0,38IT5,IT,ALPNC,102,220,60,2019-04-26,2019-04-26,2019-04-26,,,,S,EG02,PG03,,Operations
100566,2019-06-20,2019-06-20,T,RFT,F,1.0,38IT5,IT,ALPNC,102,220,60,2019-04-26,2019-04-26,2019-04-26,2019-06-20,100,V,S,EG02,PG03,,Operations
100567,2019-04-26,2019-04-26,A,RFT,F,1.0,02ADM2,ADMIN,WSTMF,111,130,80,2019-04-26,2019-04-26,2019-04-26,,,,H,EG04,PG03,100890.0,Operations
100567,2022-08-22,2022-08-22,T,RFT,F,1.0,02ADM2,ADMIN,WSTMF,111,130,80,2019-04-26,2019-04-26,2019-04-26,2022-08-22,101,V,H,EG04,PG03,100890.0,Operations
100568,2019-04-26,2019-04-26,A,RFT,F,1.0,09ACC4,ACCTG,NRTHP,104,140,30,2019-04-26,2019-04-26,2019-04-26,,,,S,EG05,PG05,,Operations
100568,2023-09-03,2023-09-03,L,RFT,F,1.0,09ACC4,ACCTG,NRTHP,104,140,30,2019-04-26,2019-04-26,2019-04-26,,,,S,EG05,PG05,,Operations
100568,2023-12-21,2023-12-21,A,RFT,F,1.0,09ACC4,ACCTG,NRTHP,104,140,30,2019-04-26,2019-04-26,2019-04-26,,,,S,EG05,PG05,,Operations
100568,2025-03-18,2025-03-18,T,RFT,F,1.0,09ACC4,ACCTG,NRTHP,104,140,30,2019-04-26,2019-04-26,2019-04-26,2025-03-18,200,I,S,EG05,PG05,,Operations
100569,2019-04-26,2019-04-26,A,RFT,F,1.0,95LEG3,LEGAL,ALPNC,112,190,80,2019-04-26,2019-04-26,2019-04-26,,,,S,EG05,PG03,100738.0,Operations
100569,2021-06-16,2021-06-16,A,RFT,F,1.0,96LEG4,LEGAL,ALPNC,112,190,80,2019-04-26,2019-04-26,2021-06-16,,,,S,EG10,PG03,100738.0,Operations
100569,2022-12-15,2022-12-15,A,RFT,F,1.0,17CSR5,CSR,ALPNC,112,190,80,2019-04-26,2019-04-26,2022-12-15,,,,S,EG07,PG03,100738.0,Operations
100570,2019-04-26,2019-04-26,A,RFT,F,1.0,02ADM2,ADMIN,PRMRE,118,190,70,2019-04-26,2019-04-26,2019-04-26,,,,S,EG04,PG02,,Operations
100570,2019-12-19,2019-12-19,A,RFT,F,1.0,71MKT2,MKTG,PRMRE,118,190,70,2019-04-26,2019-04-26,2019-12-19,,,,S,EG10,PG02,,Operations
100570,2020-07-07,2020-07-07,T,RFT,F,1.0,71MKT2,MKTG,PRMRE,118,190,70,2019-04-26,2019-04-26,2019-12-19,2020-07-07,207,I,S,EG10,PG02,,Operations
100571,2019-04-26,2019-04-26,A,RPT,P,0.68,55TRD1,TRD,ALPNC,121,200,40,2019-04-26,2019-04-26,2019-04-26,,,,H,EG04,PG03,102280.0,Operations
100571,2020-01-23,2020-01-23,A,RPT,P,0.68,56TRD2,TRD,ALPNC,121,200,40,2019-04-26,2019-04-26,2020-01-23,,,,H,EG02,PG03,102280.0,Operations
100571,2023-08-28,2023-08-28,A,RPT,P,0.68,57TRD3,TRD,ALPNC,121,200,40,2019-04-26,2019-04-26,2023-08-28,,,,H,EG02,PG03,102280.0,Operations
100572,2019-04-26,2019-04-26,A,CON,F,1.0,41SAL1,SALES,PRMRE,115,30,30,2019-04-26,2019-04-26,2019-04-26,,,,H,EG08,PG02,102360.0,Operations
100572,2020-06-19,2020-06-19,T,CON,F,1.0,41SAL1,SALES,PRMRE,115,30,30,2019-04-26,2019-04-26,2019-04-26,2020-06-19,100,V,H,EG08,PG02,102360.0,Operations
100573,2019-04-26,2019-04-26,A,RPT,F,0.78,06ACC1,ACCTG,NRTHP,111,80,110,2019-04-26,2019-04-26,2019-04-26,,,,H,EG09,PG05,100773.0,Operations
100574,2019-04-26,2019-04-26,A,CON,F,1.0,65TEC1,TECH,PRMRE,105,140,100,2019-04-26,2019-04-26,2019-04-26,,,,H,EG08,PG02,101279.0,Operations
100574,2020-07-08,2020-07-08,T,CON,F,1.0,65TEC1,TECH,PRMRE,105,140,100,2019-04-26,2019-04-26,2019-04-26,2020-07-08,100,V,H,EG08,PG02,101279.0,Operations
100575,2019-04-26,2019-04-26,A,RFT,F,1.0,08ACC3,ACCTG,NRTHP,115,190,90,2019-04-26,2019-04-26,2019-04-26,,,,S,EG01,PG05,100276.0,Operations
100576,2019-05-01,2019-05-01,A,RPT,P,0.61,14CSR2,CSR,ALPNC,121,120,100,2019-05-01,2019-05-01,2019-05-01,,,,S,EG06,PG03,101473.0,Operations
100577,2019-05-01,2019-05-01,A,RPT,P,0.73,65TEC1,TECH,PRMRE,117,30,120,2019-05-01,2019-05-01,2019-05-01,,,,H,EG08,PG02,102438.0,Operations
100577,2021-01-22,2021-01-22,T,RPT,P,0.73,65TEC1,TECH,PRMRE,117,30,120,2019-05-01,2019-05-01,2019-05-01,2021-01-22,100,V,H,EG08,PG02,102438.0,Operations
100578,2019-05-01,2019-05-01,A,RFT,F,1.0,66TEC2,TECH,NRTHP,119,30,50,2019-05-01,2019-05-01,2019-05-01,,,,S,EG04,PG05,,Operations
100578,2022-12-09,2022-12-09,T,RFT,F,1.0,66TEC2,TECH,NRTHP,119,30,50,2019-05-01,2019-05-01,2019-05-01,2022-12-09,210,I,S,EG04,PG05,,Operations
100579,2019-05-02,2019-05-02,A,RFT,F,1.0,07ACC2,ACCTG,ALPNC,115,80,60,2019-05-02,2019-05-02,2019-05-02,,,,H,EG03,PG03,101251.0,Operations
100579,2022-02-18,2022-02-18,T,RFT,F,1.0,07ACC2,ACCTG,ALPNC,115,80,60,2019-05-02,2019-05-02,2019-05-02,2022-02-18,210,I,H,EG03,PG03,101251.0,Operations
100580,2019-05-02,2019-05-02,A,TFT,F,1.0,70MKT1,MKTG,WSTMF,100,30,30,2019-05-02,2019-05-02,2019-05-02,,,,H,EG04,PG03,101389.0,Operations
100580,2022-11-10,2022-11-10,A,TFT,F,1.0,71MKT2,MKTG,WSTMF,100,30,30,2019-05-02,2019-05-02,2022-11-10,,,,H,EG10,PG03,101389.0,Operations
100580,2023-06-11,2023-06-11,T,TFT,F,1.0,71MKT2,MKTG,WSTMF,100,30,30,2019-05-02,2019-05-02,2022-11-10,2023-06-11,102,V,H,EG10,PG03,101389.0,Operations
100581,2019-05-03,2019-05-03,A,CON,F,1.0,61WHS2,WHSE,PRMRE,100,70,90,2019-05-03,2019-05-03,2019-05-03,,,,H,EG01,PG02,,Operations
100581,2020-07-22,2020-07-22,T,CON,F,1.0,61WHS2,WHSE,PRMRE,100,70,90,2019-05-03,2019-05-03,2019-05-03,2020-07-22,100,V,H,EG01,PG02,,Operations
100582,2019-05-03,2019-05-03,A,CON,F,1.0,55TRD1,TRD,WSTMF,104,20,10,2019-05-03,2019-05-03,2019-05-03,,,,S,EG04,PG03,100864.0,Operations
100583,2019-05-03,2019-05-03,A,RPT,P,0.4,91PRO4,PROJ,NRTHP,121,40,120,2019-05-03,2019-05-03,2019-05-03,,,,S,EG02,PG05,,Operations
100583,2021-06-13,2021-06-13,T,RPT,P,0.4,91PRO4,PROJ,NRTHP,121,40,120,2019-05-03,2019-05-03,2019-05-03,2021-06-13,101,V,S,EG02,PG05,,Operations
100584,2019-05-03,2019-05-03,A,RFT,F,1.0,64WHS5,WHSE,WSTMF,110,80,70,2019-05-03,2019-05-03,2019-05-03,,,,S,EG03,PG03,,Operations
100585,2019-05-06,2019-05-06,A,RFT,F,1.0,34IT2,IT,ALPNC,112,250,20,2019-05-06,2019-05-06,2019-05-06,,,,H,EG08,PG03,,Operations
100585,2019-11-10,2019-11-10,T,RFT,F,1.0,34IT2,IT,ALPNC,112,250,20,2019-05-06,2019-05-06,2019-05-06,2019-11-10,205,I,H,EG08,PG03,,Operations
100586,2019-05-07,2019-05-07,A,TAW,F,1.0,90PRO3,PROJ,PRMRE,121,230,60,2019-05-07,2019-05-07,2019-05-07,,,,S,EG04,PG02,102034.0,Operations
100586,2021-10-11,2021-10-11,A,TAW,F,1.0,27HR3,HR,PRMRE,121,230,60,2019-05-07,2019-05-07,2021-10-11,,,,S,EG02,PG02,102034.0,Operations
100587,2019-05-07,2019-05-07,A,RFT,F,1.0,14CSR2,CSR,ALPNC,102,210,110,2019-05-07,2019-05-07,2019-05-07,,,,S,EG06,PG03,101824.0,Operations
100587,2019-10-22,2019-10-22,T,RFT,F,1.0,14CSR2,CSR,ALPNC,102,210,110,2019-05-07,2019-05-07,2019-05-07,2019-10-22,206,I,S,EG06,PG03,101824.0,Operations
100588,2019-05-08,2019-05-08,A,RFT,F,1.0,25HR1,HR,PRMRE,122,70,10,2019-05-08,2019-05-08,2019-05-08,,,,S,EG10,PG02,101370.0,Operations
100588,2019-07-09,2019-07-09,A,RFT,F,1.0,26HR2,HR,PRMRE,122,70,10,2019-05-08,2019-05-08,2019-07-09,,,,S,EG03,PG02,101370.0,Operations
100588,2020-08-17,2020-08-17,T,RFT,F,1.0,26HR2,HR,PRMRE,122,70,10,2019-05-08,2019-05-08,2019-07-09,2020-08-17,202,V,S,EG03,PG02,101370.0,Operations
100589,2019-05-08,2019-05-08,A,RFT,F,1.0,48OPS1,OPS,WSTMF,105,30,110,2019-05-08,2019-05-08,2019-05-08,,,,H,EG03,PG03,101914.0,Operations
100589,2020-01-28,2020-01-28,A,RFT,F,1.0,49OPS2,OPS,WSTMF,105,30,110,2019-05-08,2019-05-08,2020-01-28,,,,H,EG05,PG03,101914.0,Operations
100589,2023-02-28,2023-02-28,A,RFT,F,1.0,50OPS3,OPS,WSTMF,105,30,110,2019-05-08,2019-05-08,2023-02-28,,,,H,EG06,PG03,101914.0,Operations
100589,2023-10-22,2023-10-22,A,RFT,F,1.0,51OPS4,OPS,WSTMF,105,30,110,2019-05-08,2019-05-08,2023-10-22,,,,H,EG07,PG03,101914.0,Operations
100590,2019-05-09,2019-05-09,A,RFT,F,1.0,09ACC4,ACCTG,WSTMF,124,220,120,2019-05-09,2019-05-09,2019-05-09,,,,S,EG05,PG03,100427.0,Operations
100590,2020-10-07,2020-10-07,T,RFT,F,1.0,09ACC4,ACCTG,WSTMF,124,220,120,2019-05-09,2019-05-09,2019-05-09,2020-10-07,101,V,S,EG05,PG03,100427.0,Operations
100591,2019-05-09,2019-05-09,A,RFT,F,1.0,34IT2,IT,PRMRE,118,110,20,2019-05-09,2019-05-09,2019-05-09,,,,H,EG08,PG02,,Operations
100591,2020-04-01,2020-04-01,T,RFT,F,1.0,34IT2,IT,PRMRE,118,110,20,2019-05-09,2019-05-09,2019-05-09,2020-04-01,202,V,H,EG08,PG02,,Operations
100592,2019-05-09,2019-05-09,A,RFT,F,1.0,27HR3,HR,PRMRE,100,190,70,2019-05-09,2019-05-09,2019-05-09,,,,S,EG02,PG02,102532.0,Operations
100592,2019-08-20,2019-08-20,A,RFT,F,1.0,28HR4,HR,PRMRE,100,190,70,2019-05-09,2019-05-09,2019-08-20,,,,S,EG08,PG02,102532.0,Operations
100592,2021-03-11,2021-03-11,T,RFT,F,1.0,28HR4,HR,PRMRE,100,190,70,2019-05-09,2019-05-09,2019-08-20,2021-03-11,201,I,S,EG08,PG02,102532.0,Operations
100593,2019-05-09,2019-05-09,A,RFT,F,1.0,48OPS1,OPS,PRMRE,105,140,120,2019-05-09,2019-05-09,2019-05-09,,,,H,EG03,PG02,101279.0,Operations
100594,2019-05-09,2019-05-09,A,RFT,F,1.0,94LEG2,LEGAL,NRTHP,116,100,100,2019-05-09,2019-05-09,2019-05-09,,,,S,EG02,PG05,102766.0,Operations
100594,2019-10-31,2019-10-31,T,RFT,F,1.0,94LEG2,LEGAL,NRTHP,116,100,100,2019-05-09,2019-05-09,2019-05-09,2019-10-31,202,V,S,EG02,PG05,102766.0,Operations
100595,2019-05-10,2019-05-10,A,RFT,F,1.0,61WHS2,WHSE,NRTHP,114,180,110,2019-05-10,2019-05-10,2019-05-10,,,,H,EG01,PG05,102185.0,Operations
100595,2019-12-05,2019-12-05,T,RFT,F,1.0,61WHS2,WHSE,NRTHP,114,180,110,2019-05-10,2019-05-10,2019-05-10,2019-12-05,201,I,H,EG01,PG05,102185.0,Operations
100596,2019-05-10,2019-05-10,A,RFT,F,1.0,34IT2,IT,PRMRE,115,220,90,2019-05-10,2019-05-10,2019-05-10,,,,H,EG08,PG02,102648.0,Operations
100596,2023-12-21,2023-12-21,T,RFT,F,1.0,34IT2,IT,PRMRE,115,220,90,2019-05-10,2019-05-10,2019-05-10,2023-12-21,205,I,H,EG08,PG02,102648.0,Operations
100597,2019-05-10,2019-05-10,A,RFT,F,1.0,95LEG3,LEGAL,ALPNC,121,20,10,2019-05-10,2019-05-10,2019-05-10,,,,S,EG05,PG03,100758.0,Operations
100598,2019-05-10,2019-05-10,A,RPT,F,0.8,89PRO2,PROJ,WSTMF,100,160,20,2019-05-10,2019-05-10,2019-05-10,,,,H,EG06,PG03,102626.0,Operations
100598,2020-04-20,2020-04-20,A,RPT,F,0.8,90PRO3,PROJ,WSTMF,100,160,20,2019-05-10,2019-05-10,2020-04-20,,,,H,EG04,PG03,102626.0,Operations
100599,2019-05-10,2019-05-10,A,RFT,F,1.0,51OPS4,OPS,PRMRE,124,160,120,2019-05-10,2019-05-10,2019-05-10,,,,S,EG07,PG02,,Operations
100599,2020-11-18,2020-11-18,A,RFT,F,1.0,28HR4,HR,PRMRE,124,160,120,2019-05-10,2019-05-10,2020-11-18,,,,S,EG08,PG02,,Operations
100600,2019-05-13,2019-05-13,A,RFT,F,1.0,42SAL2,SALES,ALPNC,112,120,80,2019-05-13,2019-05-13,2019-05-13,,,,S,EG10,PG03,101486.0,Operations
100600,2021-02-17,2021-02-17,T,RFT,F,1.0,42SAL2,SALES,ALPNC,112,120,80,2019-05-13,2019-05-13,2019-05-13,2021-02-17,100,V,S,EG10,PG03,101486.0,Operations
100601,2019-05-13,2019-05-13,A,RFT,F,1.0,14CSR2,CSR,WSTMF,108,40,10,2019-05-13,2019-05-13,2019-05-13,,,,S,EG06,PG03,102445.0,Operations
100601,2022-01-08,2022-01-08,L,RFT,F,1.0,14CSR2,CSR,WSTMF,108,40,10,2019-05-13,2019-05-13,2019-05-13,,,,S,EG06,PG03,102445.0,Operations
100601,2022-05-02,2022-05-02,A,RFT,F,1.0,14CSR2,CSR,WSTMF,108,40,10,2019-05-13,2019-05-13,2019-05-13,,,,S,EG06,PG03,102445.0,Operations
100601,2026-01-17,2026-01-17,T,RFT,F,1.0,14CSR2,CSR,WSTMF,108,40,10,2019-05-13,2019-05-13,2019-05-13,2026-01-17,201,I,S,EG06,PG03,102445.0,Operations
100602,2019-05-13,2019-05-13,A,RFT,F,1.0,55TRD1,TRD,PRMRE,115,80,120,2019-05-13,2019-05-13,2019-05-13,,,,H,EG04,PG02,101251.0,Operations
100602,2021-01-31,2021-01-31,A,RFT,F,1.0,56TRD2,TRD,PRMRE,115,80,120,2019-05-13,2019-05-13,2021-01-31,,,,H,EG02,PG02,101251.0,Operations
100602,2024-07-10,2024-07-10,A,RFT,F,1.0,57TRD3,TRD,PRMRE,115,80,120,2019-05-13,2019-05-13,2024-07-10,,,,H,EG02,PG02,101251.0,Operations
100603,2019-05-14,2019-05-14,A,RFT,F,1.0,70MKT1,MKTG,ALPNC,112,170,50,2019-05-14,2019-05-14,2019-05-14,,,,H,EG04,PG03,102237.0,Operations
100603,2023-10-02,2023-10-02,L,RFT,F,1.0,70MKT1,MKTG,ALPNC,112,170,50,2019-05-14,2019-05-14,2019-05-14,,,,H,EG04,PG03,102237.0,Operations
100603,2024-02-15,2024-02-15,A,RFT,F,1.0,70MKT1,MKTG,ALPNC,112,170,50,2019-05-14,2019-05-14,2019-05-14,,,,H,EG04,PG03,102237.0,Operations
100603,2025-10-03,2025-10-03,T,RFT,F,1.0,70MKT1,MKTG,ALPNC,112,170,50,2019-05-14,2019-05-14,2019-05-14,2025-10-03,207,I,H,EG04,PG03,102237.0,Operations
100604,2019-05-14,2019-05-14,A,RFT,F,1.0,70MKT1,MKTG,WSTMF,100,190,80,2019-05-14,2019-05-14,2019-05-14,,,,H,EG04,PG03,102532.0,Operations
100604,2019-08-25,2019-08-25,T,RFT,F,1.0,70MKT1,MKTG,WSTMF,100,190,80,2019-05-14,2019-05-14,2019-05-14,2019-08-25,207,I,H,EG04,PG03,102532.0,Operations
100605,2019-05-14,2019-05-14,A,RFT,F,1.0,02ADM2,ADMIN,ALPNC,104,180,90,2019-05-14,2019-05-14,2019-05-14,,,,H,EG04,PG03,102929.0,Operations
100605,2021-02-27,2021-02-27,T,RFT,F,1.0,02ADM2,ADMIN,ALPNC,104,180,90,2019-05-14,2019-05-14,2019-05-14,2021-02-27,205,I,H,EG04,PG03,102929.0,Operations
100606,2019-05-17,2019-05-17,A,RFT,F,1.0,81ANL5,ANLYT,NRTHP,124,20,40,2019-05-17,2019-05-17,2019-05-17,,,,S,EG01,PG05,,Operations
100606,2023-03-27,2023-03-27,T,RFT,F,1.0,81ANL5,ANLYT,NRTHP,124,20,40,2019-05-17,2019-05-17,2019-05-17,2023-03-27,100,V,S,EG01,PG05,,Operations
100607,2019-05-17,2019-05-17,A,RFT,F,1.0,14CSR2,CSR,NRTHP,103,210,100,2019-05-17,2019-05-17,2019-05-17,,,,H,EG06,PG05,,Operations
100607,2021-03-08,2021-03-08,L,RFT,F,1.0,14CSR2,CSR,NRTHP,103,210,100,2019-05-17,2019-05-17,2019-05-17,,,,H,EG06,PG05,,Operations
100607,2021-07-15,2021-07-15,A,RFT,F,1.0,14CSR2,CSR,NRTHP,103,210,100,2019-05-17,2019-05-17,2019-05-17,,,,H,EG06,PG05,,Operations
100607,2022-03-16,2022-03-16,T,RFT,F,1.0,14CSR2,CSR,NRTHP,103,210,100,2019-05-17,2019-05-17,2019-05-17,2022-03-16,101,V,H,EG06,PG05,,Operations
100608,2019-05-17,2019-05-17,A,RPT,P,0.59,01ADM1,ADMIN,NRTHP,114,140,10,2019-05-17,2019-05-17,2019-05-17,,,,H,EG05,PG05,,Operations
100608,2019-06-17,2019-06-17,T,RPT,P,0.59,01ADM1,ADMIN,NRTHP,114,140,10,2019-05-17,2019-05-17,2019-05-17,2019-06-17,206,I,H,EG05,PG05,,Operations
100609,2019-05-17,2019-05-17,A,RFT,F,1.0,73MKT4,MKTG,NRTHP,114,30,120,2019-05-17,2019-05-17,2019-05-17,,,,S,EG01,PG05,,Operations
100609,2020-07-02,2020-07-02,T,RFT,F,1.0,73MKT4,MKTG,NRTHP,114,30,120,2019-05-17,2019-05-17,2019-05-17,2020-07-02,202,V,S,EG01,PG05,,Operations
100610,2019-05-17,2019-05-17,A,RFT,F,1.0,49OPS2,OPS,WSTMF,118,50,110,2019-05-17,2019-05-17,2019-05-17,,,,H,EG05,PG03,,Operations
100610,2020-03-30,2020-03-30,T,RFT,F,1.0,49OPS2,OPS,WSTMF,118,50,110,2019-05-17,2019-05-17,2019-05-17,2020-03-30,205,I,H,EG05,PG03,,Operations
100611,2019-05-17,2019-05-17,A,RFT,F,1.0,41SAL1,SALES,NRTHP,109,230,20,2019-05-17,2019-05-17,2019-05-17,,,,H,EG08,PG05,,Operations
100611,2019-12-25,2019-12-25,T,RFT,F,1.0,41SAL1,SALES,NRTHP,109,230,20,2019-05-17,2019-05-17,2019-05-17,2019-12-25,100,V,H,EG08,PG05,,Operations
100612,2019-05-17,2019-05-17,A,RPT,P,0.7,94LEG2,LEGAL,WSTMF,118,230,20,2019-05-17,2019-05-17,2019-05-17,,,,H,EG02,PG03,100254.0,Operations
100612,2019-07-07,2019-07-07,T,RPT,P,0.7,94LEG2,LEGAL,WSTMF,118,230,20,2019-05-17,2019-05-17,2019-05-17,2019-07-07,100,V,H,EG02,PG03,100254.0,Operations
100613,2019-05-20,2019-05-20,A,RFT,F,1.0,02ADM2,ADMIN,WSTMF,104,190,90,2019-05-20,2019-05-20,2019-05-20,,,,S,EG04,PG03,100361.0,Operations
100613,2024-04-19,2024-04-19,A,RFT,F,1.0,03ADM3,ADMIN,WSTMF,104,190,90,2019-05-20,2019-05-20,2024-04-19,,,,S,EG07,PG03,100361.0,Operations
100613,2024-06-11,2024-06-11,L,RFT,F,1.0,03ADM3,ADMIN,WSTMF,104,190,90,2019-05-20,2019-05-20,2024-04-19,,,,S,EG07,PG03,100361.0,Operations
100613,2024-07-29,2024-07-29,A,RFT,F,1.0,03ADM3,ADMIN,WSTMF,104,190,90,2019-05-20,2019-05-20,2024-04-19,,,,S,EG07,PG03,100361.0,Operations
100614,2019-05-20,2019-05-20,A,CON,F,1.0,71MKT2,MKTG,WSTMF,118,170,40,2019-05-20,2019-05-20,2019-05-20,,,,S,EG10,PG03,,Operations
100614,2020-05-23,2020-05-23,T,CON,F,1.0,71MKT2,MKTG,WSTMF,118,170,40,2019-05-20,2019-05-20,2019-05-20,2020-05-23,101,V,S,EG10,PG03,,Operations
100615,2019-05-21,2019-05-21,A,RFT,F,1.0,14CSR2,CSR,PRMRE,116,50,50,2019-05-21,2019-05-21,2019-05-21,,,,H,EG06,PG02,100007.0,Operations
100615,2020-10-25,2020-10-25,T,RFT,F,1.0,14CSR2,CSR,PRMRE,116,50,50,2019-05-21,2019-05-21,2019-05-21,2020-10-25,100,V,H,EG06,PG02,100007.0,Operations
100616,2019-05-22,2019-05-22,A,RFT,F,1.0,04ADM4,ADMIN,NRTHP,109,140,30,2019-05-22,2019-05-22,2019-05-22,,,,S,EG06,PG05,,Operations
100616,2019-08-26,2019-08-26,A,RFT,F,1.0,38IT5,IT,NRTHP,109,140,30,2019-05-22,2019-05-22,2019-08-26,,,,S,EG02,PG05,,Operations
100616,2019-10-14,2019-10-14,T,RFT,F,1.0,38IT5,IT,NRTHP,109,140,30,2019-05-22,2019-05-22,2019-08-26,2019-10-14,200,I,S,EG02,PG05,,Operations
100617,2019-05-22,2019-05-22,A,RPT,P,0.57,96LEG4,LEGAL,ALPNC,102,140,50,2019-05-22,2019-05-22,2019-05-22,,,,S,EG10,PG03,,Operations
100617,2021-08-16,2021-08-16,L,RPT,P,0.57,96LEG4,LEGAL,ALPNC,102,140,50,2019-05-22,2019-05-22,2019-05-22,,,,S,EG10,PG03,,Operations
100617,2021-09-26,2021-09-26,A,RPT,P,0.57,96LEG4,LEGAL,ALPNC,102,140,50,2019-05-22,2019-05-22,2019-05-22,,,,S,EG10,PG03,,Operations
100618,2019-05-22,2019-05-22,A,RFT,F,1.0,36IT3,IT,ALPNC,116,60,60,2019-05-22,2019-05-22,2019-05-22,,,,S,EG07,PG03,102529.0,Operations
100618,2019-08-04,2019-08-04,A,RFT,F,1.0,79ANL3,ANLYT,ALPNC,116,60,60,2019-05-22,2019-05-22,2019-08-04,,,,S,EG10,PG03,102529.0,Operations
100618,2019-11-14,2019-11-14,T,RFT,F,1.0,79ANL3,ANLYT,ALPNC,116,60,60,2019-05-22,2019-05-22,2019-08-04,2019-11-14,101,V,S,EG10,PG03,102529.0,Operations
100619,2019-05-23,2019-05-23,A,RFT,F,1.0,08ACC3,ACCTG,PRMRE,115,60,70,2019-05-23,2019-05-23,2019-05-23,,,,S,EG01,PG02,100038.0,Operations
100620,2019-05-24,2019-05-24,A,RFT,F,1.0,21ENG4,ENGR,NRTHP,102,80,70,2019-05-24,2019-05-24,2019-05-24,,,,S,EG06,PG05,,Operations
100620,2020-11-23,2020-11-23,A,RFT,F,1.0,22ENG5,ENGR,NRTHP,102,80,70,2019-05-24,2019-05-24,2020-11-23,,,,S,EG08,PG05,,Operations
100621,2019-05-24,2019-05-24,A,RFT,F,1.0,20ENG3,ENGR,ALPNC,112,190,90,2019-05-24,2019-05-24,2019-05-24,,,,S,EG03,PG03,100738.0,Operations
100621,2020-04-27,2020-04-27,T,RFT,F,1.0,20ENG3,ENGR,ALPNC,112,190,90,2019-05-24,2019-05-24,2019-05-24,2020-04-27,101,V,S,EG03,PG03,100738.0,Operations
100622,2019-05-24,2019-05-24,A,RPT,P,0.61,50OPS3,OPS,ALPNC,112,50,120,2019-05-24,2019-05-24,2019-05-24,,,,S,EG06,PG03,,Operations
100622,2020-01-20,2020-01-20,A,RPT,P,0.61,51OPS4,OPS,ALPNC,112,50,120,2019-05-24,2019-05-24,2020-01-20,,,,S,EG07,PG03,,Operations
100622,2025-03-12,2025-03-12,T,RPT,P,0.61,51OPS4,OPS,ALPNC,112,50,120,2019-05-24,2019-05-24,2020-01-20,2025-03-12,102,V,S,EG07,PG03,,Operations
100623,2019-05-24,2019-05-24,A,RFT,F,1.0,24ENG7,ENGR,WSTMF,122,170,10,2019-05-24,2019-05-24,2019-05-24,,,,S,EG02,PG03,,Operations
100624,2019-05-24,2019-05-24,A,RFT,F,1.0,69TEC5,TECH,ALPNC,121,110,20,2019-05-24,2019-05-24,2019-05-24,,,,S,EG02,PG03,,Operations
100624,2019-07-13,2019-07-13,A,RFT,F,1.0,29HR5,HR,ALPNC,121,110,20,2019-05-24,2019-05-24,2019-07-13,,,,S,EG07,PG03,,Operations
100624,2021-07-15,2021-07-15,A,RFT,F,1.0,30HR6,HR,ALPNC,121,110,20,2019-05-24,2019-05-24,2021-07-15,,,,S,EG04,PG03,,Operations
100624,2021-12-17,2021-12-17,A,RFT,F,1.0,82ANL6,ANLYT,ALPNC,121,110,20,2019-05-24,2019-05-24,2021-12-17,,,,S,EG10,PG03,,Operations
100624,2023-01-12,2023-01-12,A,RFT,F,1.0,31HR7,HR,ALPNC,121,110,20,2019-05-24,2019-05-24,2023-01-12,,,,S,EG03,PG03,,Operations
100625,2019-05-27,2019-05-27,A,RFT,F,1.0,20ENG3,ENGR,WSTMF,108,100,100,2019-05-27,2019-05-27,2019-05-27,,,,S,EG03,PG03,,Operations
100625,2024-05-26,2024-05-26,A,RFT,F,1.0,27HR3,HR,WSTMF,108,100,100,2019-05-27,2019-05-27,2024-05-26,,,,S,EG02,PG03,,Operations
100625,2025-12-30,2025-12-30,A,RFT,F,1.0,57TRD3,TRD,WSTMF,108,100,100,2019-05-27,2019-05-27,2025-12-30,,,,S,EG02,PG03,,Operations
100626,2019-05-28,2019-05-28,A,RPT,F,0.76,78ANL2,ANLYT,PRMRE,118,250,10,2019-05-28,2019-05-28,2019-05-28,,,,H,EG04,PG02,102494.0,Operations
100626,2019-10-16,2019-10-16,T,RPT,F,0.76,78ANL2,ANLYT,PRMRE,118,250,10,2019-05-28,2019-05-28,2019-05-28,2019-10-16,207,I,H,EG04,PG02,102494.0,Operations
100627,2019-05-31,2019-05-31,A,TFT,F,1.0,92PRO5,PROJ,ALPNC,104,130,100,2019-05-31,2019-05-31,2019-05-31,,,,S,EG07,PG03,,Operations
100627,2021-05-13,2021-05-13,A,TFT,F,1.0,52OPS5,OPS,ALPNC,104,130,100,2019-05-31,2019-05-31,2021-05-13,,,,S,EG09,PG03,,Operations
100627,2022-12-12,2022-12-12,T,TFT,F,1.0,52OPS5,OPS,ALPNC,104,130,100,2019-05-31,2019-05-31,2021-05-13,2022-12-12,201,I,S,EG09,PG03,,Operations
100628,2019-06-03,2019-06-03,A,RFT,F,1.0,65TEC1,TECH,PRMRE,105,80,80,2019-06-03,2019-06-03,2019-06-03,,,,H,EG08,PG02,101419.0,Operations
100628,2019-11-19,2019-11-19,A,RFT,F,1.0,70MKT1,MKTG,PRMRE,105,80,80,2019-06-03,2019-06-03,2019-11-19,,,,H,EG04,PG02,101419.0,Operations
100628,2024-08-22,2024-08-22,A,RFT,F,1.0,71MKT2,MKTG,PRMRE,105,80,80,2019-06-03,2019-06-03,2024-08-22,,,,H,EG10,PG02,101419.0,Operations
100628,2026-01-13,2026-01-13,A,RFT,F,1.0,72MKT3,MKTG,PRMRE,105,80,80,2019-06-03,2019-06-03,2026-01-13,,,,H,EG09,PG02,101419.0,Operations
100629,2019-06-04,2019-06-04,A,RFT,F,1.0,50OPS3,OPS,PRMRE,100,40,100,2019-06-04,2019-06-04,2019-06-04,,,,S,EG06,PG02,102372.0,Operations
100629,2020-12-02,2020-12-02,A,RFT,F,1.0,51OPS4,OPS,PRMRE,100,40,100,2019-06-04,2019-06-04,2020-12-02,,,,S,EG07,PG02,102372.0,Operations
100630,2019-06-05,2019-06-05,A,RFT,F,1.0,43SAL3,SALES,ALPNC,100,100,80,2019-06-05,2019-06-05,2019-06-05,,,,S,EG10,PG03,,Operations
100630,2020-01-25,2020-01-25,T,RFT,F,1.0,43SAL3,SALES,ALPNC,100,100,80,2019-06-05,2019-06-05,2019-06-05,2020-01-25,103,V,S,EG10,PG03,,Operations
100631,2019-06-06,2019-06-06,A,CON,F,1.0,35IT3,IT,WSTMF,100,50,120,2019-06-06,2019-06-06,2019-06-06,,,,S,EG08,PG03,101996.0,Operations
100631,2020-09-17,2020-09-17,T,CON,F,1.0,35IT3,IT,WSTMF,100,50,120,2019-06-06,2019-06-06,2019-06-06,2020-09-17,100,V,S,EG08,PG03,101996.0,Operations
100632,2019-06-07,2019-06-07,A,RFT,F,1.0,02ADM2,ADMIN,NRTHP,118,20,80,2019-06-07,2019-06-07,2019-06-07,,,,H,EG04,PG05,,Operations
100632,2021-08-13,2021-08-13,T,RFT,F,1.0,02ADM2,ADMIN,NRTHP,118,20,80,2019-06-07,2019-06-07,2019-06-07,2021-08-13,100,V,H,EG04,PG05,,Operations
100633,2019-06-07,2019-06-07,A,RFT,F,1.0,81ANL5,ANLYT,ALPNC,112,90,120,2019-06-07,2019-06-07,2019-06-07,,,,S,EG01,PG03,,Operations
100633,2022-10-21,2022-10-21,A,RFT,F,1.0,38IT5,IT,ALPNC,112,90,120,2019-06-07,2019-06-07,2022-10-21,,,,S,EG02,PG03,,Operations
100633,2023-02-10,2023-02-10,A,RFT,F,1.0,39IT6,IT,ALPNC,112,90,120,2019-06-07,2019-06-07,2023-02-10,,,,S,EG03,PG03,,Operations
100634,2019-06-07,2019-06-07,A,RFT,F,1.0,02ADM2,ADMIN,NRTHP,103,200,70,2019-06-07,2019-06-07,2019-06-07,,,,H,EG04,PG05,,Operations
100634,2020-10-13,2020-10-13,T,RFT,F,1.0,02ADM2,ADMIN,NRTHP,103,200,70,2019-06-07,2019-06-07,2019-06-07,2020-10-13,205,I,H,EG04,PG05,,Operations
100635,2019-06-10,2019-06-10,A,RFT,F,1.0,29HR5,HR,NRTHP,124,240,70,2019-06-10,2019-06-10,2019-06-10,,,,S,EG07,PG05,,Operations
100635,2023-11-12,2023-11-12,T,RFT,F,1.0,29HR5,HR,NRTHP,124,240,70,2019-06-10,2019-06-10,2019-06-10,2023-11-12,103,V,S,EG07,PG05,,Operations
100636,2019-06-10,2019-06-10,A,CON,F,1.0,05ACC1,ACCTG,NRTHP,115,120,30,2019-06-10,2019-06-10,2019-06-10,,,,H,EG05,PG05,101288.0,Operations
100636,2021-03-07,2021-03-07,T,CON,F,1.0,05ACC1,ACCTG,NRTHP,115,120,30,2019-06-10,2019-06-10,2019-06-10,2021-03-07,100,V,H,EG05,PG05,101288.0,Operations
100637,2019-06-10,2019-06-10,A,RFT,F,1.0,42SAL2,SALES,PRMRE,121,230,110,2019-06-10,2019-06-10,2019-06-10,,,,H,EG10,PG02,102034.0,Operations
100637,2019-08-14,2019-08-14,T,RFT,F,1.0,42SAL2,SALES,PRMRE,121,230,110,2019-06-10,2019-06-10,2019-06-10,2019-08-14,101,V,H,EG10,PG02,102034.0,Operations
100638,2019-06-10,2019-06-10,A,RFT,F,1.0,67TEC3,TECH,ALPNC,119,190,10,2019-06-10,2019-06-10,2019-06-10,,,,S,EG10,PG03,,Operations
100638,2021-01-07,2021-01-07,L,RFT,F,1.0,67TEC3,TECH,ALPNC,119,190,10,2019-06-10,2019-06-10,2019-06-10,,,,S,EG10,PG03,,Operations
100638,2021-03-19,2021-03-19,A,RFT,F,1.0,67TEC3,TECH,ALPNC,119,190,10,2019-06-10,2019-06-10,2019-06-10,,,,S,EG10,PG03,,Operations
100638,2024-01-03,2024-01-03,T,RFT,F,1.0,67TEC3,TECH,ALPNC,119,190,10,2019-06-10,2019-06-10,2019-06-10,2024-01-03,202,V,S,EG10,PG03,,Operations
100639,2019-06-10,2019-06-10,A,TFT,F,1.0,05ACC1,ACCTG,PRMRE,123,80,30,2019-06-10,2019-06-10,2019-06-10,,,,H,EG05,PG02,,Operations
100639,2020-01-28,2020-01-28,A,TFT,F,1.0,55TRD1,TRD,PRMRE,123,80,30,2019-06-10,2019-06-10,2020-01-28,,,,H,EG04,PG02,,Operations
100639,2020-02-21,2020-02-21,A,TFT,F,1.0,25HR1,HR,PRMRE,123,80,30,2019-06-10,2019-06-10,2020-02-21,,,,H,EG10,PG02,,Operations
100640,2019-06-10,2019-06-10,A,CON,F,1.0,15CSR3,CSR,NRTHP,101,230,60,2019-06-10,2019-06-10,2019-06-10,,,,S,EG10,PG05,,Operations
100640,2019-11-14,2019-11-14,T,CON,F,1.0,15CSR3,CSR,NRTHP,101,230,60,2019-06-10,2019-06-10,2019-06-10,2019-11-14,202,V,S,EG10,PG05,,Operations
100641,2019-06-11,2019-06-11,A,RFT,F,1.0,18ENG1,ENGR,NRTHP,100,50,20,2019-06-11,2019-06-11,2019-06-11,,,,S,EG08,PG05,101996.0,Operations
100641,2020-09-08,2020-09-08,A,RFT,F,1.0,19ENG2,ENGR,NRTHP,100,50,20,2019-06-11,2019-06-11,2020-09-08,,,,S,EG01,PG05,101996.0,Operations
100642,2019-06-11,2019-06-11,A,RFT,F,1.0,43SAL3,SALES,PRMRE,123,40,60,2019-06-11,2019-06-11,2019-06-11,,,,S,EG10,PG02,,Operations
100642,2020-04-17,2020-04-17,T,RFT,F,1.0,43SAL3,SALES,PRMRE,123,40,60,2019-06-11,2019-06-11,2019-06-11,2020-04-17,202,V,S,EG10,PG02,,Operations
100643,2019-06-11,2019-06-11,A,RPT,P,0.69,67TEC3,TECH,ALPNC,112,210,90,2019-06-11,2019-06-11,2019-06-11,,,,S,EG10,PG03,,Operations
100643,2022-10-28,2022-10-28,T,RPT,P,0.69,67TEC3,TECH,ALPNC,112,210,90,2019-06-11,2019-06-11,2019-06-11,2022-10-28,100,V,S,EG10,PG03,,Operations
100644,2019-06-12,2019-06-12,A,RFT,F,1.0,33IT2,IT,PRMRE,122,110,20,2019-06-12,2019-06-12,2019-06-12,,,,H,EG09,PG02,,Operations
100644,2021-03-20,2021-03-20,A,RFT,F,1.0,36IT3,IT,PRMRE,122,110,20,2019-06-12,2019-06-12,2021-03-20,,,,H,EG07,PG02,,Operations
100644,2021-11-16,2021-11-16,A,RFT,F,1.0,37IT4,IT,PRMRE,122,110,20,2019-06-12,2019-06-12,2021-11-16,,,,H,EG04,PG02,,Operations
100644,2022-01-31,2022-01-31,A,RFT,F,1.0,38IT5,IT,PRMRE,122,110,20,2019-06-12,2019-06-12,2022-01-31,,,,H,EG02,PG02,,Operations
100644,2023-08-30,2023-08-30,A,RFT,F,1.0,39IT6,IT,PRMRE,122,110,20,2019-06-12,2019-06-12,2023-08-30,,,,H,EG03,PG02,,Operations
100645,2019-06-13,2019-06-13,A,CON,F,1.0,35IT3,IT,NRTHP,116,140,70,2019-06-13,2019-06-13,2019-06-13,,,,S,EG08,PG05,,Operations
100645,2020-04-17,2020-04-17,A,CON,F,1.0,15CSR3,CSR,NRTHP,116,140,70,2019-06-13,2019-06-13,2020-04-17,,,,S,EG10,PG05,,Operations
100645,2020-10-31,2020-10-31,T,CON,F,1.0,15CSR3,CSR,NRTHP,116,140,70,2019-06-13,2019-06-13,2020-04-17,2020-10-31,100,V,S,EG10,PG05,,Operations
100646,2019-06-13,2019-06-13,A,RFT,F,1.0,34IT2,IT,PRMRE,105,30,110,2019-06-13,2019-06-13,2019-06-13,,,,H,EG08,PG02,101914.0,Operations
100646,2023-08-22,2023-08-22,A,RFT,F,1.0,36IT3,IT,PRMRE,105,30,110,2019-06-13,2019-06-13,2023-08-22,,,,H,EG07,PG02,101914.0,Operations
100647,2019-06-13,2019-06-13,A,RFT,F,1.0,60WHS1,WHSE,ALPNC,115,230,120,2019-06-13,2019-06-13,2019-06-13,,,,H,EG06,PG03,101987.0,Operations
100647,2025-02-03,2025-02-03,A,RFT,F,1.0,61WHS2,WHSE,ALPNC,115,230,120,2019-06-13,2019-06-13,2025-02-03,,,,H,EG01,PG03,101987.0,Operations
100648,2019-06-14,2019-06-14,A,RFT,F,1.0,89PRO2,PROJ,NRTHP,117,110,40,2019-06-14,2019-06-14,2019-06-14,,,,H,EG06,PG05,,Operations
100648,2022-10-20,2022-10-20,A,RFT,F,1.0,90PRO3,PROJ,NRTHP,117,110,40,2019-06-14,2019-06-14,2022-10-20,,,,H,EG04,PG05,,Operations
100648,2023-09-19,2023-09-19,T,RFT,F,1.0,90PRO3,PROJ,NRTHP,117,110,40,2019-06-14,2019-06-14,2022-10-20,2023-09-19,200,I,H,EG04,PG05,,Operations
100649,2019-06-14,2019-06-14,A,RPT,P,0.55,95LEG3,LEGAL,NRTHP,120,250,70,2019-06-14,2019-06-14,2019-06-14,,,,S,EG05,PG05,,Operations
100649,2019-07-25,2019-07-25,T,RPT,P,0.55,95LEG3,LEGAL,NRTHP,120,250,70,2019-06-14,2019-06-14,2019-06-14,2019-07-25,100,V,S,EG05,PG05,,Operations
100650,2019-06-14,2019-06-14,A,CON,F,1.0,60WHS1,WHSE,WSTMF,106,50,70,2019-06-14,2019-06-14,2019-06-14,,,,S,EG06,PG03,,Operations
100650,2019-07-09,2019-07-09,A,CON,F,1.0,61WHS2,WHSE,WSTMF,106,50,70,2019-06-14,2019-06-14,2019-07-09,,,,S,EG01,PG03,,Operations
100650,2020-06-07,2020-06-07,T,CON,F,1.0,61WHS2,WHSE,WSTMF,106,50,70,2019-06-14,2019-06-14,2019-07-09,2020-06-07,100,V,S,EG01,PG03,,Operations
100651,2019-06-17,2019-06-17,A,RFT,F,1.0,19ENG2,ENGR,NRTHP,109,10,110,2019-06-17,2019-06-17,2019-06-17,,,,H,EG01,PG05,,Operations
100651,2021-03-27,2021-03-27,A,RFT,F,1.0,20ENG3,ENGR,NRTHP,109,10,110,2019-06-17,2019-06-17,2021-03-27,,,,H,EG03,PG05,,Operations
100651,2022-07-02,2022-07-02,T,RFT,F,1.0,20ENG3,ENGR,NRTHP,109,10,110,2019-06-17,2019-06-17,2021-03-27,2022-07-02,206,I,H,EG03,PG05,,Operations
100652,2019-06-18,2019-06-18,A,RFT,F,1.0,84SUP5,SUPV,WSTMF,124,90,20,2019-06-18,2019-06-18,2019-06-18,,,,S,EG07,PG03,,Operations
100653,2019-06-18,2019-06-18,A,RPT,P,0.51,18ENG1,ENGR,NRTHP,109,50,110,2019-06-18,2019-06-18,2019-06-18,,,,H,EG08,PG05,101719.0,Operations
100653,2020-07-10,2020-07-10,A,RPT,P,0.51,19ENG2,ENGR,NRTHP,109,50,110,2019-06-18,2019-06-18,2020-07-10,,,,H,EG01,PG05,101719.0,Operations
100653,2021-03-03,2021-03-03,A,RPT,P,0.51,20ENG3,ENGR,NRTHP,109,50,110,2019-06-18,2019-06-18,2021-03-03,,,,H,EG03,PG05,101719.0,Operations
100653,2022-01-19,2022-01-19,A,RPT,P,0.51,21ENG4,ENGR,NRTHP,109,50,110,2019-06-18,2019-06-18,2022-01-19,,,,H,EG06,PG05,101719.0,Operations
100653,2022-03-05,2022-03-05,A,RPT,P,0.51,22ENG5,ENGR,NRTHP,109,50,110,2019-06-18,2019-06-18,2022-03-05,,,,H,EG08,PG05,101719.0,Operations
100654,2019-06-19,2019-06-19,A,CON,F,1.0,44SAL4,SALES,WSTMF,102,70,120,2019-06-19,2019-06-19,2019-06-19,,,,S,EG09,PG03,,Operations
100654,2020-09-30,2020-09-30,T,CON,F,1.0,44SAL4,SALES,WSTMF,102,70,120,2019-06-19,2019-06-19,2019-06-19,2020-09-30,100,V,S,EG09,PG03,,Operations
100655,2019-06-20,2019-06-20,A,RFT,F,1.0,65TEC1,TECH,ALPNC,102,90,30,2019-06-20,2019-06-20,2019-06-20,,,,H,EG08,PG03,102610.0,Operations
100655,2020-10-18,2020-10-18,T,RFT,F,1.0,65TEC1,TECH,ALPNC,102,90,30,2019-06-20,2019-06-20,2019-06-20,2020-10-18,101,V,H,EG08,PG03,102610.0,Operations
100656,2019-06-20,2019-06-20,A,RFT,F,1.0,06ACC1,ACCTG,ALPNC,116,250,50,2019-06-20,2019-06-20,2019-06-20,,,,S,EG09,PG03,,Operations
100656,2022-09-09,2022-09-09,T,RFT,F,1.0,06ACC1,ACCTG,ALPNC,116,250,50,2019-06-20,2019-06-20,2019-06-20,2022-09-09,202,V,S,EG09,PG03,,Operations
100657,2019-06-21,2019-06-21,A,TAW,F,1.0,34IT2,IT,WSTMF,108,50,10,2019-06-21,2019-06-21,2019-06-21,,,,H,EG08,PG03,,Operations
100657,2020-05-02,2020-05-02,A,TAW,F,1.0,35IT3,IT,WSTMF,108,50,10,2019-06-21,2019-06-21,2020-05-02,,,,H,EG08,PG03,,Operations
100657,2021-05-02,2021-05-02,T,TAW,F,1.0,35IT3,IT,WSTMF,108,50,10,2019-06-21,2019-06-21,2020-05-02,2021-05-02,102,V,H,EG08,PG03,,Operations
100658,2019-06-21,2019-06-21,A,RFT,F,1.0,14CSR2,CSR,PRMRE,116,50,30,2019-06-21,2019-06-21,2019-06-21,,,,S,EG06,PG02,100007.0,Operations
100658,2021-03-15,2021-03-15,A,RFT,F,1.0,15CSR3,CSR,PRMRE,116,50,30,2019-06-21,2019-06-21,2021-03-15,,,,S,EG10,PG02,100007.0,Operations
100659,2019-06-21,2019-06-21,A,CON,F,1.0,08ACC3,ACCTG,ALPNC,119,230,120,2019-06-21,2019-06-21,2019-06-21,,,,S,EG01,PG03,,Operations
100660,2019-06-21,2019-06-21,A,RFT,F,1.0,73MKT4,MKTG,NRTHP,111,80,80,2019-06-21,2019-06-21,2019-06-21,,,,S,EG01,PG05,,Operations
100660,2019-07-27,2019-07-27,L,RFT,F,1.0,73MKT4,MKTG,NRTHP,111,80,80,2019-06-21,2019-06-21,2019-06-21,,,,S,EG01,PG05,,Operations
100660,2019-09-11,2019-09-11,A,RFT,F,1.0,73MKT4,MKTG,NRTHP,111,80,80,2019-06-21,2019-06-21,2019-06-21,,,,S,EG01,PG05,,Operations
100660,2022-12-31,2022-12-31,T,RFT,F,1.0,73MKT4,MKTG,NRTHP,111,80,80,2019-06-21,2019-06-21,2019-06-21,2022-12-31,101,V,S,EG01,PG05,,Operations
100661,2019-06-21,2019-06-21,A,RFT,F,1.0,61WHS2,WHSE,NRTHP,101,90,70,2019-06-21,2019-06-21,2019-06-21,,,,H,EG01,PG05,101169.0,Operations
100661,2019-07-06,2019-07-06,A,RFT,F,1.0,62WHS3,WHSE,NRTHP,101,90,70,2019-06-21,2019-06-21,2019-07-06,,,,H,EG01,PG05,101169.0,Operations
100661,2019-07-24,2019-07-24,A,RFT,F,1.0,63WHS4,WHSE,NRTHP,101,90,70,2019-06-21,2019-06-21,2019-07-24,,,,H,EG10,PG05,101169.0,Operations
100662,2019-06-21,2019-06-21,A,RFT,F,1.0,21ENG4,ENGR,WSTMF,105,10,30,2019-06-21,2019-06-21,2019-06-21,,,,S,EG06,PG03,,Operations
100662,2020-01-10,2020-01-10,T,RFT,F,1.0,21ENG4,ENGR,WSTMF,105,10,30,2019-06-21,2019-06-21,2019-06-21,2020-01-10,206,I,S,EG06,PG03,,Operations
100663,2019-06-21,2019-06-21,A,RFT,F,1.0,19ENG2,ENGR,NRTHP,111,100,80,2019-06-21,2019-06-21,2019-06-21,,,,H,EG01,PG05,,Operations
100663,2024-02-23,2024-02-23,A,RFT,F,1.0,78ANL2,ANLYT,NRTHP,111,100,80,2019-06-21,2019-06-21,2024-02-23,,,,H,EG04,PG05,,Operations
100664,2019-06-24,2019-06-24,A,RFT,F,1.0,60WHS1,WHSE,NRTHP,104,230,40,2019-06-24,2019-06-24,2019-06-24,,,,H,EG06,PG05,101952.0,Operations
100664,2019-07-22,2019-07-22,A,RFT,F,1.0,65TEC1,TECH,NRTHP,104,230,40,2019-06-24,2019-06-24,2019-07-22,,,,H,EG08,PG05,101952.0,Operations
100664,2023-05-03,2023-05-03,T,RFT,F,1.0,65TEC1,TECH,NRTHP,104,230,40,2019-06-24,2019-06-24,2019-07-22,2023-05-03,103,V,H,EG08,PG05,101952.0,Operations
100665,2019-06-24,2019-06-24,A,RFT,F,1.0,04ADM4,ADMIN,WSTMF,118,180,90,2019-06-24,2019-06-24,2019-06-24,,,,S,EG06,PG03,,Operations
100665,2019-07-01,2019-07-01,T,RFT,F,1.0,04ADM4,ADMIN,WSTMF,118,180,90,2019-06-24,2019-06-24,2019-06-24,2019-07-01,101,V,S,EG06,PG03,,Operations
100666,2019-06-24,2019-06-24,A,RPT,P,0.4,41SAL1,SALES,ALPNC,102,170,100,2019-06-24,2019-06-24,2019-06-24,,,,H,EG08,PG03,101871.0,Operations
100666,2020-06-28,2020-06-28,T,RPT,P,0.4,41SAL1,SALES,ALPNC,102,170,100,2019-06-24,2019-06-24,2019-06-24,2020-06-28,100,V,H,EG08,PG03,101871.0,Operations
100667,2019-06-27,2019-06-27,A,RFT,F,1.0,14CSR2,CSR,ALPNC,116,200,100,2019-06-27,2019-06-27,2019-06-27,,,,S,EG06,PG03,102378.0,Operations
100667,2021-01-06,2021-01-06,T,RFT,F,1.0,14CSR2,CSR,ALPNC,116,200,100,2019-06-27,2019-06-27,2019-06-27,2021-01-06,210,I,S,EG06,PG03,102378.0,Operations
100668,2019-06-28,2019-06-28,A,RPT,P,0.65,06ACC1,ACCTG,WSTMF,106,40,40,2019-06-28,2019-06-28,2019-06-28,,,,H,EG09,PG03,101842.0,Operations
100668,2019-08-15,2019-08-15,A,RPT,P,0.65,07ACC2,ACCTG,WSTMF,106,40,40,2019-06-28,2019-06-28,2019-08-15,,,,H,EG03,PG03,101842.0,Operations
100668,2022-04-27,2022-04-27,A,RPT,P,0.65,08ACC3,ACCTG,WSTMF,106,40,40,2019-06-28,2019-06-28,2022-04-27,,,,H,EG01,PG03,101842.0,Operations
100669,2019-07-01,2019-07-01,A,CON,F,1.0,33IT2,IT,WSTMF,122,120,110,2019-07-01,2019-07-01,2019-07-01,,,,S,EG09,PG03,100170.0,Operations
100669,2021-01-17,2021-01-17,T,CON,F,1.0,33IT2,IT,WSTMF,122,120,110,2019-07-01,2019-07-01,2019-07-01,2021-01-17,100,V,S,EG09,PG03,100170.0,Operations
100670,2019-07-02,2019-07-02,A,RFT,F,1.0,07ACC2,ACCTG,PRMRE,116,160,100,2019-07-02,2019-07-02,2019-07-02,,,,H,EG03,PG02,,Operations
100670,2019-11-26,2019-11-26,A,RFT,F,1.0,08ACC3,ACCTG,PRMRE,116,160,100,2019-07-02,2019-07-02,2019-11-26,,,,H,EG01,PG02,,Operations
100671,2019-07-03,2019-07-03,A,RPT,P,0.59,49OPS2,OPS,WSTMF,113,230,100,2019-07-03,2019-07-03,2019-07-03,,,,S,EG05,PG03,,Operations
100671,2025-07-04,2025-07-04,A,RPT,P,0.59,50OPS3,OPS,WSTMF,113,230,100,2019-07-03,2019-07-03,2025-07-04,,,,S,EG06,PG03,,Operations
100672,2019-07-03,2019-07-03,A,RFT,F,1.0,63WHS4,WHSE,ALPNC,111,110,120,2019-07-03,2019-07-03,2019-07-03,,,,S,EG10,PG03,100019.0,Operations
100672,2024-01-10,2024-01-10,T,RFT,F,1.0,63WHS4,WHSE,ALPNC,111,110,120,2019-07-03,2019-07-03,2019-07-03,2024-01-10,100,V,S,EG10,PG03,100019.0,Operations
100673,2019-07-05,2019-07-05,A,RFT,F,1.0,05ACC1,ACCTG,ALPNC,116,250,90,2019-07-05,2019-07-05,2019-07-05,,,,H,EG05,PG03,,Operations
100674,2019-07-05,2019-07-05,A,RFT,F,1.0,42SAL2,SALES,NRTHP,124,80,110,2019-07-05,2019-07-05,2019-07-05,,,,H,EG10,PG05,101078.0,Operations
100674,2022-04-04,2022-04-04,T,RFT,F,1.0,42SAL2,SALES,NRTHP,124,80,110,2019-07-05,2019-07-05,2019-07-05,2022-04-04,100,V,H,EG10,PG05,101078.0,Operations
100675,2019-07-05,2019-07-05,A,RPT,F,0.77,34IT2,IT,PRMRE,121,250,120,2019-07-05,2019-07-05,2019-07-05,,,,H,EG08,PG02,100240.0,Operations
100675,2019-10-20,2019-10-20,T,RPT,F,0.77,34IT2,IT,PRMRE,121,250,120,2019-07-05,2019-07-05,2019-07-05,2019-10-20,103,V,H,EG08,PG02,100240.0,Operations
100676,2019-07-05,2019-07-05,A,RFT,F,1.0,41SAL1,SALES,NRTHP,118,30,80,2019-07-05,2019-07-05,2019-07-05,,,,S,EG08,PG05,,Operations
100676,2024-02-18,2024-02-18,L,RFT,F,1.0,41SAL1,SALES,NRTHP,118,30,80,2019-07-05,2019-07-05,2019-07-05,,,,S,EG08,PG05,,Operations
100676,2024-08-04,2024-08-04,A,RFT,F,1.0,41SAL1,SALES,NRTHP,118,30,80,2019-07-05,2019-07-05,2019-07-05,,,,S,EG08,PG05,,Operations
100676,2025-09-21,2025-09-21,A,RFT,F,1.0,42SAL2,SALES,NRTHP,118,30,80,2019-07-05,2019-07-05,2025-09-21,,,,S,EG10,PG05,,Operations
100677,2019-07-08,2019-07-08,A,RFT,F,1.0,08ACC3,ACCTG,NRTHP,102,150,110,2019-07-08,2019-07-08,2019-07-08,,,,S,EG01,PG05,100842.0,Operations
100677,2021-10-09,2021-10-09,A,RFT,F,1.0,09ACC4,ACCTG,NRTHP,102,150,110,2019-07-08,2019-07-08,2021-10-09,,,,S,EG05,PG05,100842.0,Operations
100677,2025-06-05,2025-06-05,L,RFT,F,1.0,09ACC4,ACCTG,NRTHP,102,150,110,2019-07-08,2019-07-08,2021-10-09,,,,S,EG05,PG05,100842.0,Operations
100677,2025-09-13,2025-09-13,A,RFT,F,1.0,09ACC4,ACCTG,NRTHP,102,150,110,2019-07-08,2019-07-08,2021-10-09,,,,S,EG05,PG05,100842.0,Operations
100678,2019-07-08,2019-07-08,A,RFT,F,1.0,57TRD3,TRD,NRTHP,113,70,40,2019-07-08,2019-07-08,2019-07-08,,,,S,EG02,PG05,,Operations
100678,2020-05-09,2020-05-09,A,RFT,F,1.0,50OPS3,OPS,NRTHP,113,70,40,2019-07-08,2019-07-08,2020-05-09,,,,S,EG06,PG05,,Operations
100678,2022-07-26,2022-07-26,T,RFT,F,1.0,50OPS3,OPS,NRTHP,113,70,40,2019-07-08,2019-07-08,2020-05-09,2022-07-26,100,V,S,EG06,PG05,,Operations
100679,2019-07-10,2019-07-10,A,RFT,F,1.0,15CSR3,CSR,WSTMF,105,150,40,2019-07-10,2019-07-10,2019-07-10,,,,S,EG10,PG03,,Operations
100679,2023-03-13,2023-03-13,T,RFT,F,1.0,15CSR3,CSR,WSTMF,105,150,40,2019-07-10,2019-07-10,2019-07-10,2023-03-13,207,I,S,EG10,PG03,,Operations
100680,2019-07-10,2019-07-10,A,RFT,F,1.0,48OPS1,OPS,PRMRE,117,200,110,2019-07-10,2019-07-10,2019-07-10,,,,H,EG03,PG02,101375.0,Operations
100680,2020-05-08,2020-05-08,T,RFT,F,1.0,48OPS1,OPS,PRMRE,117,200,110,2019-07-10,2019-07-10,2019-07-10,2020-05-08,200,I,H,EG03,PG02,101375.0,Operations
100681,2019-07-11,2019-07-11,A,RFT,F,1.0,66TEC2,TECH,ALPNC,111,220,50,2019-07-11,2019-07-11,2019-07-11,,,,H,EG04,PG03,101356.0,Operations
100681,2022-03-07,2022-03-07,T,RFT,F,1.0,66TEC2,TECH,ALPNC,111,220,50,2019-07-11,2019-07-11,2019-07-11,2022-03-07,102,V,H,EG04,PG03,101356.0,Operations
100682,2019-07-11,2019-07-11,A,RFT,F,1.0,21ENG4,ENGR,PRMRE,100,30,10,2019-07-11,2019-07-11,2019-07-11,,,,S,EG06,PG02,,Operations
100682,2020-03-03,2020-03-03,T,RFT,F,1.0,21ENG4,ENGR,PRMRE,100,30,10,2019-07-11,2019-07-11,2019-07-11,2020-03-03,101,V,S,EG06,PG02,,Operations
100683,2019-07-15,2019-07-15,A,RFT,F,1.0,06ACC1,ACCTG,ALPNC,102,180,70,2019-07-15,2019-07-15,2019-07-15,,,,H,EG09,PG03,101822.0,Operations
100683,2022-10-27,2022-10-27,T,RFT,F,1.0,06ACC1,ACCTG,ALPNC,102,180,70,2019-07-15,2019-07-15,2019-07-15,2022-10-27,206,I,H,EG09,PG03,101822.0,Operations
100684,2019-07-15,2019-07-15,A,CON,F,1.0,32IT1,IT,WSTMF,100,180,40,2019-07-15,2019-07-15,2019-07-15,,,,H,EG03,PG03,102279.0,Operations
100684,2019-11-11,2019-11-11,A,CON,F,1.0,33IT2,IT,WSTMF,100,180,40,2019-07-15,2019-07-15,2019-11-11,,,,H,EG09,PG03,102279.0,Operations
100684,2023-10-14,2023-10-14,A,CON,F,1.0,07ACC2,ACCTG,WSTMF,100,180,40,2019-07-15,2019-07-15,2023-10-14,,,,H,EG03,PG03,102279.0,Operations
100684,2024-06-14,2024-06-14,L,CON,F,1.0,07ACC2,ACCTG,WSTMF,100,180,40,2019-07-15,2019-07-15,2023-10-14,,,,H,EG03,PG03,102279.0,Operations
100684,2024-11-16,2024-11-16,A,CON,F,1.0,07ACC2,ACCTG,WSTMF,100,180,40,2019-07-15,2019-07-15,2023-10-14,,,,H,EG03,PG03,102279.0,Operations
100684,2024-08-25,2024-08-25,L,CON,F,1.0,07ACC2,ACCTG,WSTMF,100,180,40,2019-07-15,2019-07-15,2023-10-14,,,,H,EG03,PG03,102279.0,Operations
100684,2025-02-06,2025-02-06,A,CON,F,1.0,07ACC2,ACCTG,WSTMF,100,180,40,2019-07-15,2019-07-15,2023-10-14,,,,H,EG03,PG03,102279.0,Operations
100685,2019-07-15,2019-07-15,A,RFT,F,1.0,20ENG3,ENGR,WSTMF,107,40,90,2019-07-15,2019-07-15,2019-07-15,,,,S,EG03,PG03,101830.0,Operations
100685,2020-07-11,2020-07-11,T,RFT,F,1.0,20ENG3,ENGR,WSTMF,107,40,90,2019-07-15,2019-07-15,2019-07-15,2020-07-11,100,V,S,EG03,PG03,101830.0,Operations
100686,2019-07-16,2019-07-16,A,RFT,F,1.0,08ACC3,ACCTG,PRMRE,100,110,110,2019-07-16,2019-07-16,2019-07-16,,,,S,EG01,PG02,101160.0,Operations
100687,2019-07-17,2019-07-17,A,RPT,P,0.55,35IT3,IT,WSTMF,110,150,120,2019-07-17,2019-07-17,2019-07-17,,,,S,EG08,PG03,100466.0,Operations
100687,2020-06-08,2020-06-08,T,RPT,P,0.55,35IT3,IT,WSTMF,110,150,120,2019-07-17,2019-07-17,2019-07-17,2020-06-08,202,V,S,EG08,PG03,100466.0,Operations
100688,2019-07-17,2019-07-17,A,RFT,F,1.0,32IT1,IT,ALPNC,121,70,60,2019-07-17,2019-07-17,2019-07-17,,,,S,EG03,PG03,100548.0,Operations
100689,2019-07-19,2019-07-19,A,RFT,F,1.0,95LEG3,LEGAL,NRTHP,124,70,10,2019-07-19,2019-07-19,2019-07-19,,,,S,EG05,PG05,102457.0,Operations
100689,2020-06-11,2020-06-11,T,RFT,F,1.0,95LEG3,LEGAL,NRTHP,124,70,10,2019-07-19,2019-07-19,2019-07-19,2020-06-11,210,I,S,EG05,PG05,102457.0,Operations
100690,2019-07-19,2019-07-19,A,RFT,F,1.0,66TEC2,TECH,WSTMF,102,200,30,2019-07-19,2019-07-19,2019-07-19,,,,H,EG04,PG03,,Operations
100690,2022-02-25,2022-02-25,L,RFT,F,1.0,66TEC2,TECH,WSTMF,102,200,30,2019-07-19,2019-07-19,2019-07-19,,,,H,EG04,PG03,,Operations
100690,2022-08-24,2022-08-24,A,RFT,F,1.0,66TEC2,TECH,WSTMF,102,200,30,2019-07-19,2019-07-19,2019-07-19,,,,H,EG04,PG03,,Operations
100690,2022-03-30,2022-03-30,T,RFT,F,1.0,66TEC2,TECH,WSTMF,102,200,30,2019-07-19,2019-07-19,2019-07-19,2022-03-30,100,V,H,EG04,PG03,,Operations
100691,2019-07-19,2019-07-19,A,RPT,P,0.6,34IT2,IT,ALPNC,102,80,120,2019-07-19,2019-07-19,2019-07-19,,,,S,EG08,PG03,100620.0,Operations
100691,2020-10-18,2020-10-18,T,RPT,P,0.6,34IT2,IT,ALPNC,102,80,120,2019-07-19,2019-07-19,2019-07-19,2020-10-18,205,I,S,EG08,PG03,100620.0,Operations
100692,2019-07-19,2019-07-19,A,RFT,F,1.0,83SUP4,SUPV,NRTHP,118,160,60,2019-07-19,2019-07-19,2019-07-19,,,,S,EG01,PG05,,Operations
100692,2023-11-15,2023-11-15,A,RFT,F,1.0,85SUP5,SUPV,NRTHP,118,160,60,2019-07-19,2019-07-19,2023-11-15,,,,S,EG01,PG05,,Operations
100693,2019-07-19,2019-07-19,A,RFT,F,1.0,60WHS1,WHSE,PRMRE,118,170,100,2019-07-19,2019-07-19,2019-07-19,,,,H,EG06,PG02,,Operations
100693,2020-09-22,2020-09-22,A,RFT,F,1.0,61WHS2,WHSE,PRMRE,118,170,100,2019-07-19,2019-07-19,2020-09-22,,,,H,EG01,PG02,,Operations
100693,2021-03-03,2021-03-03,A,RFT,F,1.0,62WHS3,WHSE,PRMRE,118,170,100,2019-07-19,2019-07-19,2021-03-03,,,,H,EG01,PG02,,Operations
100694,2019-07-22,2019-07-22,A,RFT,F,1.0,07ACC2,ACCTG,ALPNC,124,30,90,2019-07-22,2019-07-22,2019-07-22,,,,H,EG03,PG03,101397.0,Operations
100694,2025-05-17,2025-05-17,A,RFT,F,1.0,08ACC3,ACCTG,ALPNC,124,30,90,2019-07-22,2019-07-22,2025-05-17,,,,H,EG01,PG03,101397.0,Operations
100695,2019-07-22,2019-07-22,A,TAW,F,1.0,19ENG2,ENGR,ALPNC,116,90,10,2019-07-22,2019-07-22,2019-07-22,,,,S,EG01,PG03,102267.0,Operations
100695,2022-10-06,2022-10-06,A,TAW,F,1.0,20ENG3,ENGR,ALPNC,116,90,10,2019-07-22,2019-07-22,2022-10-06,,,,S,EG03,PG03,102267.0,Operations
100696,2019-07-22,2019-07-22,A,RFT,F,1.0,04ADM4,ADMIN,WSTMF,115,170,50,2019-07-22,2019-07-22,2019-07-22,,,,S,EG06,PG03,102467.0,Operations
100696,2019-08-13,2019-08-13,T,RFT,F,1.0,04ADM4,ADMIN,WSTMF,115,170,50,2019-07-22,2019-07-22,2019-07-22,2019-08-13,200,I,S,EG06,PG03,102467.0,Operations
100697,2019-07-22,2019-07-22,A,RFT,F,1.0,48OPS1,OPS,WSTMF,113,240,100,2019-07-22,2019-07-22,2019-07-22,,,,H,EG03,PG03,102205.0,Operations
100698,2019-07-24,2019-07-24,A,RFT,F,1.0,20ENG3,ENGR,PRMRE,124,80,90,2019-07-24,2019-07-24,2019-07-24,,,,S,EG03,PG02,101078.0,Operations
100698,2019-12-27,2019-12-27,A,RFT,F,1.0,67TEC3,TECH,PRMRE,124,80,90,2019-07-24,2019-07-24,2019-12-27,,,,S,EG10,PG02,101078.0,Operations
100698,2023-10-28,2023-10-28,A,RFT,F,1.0,68TEC4,TECH,PRMRE,124,80,90,2019-07-24,2019-07-24,2023-10-28,,,,S,EG06,PG02,101078.0,Operations
100699,2019-07-25,2019-07-25,A,RFT,F,1.0,60WHS1,WHSE,WSTMF,107,190,120,2019-07-25,2019-07-25,2019-07-25,,,,S,EG06,PG03,,Operations
100699,2019-09-28,2019-09-28,A,RFT,F,1.0,65TEC1,TECH,WSTMF,107,190,120,2019-07-25,2019-07-25,2019-09-28,,,,S,EG08,PG03,,Operations
100699,2020-12-21,2020-12-21,A,RFT,F,1.0,66TEC2,TECH,WSTMF,107,190,120,2019-07-25,2019-07-25,2020-12-21,,,,S,EG04,PG03,,Operations
100699,2025-02-02,2025-02-02,T,RFT,F,1.0,66TEC2,TECH,WSTMF,107,190,120,2019-07-25,2019-07-25,2020-12-21,2025-02-02,100,V,S,EG04,PG03,,Operations
100700,2019-07-26,2019-07-26,A,RFT,F,1.0,68TEC4,TECH,WSTMF,104,40,70,2019-07-26,2019-07-26,2019-07-26,,,,S,EG06,PG03,,Operations
100700,2023-08-12,2023-08-12,A,RFT,F,1.0,69TEC5,TECH,WSTMF,104,40,70,2019-07-26,2019-07-26,2023-08-12,,,,S,EG02,PG03,,Operations
100701,2019-07-26,2019-07-26,A,RFT,F,1.0,25HR1,HR,NRTHP,120,190,100,2019-07-26,2019-07-26,2019-07-26,,,,H,EG10,PG05,,Operations
100701,2020-12-12,2020-12-12,T,RFT,F,1.0,25HR1,HR,NRTHP,120,190,100,2019-07-26,2019-07-26,2019-07-26,2020-12-12,101,V,H,EG10,PG05,,Operations
100702,2019-07-26,2019-07-26,A,RFT,F,1.0,78ANL2,ANLYT,WSTMF,100,150,50,2019-07-26,2019-07-26,2019-07-26,,,,H,EG04,PG03,,Operations
100702,2020-05-30,2020-05-30,A,RFT,F,1.0,79ANL3,ANLYT,WSTMF,100,150,50,2019-07-26,2019-07-26,2020-05-30,,,,H,EG10,PG03,,Operations
100703,2019-07-26,2019-07-26,A,RFT,F,1.0,19ENG2,ENGR,NRTHP,115,90,10,2019-07-26,2019-07-26,2019-07-26,,,,H,EG01,PG05,102088.0,Operations
100703,2024-06-24,2024-06-24,L,RFT,F,1.0,19ENG2,ENGR,NRTHP,115,90,10,2019-07-26,2019-07-26,2019-07-26,,,,H,EG01,PG05,102088.0,Operations
100703,2024-10-15,2024-10-15,A,RFT,F,1.0,19ENG2,ENGR,NRTHP,115,90,10,2019-07-26,2019-07-26,2019-07-26,,,,H,EG01,PG05,102088.0,Operations
100703,2024-11-10,2024-11-10,T,RFT,F,1.0,19ENG2,ENGR,NRTHP,115,90,10,2019-07-26,2019-07-26,2019-07-26,2024-11-10,101,V,H,EG01,PG05,102088.0,Operations
100704,2019-07-26,2019-07-26,A,RFT,F,1.0,02ADM2,ADMIN,WSTMF,124,100,50,2019-07-26,2019-07-26,2019-07-26,,,,S,EG04,PG03,102781.0,Operations
100704,2020-07-27,2020-07-27,T,RFT,F,1.0,02ADM2,ADMIN,WSTMF,124,100,50,2019-07-26,2019-07-26,2019-07-26,2020-07-27,100,V,S,EG04,PG03,102781.0,Operations
100705,2019-08-01,2019-08-01,A,RPT,P,0.73,13CSR1,CSR,ALPNC,112,30,40,2019-08-01,2019-08-01,2019-08-01,,,,H,EG01,PG03,,Operations
100705,2019-12-22,2019-12-22,T,RPT,P,0.73,13CSR1,CSR,ALPNC,112,30,40,2019-08-01,2019-08-01,2019-08-01,2019-12-22,101,V,H,EG01,PG03,,Operations
100706,2019-08-02,2019-08-02,A,RFT,F,1.0,80ANL4,ANLYT,WSTMF,124,100,50,2019-08-02,2019-08-02,2019-08-02,,,,S,EG05,PG03,,Operations
100706,2022-06-08,2022-06-08,T,RFT,F,1.0,80ANL4,ANLYT,WSTMF,124,100,50,2019-08-02,2019-08-02,2019-08-02,2022-06-08,202,V,S,EG05,PG03,,Operations
100707,2019-08-02,2019-08-02,A,RFT,F,1.0,42SAL2,SALES,WSTMF,113,150,100,2019-08-02,2019-08-02,2019-08-02,,,,H,EG10,PG03,,Operations
100707,2020-09-13,2020-09-13,A,RFT,F,1.0,43SAL3,SALES,WSTMF,113,150,100,2019-08-02,2019-08-02,2020-09-13,,,,H,EG10,PG03,,Operations
100707,2022-02-20,2022-02-20,A,RFT,F,1.0,35IT3,IT,WSTMF,113,150,100,2019-08-02,2019-08-02,2022-02-20,,,,H,EG08,PG03,,Operations
100707,2023-10-06,2023-10-06,L,RFT,F,1.0,35IT3,IT,WSTMF,113,150,100,2019-08-02,2019-08-02,2022-02-20,,,,H,EG08,PG03,,Operations
100707,2024-02-10,2024-02-10,A,RFT,F,1.0,35IT3,IT,WSTMF,113,150,100,2019-08-02,2019-08-02,2022-02-20,,,,H,EG08,PG03,,Operations
100707,2024-09-21,2024-09-21,T,RFT,F,1.0,35IT3,IT,WSTMF,113,150,100,2019-08-02,2019-08-02,2022-02-20,2024-09-21,202,V,H,EG08,PG03,,Operations
100708,2019-08-05,2019-08-05,A,RFT,F,1.0,01ADM1,ADMIN,NRTHP,124,190,50,2019-08-05,2019-08-05,2019-08-05,,,,H,EG05,PG05,,Operations
100708,2019-11-05,2019-11-05,T,RFT,F,1.0,01ADM1,ADMIN,NRTHP,124,190,50,2019-08-05,2019-08-05,2019-08-05,2019-11-05,201,I,H,EG05,PG05,,Operations
100709,2019-08-06,2019-08-06,A,RFT,F,1.0,55TRD1,TRD,NRTHP,123,240,70,2019-08-06,2019-08-06,2019-08-06,,,,H,EG04,PG05,101281.0,Operations
100709,2019-10-01,2019-10-01,T,RFT,F,1.0,55TRD1,TRD,NRTHP,123,240,70,2019-08-06,2019-08-06,2019-08-06,2019-10-01,200,I,H,EG04,PG05,101281.0,Operations
100710,2019-08-07,2019-08-07,A,RPT,P,0.43,35IT3,IT,ALPNC,119,170,70,2019-08-07,2019-08-07,2019-08-07,,,,S,EG08,PG03,101534.0,Operations
100710,2022-02-19,2022-02-19,A,RPT,P,0.43,37IT4,IT,ALPNC,119,170,70,2019-08-07,2019-08-07,2022-02-19,,,,S,EG04,PG03,101534.0,Operations
100710,2022-04-04,2022-04-04,A,RPT,P,0.43,91PRO4,PROJ,ALPNC,119,170,70,2019-08-07,2019-08-07,2022-04-04,,,,S,EG02,PG03,101534.0,Operations
100710,2023-09-08,2023-09-08,A,RPT,P,0.43,92PRO5,PROJ,ALPNC,119,170,70,2019-08-07,2019-08-07,2023-09-08,,,,S,EG07,PG03,101534.0,Operations
100711,2019-08-08,2019-08-08,A,RFT,F,1.0,14CSR2,CSR,ALPNC,111,100,100,2019-08-08,2019-08-08,2019-08-08,,,,S,EG06,PG03,,Operations
100712,2019-08-08,2019-08-08,A,RFT,F,1.0,72MKT3,MKTG,PRMRE,100,110,50,2019-08-08,2019-08-08,2019-08-08,,,,S,EG09,PG02,101160.0,Operations
100712,2020-11-15,2020-11-15,T,RFT,F,1.0,72MKT3,MKTG,PRMRE,100,110,50,2019-08-08,2019-08-08,2019-08-08,2020-11-15,103,V,S,EG09,PG02,101160.0,Operations
100713,2019-08-13,2019-08-13,A,RPT,P,0.54,77ANL1,ANLYT,WSTMF,111,70,30,2019-08-13,2019-08-13,2019-08-13,,,,S,EG04,PG03,100206.0,Operations
100713,2019-10-08,2019-10-08,T,RPT,P,0.54,77ANL1,ANLYT,WSTMF,111,70,30,2019-08-13,2019-08-13,2019-08-13,2019-10-08,201,I,S,EG04,PG03,100206.0,Operations
100714,2019-08-13,2019-08-13,A,RFT,F,1.0,19ENG2,ENGR,WSTMF,100,230,40,2019-08-13,2019-08-13,2019-08-13,,,,H,EG01,PG03,102585.0,Operations
100714,2022-06-14,2022-06-14,T,RFT,F,1.0,19ENG2,ENGR,WSTMF,100,230,40,2019-08-13,2019-08-13,2019-08-13,2022-06-14,100,V,H,EG01,PG03,102585.0,Operations
100715,2019-08-14,2019-08-14,A,RFT,F,1.0,02ADM2,ADMIN,NRTHP,115,250,110,2019-08-14,2019-08-14,2019-08-14,,,,H,EG04,PG05,100992.0,Operations
100715,2020-07-04,2020-07-04,A,RFT,F,1.0,78ANL2,ANLYT,NRTHP,115,250,110,2019-08-14,2019-08-14,2020-07-04,,,,H,EG04,PG05,100992.0,Operations
100715,2023-06-25,2023-06-25,T,RFT,F,1.0,78ANL2,ANLYT,NRTHP,115,250,110,2019-08-14,2019-08-14,2020-07-04,2023-06-25,200,I,H,EG04,PG05,100992.0,Operations
100716,2019-08-14,2019-08-14,A,RFT,F,1.0,15CSR3,CSR,PRMRE,122,130,50,2019-08-14,2019-08-14,2019-08-14,,,,S,EG10,PG02,102268.0,Operations
100716,2021-07-18,2021-07-18,T,RFT,F,1.0,15CSR3,CSR,PRMRE,122,130,50,2019-08-14,2019-08-14,2019-08-14,2021-07-18,201,I,S,EG10,PG02,102268.0,Operations
100717,2019-08-15,2019-08-15,A,RFT,F,1.0,18ENG1,ENGR,ALPNC,124,60,50,2019-08-15,2019-08-15,2019-08-15,,,,H,EG08,PG03,102033.0,Operations
100718,2019-08-16,2019-08-16,A,RFT,F,1.0,68TEC4,TECH,PRMRE,100,80,10,2019-08-16,2019-08-16,2019-08-16,,,,S,EG06,PG02,,Operations
100718,2020-09-30,2020-09-30,T,RFT,F,1.0,68TEC4,TECH,PRMRE,100,80,10,2019-08-16,2019-08-16,2019-08-16,2020-09-30,103,V,S,EG06,PG02,,Operations
100719,2019-08-16,2019-08-16,A,RPT,P,0.63,55TRD1,TRD,NRTHP,121,170,10,2019-08-16,2019-08-16,2019-08-16,,,,H,EG04,PG05,100093.0,Operations
100719,2021-10-26,2021-10-26,A,RPT,P,0.63,56TRD2,TRD,NRTHP,121,170,10,2019-08-16,2019-08-16,2021-10-26,,,,H,EG02,PG05,100093.0,Operations
100719,2024-08-25,2024-08-25,A,RPT,P,0.63,57TRD3,TRD,NRTHP,121,170,10,2019-08-16,2019-08-16,2024-08-25,,,,H,EG02,PG05,100093.0,Operations
100720,2019-08-19,2019-08-19,A,RFT,F,1.0,09ACC4,ACCTG,WSTMF,110,110,10,2019-08-19,2019-08-19,2019-08-19,,,,S,EG05,PG03,,Operations
100720,2019-12-24,2019-12-24,A,RFT,F,1.0,10ACC5,ACCTG,WSTMF,110,110,10,2019-08-19,2019-08-19,2019-12-24,,,,S,EG09,PG03,,Operations
100720,2020-07-16,2020-07-16,T,RFT,F,1.0,10ACC5,ACCTG,WSTMF,110,110,10,2019-08-19,2019-08-19,2019-12-24,2020-07-16,205,I,S,EG09,PG03,,Operations
100721,2019-08-20,2019-08-20,A,RFT,F,1.0,09ACC4,ACCTG,ALPNC,115,50,60,2019-08-20,2019-08-20,2019-08-20,,,,S,EG05,PG03,,Operations
100721,2023-08-03,2023-08-03,A,RFT,F,1.0,10ACC5,ACCTG,ALPNC,115,50,60,2019-08-20,2019-08-20,2023-08-03,,,,S,EG09,PG03,,Operations
100722,2019-08-21,2019-08-21,A,RFT,F,1.0,61WHS2,WHSE,NRTHP,100,100,20,2019-08-21,2019-08-21,2019-08-21,,,,H,EG01,PG05,100277.0,Operations
100722,2021-10-11,2021-10-11,A,RFT,F,1.0,62WHS3,WHSE,NRTHP,100,100,20,2019-08-21,2019-08-21,2021-10-11,,,,H,EG01,PG05,100277.0,Operations
100722,2022-11-17,2022-11-17,L,RFT,F,1.0,62WHS3,WHSE,NRTHP,100,100,20,2019-08-21,2019-08-21,2021-10-11,,,,H,EG01,PG05,100277.0,Operations
100722,2023-01-16,2023-01-16,A,RFT,F,1.0,62WHS3,WHSE,NRTHP,100,100,20,2019-08-21,2019-08-21,2021-10-11,,,,H,EG01,PG05,100277.0,Operations
100722,2024-03-27,2024-03-27,T,RFT,F,1.0,62WHS3,WHSE,NRTHP,100,100,20,2019-08-21,2019-08-21,2021-10-11,2024-03-27,102,V,H,EG01,PG05,100277.0,Operations
100723,2019-08-21,2019-08-21,A,RFT,F,1.0,13CSR1,CSR,PRMRE,123,200,40,2019-08-21,2019-08-21,2019-08-21,,,,H,EG01,PG02,101298.0,Operations
100723,2022-11-14,2022-11-14,A,RFT,F,1.0,48OPS1,OPS,PRMRE,123,200,40,2019-08-21,2019-08-21,2022-11-14,,,,H,EG03,PG02,101298.0,Operations
100724,2019-08-23,2019-08-23,A,RFT,F,1.0,61WHS2,WHSE,ALPNC,104,250,80,2019-08-23,2019-08-23,2019-08-23,,,,S,EG01,PG03,102707.0,Operations
100724,2025-01-14,2025-01-14,T,RFT,F,1.0,61WHS2,WHSE,ALPNC,104,250,80,2019-08-23,2019-08-23,2019-08-23,2025-01-14,202,V,S,EG01,PG03,102707.0,Operations
100725,2019-08-23,2019-08-23,A,CON,F,1.0,77ANL1,ANLYT,PRMRE,100,30,60,2019-08-23,2019-08-23,2019-08-23,,,,S,EG04,PG02,101389.0,Operations
100725,2019-11-25,2019-11-25,L,CON,F,1.0,77ANL1,ANLYT,PRMRE,100,30,60,2019-08-23,2019-08-23,2019-08-23,,,,S,EG04,PG02,101389.0,Operations
100725,2020-05-11,2020-05-11,A,CON,F,1.0,77ANL1,ANLYT,PRMRE,100,30,60,2019-08-23,2019-08-23,2019-08-23,,,,S,EG04,PG02,101389.0,Operations
100725,2022-07-11,2022-07-11,T,CON,F,1.0,77ANL1,ANLYT,PRMRE,100,30,60,2019-08-23,2019-08-23,2019-08-23,2022-07-11,100,V,S,EG04,PG02,101389.0,Operations
100726,2019-08-23,2019-08-23,A,RFT,F,1.0,06ACC1,ACCTG,WSTMF,102,170,50,2019-08-23,2019-08-23,2019-08-23,,,,H,EG09,PG03,101871.0,Operations
100727,2019-08-23,2019-08-23,A,RFT,F,1.0,05ACC1,ACCTG,WSTMF,107,170,90,2019-08-23,2019-08-23,2019-08-23,,,,H,EG05,PG03,101018.0,Operations
100727,2020-04-16,2020-04-16,A,RFT,F,1.0,07ACC2,ACCTG,WSTMF,107,170,90,2019-08-23,2019-08-23,2020-04-16,,,,H,EG03,PG03,101018.0,Operations
100727,2020-05-20,2020-05-20,A,RFT,F,1.0,89PRO2,PROJ,WSTMF,107,170,90,2019-08-23,2019-08-23,2020-05-20,,,,H,EG06,PG03,101018.0,Operations
100727,2020-07-25,2020-07-25,A,RFT,F,1.0,94LEG2,LEGAL,WSTMF,107,170,90,2019-08-23,2019-08-23,2020-07-25,,,,H,EG02,PG03,101018.0,Operations
100727,2024-05-16,2024-05-16,A,RFT,F,1.0,95LEG3,LEGAL,WSTMF,107,170,90,2019-08-23,2019-08-23,2024-05-16,,,,H,EG05,PG03,101018.0,Operations
100727,2025-12-29,2025-12-29,T,RFT,F,1.0,95LEG3,LEGAL,WSTMF,107,170,90,2019-08-23,2019-08-23,2024-05-16,2025-12-29,202,V,H,EG05,PG03,101018.0,Operations
100728,2019-08-23,2019-08-23,A,RPT,P,0.69,43SAL3,SALES,PRMRE,100,50,90,2019-08-23,2019-08-23,2019-08-23,,,,S,EG10,PG02,101996.0,Operations
100728,2019-11-11,2019-11-11,T,RPT,P,0.69,43SAL3,SALES,PRMRE,100,50,90,2019-08-23,2019-08-23,2019-08-23,2019-11-11,102,V,S,EG10,PG02,101996.0,Operations
100729,2019-08-23,2019-08-23,A,RFT,F,1.0,08ACC3,ACCTG,PRMRE,116,180,80,2019-08-23,2019-08-23,2019-08-23,,,,S,EG01,PG02,101899.0,Operations
100729,2022-03-06,2022-03-06,T,RFT,F,1.0,08ACC3,ACCTG,PRMRE,116,180,80,2019-08-23,2019-08-23,2019-08-23,2022-03-06,200,I,S,EG01,PG02,101899.0,Operations
100730,2019-08-23,2019-08-23,A,RFT,F,1.0,14CSR2,CSR,NRTHP,123,220,30,2019-08-23,2019-08-23,2019-08-23,,,,H,EG06,PG05,102187.0,Operations
100730,2022-09-06,2022-09-06,T,RFT,F,1.0,14CSR2,CSR,NRTHP,123,220,30,2019-08-23,2019-08-23,2019-08-23,2022-09-06,103,V,H,EG06,PG05,102187.0,Operations
100731,2019-08-23,2019-08-23,A,RFT,F,1.0,65TEC1,TECH,PRMRE,102,110,10,2019-08-23,2019-08-23,2019-08-23,,,,S,EG08,PG02,100283.0,Operations
100731,2021-10-21,2021-10-21,T,RFT,F,1.0,65TEC1,TECH,PRMRE,102,110,10,2019-08-23,2019-08-23,2019-08-23,2021-10-21,103,V,S,EG08,PG02,100283.0,Operations
100732,2019-08-26,2019-08-26,A,RFT,F,1.0,41SAL1,SALES,NRTHP,117,170,60,2019-08-26,2019-08-26,2019-08-26,,,,H,EG08,PG05,,Operations
100732,2025-01-29,2025-01-29,L,RFT,F,1.0,41SAL1,SALES,NRTHP,117,170,60,2019-08-26,2019-08-26,2019-08-26,,,,H,EG08,PG05,,Operations
100732,2025-05-18,2025-05-18,A,RFT,F,1.0,41SAL1,SALES,NRTHP,117,170,60,2019-08-26,2019-08-26,2019-08-26,,,,H,EG08,PG05,,Operations
100733,2019-08-28,2019-08-28,A,RFT,F,1.0,85SUP5,SUPV,WSTMF,118,50,30,2019-08-28,2019-08-28,2019-08-28,,,,S,EG01,PG03,,Operations
100733,2021-05-22,2021-05-22,T,RFT,F,1.0,85SUP5,SUPV,WSTMF,118,50,30,2019-08-28,2019-08-28,2019-08-28,2021-05-22,101,V,S,EG01,PG03,,Operations
100734,2019-08-28,2019-08-28,A,RPT,F,0.76,33IT2,IT,PRMRE,116,170,50,2019-08-28,2019-08-28,2019-08-28,,,,H,EG09,PG02,,Operations
100734,2019-10-27,2019-10-27,T,RPT,F,0.76,33IT2,IT,PRMRE,116,170,50,2019-08-28,2019-08-28,2019-08-28,2019-10-27,100,V,H,EG09,PG02,,Operations
100735,2019-09-02,2019-09-02,A,RFT,F,1.0,66TEC2,TECH,ALPNC,112,40,30,2019-09-02,2019-09-02,2019-09-02,,,,H,EG04,PG03,,Operations
100735,2023-07-20,2023-07-20,A,RFT,F,1.0,67TEC3,TECH,ALPNC,112,40,30,2019-09-02,2019-09-02,2023-07-20,,,,H,EG10,PG03,,Operations
100736,2019-09-03,2019-09-03,A,RPT,P,0.55,34IT2,IT,ALPNC,114,240,100,2019-09-03,2019-09-03,2019-09-03,,,,H,EG08,PG03,,Operations
100736,2020-07-19,2020-07-19,T,RPT,P,0.55,34IT2,IT,ALPNC,114,240,100,2019-09-03,2019-09-03,2019-09-03,2020-07-19,100,V,H,EG08,PG03,,Operations
100737,2019-09-03,2019-09-03,A,RPT,P,0.59,05ACC1,ACCTG,WSTMF,124,210,80,2019-09-03,2019-09-03,2019-09-03,,,,S,EG05,PG03,102698.0,Operations
100737,2023-10-25,2023-10-25,A,RPT,P,0.59,07ACC2,ACCTG,WSTMF,124,210,80,2019-09-03,2019-09-03,2023-10-25,,,,S,EG03,PG03,102698.0,Operations
100737,2024-07-03,2024-07-03,L,RPT,P,0.59,07ACC2,ACCTG,WSTMF,124,210,80,2019-09-03,2019-09-03,2023-10-25,,,,S,EG03,PG03,102698.0,Operations
100737,2024-10-30,2024-10-30,A,RPT,P,0.59,07ACC2,ACCTG,WSTMF,124,210,80,2019-09-03,2019-09-03,2023-10-25,,,,S,EG03,PG03,102698.0,Operations
100738,2019-09-04,2019-09-04,A,RFT,F,1.0,93PRO6,PROJ,ALPNC,112,190,120,2019-09-04,2019-09-04,2019-09-04,,,,S,EG09,PG03,,Operations
100739,2019-09-05,2019-09-05,A,RPT,F,0.79,19ENG2,ENGR,ALPNC,116,100,10,2019-09-05,2019-09-05,2019-09-05,,,,H,EG01,PG03,102766.0,Operations
100739,2023-05-29,2023-05-29,A,RPT,F,0.79,20ENG3,ENGR,ALPNC,116,100,10,2019-09-05,2019-09-05,2023-05-29,,,,H,EG03,PG03,102766.0,Operations
100739,2025-03-31,2025-03-31,T,RPT,F,0.79,20ENG3,ENGR,ALPNC,116,100,10,2019-09-05,2019-09-05,2023-05-29,2025-03-31,100,V,H,EG03,PG03,102766.0,Operations
100740,2019-09-06,2019-09-06,A,RFT,F,1.0,21ENG4,ENGR,NRTHP,102,120,90,2019-09-06,2019-09-06,2019-09-06,,,,S,EG06,PG05,,Operations
100741,2019-09-06,2019-09-06,A,RFT,F,1.0,01ADM1,ADMIN,WSTMF,118,130,50,2019-09-06,2019-09-06,2019-09-06,,,,H,EG05,PG03,100080.0,Operations
100741,2022-08-16,2022-08-16,T,RFT,F,1.0,01ADM1,ADMIN,WSTMF,118,130,50,2019-09-06,2019-09-06,2019-09-06,2022-08-16,210,I,H,EG05,PG03,100080.0,Operations
100742,2019-09-06,2019-09-06,A,RPT,P,0.55,60WHS1,WHSE,NRTHP,100,80,120,2019-09-06,2019-09-06,2019-09-06,,,,S,EG06,PG05,100205.0,Operations
100742,2023-02-12,2023-02-12,A,RPT,P,0.55,61WHS2,WHSE,NRTHP,100,80,120,2019-09-06,2019-09-06,2023-02-12,,,,S,EG01,PG05,100205.0,Operations
100742,2023-05-14,2023-05-14,T,RPT,P,0.55,61WHS2,WHSE,NRTHP,100,80,120,2019-09-06,2019-09-06,2023-02-12,2023-05-14,100,V,S,EG01,PG05,100205.0,Operations
100743,2019-09-06,2019-09-06,A,CON,F,1.0,18ENG1,ENGR,PRMRE,105,10,10,2019-09-06,2019-09-06,2019-09-06,,,,H,EG08,PG02,101036.0,Operations
100743,2021-01-05,2021-01-05,A,CON,F,1.0,70MKT1,MKTG,PRMRE,105,10,10,2019-09-06,2019-09-06,2021-01-05,,,,H,EG04,PG02,101036.0,Operations
100743,2022-06-06,2022-06-06,T,CON,F,1.0,70MKT1,MKTG,PRMRE,105,10,10,2019-09-06,2019-09-06,2021-01-05,2022-06-06,103,V,H,EG04,PG02,101036.0,Operations
100744,2019-09-06,2019-09-06,A,RPT,P,0.53,19ENG2,ENGR,PRMRE,105,240,70,2019-09-06,2019-09-06,2019-09-06,,,,H,EG01,PG02,101695.0,Operations
100744,2019-09-24,2019-09-24,A,RPT,P,0.53,20ENG3,ENGR,PRMRE,105,240,70,2019-09-06,2019-09-06,2019-09-24,,,,H,EG03,PG02,101695.0,Operations
100744,2020-02-12,2020-02-12,A,RPT,P,0.53,27HR3,HR,PRMRE,105,240,70,2019-09-06,2019-09-06,2020-02-12,,,,H,EG02,PG02,101695.0,Operations
100744,2023-11-23,2023-11-23,A,RPT,P,0.53,28HR4,HR,PRMRE,105,240,70,2019-09-06,2019-09-06,2023-11-23,,,,H,EG08,PG02,101695.0,Operations
100744,2025-10-10,2025-10-10,L,RPT,P,0.53,28HR4,HR,PRMRE,105,240,70,2019-09-06,2019-09-06,2023-11-23,,,,H,EG08,PG02,101695.0,Operations
100744,2025-12-25,2025-12-25,A,RPT,P,0.53,28HR4,HR,PRMRE,105,240,70,2019-09-06,2019-09-06,2023-11-23,,,,H,EG08,PG02,101695.0,Operations
100745,2019-09-09,2019-09-09,A,RPT,P,0.48,25HR1,HR,WSTMF,108,30,80,2019-09-09,2019-09-09,2019-09-09,,,,H,EG10,PG03,,Operations
100745,2024-12-06,2024-12-06,A,RPT,P,0.48,13CSR1,CSR,WSTMF,108,30,80,2019-09-09,2019-09-09,2024-12-06,,,,H,EG01,PG03,,Operations
100746,2019-09-09,2019-09-09,A,RFT,F,1.0,41SAL1,SALES,WSTMF,107,50,110,2019-09-09,2019-09-09,2019-09-09,,,,H,EG08,PG03,,Operations
100746,2021-07-04,2021-07-04,L,RFT,F,1.0,41SAL1,SALES,WSTMF,107,50,110,2019-09-09,2019-09-09,2019-09-09,,,,H,EG08,PG03,,Operations
100746,2021-07-26,2021-07-26,A,RFT,F,1.0,41SAL1,SALES,WSTMF,107,50,110,2019-09-09,2019-09-09,2019-09-09,,,,H,EG08,PG03,,Operations
100747,2019-09-09,2019-09-09,A,RPT,P,0.61,61WHS2,WHSE,WSTMF,102,10,110,2019-09-09,2019-09-09,2019-09-09,,,,H,EG01,PG03,102485.0,Operations
100747,2021-01-23,2021-01-23,A,RPT,P,0.61,62WHS3,WHSE,WSTMF,102,10,110,2019-09-09,2019-09-09,2021-01-23,,,,H,EG01,PG03,102485.0,Operations
100748,2019-09-09,2019-09-09,A,RFT,F,1.0,49OPS2,OPS,WSTMF,118,230,50,2019-09-09,2019-09-09,2019-09-09,,,,H,EG05,PG03,100254.0,Operations
100748,2024-09-25,2024-09-25,A,RFT,F,1.0,50OPS3,OPS,WSTMF,118,230,50,2019-09-09,2019-09-09,2024-09-25,,,,H,EG06,PG03,100254.0,Operations
100749,2019-09-10,2019-09-10,A,RFT,F,1.0,19ENG2,ENGR,PRMRE,122,50,60,2019-09-10,2019-09-10,2019-09-10,,,,H,EG01,PG02,101619.0,Operations
100749,2020-01-18,2020-01-18,A,RFT,F,1.0,07ACC2,ACCTG,PRMRE,122,50,60,2019-09-10,2019-09-10,2020-01-18,,,,H,EG03,PG02,101619.0,Operations
100749,2021-08-03,2021-08-03,T,RFT,F,1.0,07ACC2,ACCTG,PRMRE,122,50,60,2019-09-10,2019-09-10,2020-01-18,2021-08-03,205,I,H,EG03,PG02,101619.0,Operations
100750,2019-09-11,2019-09-11,A,RFT,F,1.0,36IT3,IT,WSTMF,113,170,110,2019-09-11,2019-09-11,2019-09-11,,,,S,EG07,PG03,,Operations
100750,2020-11-05,2020-11-05,L,RFT,F,1.0,36IT3,IT,WSTMF,113,170,110,2019-09-11,2019-09-11,2019-09-11,,,,S,EG07,PG03,,Operations
100750,2021-01-02,2021-01-02,A,RFT,F,1.0,36IT3,IT,WSTMF,113,170,110,2019-09-11,2019-09-11,2019-09-11,,,,S,EG07,PG03,,Operations
100751,2019-09-11,2019-09-11,A,RFT,F,1.0,56TRD2,TRD,ALPNC,115,30,50,2019-09-11,2019-09-11,2019-09-11,,,,H,EG02,PG03,102360.0,Operations
100751,2024-05-21,2024-05-21,A,RFT,F,1.0,19ENG2,ENGR,ALPNC,115,30,50,2019-09-11,2019-09-11,2024-05-21,,,,H,EG01,PG03,102360.0,Operations
100752,2019-09-11,2019-09-11,A,RFT,F,1.0,70MKT1,MKTG,WSTMF,106,130,90,2019-09-11,2019-09-11,2019-09-11,,,,H,EG04,PG03,100791.0,Operations
100752,2026-01-28,2026-01-28,T,RFT,F,1.0,70MKT1,MKTG,WSTMF,106,130,90,2019-09-11,2019-09-11,2019-09-11,2026-01-28,207,I,H,EG04,PG03,100791.0,Operations
100753,2019-09-13,2019-09-13,A,CON,F,1.0,70MKT1,MKTG,PRMRE,123,90,100,2019-09-13,2019-09-13,2019-09-13,,,,H,EG04,PG02,,Operations
100753,2021-02-04,2021-02-04,T,CON,F,1.0,70MKT1,MKTG,PRMRE,123,90,100,2019-09-13,2019-09-13,2019-09-13,2021-02-04,100,V,H,EG04,PG02,,Operations
100754,2019-09-13,2019-09-13,A,RFT,F,1.0,27HR3,HR,WSTMF,111,110,30,2019-09-13,2019-09-13,2019-09-13,,,,S,EG02,PG03,100019.0,Operations
100754,2024-06-15,2024-06-15,A,RFT,F,1.0,28HR4,HR,WSTMF,111,110,30,2019-09-13,2019-09-13,2024-06-15,,,,S,EG08,PG03,100019.0,Operations
100755,2019-09-13,2019-09-13,A,RFT,F,1.0,07ACC2,ACCTG,NRTHP,111,140,50,2019-09-13,2019-09-13,2019-09-13,,,,H,EG03,PG05,,Operations
100755,2020-02-07,2020-02-07,L,RFT,F,1.0,07ACC2,ACCTG,NRTHP,111,140,50,2019-09-13,2019-09-13,2019-09-13,,,,H,EG03,PG05,,Operations
100755,2020-07-26,2020-07-26,A,RFT,F,1.0,07ACC2,ACCTG,NRTHP,111,140,50,2019-09-13,2019-09-13,2019-09-13,,,,H,EG03,PG05,,Operations
100755,2024-07-31,2024-07-31,A,RFT,F,1.0,08ACC3,ACCTG,NRTHP,111,140,50,2019-09-13,2019-09-13,2024-07-31,,,,H,EG01,PG05,,Operations
100756,2019-09-13,2019-09-13,A,CON,F,1.0,18ENG1,ENGR,NRTHP,118,60,90,2019-09-13,2019-09-13,2019-09-13,,,,S,EG08,PG05,102844.0,Operations
100756,2019-11-29,2019-11-29,T,CON,F,1.0,18ENG1,ENGR,NRTHP,118,60,90,2019-09-13,2019-09-13,2019-09-13,2019-11-29,100,V,S,EG08,PG05,102844.0,Operations
100757,2019-09-13,2019-09-13,A,RFT,F,1.0,95LEG3,LEGAL,NRTHP,118,190,30,2019-09-13,2019-09-13,2019-09-13,,,,S,EG05,PG05,,Operations
100757,2019-09-28,2019-09-28,T,RFT,F,1.0,95LEG3,LEGAL,NRTHP,118,190,30,2019-09-13,2019-09-13,2019-09-13,2019-09-28,103,V,S,EG05,PG05,,Operations
100758,2019-09-13,2019-09-13,A,RPT,P,0.66,16CSR4,CSR,PRMRE,121,20,20,2019-09-13,2019-09-13,2019-09-13,,,,S,EG10,PG02,,Operations
100758,2025-05-14,2025-05-14,A,RPT,P,0.66,96LEG4,LEGAL,PRMRE,121,20,20,2019-09-13,2019-09-13,2025-05-14,,,,S,EG10,PG02,,Operations
100759,2019-09-13,2019-09-13,A,TFT,F,1.0,42SAL2,SALES,ALPNC,104,210,20,2019-09-13,2019-09-13,2019-09-13,,,,H,EG10,PG03,,Operations
100759,2020-07-08,2020-07-08,T,TFT,F,1.0,42SAL2,SALES,ALPNC,104,210,20,2019-09-13,2019-09-13,2019-09-13,2020-07-08,103,V,H,EG10,PG03,,Operations
100760,2019-09-13,2019-09-13,A,TFT,F,1.0,35IT3,IT,ALPNC,115,130,60,2019-09-13,2019-09-13,2019-09-13,,,,S,EG08,PG03,101190.0,Operations
100760,2025-05-18,2025-05-18,A,TFT,F,1.0,37IT4,IT,ALPNC,115,130,60,2019-09-13,2019-09-13,2025-05-18,,,,S,EG04,PG03,101190.0,Operations
100760,2025-10-25,2025-10-25,T,TFT,F,1.0,37IT4,IT,ALPNC,115,130,60,2019-09-13,2019-09-13,2025-05-18,2025-10-25,201,I,S,EG04,PG03,101190.0,Operations
100761,2019-09-16,2019-09-16,A,RFT,F,1.0,26HR2,HR,NRTHP,111,140,90,2019-09-16,2019-09-16,2019-09-16,,,,H,EG03,PG05,,Operations
100761,2021-06-09,2021-06-09,T,RFT,F,1.0,26HR2,HR,NRTHP,111,140,90,2019-09-16,2019-09-16,2019-09-16,2021-06-09,101,V,H,EG03,PG05,,Operations
100762,2019-09-16,2019-09-16,A,RFT,F,1.0,08ACC3,ACCTG,WSTMF,111,240,120,2019-09-16,2019-09-16,2019-09-16,,,,S,EG01,PG03,100802.0,Operations
100762,2022-08-28,2022-08-28,T,RFT,F,1.0,08ACC3,ACCTG,WSTMF,111,240,120,2019-09-16,2019-09-16,2019-09-16,2022-08-28,100,V,S,EG01,PG03,100802.0,Operations
100763,2019-09-17,2019-09-17,A,RFT,F,1.0,20ENG3,ENGR,WSTMF,102,100,40,2019-09-17,2019-09-17,2019-09-17,,,,S,EG03,PG03,,Operations
100763,2025-05-11,2025-05-11,A,RFT,F,1.0,21ENG4,ENGR,WSTMF,102,100,40,2019-09-17,2019-09-17,2025-05-11,,,,S,EG06,PG03,,Operations
100763,2026-01-30,2026-01-30,A,RFT,F,1.0,22ENG5,ENGR,WSTMF,102,100,40,2019-09-17,2019-09-17,2026-01-30,,,,S,EG08,PG03,,Operations
100764,2019-09-17,2019-09-17,A,RFT,F,1.0,19ENG2,ENGR,PRMRE,100,30,10,2019-09-17,2019-09-17,2019-09-17,,,,H,EG01,PG02,101389.0,Operations
100764,2020-09-15,2020-09-15,T,RFT,F,1.0,19ENG2,ENGR,PRMRE,100,30,10,2019-09-17,2019-09-17,2019-09-17,2020-09-15,101,V,H,EG01,PG02,101389.0,Operations
100765,2019-09-17,2019-09-17,A,RFT,F,1.0,36IT3,IT,NRTHP,102,240,70,2019-09-17,2019-09-17,2019-09-17,,,,S,EG07,PG05,101786.0,Operations
100765,2023-10-10,2023-10-10,T,RFT,F,1.0,36IT3,IT,NRTHP,102,240,70,2019-09-17,2019-09-17,2019-09-17,2023-10-10,207,I,S,EG07,PG05,101786.0,Operations
100766,2019-09-18,2019-09-18,A,RPT,F,0.76,70MKT1,MKTG,PRMRE,115,60,120,2019-09-18,2019-09-18,2019-09-18,,,,H,EG04,PG02,100038.0,Operations
100767,2019-09-18,2019-09-18,A,RFT,F,1.0,01ADM1,ADMIN,NRTHP,120,200,20,2019-09-18,2019-09-18,2019-09-18,,,,H,EG05,PG05,,Operations
100768,2019-09-18,2019-09-18,A,TFT,F,1.0,65TEC1,TECH,PRMRE,116,240,20,2019-09-18,2019-09-18,2019-09-18,,,,S,EG08,PG02,,Operations
100768,2020-01-07,2020-01-07,A,TFT,F,1.0,66TEC2,TECH,PRMRE,116,240,20,2019-09-18,2019-09-18,2020-01-07,,,,S,EG04,PG02,,Operations
100768,2024-08-27,2024-08-27,T,TFT,F,1.0,66TEC2,TECH,PRMRE,116,240,20,2019-09-18,2019-09-18,2020-01-07,2024-08-27,201,I,S,EG04,PG02,,Operations
100769,2019-09-18,2019-09-18,A,RFT,F,1.0,32IT1,IT,PRMRE,115,150,120,2019-09-18,2019-09-18,2019-09-18,,,,S,EG03,PG02,102289.0,Operations
100769,2020-02-15,2020-02-15,A,RFT,F,1.0,41SAL1,SALES,PRMRE,115,150,120,2019-09-18,2019-09-18,2020-02-15,,,,S,EG08,PG02,102289.0,Operations
100769,2022-02-28,2022-02-28,T,RFT,F,1.0,41SAL1,SALES,PRMRE,115,150,120,2019-09-18,2019-09-18,2020-02-15,2022-02-28,100,V,S,EG08,PG02,102289.0,Operations
100770,2019-09-20,2019-09-20,A,RFT,F,1.0,48OPS1,OPS,NRTHP,100,180,90,2019-09-20,2019-09-20,2019-09-20,,,,H,EG03,PG05,102279.0,Operations
100770,2021-02-12,2021-02-12,T,RFT,F,1.0,48OPS1,OPS,NRTHP,100,180,90,2019-09-20,2019-09-20,2019-09-20,2021-02-12,101,V,H,EG03,PG05,102279.0,Operations
100771,2019-09-20,2019-09-20,A,TFT,F,1.0,43SAL3,SALES,NRTHP,119,70,110,2019-09-20,2019-09-20,2019-09-20,,,,S,EG10,PG05,102257.0,Operations
100772,2019-09-20,2019-09-20,A,RPT,P,0.44,61WHS2,WHSE,NRTHP,108,70,100,2019-09-20,2019-09-20,2019-09-20,,,,S,EG01,PG05,,Operations
100772,2021-10-30,2021-10-30,A,RPT,P,0.44,62WHS3,WHSE,NRTHP,108,70,100,2019-09-20,2019-09-20,2021-10-30,,,,S,EG01,PG05,,Operations
100772,2025-08-02,2025-08-02,A,RPT,P,0.44,67TEC3,TECH,NRTHP,108,70,100,2019-09-20,2019-09-20,2025-08-02,,,,S,EG10,PG05,,Operations
100773,2019-09-20,2019-09-20,A,RPT,P,0.64,27HR3,HR,ALPNC,111,80,50,2019-09-20,2019-09-20,2019-09-20,,,,S,EG02,PG03,,Operations
100774,2019-09-20,2019-09-20,A,RFT,F,1.0,06ACC1,ACCTG,NRTHP,123,80,20,2019-09-20,2019-09-20,2019-09-20,,,,H,EG09,PG05,,Operations
100774,2019-11-15,2019-11-15,T,RFT,F,1.0,06ACC1,ACCTG,NRTHP,123,80,20,2019-09-20,2019-09-20,2019-09-20,2019-11-15,101,V,H,EG09,PG05,,Operations
100775,2019-09-23,2019-09-23,A,RFT,F,1.0,65TEC1,TECH,ALPNC,100,30,30,2019-09-23,2019-09-23,2019-09-23,,,,H,EG08,PG03,101389.0,Operations
100775,2024-09-28,2024-09-28,A,RFT,F,1.0,06ACC1,ACCTG,ALPNC,100,30,30,2019-09-23,2019-09-23,2024-09-28,,,,H,EG09,PG03,101389.0,Operations
100775,2025-04-09,2025-04-09,A,RFT,F,1.0,07ACC2,ACCTG,ALPNC,100,30,30,2019-09-23,2019-09-23,2025-04-09,,,,H,EG03,PG03,101389.0,Operations
100776,2019-09-24,2019-09-24,A,RFT,F,1.0,01ADM1,ADMIN,NRTHP,103,240,70,2019-09-24,2019-09-24,2019-09-24,,,,H,EG05,PG05,,Operations
100776,2020-02-21,2020-02-21,T,RFT,F,1.0,01ADM1,ADMIN,NRTHP,103,240,70,2019-09-24,2019-09-24,2019-09-24,2020-02-21,200,I,H,EG05,PG05,,Operations
100777,2019-09-24,2019-09-24,A,RFT,F,1.0,70MKT1,MKTG,ALPNC,124,190,100,2019-09-24,2019-09-24,2019-09-24,,,,H,EG04,PG03,,Operations
100777,2023-02-26,2023-02-26,T,RFT,F,1.0,70MKT1,MKTG,ALPNC,124,190,100,2019-09-24,2019-09-24,2019-09-24,2023-02-26,201,I,H,EG04,PG03,,Operations
100778,2019-09-25,2019-09-25,A,RFT,F,1.0,20ENG3,ENGR,PRMRE,122,100,80,2019-09-25,2019-09-25,2019-09-25,,,,S,EG03,PG02,101678.0,Operations
100779,2019-09-25,2019-09-25,A,RFT,F,1.0,70MKT1,MKTG,PRMRE,122,40,20,2019-09-25,2019-09-25,2019-09-25,,,,S,EG04,PG02,101880.0,Operations
100779,2023-09-19,2023-09-19,T,RFT,F,1.0,70MKT1,MKTG,PRMRE,122,40,20,2019-09-25,2019-09-25,2019-09-25,2023-09-19,205,I,S,EG04,PG02,101880.0,Operations
100780,2019-09-25,2019-09-25,A,RFT,F,1.0,06ACC1,ACCTG,ALPNC,112,160,50,2019-09-25,2019-09-25,2019-09-25,,,,S,EG09,PG03,100151.0,Operations
100780,2020-03-31,2020-03-31,T,RFT,F,1.0,06ACC1,ACCTG,ALPNC,112,160,50,2019-09-25,2019-09-25,2019-09-25,2020-03-31,101,V,S,EG09,PG03,100151.0,Operations
100781,2019-09-25,2019-09-25,A,RFT,F,1.0,42SAL2,SALES,NRTHP,103,30,120,2019-09-25,2019-09-25,2019-09-25,,,,H,EG10,PG05,,Operations
100781,2020-09-22,2020-09-22,L,RFT,F,1.0,42SAL2,SALES,NRTHP,103,30,120,2019-09-25,2019-09-25,2019-09-25,,,,H,EG10,PG05,,Operations
100781,2020-12-05,2020-12-05,A,RFT,F,1.0,42SAL2,SALES,NRTHP,103,30,120,2019-09-25,2019-09-25,2019-09-25,,,,H,EG10,PG05,,Operations
100781,2020-10-13,2020-10-13,T,RFT,F,1.0,42SAL2,SALES,NRTHP,103,30,120,2019-09-25,2019-09-25,2019-09-25,2020-10-13,102,V,H,EG10,PG05,,Operations
100782,2019-09-26,2019-09-26,A,RFT,F,1.0,07ACC2,ACCTG,PRMRE,102,20,10,2019-09-26,2019-09-26,2019-09-26,,,,H,EG03,PG02,102972.0,Operations
100782,2019-10-06,2019-10-06,A,RFT,F,1.0,33IT2,IT,PRMRE,102,20,10,2019-09-26,2019-09-26,2019-10-06,,,,H,EG09,PG02,102972.0,Operations
100782,2023-01-19,2023-01-19,T,RFT,F,1.0,33IT2,IT,PRMRE,102,20,10,2019-09-26,2019-09-26,2019-10-06,2023-01-19,101,V,H,EG09,PG02,102972.0,Operations
100783,2019-09-27,2019-09-27,A,RFT,F,1.0,57TRD3,TRD,ALPNC,115,190,110,2019-09-27,2019-09-27,2019-09-27,,,,S,EG02,PG03,100276.0,Operations
100783,2020-06-23,2020-06-23,T,RFT,F,1.0,57TRD3,TRD,ALPNC,115,190,110,2019-09-27,2019-09-27,2019-09-27,2020-06-23,205,I,S,EG02,PG03,100276.0,Operations
100784,2019-09-27,2019-09-27,A,RPT,F,0.75,38IT5,IT,PRMRE,122,100,60,2019-09-27,2019-09-27,2019-09-27,,,,S,EG02,PG02,,Operations
100784,2021-09-03,2021-09-03,T,RPT,F,0.75,38IT5,IT,PRMRE,122,100,60,2019-09-27,2019-09-27,2019-09-27,2021-09-03,101,V,S,EG02,PG02,,Operations
100785,2019-09-27,2019-09-27,A,RFT,F,1.0,70MKT1,MKTG,ALPNC,104,240,90,2019-09-27,2019-09-27,2019-09-27,,,,H,EG04,PG03,,Operations
100785,2023-10-29,2023-10-29,T,RFT,F,1.0,70MKT1,MKTG,ALPNC,104,240,90,2019-09-27,2019-09-27,2019-09-27,2023-10-29,102,V,H,EG04,PG03,,Operations
100786,2019-09-27,2019-09-27,A,RFT,F,1.0,94LEG2,LEGAL,PRMRE,121,230,70,2019-09-27,2019-09-27,2019-09-27,,,,H,EG02,PG02,102034.0,Operations
100787,2019-09-27,2019-09-27,A,RFT,F,1.0,38IT5,IT,ALPNC,124,140,90,2019-09-27,2019-09-27,2019-09-27,,,,S,EG02,PG03,,Operations
100788,2019-10-01,2019-10-01,A,RFT,F,1.0,37IT4,IT,ALPNC,119,110,60,2019-10-01,2019-10-01,2019-10-01,,,,S,EG04,PG03,,Operations
100789,2019-10-01,2019-10-01,A,RFT,F,1.0,48OPS1,OPS,ALPNC,114,160,120,2019-10-01,2019-10-01,2019-10-01,,,,H,EG03,PG03,102948.0,Operations
100789,2021-04-15,2021-04-15,A,RFT,F,1.0,65TEC1,TECH,ALPNC,114,160,120,2019-10-01,2019-10-01,2021-04-15,,,,H,EG08,PG03,102948.0,Operations
100790,2019-10-02,2019-10-02,A,RFT,F,1.0,42SAL2,SALES,ALPNC,112,150,60,2019-10-02,2019-10-02,2019-10-02,,,,H,EG10,PG03,102404.0,Operations
100790,2021-10-02,2021-10-02,T,RFT,F,1.0,42SAL2,SALES,ALPNC,112,150,60,2019-10-02,2019-10-02,2019-10-02,2021-10-02,205,I,H,EG10,PG03,102404.0,Operations
100791,2019-10-03,2019-10-03,A,RFT,F,1.0,14CSR2,CSR,WSTMF,106,130,60,2019-10-03,2019-10-03,2019-10-03,,,,H,EG06,PG03,,Operations
100791,2023-04-05,2023-04-05,L,RFT,F,1.0,14CSR2,CSR,WSTMF,106,130,60,2019-10-03,2019-10-03,2019-10-03,,,,H,EG06,PG03,,Operations
100791,2023-08-21,2023-08-21,A,RFT,F,1.0,14CSR2,CSR,WSTMF,106,130,60,2019-10-03,2019-10-03,2019-10-03,,,,H,EG06,PG03,,Operations
100792,2019-10-04,2019-10-04,A,CON,F,1.0,32IT1,IT,WSTMF,111,190,30,2019-10-04,2019-10-04,2019-10-04,,,,S,EG03,PG03,101390.0,Operations
100792,2021-08-30,2021-08-30,T,CON,F,1.0,32IT1,IT,WSTMF,111,190,30,2019-10-04,2019-10-04,2019-10-04,2021-08-30,100,V,S,EG03,PG03,101390.0,Operations
100793,2019-10-04,2019-10-04,A,RPT,P,0.63,43SAL3,SALES,ALPNC,121,50,10,2019-10-04,2019-10-04,2019-10-04,,,,S,EG10,PG03,101661.0,Operations
100793,2021-06-20,2021-06-20,T,RPT,P,0.63,43SAL3,SALES,ALPNC,121,50,10,2019-10-04,2019-10-04,2019-10-04,2021-06-20,100,V,S,EG10,PG03,101661.0,Operations
100794,2019-10-07,2019-10-07,A,RPT,P,0.56,13CSR1,CSR,PRMRE,123,120,50,2019-10-07,2019-10-07,2019-10-07,,,,H,EG01,PG02,102934.0,Operations
100794,2022-08-24,2022-08-24,T,RPT,P,0.56,13CSR1,CSR,PRMRE,123,120,50,2019-10-07,2019-10-07,2019-10-07,2022-08-24,101,V,H,EG01,PG02,102934.0,Operations
100795,2019-10-07,2019-10-07,A,CON,F,1.0,41SAL1,SALES,WSTMF,124,250,60,2019-10-07,2019-10-07,2019-10-07,,,,H,EG08,PG03,,Operations
100795,2020-01-06,2020-01-06,T,CON,F,1.0,41SAL1,SALES,WSTMF,124,250,60,2019-10-07,2019-10-07,2019-10-07,2020-01-06,100,V,H,EG08,PG03,,Operations
100796,2019-10-08,2019-10-08,A,TAW,F,1.0,55TRD1,TRD,NRTHP,104,120,70,2019-10-08,2019-10-08,2019-10-08,,,,H,EG04,PG05,101422.0,Operations
100796,2021-10-12,2021-10-12,T,TAW,F,1.0,55TRD1,TRD,NRTHP,104,120,70,2019-10-08,2019-10-08,2019-10-08,2021-10-12,201,I,H,EG04,PG05,101422.0,Operations
100797,2019-10-10,2019-10-10,A,RPT,P,0.57,60WHS1,WHSE,NRTHP,114,60,10,2019-10-10,2019-10-10,2019-10-10,,,,H,EG06,PG05,101378.0,Operations
100797,2022-08-06,2022-08-06,T,RPT,P,0.57,60WHS1,WHSE,NRTHP,114,60,10,2019-10-10,2019-10-10,2019-10-10,2022-08-06,100,V,H,EG06,PG05,101378.0,Operations
100798,2019-10-11,2019-10-11,A,RFT,F,1.0,72MKT3,MKTG,NRTHP,101,100,70,2019-10-11,2019-10-11,2019-10-11,,,,S,EG09,PG05,,Operations
100798,2023-06-16,2023-06-16,T,RFT,F,1.0,72MKT3,MKTG,NRTHP,101,100,70,2019-10-11,2019-10-11,2019-10-11,2023-06-16,100,V,S,EG09,PG05,,Operations
100799,2019-10-11,2019-10-11,A,TFT,F,1.0,06ACC1,ACCTG,WSTMF,108,250,90,2019-10-11,2019-10-11,2019-10-11,,,,H,EG09,PG03,102717.0,Operations
100799,2019-10-13,2019-10-13,A,TFT,F,1.0,77ANL1,ANLYT,WSTMF,108,250,90,2019-10-11,2019-10-11,2019-10-13,,,,H,EG04,PG03,102717.0,Operations
100799,2022-06-27,2022-06-27,T,TFT,F,1.0,77ANL1,ANLYT,WSTMF,108,250,90,2019-10-11,2019-10-11,2019-10-13,2022-06-27,201,I,H,EG04,PG03,102717.0,Operations
100800,2019-10-11,2019-10-11,A,RFT,F,1.0,19ENG2,ENGR,WSTMF,124,140,10,2019-10-11,2019-10-11,2019-10-11,,,,S,EG01,PG03,100787.0,Operations
100800,2020-07-04,2020-07-04,A,RFT,F,1.0,49OPS2,OPS,WSTMF,124,140,10,2019-10-11,2019-10-11,2020-07-04,,,,S,EG05,PG03,100787.0,Operations
100800,2022-10-30,2022-10-30,T,RFT,F,1.0,49OPS2,OPS,WSTMF,124,140,10,2019-10-11,2019-10-11,2020-07-04,2022-10-30,103,V,S,EG05,PG03,100787.0,Operations
100801,2019-10-11,2019-10-11,A,RFT,F,1.0,72MKT3,MKTG,WSTMF,106,120,10,2019-10-11,2019-10-11,2019-10-11,,,,S,EG09,PG03,,Operations
100801,2021-09-25,2021-09-25,A,RFT,F,1.0,73MKT4,MKTG,WSTMF,106,120,10,2019-10-11,2019-10-11,2021-09-25,,,,S,EG01,PG03,,Operations
100801,2024-05-09,2024-05-09,T,RFT,F,1.0,73MKT4,MKTG,WSTMF,106,120,10,2019-10-11,2019-10-11,2021-09-25,2024-05-09,101,V,S,EG01,PG03,,Operations
100802,2019-10-11,2019-10-11,A,RFT,F,1.0,16CSR4,CSR,ALPNC,111,240,30,2019-10-11,2019-10-11,2019-10-11,,,,S,EG10,PG03,,Operations
100803,2019-10-11,2019-10-11,A,RFT,F,1.0,57TRD3,TRD,ALPNC,114,220,100,2019-10-11,2019-10-11,2019-10-11,,,,S,EG02,PG03,,Operations
100803,2021-05-06,2021-05-06,T,RFT,F,1.0,57TRD3,TRD,ALPNC,114,220,100,2019-10-11,2019-10-11,2019-10-11,2021-05-06,202,V,S,EG02,PG03,,Operations
100804,2019-10-14,2019-10-14,A,RFT,F,1.0,21ENG4,ENGR,WSTMF,124,90,50,2019-10-14,2019-10-14,2019-10-14,,,,S,EG06,PG03,100652.0,Operations
100805,2019-10-14,2019-10-14,A,RFT,F,1.0,77ANL1,ANLYT,NRTHP,121,100,20,2019-10-14,2019-10-14,2019-10-14,,,,H,EG04,PG05,,Operations
100805,2021-08-22,2021-08-22,T,RFT,F,1.0,77ANL1,ANLYT,NRTHP,121,100,20,2019-10-14,2019-10-14,2019-10-14,2021-08-22,101,V,H,EG04,PG05,,Operations
100806,2019-10-14,2019-10-14,A,RFT,F,1.0,43SAL3,SALES,WSTMF,105,10,90,2019-10-14,2019-10-14,2019-10-14,,,,S,EG10,PG03,,Operations
100806,2020-05-31,2020-05-31,T,RFT,F,1.0,43SAL3,SALES,WSTMF,105,10,90,2019-10-14,2019-10-14,2019-10-14,2020-05-31,100,V,S,EG10,PG03,,Operations
100807,2019-10-14,2019-10-14,A,CON,F,1.0,55TRD1,TRD,WSTMF,108,220,100,2019-10-14,2019-10-14,2019-10-14,,,,H,EG04,PG03,101152.0,Operations
100807,2020-02-23,2020-02-23,T,CON,F,1.0,55TRD1,TRD,WSTMF,108,220,100,2019-10-14,2019-10-14,2019-10-14,2020-02-23,100,V,H,EG04,PG03,101152.0,Operations
100808,2019-10-14,2019-10-14,A,RFT,F,1.0,36IT3,IT,PRMRE,118,140,100,2019-10-14,2019-10-14,2019-10-14,,,,S,EG07,PG02,,Operations
100808,2021-03-12,2021-03-12,A,RFT,F,1.0,27HR3,HR,PRMRE,118,140,100,2019-10-14,2019-10-14,2021-03-12,,,,S,EG02,PG02,,Operations
100808,2021-06-19,2021-06-19,A,RFT,F,1.0,28HR4,HR,PRMRE,118,140,100,2019-10-14,2019-10-14,2021-06-19,,,,S,EG08,PG02,,Operations
100808,2025-08-18,2025-08-18,A,RFT,F,1.0,63WHS4,WHSE,PRMRE,118,140,100,2019-10-14,2019-10-14,2025-08-18,,,,S,EG10,PG02,,Operations
100808,2025-12-28,2025-12-28,T,RFT,F,1.0,63WHS4,WHSE,PRMRE,118,140,100,2019-10-14,2019-10-14,2025-08-18,2025-12-28,205,I,S,EG10,PG02,,Operations
100809,2019-10-15,2019-10-15,A,RFT,F,1.0,78ANL2,ANLYT,ALPNC,116,160,50,2019-10-15,2019-10-15,2019-10-15,,,,S,EG04,PG03,,Operations
100809,2020-11-16,2020-11-16,T,RFT,F,1.0,78ANL2,ANLYT,ALPNC,116,160,50,2019-10-15,2019-10-15,2019-10-15,2020-11-16,100,V,S,EG04,PG03,,Operations
100810,2019-10-16,2019-10-16,A,RFT,F,1.0,58TRD4,TRD,NRTHP,109,220,40,2019-10-16,2019-10-16,2019-10-16,,,,S,EG05,PG05,,Operations
100811,2019-10-18,2019-10-18,A,RFT,F,1.0,18ENG1,ENGR,ALPNC,116,240,110,2019-10-18,2019-10-18,2019-10-18,,,,H,EG08,PG03,,Operations
100812,2019-10-18,2019-10-18,A,RFT,F,1.0,55TRD1,TRD,NRTHP,102,30,20,2019-10-18,2019-10-18,2019-10-18,,,,H,EG04,PG05,100967.0,Operations
100812,2020-05-16,2020-05-16,A,RFT,F,1.0,56TRD2,TRD,NRTHP,102,30,20,2019-10-18,2019-10-18,2020-05-16,,,,H,EG02,PG05,100967.0,Operations
100812,2022-08-31,2022-08-31,A,RFT,F,1.0,57TRD3,TRD,NRTHP,102,30,20,2019-10-18,2019-10-18,2022-08-31,,,,H,EG02,PG05,100967.0,Operations
100812,2023-03-06,2023-03-06,T,RFT,F,1.0,57TRD3,TRD,NRTHP,102,30,20,2019-10-18,2019-10-18,2022-08-31,2023-03-06,207,I,H,EG02,PG05,100967.0,Operations
100813,2019-10-18,2019-10-18,A,RFT,F,1.0,02ADM2,ADMIN,ALPNC,116,30,70,2019-10-18,2019-10-18,2019-10-18,,,,S,EG04,PG03,102136.0,Operations
100813,2024-10-16,2024-10-16,T,RFT,F,1.0,02ADM2,ADMIN,ALPNC,116,30,70,2019-10-18,2019-10-18,2019-10-18,2024-10-16,206,I,S,EG04,PG03,102136.0,Operations
100814,2019-10-18,2019-10-18,A,TAW,F,1.0,26HR2,HR,WSTMF,100,220,20,2019-10-18,2019-10-18,2019-10-18,,,,H,EG03,PG03,100923.0,Operations
100814,2019-12-24,2019-12-24,A,TAW,F,1.0,27HR3,HR,WSTMF,100,220,20,2019-10-18,2019-10-18,2019-12-24,,,,H,EG02,PG03,100923.0,Operations
100814,2024-10-25,2024-10-25,L,TAW,F,1.0,27HR3,HR,WSTMF,100,220,20,2019-10-18,2019-10-18,2019-12-24,,,,H,EG02,PG03,100923.0,Operations
100814,2025-03-24,2025-03-24,A,TAW,F,1.0,27HR3,HR,WSTMF,100,220,20,2019-10-18,2019-10-18,2019-12-24,,,,H,EG02,PG03,100923.0,Operations
100814,2025-11-04,2025-11-04,A,TAW,F,1.0,28HR4,HR,WSTMF,100,220,20,2019-10-18,2019-10-18,2025-11-04,,,,H,EG08,PG03,100923.0,Operations
100815,2019-10-18,2019-10-18,A,RFT,F,1.0,13CSR1,CSR,NRTHP,124,210,50,2019-10-18,2019-10-18,2019-10-18,,,,H,EG01,PG05,102698.0,Operations
100815,2020-09-04,2020-09-04,T,RFT,F,1.0,13CSR1,CSR,NRTHP,124,210,50,2019-10-18,2019-10-18,2019-10-18,2020-09-04,100,V,H,EG01,PG05,102698.0,Operations
100816,2019-10-18,2019-10-18,A,RFT,F,1.0,17CSR5,CSR,ALPNC,116,240,50,2019-10-18,2019-10-18,2019-10-18,,,,S,EG07,PG03,,Operations
100816,2020-09-22,2020-09-22,T,RFT,F,1.0,17CSR5,CSR,ALPNC,116,240,50,2019-10-18,2019-10-18,2019-10-18,2020-09-22,205,I,S,EG07,PG03,,Operations
100817,2019-10-23,2019-10-23,A,RFT,F,1.0,72MKT3,MKTG,PRMRE,105,230,20,2019-10-23,2019-10-23,2019-10-23,,,,S,EG09,PG02,,Operations
100818,2019-10-23,2019-10-23,A,RFT,F,1.0,41SAL1,SALES,WSTMF,124,50,30,2019-10-23,2019-10-23,2019-10-23,,,,H,EG08,PG03,101154.0,Operations
100818,2020-02-11,2020-02-11,T,RFT,F,1.0,41SAL1,SALES,WSTMF,124,50,30,2019-10-23,2019-10-23,2019-10-23,2020-02-11,102,V,H,EG08,PG03,101154.0,Operations
100819,2019-10-23,2019-10-23,A,RFT,F,1.0,32IT1,IT,WSTMF,115,240,80,2019-10-23,2019-10-23,2019-10-23,,,,S,EG03,PG03,102901.0,Operations
100819,2022-09-16,2022-09-16,L,RFT,F,1.0,32IT1,IT,WSTMF,115,240,80,2019-10-23,2019-10-23,2019-10-23,,,,S,EG03,PG03,102901.0,Operations
100819,2022-12-14,2022-12-14,A,RFT,F,1.0,32IT1,IT,WSTMF,115,240,80,2019-10-23,2019-10-23,2019-10-23,,,,S,EG03,PG03,102901.0,Operations
100820,2019-10-24,2019-10-24,A,RFT,F,1.0,13CSR1,CSR,WSTMF,106,70,10,2019-10-24,2019-10-24,2019-10-24,,,,H,EG01,PG03,101220.0,Operations
100820,2020-03-15,2020-03-15,A,RFT,F,1.0,14CSR2,CSR,WSTMF,106,70,10,2019-10-24,2019-10-24,2020-03-15,,,,H,EG06,PG03,101220.0,Operations
100821,2019-10-24,2019-10-24,A,RFT,F,1.0,63WHS4,WHSE,ALPNC,100,90,40,2019-10-24,2019-10-24,2019-10-24,,,,S,EG10,PG03,,Operations
100821,2025-02-28,2025-02-28,L,RFT,F,1.0,63WHS4,WHSE,ALPNC,100,90,40,2019-10-24,2019-10-24,2019-10-24,,,,S,EG10,PG03,,Operations
100821,2025-05-12,2025-05-12,A,RFT,F,1.0,63WHS4,WHSE,ALPNC,100,90,40,2019-10-24,2019-10-24,2019-10-24,,,,S,EG10,PG03,,Operations
100822,2019-10-25,2019-10-25,A,RFT,F,1.0,79ANL3,ANLYT,WSTMF,104,160,110,2019-10-25,2019-10-25,2019-10-25,,,,S,EG10,PG03,,Operations
100822,2019-11-16,2019-11-16,A,RFT,F,1.0,36IT3,IT,WSTMF,104,160,110,2019-10-25,2019-10-25,2019-11-16,,,,S,EG07,PG03,,Operations
100822,2019-11-07,2019-11-07,A,RFT,F,1.0,37IT4,IT,WSTMF,104,160,110,2019-10-25,2019-10-25,2019-11-07,,,,S,EG04,PG03,,Operations
100822,2021-08-24,2021-08-24,T,RFT,F,1.0,37IT4,IT,WSTMF,104,160,110,2019-10-25,2019-10-25,2019-11-07,2021-08-24,207,I,S,EG04,PG03,,Operations
100823,2019-10-25,2019-10-25,A,RFT,F,1.0,18ENG1,ENGR,ALPNC,100,160,120,2019-10-25,2019-10-25,2019-10-25,,,,H,EG08,PG03,102626.0,Operations
100823,2020-11-18,2020-11-18,T,RFT,F,1.0,18ENG1,ENGR,ALPNC,100,160,120,2019-10-25,2019-10-25,2019-10-25,2020-11-18,100,V,H,EG08,PG03,102626.0,Operations
100824,2019-10-25,2019-10-25,A,CON,F,1.0,32IT1,IT,ALPNC,100,120,20,2019-10-25,2019-10-25,2019-10-25,,,,H,EG03,PG03,102980.0,Operations
100824,2020-03-02,2020-03-02,T,CON,F,1.0,32IT1,IT,ALPNC,100,120,20,2019-10-25,2019-10-25,2019-10-25,2020-03-02,100,V,H,EG03,PG03,102980.0,Operations
100825,2019-10-25,2019-10-25,A,RFT,F,1.0,06ACC1,ACCTG,WSTMF,102,100,40,2019-10-25,2019-10-25,2019-10-25,,,,H,EG09,PG03,100763.0,Operations
100825,2020-08-13,2020-08-13,T,RFT,F,1.0,06ACC1,ACCTG,WSTMF,102,100,40,2019-10-25,2019-10-25,2019-10-25,2020-08-13,101,V,H,EG09,PG03,100763.0,Operations
100826,2019-10-25,2019-10-25,A,RFT,F,1.0,18ENG1,ENGR,NRTHP,121,210,60,2019-10-25,2019-10-25,2019-10-25,,,,H,EG08,PG05,101318.0,Operations
100826,2020-09-20,2020-09-20,T,RFT,F,1.0,18ENG1,ENGR,NRTHP,121,210,60,2019-10-25,2019-10-25,2019-10-25,2020-09-20,100,V,H,EG08,PG05,101318.0,Operations
100827,2019-10-25,2019-10-25,A,RFT,F,1.0,94LEG2,LEGAL,NRTHP,100,220,20,2019-10-25,2019-10-25,2019-10-25,,,,H,EG02,PG05,100923.0,Operations
100827,2022-06-16,2022-06-16,T,RFT,F,1.0,94LEG2,LEGAL,NRTHP,100,220,20,2019-10-25,2019-10-25,2019-10-25,2022-06-16,100,V,H,EG02,PG05,100923.0,Operations
100828,2019-10-28,2019-10-28,A,CON,F,1.0,89PRO2,PROJ,WSTMF,110,60,100,2019-10-28,2019-10-28,2019-10-28,,,,H,EG06,PG03,,Operations
100828,2020-07-16,2020-07-16,T,CON,F,1.0,89PRO2,PROJ,WSTMF,110,60,100,2019-10-28,2019-10-28,2019-10-28,2020-07-16,100,V,H,EG06,PG03,,Operations
100829,2019-10-28,2019-10-28,A,RFT,F,1.0,05ACC1,ACCTG,ALPNC,100,10,50,2019-10-28,2019-10-28,2019-10-28,,,,H,EG05,PG03,102752.0,Operations
100830,2019-11-01,2019-11-01,A,RPT,F,0.77,26HR2,HR,WSTMF,100,130,110,2019-11-01,2019-11-01,2019-11-01,,,,H,EG03,PG03,101590.0,Operations
100830,2023-05-07,2023-05-07,T,RPT,F,0.77,26HR2,HR,WSTMF,100,130,110,2019-11-01,2019-11-01,2019-11-01,2023-05-07,101,V,H,EG03,PG03,101590.0,Operations
100831,2019-11-01,2019-11-01,A,RFT,F,1.0,33IT2,IT,PRMRE,105,100,20,2019-11-01,2019-11-01,2019-11-01,,,,H,EG09,PG02,,Operations
100831,2020-06-17,2020-06-17,A,RFT,F,1.0,36IT3,IT,PRMRE,105,100,20,2019-11-01,2019-11-01,2020-06-17,,,,H,EG07,PG02,,Operations
100831,2024-03-11,2024-03-11,T,RFT,F,1.0,36IT3,IT,PRMRE,105,100,20,2019-11-01,2019-11-01,2020-06-17,2024-03-11,200,I,H,EG07,PG02,,Operations
100832,2019-11-01,2019-11-01,A,RFT,F,1.0,94LEG2,LEGAL,WSTMF,102,60,10,2019-11-01,2019-11-01,2019-11-01,,,,H,EG02,PG03,101520.0,Operations
100832,2022-02-23,2022-02-23,T,RFT,F,1.0,94LEG2,LEGAL,WSTMF,102,60,10,2019-11-01,2019-11-01,2019-11-01,2022-02-23,103,V,H,EG02,PG03,101520.0,Operations
100833,2019-11-01,2019-11-01,A,RFT,F,1.0,07ACC2,ACCTG,ALPNC,111,10,30,2019-11-01,2019-11-01,2019-11-01,,,,H,EG03,PG03,101010.0,Operations
100833,2021-11-09,2021-11-09,A,RFT,F,1.0,08ACC3,ACCTG,ALPNC,111,10,30,2019-11-01,2019-11-01,2021-11-09,,,,H,EG01,PG03,101010.0,Operations
100833,2024-02-28,2024-02-28,T,RFT,F,1.0,08ACC3,ACCTG,ALPNC,111,10,30,2019-11-01,2019-11-01,2021-11-09,2024-02-28,100,V,H,EG01,PG03,101010.0,Operations
100834,2019-11-05,2019-11-05,A,RFT,F,1.0,02ADM2,ADMIN,WSTMF,111,70,30,2019-11-05,2019-11-05,2019-11-05,,,,H,EG04,PG03,100206.0,Operations
100834,2023-06-18,2023-06-18,L,RFT,F,1.0,02ADM2,ADMIN,WSTMF,111,70,30,2019-11-05,2019-11-05,2019-11-05,,,,H,EG04,PG03,100206.0,Operations
100834,2023-09-15,2023-09-15,A,RFT,F,1.0,02ADM2,ADMIN,WSTMF,111,70,30,2019-11-05,2019-11-05,2019-11-05,,,,H,EG04,PG03,100206.0,Operations
100834,2024-06-09,2024-06-09,T,RFT,F,1.0,02ADM2,ADMIN,WSTMF,111,70,30,2019-11-05,2019-11-05,2019-11-05,2024-06-09,103,V,H,EG04,PG03,100206.0,Operations
100835,2019-11-06,2019-11-06,A,CON,F,1.0,03ADM3,ADMIN,NRTHP,118,20,40,2019-11-06,2019-11-06,2019-11-06,,,,S,EG07,PG05,,Operations
100835,2020-03-03,2020-03-03,T,CON,F,1.0,03ADM3,ADMIN,NRTHP,118,20,40,2019-11-06,2019-11-06,2019-11-06,2020-03-03,100,V,S,EG07,PG05,,Operations
100836,2019-11-08,2019-11-08,A,RPT,P,0.64,89PRO2,PROJ,WSTMF,110,80,60,2019-11-08,2019-11-08,2019-11-08,,,,H,EG06,PG03,100584.0,Operations
100837,2019-11-08,2019-11-08,A,RPT,P,0.54,67TEC3,TECH,PRMRE,105,150,100,2019-11-08,2019-11-08,2019-11-08,,,,S,EG10,PG02,,Operations
100837,2025-01-04,2025-01-04,T,RPT,P,0.54,67TEC3,TECH,PRMRE,105,150,100,2019-11-08,2019-11-08,2019-11-08,2025-01-04,100,V,S,EG10,PG02,,Operations
100838,2019-11-11,2019-11-11,A,RPT,P,0.66,25HR1,HR,WSTMF,107,30,60,2019-11-11,2019-11-11,2019-11-11,,,,H,EG10,PG03,102321.0,Operations
100839,2019-11-13,2019-11-13,A,RPT,P,0.67,35IT3,IT,WSTMF,105,180,70,2019-11-13,2019-11-13,2019-11-13,,,,S,EG08,PG03,,Operations
100839,2020-08-28,2020-08-28,A,RPT,P,0.67,37IT4,IT,WSTMF,105,180,70,2019-11-13,2019-11-13,2020-08-28,,,,S,EG04,PG03,,Operations
100839,2021-02-15,2021-02-15,L,RPT,P,0.67,37IT4,IT,WSTMF,105,180,70,2019-11-13,2019-11-13,2020-08-28,,,,S,EG04,PG03,,Operations
100839,2021-06-03,2021-06-03,A,RPT,P,0.67,37IT4,IT,WSTMF,105,180,70,2019-11-13,2019-11-13,2020-08-28,,,,S,EG04,PG03,,Operations
100840,2019-11-13,2019-11-13,A,TFT,F,1.0,05ACC1,ACCTG,PRMRE,117,120,60,2019-11-13,2019-11-13,2019-11-13,,,,S,EG05,PG02,,Operations
100840,2020-03-03,2020-03-03,T,TFT,F,1.0,05ACC1,ACCTG,PRMRE,117,120,60,2019-11-13,2019-11-13,2019-11-13,2020-03-03,100,V,S,EG05,PG02,,Operations
100841,2019-11-13,2019-11-13,A,RFT,F,1.0,49OPS2,OPS,NRTHP,114,100,90,2019-11-13,2019-11-13,2019-11-13,,,,H,EG05,PG05,,Operations
100841,2024-07-07,2024-07-07,A,RFT,F,1.0,50OPS3,OPS,NRTHP,114,100,90,2019-11-13,2019-11-13,2024-07-07,,,,H,EG06,PG05,,Operations
100842,2019-11-14,2019-11-14,A,RFT,F,1.0,16CSR4,CSR,PRMRE,102,150,80,2019-11-14,2019-11-14,2019-11-14,,,,S,EG10,PG02,,Operations
100842,2022-05-22,2022-05-22,L,RFT,F,1.0,16CSR4,CSR,PRMRE,102,150,80,2019-11-14,2019-11-14,2019-11-14,,,,S,EG10,PG02,,Operations
100842,2022-08-18,2022-08-18,A,RFT,F,1.0,16CSR4,CSR,PRMRE,102,150,80,2019-11-14,2019-11-14,2019-11-14,,,,S,EG10,PG02,,Operations
100843,2019-11-15,2019-11-15,A,RFT,F,1.0,95LEG3,LEGAL,WSTMF,104,130,40,2019-11-15,2019-11-15,2019-11-15,,,,S,EG05,PG03,,Operations
100844,2019-11-15,2019-11-15,A,RFT,F,1.0,19ENG2,ENGR,ALPNC,104,30,10,2019-11-15,2019-11-15,2019-11-15,,,,S,EG01,PG03,102699.0,Operations
100844,2019-12-10,2019-12-10,A,RFT,F,1.0,20ENG3,ENGR,ALPNC,104,30,10,2019-11-15,2019-11-15,2019-12-10,,,,S,EG03,PG03,102699.0,Operations
100844,2020-12-08,2020-12-08,A,RFT,F,1.0,21ENG4,ENGR,ALPNC,104,30,10,2019-11-15,2019-11-15,2020-12-08,,,,S,EG06,PG03,102699.0,Operations
100844,2024-06-19,2024-06-19,T,RFT,F,1.0,21ENG4,ENGR,ALPNC,104,30,10,2019-11-15,2019-11-15,2020-12-08,2024-06-19,100,V,S,EG06,PG03,102699.0,Operations
100845,2019-11-15,2019-11-15,A,RFT,F,1.0,60WHS1,WHSE,ALPNC,112,120,70,2019-11-15,2019-11-15,2019-11-15,,,,S,EG06,PG03,101486.0,Operations
100845,2021-01-18,2021-01-18,T,RFT,F,1.0,60WHS1,WHSE,ALPNC,112,120,70,2019-11-15,2019-11-15,2019-11-15,2021-01-18,100,V,S,EG06,PG03,101486.0,Operations
100846,2019-11-18,2019-11-18,A,RFT,F,1.0,07ACC2,ACCTG,ALPNC,100,140,10,2019-11-18,2019-11-18,2019-11-18,,,,H,EG03,PG03,101268.0,Operations
100846,2021-10-18,2021-10-18,T,RFT,F,1.0,07ACC2,ACCTG,ALPNC,100,140,10,2019-11-18,2019-11-18,2019-11-18,2021-10-18,206,I,H,EG03,PG03,101268.0,Operations
100847,2019-11-19,2019-11-19,A,RFT,F,1.0,38IT5,IT,ALPNC,104,70,20,2019-11-19,2019-11-19,2019-11-19,,,,S,EG02,PG03,,Operations
100848,2019-11-19,2019-11-19,A,RFT,F,1.0,36IT3,IT,PRMRE,117,40,30,2019-11-19,2019-11-19,2019-11-19,,,,S,EG07,PG02,100480.0,Operations
100848,2019-12-27,2019-12-27,A,RFT,F,1.0,37IT4,IT,PRMRE,117,40,30,2019-11-19,2019-11-19,2019-12-27,,,,S,EG04,PG02,100480.0,Operations
100848,2020-05-14,2020-05-14,T,RFT,F,1.0,37IT4,IT,PRMRE,117,40,30,2019-11-19,2019-11-19,2019-12-27,2020-05-14,101,V,S,EG04,PG02,100480.0,Operations
100849,2019-11-20,2019-11-20,A,RPT,P,0.42,65TEC1,TECH,NRTHP,120,120,30,2019-11-20,2019-11-20,2019-11-20,,,,H,EG08,PG05,,Operations
100849,2021-11-20,2021-11-20,A,RPT,P,0.42,66TEC2,TECH,NRTHP,120,120,30,2019-11-20,2019-11-20,2021-11-20,,,,H,EG04,PG05,,Operations
100849,2022-05-15,2022-05-15,A,RPT,P,0.42,56TRD2,TRD,NRTHP,120,120,30,2019-11-20,2019-11-20,2022-05-15,,,,H,EG02,PG05,,Operations
100850,2019-11-22,2019-11-22,A,CON,F,1.0,18ENG1,ENGR,ALPNC,100,10,20,2019-11-22,2019-11-22,2019-11-22,,,,H,EG08,PG03,102752.0,Operations
100850,2020-03-19,2020-03-19,A,CON,F,1.0,19ENG2,ENGR,ALPNC,100,10,20,2019-11-22,2019-11-22,2020-03-19,,,,H,EG01,PG03,102752.0,Operations
100850,2022-11-22,2022-11-22,T,CON,F,1.0,19ENG2,ENGR,ALPNC,100,10,20,2019-11-22,2019-11-22,2020-03-19,2022-11-22,100,V,H,EG01,PG03,102752.0,Operations
100851,2019-11-22,2019-11-22,A,RFT,F,1.0,25HR1,HR,WSTMF,104,160,20,2019-11-22,2019-11-22,2019-11-22,,,,H,EG10,PG03,102299.0,Operations
100851,2020-07-18,2020-07-18,T,RFT,F,1.0,25HR1,HR,WSTMF,104,160,20,2019-11-22,2019-11-22,2019-11-22,2020-07-18,100,V,H,EG10,PG03,102299.0,Operations
100852,2019-11-22,2019-11-22,A,RPT,P,0.65,20ENG3,ENGR,PRMRE,117,10,60,2019-11-22,2019-11-22,2019-11-22,,,,S,EG03,PG02,,Operations
100852,2025-12-07,2025-12-07,A,RPT,P,0.65,21ENG4,ENGR,PRMRE,117,10,60,2019-11-22,2019-11-22,2025-12-07,,,,S,EG06,PG02,,Operations
100853,2019-11-22,2019-11-22,A,RFT,F,1.0,33IT2,IT,ALPNC,116,240,20,2019-11-22,2019-11-22,2019-11-22,,,,H,EG09,PG03,,Operations
100853,2020-01-28,2020-01-28,A,RFT,F,1.0,56TRD2,TRD,ALPNC,116,240,20,2019-11-22,2019-11-22,2020-01-28,,,,H,EG02,PG03,,Operations
100853,2020-12-14,2020-12-14,T,RFT,F,1.0,56TRD2,TRD,ALPNC,116,240,20,2019-11-22,2019-11-22,2020-01-28,2020-12-14,207,I,H,EG02,PG03,,Operations
100854,2019-11-26,2019-11-26,A,RFT,F,1.0,18ENG1,ENGR,NRTHP,103,10,10,2019-11-26,2019-11-26,2019-11-26,,,,H,EG08,PG05,102029.0,Operations
100854,2024-05-03,2024-05-03,T,RFT,F,1.0,18ENG1,ENGR,NRTHP,103,10,10,2019-11-26,2019-11-26,2019-11-26,2024-05-03,100,V,H,EG08,PG05,102029.0,Operations
100855,2019-11-27,2019-11-27,A,RFT,F,1.0,90PRO3,PROJ,NRTHP,112,180,110,2019-11-27,2019-11-27,2019-11-27,,,,S,EG04,PG05,,Operations
100855,2022-04-02,2022-04-02,T,RFT,F,1.0,90PRO3,PROJ,NRTHP,112,180,110,2019-11-27,2019-11-27,2019-11-27,2022-04-02,201,I,S,EG04,PG05,,Operations
100856,2019-12-02,2019-12-02,A,RFT,F,1.0,65TEC1,TECH,ALPNC,102,80,110,2019-12-02,2019-12-02,2019-12-02,,,,S,EG08,PG03,100620.0,Operations
100856,2020-10-26,2020-10-26,L,RFT,F,1.0,65TEC1,TECH,ALPNC,102,80,110,2019-12-02,2019-12-02,2019-12-02,,,,S,EG08,PG03,100620.0,Operations
100856,2020-12-18,2020-12-18,A,RFT,F,1.0,65TEC1,TECH,ALPNC,102,80,110,2019-12-02,2019-12-02,2019-12-02,,,,S,EG08,PG03,100620.0,Operations
100856,2025-06-25,2025-06-25,T,RFT,F,1.0,65TEC1,TECH,ALPNC,102,80,110,2019-12-02,2019-12-02,2019-12-02,2025-06-25,100,V,S,EG08,PG03,100620.0,Operations
100857,2019-12-05,2019-12-05,A,RFT,F,1.0,56TRD2,TRD,WSTMF,105,150,30,2019-12-05,2019-12-05,2019-12-05,,,,H,EG02,PG03,,Operations
100857,2022-05-13,2022-05-13,A,RFT,F,1.0,57TRD3,TRD,WSTMF,105,150,30,2019-12-05,2019-12-05,2022-05-13,,,,H,EG02,PG03,,Operations
100857,2022-10-10,2022-10-10,A,RFT,F,1.0,58TRD4,TRD,WSTMF,105,150,30,2019-12-05,2019-12-05,2022-10-10,,,,H,EG05,PG03,,Operations
100858,2019-12-06,2019-12-06,A,RFT,F,1.0,02ADM2,ADMIN,NRTHP,103,50,80,2019-12-06,2019-12-06,2019-12-06,,,,H,EG04,PG05,,Operations
100858,2022-03-18,2022-03-18,L,RFT,F,1.0,02ADM2,ADMIN,NRTHP,103,50,80,2019-12-06,2019-12-06,2019-12-06,,,,H,EG04,PG05,,Operations
100858,2022-04-21,2022-04-21,A,RFT,F,1.0,02ADM2,ADMIN,NRTHP,103,50,80,2019-12-06,2019-12-06,2019-12-06,,,,H,EG04,PG05,,Operations
100858,2024-05-13,2024-05-13,L,RFT,F,1.0,02ADM2,ADMIN,NRTHP,103,50,80,2019-12-06,2019-12-06,2019-12-06,,,,H,EG04,PG05,,Operations
100858,2024-10-22,2024-10-22,A,RFT,F,1.0,02ADM2,ADMIN,NRTHP,103,50,80,2019-12-06,2019-12-06,2019-12-06,,,,H,EG04,PG05,,Operations
100858,2024-11-10,2024-11-10,A,RFT,F,1.0,03ADM3,ADMIN,NRTHP,103,50,80,2019-12-06,2019-12-06,2024-11-10,,,,H,EG07,PG05,,Operations
100858,2025-06-13,2025-06-13,A,RFT,F,1.0,04ADM4,ADMIN,NRTHP,103,50,80,2019-12-06,2019-12-06,2025-06-13,,,,H,EG06,PG05,,Operations
100859,2019-12-06,2019-12-06,A,RFT,F,1.0,06ACC1,ACCTG,PRMRE,123,230,100,2019-12-06,2019-12-06,2019-12-06,,,,H,EG09,PG02,,Operations
100859,2020-01-18,2020-01-18,T,RFT,F,1.0,06ACC1,ACCTG,PRMRE,123,230,100,2019-12-06,2019-12-06,2019-12-06,2020-01-18,102,V,H,EG09,PG02,,Operations
100860,2019-12-09,2019-12-09,A,RPT,P,0.55,22ENG5,ENGR,PRMRE,115,180,20,2019-12-09,2019-12-09,2019-12-09,,,,S,EG08,PG02,,Operations
100861,2019-12-09,2019-12-09,A,RFT,F,1.0,07ACC2,ACCTG,ALPNC,111,170,80,2019-12-09,2019-12-09,2019-12-09,,,,H,EG03,PG03,,Operations
100862,2019-12-11,2019-12-11,A,CON,F,1.0,32IT1,IT,ALPNC,100,160,20,2019-12-11,2019-12-11,2019-12-11,,,,H,EG03,PG03,102626.0,Operations
100862,2021-12-08,2021-12-08,T,CON,F,1.0,32IT1,IT,ALPNC,100,160,20,2019-12-11,2019-12-11,2019-12-11,2021-12-08,101,V,H,EG03,PG03,102626.0,Operations
100863,2019-12-11,2019-12-11,A,CON,F,1.0,78ANL2,ANLYT,PRMRE,121,10,10,2019-12-11,2019-12-11,2019-12-11,,,,H,EG04,PG02,100233.0,Operations
100863,2021-05-21,2021-05-21,T,CON,F,1.0,78ANL2,ANLYT,PRMRE,121,10,10,2019-12-11,2019-12-11,2019-12-11,2021-05-21,100,V,H,EG04,PG02,100233.0,Operations
100864,2019-12-11,2019-12-11,A,RPT,P,0.62,42SAL2,SALES,ALPNC,104,20,120,2019-12-11,2019-12-11,2019-12-11,,,,H,EG10,PG03,,Operations
100864,2024-03-25,2024-03-25,A,RPT,P,0.62,43SAL3,SALES,ALPNC,104,20,120,2019-12-11,2019-12-11,2024-03-25,,,,H,EG10,PG03,,Operations
100865,2019-12-13,2019-12-13,A,RFT,F,1.0,05ACC1,ACCTG,NRTHP,118,140,50,2019-12-13,2019-12-13,2019-12-13,,,,H,EG05,PG05,101731.0,Operations
100865,2021-02-02,2021-02-02,L,RFT,F,1.0,05ACC1,ACCTG,NRTHP,118,140,50,2019-12-13,2019-12-13,2019-12-13,,,,H,EG05,PG05,101731.0,Operations
100865,2021-07-15,2021-07-15,A,RFT,F,1.0,05ACC1,ACCTG,NRTHP,118,140,50,2019-12-13,2019-12-13,2019-12-13,,,,H,EG05,PG05,101731.0,Operations
100865,2021-06-10,2021-06-10,T,RFT,F,1.0,05ACC1,ACCTG,NRTHP,118,140,50,2019-12-13,2019-12-13,2019-12-13,2021-06-10,101,V,H,EG05,PG05,101731.0,Operations
100866,2019-12-13,2019-12-13,A,RFT,F,1.0,34IT2,IT,NRTHP,109,220,70,2019-12-13,2019-12-13,2019-12-13,,,,H,EG08,PG05,100810.0,Operations
100866,2024-07-11,2024-07-11,L,RFT,F,1.0,34IT2,IT,NRTHP,109,220,70,2019-12-13,2019-12-13,2019-12-13,,,,H,EG08,PG05,100810.0,Operations
100866,2024-12-11,2024-12-11,A,RFT,F,1.0,34IT2,IT,NRTHP,109,220,70,2019-12-13,2019-12-13,2019-12-13,,,,H,EG08,PG05,100810.0,Operations
100866,2024-09-19,2024-09-19,A,RFT,F,1.0,35IT3,IT,NRTHP,109,220,70,2019-12-13,2019-12-13,2024-09-19,,,,H,EG08,PG05,100810.0,Operations
100867,2019-12-13,2019-12-13,A,RFT,F,1.0,32IT1,IT,PRMRE,122,250,90,2019-12-13,2019-12-13,2019-12-13,,,,H,EG03,PG02,102017.0,Operations
100867,2020-07-27,2020-07-27,T,RFT,F,1.0,32IT1,IT,PRMRE,122,250,90,2019-12-13,2019-12-13,2019-12-13,2020-07-27,101,V,H,EG03,PG02,102017.0,Operations
100868,2019-12-13,2019-12-13,A,RPT,P,0.51,42SAL2,SALES,ALPNC,124,130,40,2019-12-13,2019-12-13,2019-12-13,,,,H,EG10,PG03,102158.0,Operations
100868,2020-02-26,2020-02-26,A,RPT,P,0.51,43SAL3,SALES,ALPNC,124,130,40,2019-12-13,2019-12-13,2020-02-26,,,,H,EG10,PG03,102158.0,Operations
100868,2021-08-06,2021-08-06,T,RPT,P,0.51,43SAL3,SALES,ALPNC,124,130,40,2019-12-13,2019-12-13,2020-02-26,2021-08-06,101,V,H,EG10,PG03,102158.0,Operations
100869,2019-12-13,2019-12-13,A,RFT,F,1.0,10ACC5,ACCTG,PRMRE,116,100,60,2019-12-13,2019-12-13,2019-12-13,,,,S,EG09,PG02,,Operations
100869,2020-07-21,2020-07-21,T,RFT,F,1.0,10ACC5,ACCTG,PRMRE,116,100,60,2019-12-13,2019-12-13,2019-12-13,2020-07-21,100,V,S,EG09,PG02,,Operations
100870,2019-12-25,2019-12-25,A,RFT,F,1.0,60WHS1,WHSE,ALPNC,116,240,90,2019-12-25,2019-12-25,2019-12-25,,,,S,EG06,PG03,,Operations
100870,2020-01-12,2020-01-12,A,RFT,F,1.0,61WHS2,WHSE,ALPNC,116,240,90,2019-12-25,2019-12-25,2020-01-12,,,,S,EG01,PG03,,Operations
100870,2020-03-31,2020-03-31,T,RFT,F,1.0,61WHS2,WHSE,ALPNC,116,240,90,2019-12-25,2019-12-25,2020-01-12,2020-03-31,207,I,S,EG01,PG03,,Operations
100871,2019-12-25,2019-12-25,A,TAW,F,1.0,01ADM1,ADMIN,ALPNC,114,80,90,2019-12-25,2019-12-25,2019-12-25,,,,H,EG05,PG03,,Operations
100871,2020-12-11,2020-12-11,T,TAW,F,1.0,01ADM1,ADMIN,ALPNC,114,80,90,2019-12-25,2019-12-25,2019-12-25,2020-12-11,201,I,H,EG05,PG03,,Operations
100872,2019-12-27,2019-12-27,A,RPT,P,0.57,90PRO3,PROJ,ALPNC,102,130,100,2019-12-27,2019-12-27,2019-12-27,,,,S,EG04,PG03,102468.0,Operations
100872,2022-01-22,2022-01-22,A,RPT,P,0.57,91PRO4,PROJ,ALPNC,102,130,100,2019-12-27,2019-12-27,2022-01-22,,,,S,EG02,PG03,102468.0,Operations
100873,2019-12-27,2019-12-27,A,TFT,F,1.0,48OPS1,OPS,PRMRE,100,120,70,2019-12-27,2019-12-27,2019-12-27,,,,H,EG03,PG02,102980.0,Operations
100873,2021-10-23,2021-10-23,T,TFT,F,1.0,48OPS1,OPS,PRMRE,100,120,70,2019-12-27,2019-12-27,2019-12-27,2021-10-23,201,I,H,EG03,PG02,102980.0,Operations
100874,2020-01-01,2020-01-01,A,RFT,F,1.0,32IT1,IT,PRMRE,100,160,60,2020-01-01,2020-01-01,2020-01-01,,,,H,EG03,PG02,102626.0,Operations
100874,2020-09-30,2020-09-30,T,RFT,F,1.0,32IT1,IT,PRMRE,100,160,60,2020-01-01,2020-01-01,2020-01-01,2020-09-30,200,I,H,EG03,PG02,102626.0,Operations
100875,2020-01-01,2020-01-01,A,RFT,F,1.0,20ENG3,ENGR,ALPNC,121,190,70,2020-01-01,2020-01-01,2020-01-01,,,,S,EG03,PG03,100421.0,Operations
100875,2023-10-05,2023-10-05,A,RFT,F,1.0,21ENG4,ENGR,ALPNC,121,190,70,2020-01-01,2020-01-01,2023-10-05,,,,S,EG06,PG03,100421.0,Operations
100876,2020-01-01,2020-01-01,A,RFT,F,1.0,65TEC1,TECH,NRTHP,116,250,120,2020-01-01,2020-01-01,2020-01-01,,,,H,EG08,PG05,,Operations
100876,2020-01-18,2020-01-18,T,RFT,F,1.0,65TEC1,TECH,NRTHP,116,250,120,2020-01-01,2020-01-01,2020-01-01,2020-01-18,200,I,H,EG08,PG05,,Operations
100877,2020-01-02,2020-01-02,A,RPT,F,0.76,67TEC3,TECH,WSTMF,105,90,50,2020-01-02,2020-01-02,2020-01-02,,,,S,EG10,PG03,101404.0,Operations
100877,2020-10-11,2020-10-11,L,RPT,F,0.76,67TEC3,TECH,WSTMF,105,90,50,2020-01-02,2020-01-02,2020-01-02,,,,S,EG10,PG03,101404.0,Operations
100877,2020-11-21,2020-11-21,A,RPT,F,0.76,67TEC3,TECH,WSTMF,105,90,50,2020-01-02,2020-01-02,2020-01-02,,,,S,EG10,PG03,101404.0,Operations
100877,2023-11-05,2023-11-05,L,RPT,F,0.76,67TEC3,TECH,WSTMF,105,90,50,2020-01-02,2020-01-02,2020-01-02,,,,S,EG10,PG03,101404.0,Operations
100877,2023-12-19,2023-12-19,A,RPT,F,0.76,67TEC3,TECH,WSTMF,105,90,50,2020-01-02,2020-01-02,2020-01-02,,,,S,EG10,PG03,101404.0,Operations
100877,2025-01-12,2025-01-12,T,RPT,F,0.76,67TEC3,TECH,WSTMF,105,90,50,2020-01-02,2020-01-02,2020-01-02,2025-01-12,101,V,S,EG10,PG03,101404.0,Operations
100878,2020-01-02,2020-01-02,A,RFT,F,1.0,57TRD3,TRD,NRTHP,119,170,60,2020-01-02,2020-01-02,2020-01-02,,,,S,EG02,PG05,101534.0,Operations
100878,2020-11-06,2020-11-06,A,RFT,F,1.0,58TRD4,TRD,NRTHP,119,170,60,2020-01-02,2020-01-02,2020-11-06,,,,S,EG05,PG05,101534.0,Operations
100878,2024-02-17,2024-02-17,A,RFT,F,1.0,59TRD5,TRD,NRTHP,119,170,60,2020-01-02,2020-01-02,2024-02-17,,,,S,EG10,PG05,101534.0,Operations
100879,2020-01-03,2020-01-03,A,RFT,F,1.0,60WHS1,WHSE,WSTMF,122,90,120,2020-01-03,2020-01-03,2020-01-03,,,,H,EG06,PG03,101043.0,Operations
100879,2023-11-22,2023-11-22,L,RFT,F,1.0,60WHS1,WHSE,WSTMF,122,90,120,2020-01-03,2020-01-03,2020-01-03,,,,H,EG06,PG03,101043.0,Operations
100879,2024-02-19,2024-02-19,A,RFT,F,1.0,60WHS1,WHSE,WSTMF,122,90,120,2020-01-03,2020-01-03,2020-01-03,,,,H,EG06,PG03,101043.0,Operations
100879,2024-07-31,2024-07-31,A,RFT,F,1.0,70MKT1,MKTG,WSTMF,122,90,120,2020-01-03,2020-01-03,2024-07-31,,,,H,EG04,PG03,101043.0,Operations
100880,2020-01-03,2020-01-03,A,RFT,F,1.0,48OPS1,OPS,NRTHP,119,240,20,2020-01-03,2020-01-03,2020-01-03,,,,H,EG03,PG05,100179.0,Operations
100880,2021-06-07,2021-06-07,A,RFT,F,1.0,49OPS2,OPS,NRTHP,119,240,20,2020-01-03,2020-01-03,2021-06-07,,,,H,EG05,PG05,100179.0,Operations
100880,2025-07-20,2025-07-20,A,RFT,F,1.0,71MKT2,MKTG,NRTHP,119,240,20,2020-01-03,2020-01-03,2025-07-20,,,,H,EG10,PG05,100179.0,Operations
100881,2020-01-03,2020-01-03,A,RFT,F,1.0,60WHS1,WHSE,ALPNC,102,190,20,2020-01-03,2020-01-03,2020-01-03,,,,H,EG06,PG03,102877.0,Operations
100881,2022-01-27,2022-01-27,T,RFT,F,1.0,60WHS1,WHSE,ALPNC,102,190,20,2020-01-03,2020-01-03,2020-01-03,2022-01-27,100,V,H,EG06,PG03,102877.0,Operations
100882,2020-01-03,2020-01-03,A,RFT,F,1.0,71MKT2,MKTG,NRTHP,122,120,100,2020-01-03,2020-01-03,2020-01-03,,,,H,EG10,PG05,100170.0,Operations
100882,2020-05-29,2020-05-29,T,RFT,F,1.0,71MKT2,MKTG,NRTHP,122,120,100,2020-01-03,2020-01-03,2020-01-03,2020-05-29,100,V,H,EG10,PG05,100170.0,Operations
100883,2020-01-03,2020-01-03,A,RFT,F,1.0,07ACC2,ACCTG,PRMRE,102,130,70,2020-01-03,2020-01-03,2020-01-03,,,,S,EG03,PG02,102468.0,Operations
100883,2021-06-07,2021-06-07,T,RFT,F,1.0,07ACC2,ACCTG,PRMRE,102,130,70,2020-01-03,2020-01-03,2020-01-03,2021-06-07,103,V,S,EG03,PG02,102468.0,Operations
100884,2020-01-07,2020-01-07,A,CON,F,1.0,18ENG1,ENGR,NRTHP,111,60,60,2020-01-07,2020-01-07,2020-01-07,,,,H,EG08,PG05,102908.0,Operations
100884,2022-05-23,2022-05-23,T,CON,F,1.0,18ENG1,ENGR,NRTHP,111,60,60,2020-01-07,2020-01-07,2020-01-07,2022-05-23,100,V,H,EG08,PG05,102908.0,Operations
100885,2020-01-07,2020-01-07,A,RFT,F,1.0,71MKT2,MKTG,WSTMF,113,140,120,2020-01-07,2020-01-07,2020-01-07,,,,H,EG10,PG03,,Operations
100885,2020-07-24,2020-07-24,T,RFT,F,1.0,71MKT2,MKTG,WSTMF,113,140,120,2020-01-07,2020-01-07,2020-01-07,2020-07-24,101,V,H,EG10,PG03,,Operations
100886,2020-01-08,2020-01-08,A,RFT,F,1.0,44SAL4,SALES,PRMRE,121,230,30,2020-01-08,2020-01-08,2020-01-08,,,,S,EG09,PG02,,Operations
100887,2020-01-08,2020-01-08,A,RFT,F,1.0,77ANL1,ANLYT,ALPNC,115,210,110,2020-01-08,2020-01-08,2020-01-08,,,,H,EG04,PG03,100349.0,Operations
100887,2020-07-30,2020-07-30,T,RFT,F,1.0,77ANL1,ANLYT,ALPNC,115,210,110,2020-01-08,2020-01-08,2020-01-08,2020-07-30,202,V,H,EG04,PG03,100349.0,Operations
100888,2020-01-08,2020-01-08,A,RFT,F,1.0,18ENG1,ENGR,WSTMF,105,170,40,2020-01-08,2020-01-08,2020-01-08,,,,H,EG08,PG03,,Operations
100888,2021-12-04,2021-12-04,T,RFT,F,1.0,18ENG1,ENGR,WSTMF,105,170,40,2020-01-08,2020-01-08,2020-01-08,2021-12-04,207,I,H,EG08,PG03,,Operations
100889,2020-01-09,2020-01-09,A,TAW,F,1.0,56TRD2,TRD,WSTMF,102,170,10,2020-01-09,2020-01-09,2020-01-09,,,,H,EG02,PG03,101871.0,Operations
100889,2021-05-09,2021-05-09,A,TAW,F,1.0,34IT2,IT,WSTMF,102,170,10,2020-01-09,2020-01-09,2021-05-09,,,,H,EG08,PG03,101871.0,Operations
100889,2025-09-15,2025-09-15,A,TAW,F,1.0,35IT3,IT,WSTMF,102,170,10,2020-01-09,2020-01-09,2025-09-15,,,,H,EG08,PG03,101871.0,Operations
100890,2020-01-10,2020-01-10,A,RFT,F,1.0,29HR5,HR,ALPNC,111,130,60,2020-01-10,2020-01-10,2020-01-10,,,,S,EG07,PG03,,Operations
100890,2022-11-21,2022-11-21,A,RFT,F,1.0,38IT5,IT,ALPNC,111,130,60,2020-01-10,2020-01-10,2022-11-21,,,,S,EG02,PG03,,Operations
100890,2024-11-29,2024-11-29,A,RFT,F,1.0,10ACC5,ACCTG,ALPNC,111,130,60,2020-01-10,2020-01-10,2024-11-29,,,,S,EG09,PG03,,Operations
100890,2025-09-27,2025-09-27,A,RFT,F,1.0,11ACC6,ACCTG,ALPNC,111,130,60,2020-01-10,2020-01-10,2025-09-27,,,,S,EG08,PG03,,Operations
100891,2020-01-15,2020-01-15,A,CON,F,1.0,78ANL2,ANLYT,PRMRE,115,50,60,2020-01-15,2020-01-15,2020-01-15,,,,S,EG04,PG02,100721.0,Operations
100891,2020-11-07,2020-11-07,T,CON,F,1.0,78ANL2,ANLYT,PRMRE,115,50,60,2020-01-15,2020-01-15,2020-01-15,2020-11-07,100,V,S,EG04,PG02,100721.0,Operations
100892,2020-01-16,2020-01-16,A,RFT,F,1.0,43SAL3,SALES,NRTHP,117,40,20,2020-01-16,2020-01-16,2020-01-16,,,,S,EG10,PG05,100480.0,Operations
100892,2020-12-17,2020-12-17,A,RFT,F,1.0,44SAL4,SALES,NRTHP,117,40,20,2020-01-16,2020-01-16,2020-12-17,,,,S,EG09,PG05,100480.0,Operations
100892,2021-08-08,2021-08-08,T,RFT,F,1.0,44SAL4,SALES,NRTHP,117,40,20,2020-01-16,2020-01-16,2020-12-17,2021-08-08,102,V,S,EG09,PG05,100480.0,Operations
100893,2020-01-16,2020-01-16,A,RFT,F,1.0,27HR3,HR,NRTHP,101,190,100,2020-01-16,2020-01-16,2020-01-16,,,,S,EG02,PG05,102129.0,Operations
100893,2020-06-13,2020-06-13,A,RFT,F,1.0,90PRO3,PROJ,NRTHP,101,190,100,2020-01-16,2020-01-16,2020-06-13,,,,S,EG04,PG05,102129.0,Operations
100893,2020-11-26,2020-11-26,A,RFT,F,1.0,91PRO4,PROJ,NRTHP,101,190,100,2020-01-16,2020-01-16,2020-11-26,,,,S,EG02,PG05,102129.0,Operations
100894,2020-01-17,2020-01-17,A,TAW,F,1.0,06ACC1,ACCTG,ALPNC,102,60,120,2020-01-17,2020-01-17,2020-01-17,,,,S,EG09,PG03,101520.0,Operations
100894,2022-01-14,2022-01-14,A,TAW,F,1.0,07ACC2,ACCTG,ALPNC,102,60,120,2020-01-17,2020-01-17,2022-01-14,,,,S,EG03,PG03,101520.0,Operations
100894,2025-06-04,2025-06-04,L,TAW,F,1.0,07ACC2,ACCTG,ALPNC,102,60,120,2020-01-17,2020-01-17,2022-01-14,,,,S,EG03,PG03,101520.0,Operations
100894,2025-06-30,2025-06-30,A,TAW,F,1.0,07ACC2,ACCTG,ALPNC,102,60,120,2020-01-17,2020-01-17,2022-01-14,,,,S,EG03,PG03,101520.0,Operations
100895,2020-01-17,2020-01-17,A,CON,F,1.0,63WHS4,WHSE,ALPNC,124,10,70,2020-01-17,2020-01-17,2020-01-17,,,,S,EG10,PG03,,Operations
100896,2020-01-20,2020-01-20,A,RFT,F,1.0,89PRO2,PROJ,NRTHP,113,100,10,2020-01-20,2020-01-20,2020-01-20,,,,S,EG06,PG05,,Operations
100896,2020-03-20,2020-03-20,T,RFT,F,1.0,89PRO2,PROJ,NRTHP,113,100,10,2020-01-20,2020-01-20,2020-01-20,2020-03-20,101,V,S,EG06,PG05,,Operations
100897,2020-01-21,2020-01-21,A,RFT,F,1.0,13CSR1,CSR,WSTMF,124,120,30,2020-01-21,2020-01-21,2020-01-21,,,,H,EG01,PG03,101806.0,Operations
100897,2020-06-09,2020-06-09,A,RFT,F,1.0,14CSR2,CSR,WSTMF,124,120,30,2020-01-21,2020-01-21,2020-06-09,,,,H,EG06,PG03,101806.0,Operations
100897,2020-09-27,2020-09-27,T,RFT,F,1.0,14CSR2,CSR,WSTMF,124,120,30,2020-01-21,2020-01-21,2020-06-09,2020-09-27,100,V,H,EG06,PG03,101806.0,Operations
100898,2020-01-21,2020-01-21,A,RPT,P,0.43,55TRD1,TRD,PRMRE,116,60,30,2020-01-21,2020-01-21,2020-01-21,,,,H,EG04,PG02,102529.0,Operations
100898,2023-07-16,2023-07-16,L,RPT,P,0.43,55TRD1,TRD,PRMRE,116,60,30,2020-01-21,2020-01-21,2020-01-21,,,,H,EG04,PG02,102529.0,Operations
100898,2023-08-13,2023-08-13,A,RPT,P,0.43,55TRD1,TRD,PRMRE,116,60,30,2020-01-21,2020-01-21,2020-01-21,,,,H,EG04,PG02,102529.0,Operations
100898,2024-12-01,2024-12-01,A,RPT,P,0.43,56TRD2,TRD,PRMRE,116,60,30,2020-01-21,2020-01-21,2024-12-01,,,,H,EG02,PG02,102529.0,Operations
100899,2020-01-22,2020-01-22,A,RPT,P,0.67,07ACC2,ACCTG,NRTHP,123,140,120,2020-01-22,2020-01-22,2020-01-22,,,,H,EG03,PG05,102554.0,Operations
100899,2020-11-04,2020-11-04,A,RPT,P,0.67,08ACC3,ACCTG,NRTHP,123,140,120,2020-01-22,2020-01-22,2020-11-04,,,,H,EG01,PG05,102554.0,Operations
100899,2021-03-18,2021-03-18,T,RPT,P,0.67,08ACC3,ACCTG,NRTHP,123,140,120,2020-01-22,2020-01-22,2020-11-04,2021-03-18,101,V,H,EG01,PG05,102554.0,Operations
100900,2020-01-23,2020-01-23,A,RFT,F,1.0,71MKT2,MKTG,ALPNC,100,70,50,2020-01-23,2020-01-23,2020-01-23,,,,S,EG10,PG03,,Operations
100900,2020-09-17,2020-09-17,A,RFT,F,1.0,72MKT3,MKTG,ALPNC,100,70,50,2020-01-23,2020-01-23,2020-09-17,,,,S,EG09,PG03,,Operations
100901,2020-01-24,2020-01-24,A,CON,F,1.0,34IT2,IT,NRTHP,102,210,60,2020-01-24,2020-01-24,2020-01-24,,,,H,EG08,PG05,101824.0,Operations
100902,2020-01-24,2020-01-24,A,RFT,F,1.0,91PRO4,PROJ,NRTHP,101,240,30,2020-01-24,2020-01-24,2020-01-24,,,,S,EG02,PG05,,Operations
100902,2021-11-11,2021-11-11,A,RFT,F,1.0,73MKT4,MKTG,NRTHP,101,240,30,2020-01-24,2020-01-24,2021-11-11,,,,S,EG01,PG05,,Operations
100902,2022-09-25,2022-09-25,T,RFT,F,1.0,73MKT4,MKTG,NRTHP,101,240,30,2020-01-24,2020-01-24,2021-11-11,2022-09-25,100,V,S,EG01,PG05,,Operations
100903,2020-01-24,2020-01-24,A,RFT,F,1.0,55TRD1,TRD,PRMRE,102,10,110,2020-01-24,2020-01-24,2020-01-24,,,,H,EG04,PG02,102485.0,Operations
100903,2024-07-02,2024-07-02,T,RFT,F,1.0,55TRD1,TRD,PRMRE,102,10,110,2020-01-24,2020-01-24,2020-01-24,2024-07-02,100,V,H,EG04,PG02,102485.0,Operations
100904,2020-01-27,2020-01-27,A,RFT,F,1.0,25HR1,HR,PRMRE,102,120,20,2020-01-27,2020-01-27,2020-01-27,,,,S,EG10,PG02,100740.0,Operations
100904,2020-10-30,2020-10-30,A,RFT,F,1.0,55TRD1,TRD,PRMRE,102,120,20,2020-01-27,2020-01-27,2020-10-30,,,,S,EG04,PG02,100740.0,Operations
100904,2025-02-22,2025-02-22,L,RFT,F,1.0,55TRD1,TRD,PRMRE,102,120,20,2020-01-27,2020-01-27,2020-10-30,,,,S,EG04,PG02,100740.0,Operations
100904,2025-08-19,2025-08-19,A,RFT,F,1.0,55TRD1,TRD,PRMRE,102,120,20,2020-01-27,2020-01-27,2020-10-30,,,,S,EG04,PG02,100740.0,Operations
100904,2026-01-07,2026-01-07,A,RFT,F,1.0,56TRD2,TRD,PRMRE,102,120,20,2020-01-27,2020-01-27,2026-01-07,,,,S,EG02,PG02,100740.0,Operations
100905,2020-01-27,2020-01-27,A,RFT,F,1.0,19ENG2,ENGR,ALPNC,104,140,10,2020-01-27,2020-01-27,2020-01-27,,,,H,EG01,PG03,,Operations
100905,2023-08-10,2023-08-10,A,RFT,F,1.0,07ACC2,ACCTG,ALPNC,104,140,10,2020-01-27,2020-01-27,2023-08-10,,,,H,EG03,PG03,,Operations
100905,2024-09-29,2024-09-29,A,RFT,F,1.0,08ACC3,ACCTG,ALPNC,104,140,10,2020-01-27,2020-01-27,2024-09-29,,,,H,EG01,PG03,,Operations
100906,2020-01-31,2020-01-31,A,RFT,F,1.0,13CSR1,CSR,NRTHP,119,110,90,2020-01-31,2020-01-31,2020-01-31,,,,H,EG01,PG05,100788.0,Operations
100906,2020-12-29,2020-12-29,T,RFT,F,1.0,13CSR1,CSR,NRTHP,119,110,90,2020-01-31,2020-01-31,2020-01-31,2020-12-29,101,V,H,EG01,PG05,100788.0,Operations
100907,2020-02-03,2020-02-03,A,RPT,P,0.6,34IT2,IT,ALPNC,124,230,110,2020-02-03,2020-02-03,2020-02-03,,,,H,EG08,PG03,102542.0,Operations
100908,2020-02-04,2020-02-04,A,RFT,F,1.0,30HR6,HR,WSTMF,111,220,30,2020-02-04,2020-02-04,2020-02-04,,,,S,EG04,PG03,101356.0,Operations
100908,2021-07-26,2021-07-26,T,RFT,F,1.0,30HR6,HR,WSTMF,111,220,30,2020-02-04,2020-02-04,2020-02-04,2021-07-26,101,V,S,EG04,PG03,101356.0,Operations
100909,2020-02-04,2020-02-04,A,RPT,P,0.48,07ACC2,ACCTG,PRMRE,124,60,40,2020-02-04,2020-02-04,2020-02-04,,,,H,EG03,PG02,102033.0,Operations
100909,2021-08-04,2021-08-04,A,RPT,P,0.48,89PRO2,PROJ,PRMRE,124,60,40,2020-02-04,2020-02-04,2021-08-04,,,,H,EG06,PG02,102033.0,Operations
100909,2022-01-06,2022-01-06,T,RPT,P,0.48,89PRO2,PROJ,PRMRE,124,60,40,2020-02-04,2020-02-04,2021-08-04,2022-01-06,101,V,H,EG06,PG02,102033.0,Operations
100910,2020-02-06,2020-02-06,A,RFT,F,1.0,48OPS1,OPS,WSTMF,124,220,30,2020-02-06,2020-02-06,2020-02-06,,,,H,EG03,PG03,100427.0,Operations
100910,2020-07-03,2020-07-03,A,RFT,F,1.0,49OPS2,OPS,WSTMF,124,220,30,2020-02-06,2020-02-06,2020-07-03,,,,H,EG05,PG03,100427.0,Operations
100910,2023-09-05,2023-09-05,A,RFT,F,1.0,50OPS3,OPS,WSTMF,124,220,30,2020-02-06,2020-02-06,2023-09-05,,,,H,EG06,PG03,100427.0,Operations
100911,2020-02-06,2020-02-06,A,RFT,F,1.0,89PRO2,PROJ,PRMRE,124,210,10,2020-02-06,2020-02-06,2020-02-06,,,,H,EG06,PG02,102698.0,Operations
100911,2022-08-14,2022-08-14,T,RFT,F,1.0,89PRO2,PROJ,PRMRE,124,210,10,2020-02-06,2020-02-06,2020-02-06,2022-08-14,101,V,H,EG06,PG02,102698.0,Operations
100912,2020-02-07,2020-02-07,A,RFT,F,1.0,02ADM2,ADMIN,PRMRE,102,130,100,2020-02-07,2020-02-07,2020-02-07,,,,S,EG04,PG02,102468.0,Operations
100912,2022-09-20,2022-09-20,A,RFT,F,1.0,03ADM3,ADMIN,PRMRE,102,130,100,2020-02-07,2020-02-07,2022-09-20,,,,S,EG07,PG02,102468.0,Operations
100913,2020-02-10,2020-02-10,A,RPT,P,0.61,42SAL2,SALES,NRTHP,113,170,80,2020-02-10,2020-02-10,2020-02-10,,,,S,EG10,PG05,100750.0,Operations
100913,2022-11-15,2022-11-15,A,RPT,P,0.61,43SAL3,SALES,NRTHP,113,170,80,2020-02-10,2020-02-10,2022-11-15,,,,S,EG10,PG05,100750.0,Operations
100913,2023-09-06,2023-09-06,A,RPT,P,0.61,44SAL4,SALES,NRTHP,113,170,80,2020-02-10,2020-02-10,2023-09-06,,,,S,EG09,PG05,100750.0,Operations
100914,2020-02-10,2020-02-10,A,RFT,F,1.0,41SAL1,SALES,PRMRE,118,250,110,2020-02-10,2020-02-10,2020-02-10,,,,H,EG08,PG02,102494.0,Operations
100914,2021-05-06,2021-05-06,A,RFT,F,1.0,42SAL2,SALES,PRMRE,118,250,110,2020-02-10,2020-02-10,2021-05-06,,,,H,EG10,PG02,102494.0,Operations
100914,2021-10-19,2021-10-19,A,RFT,F,1.0,33IT2,IT,PRMRE,118,250,110,2020-02-10,2020-02-10,2021-10-19,,,,H,EG09,PG02,102494.0,Operations
100914,2023-02-19,2023-02-19,L,RFT,F,1.0,33IT2,IT,PRMRE,118,250,110,2020-02-10,2020-02-10,2021-10-19,,,,H,EG09,PG02,102494.0,Operations
100914,2023-03-15,2023-03-15,A,RFT,F,1.0,33IT2,IT,PRMRE,118,250,110,2020-02-10,2020-02-10,2021-10-19,,,,H,EG09,PG02,102494.0,Operations
100915,2020-02-12,2020-02-12,A,RFT,F,1.0,15CSR3,CSR,ALPNC,116,70,30,2020-02-12,2020-02-12,2020-02-12,,,,S,EG10,PG03,101496.0,Operations
100915,2021-06-07,2021-06-07,T,RFT,F,1.0,15CSR3,CSR,ALPNC,116,70,30,2020-02-12,2020-02-12,2020-02-12,2021-06-07,207,I,S,EG10,PG03,101496.0,Operations
100916,2020-02-13,2020-02-13,A,RFT,F,1.0,34IT2,IT,NRTHP,123,250,50,2020-02-13,2020-02-13,2020-02-13,,,,S,EG08,PG05,101980.0,Operations
100916,2020-05-22,2020-05-22,L,RFT,F,1.0,34IT2,IT,NRTHP,123,250,50,2020-02-13,2020-02-13,2020-02-13,,,,S,EG08,PG05,101980.0,Operations
100916,2020-08-15,2020-08-15,A,RFT,F,1.0,34IT2,IT,NRTHP,123,250,50,2020-02-13,2020-02-13,2020-02-13,,,,S,EG08,PG05,101980.0,Operations
100916,2022-01-19,2022-01-19,T,RFT,F,1.0,34IT2,IT,NRTHP,123,250,50,2020-02-13,2020-02-13,2020-02-13,2022-01-19,102,V,S,EG08,PG05,101980.0,Operations
100917,2020-02-13,2020-02-13,A,RPT,P,0.55,02ADM2,ADMIN,NRTHP,120,120,90,2020-02-13,2020-02-13,2020-02-13,,,,H,EG04,PG05,,Operations
100917,2022-06-28,2022-06-28,T,RPT,P,0.55,02ADM2,ADMIN,NRTHP,120,120,90,2020-02-13,2020-02-13,2020-02-13,2022-06-28,206,I,H,EG04,PG05,,Operations
100918,2020-02-19,2020-02-19,A,RFT,F,1.0,38IT5,IT,NRTHP,111,220,110,2020-02-19,2020-02-19,2020-02-19,,,,S,EG02,PG05,101356.0,Operations
100918,2020-07-14,2020-07-14,A,RFT,F,1.0,39IT6,IT,NRTHP,111,220,110,2020-02-19,2020-02-19,2020-07-14,,,,S,EG03,PG05,101356.0,Operations
100918,2020-08-04,2020-08-04,T,RFT,F,1.0,39IT6,IT,NRTHP,111,220,110,2020-02-19,2020-02-19,2020-07-14,2020-08-04,103,V,S,EG03,PG05,101356.0,Operations
100919,2020-02-19,2020-02-19,A,RFT,F,1.0,65TEC1,TECH,ALPNC,104,210,110,2020-02-19,2020-02-19,2020-02-19,,,,H,EG08,PG03,,Operations
100919,2020-06-16,2020-06-16,T,RFT,F,1.0,65TEC1,TECH,ALPNC,104,210,110,2020-02-19,2020-02-19,2020-02-19,2020-06-16,201,I,H,EG08,PG03,,Operations
100920,2020-02-19,2020-02-19,A,RFT,F,1.0,35IT3,IT,PRMRE,122,210,100,2020-02-19,2020-02-19,2020-02-19,,,,S,EG08,PG02,,Operations
100920,2020-10-05,2020-10-05,L,RFT,F,1.0,35IT3,IT,PRMRE,122,210,100,2020-02-19,2020-02-19,2020-02-19,,,,S,EG08,PG02,,Operations
100920,2021-03-19,2021-03-19,A,RFT,F,1.0,35IT3,IT,PRMRE,122,210,100,2020-02-19,2020-02-19,2020-02-19,,,,S,EG08,PG02,,Operations
100920,2021-02-18,2021-02-18,T,RFT,F,1.0,35IT3,IT,PRMRE,122,210,100,2020-02-19,2020-02-19,2020-02-19,2021-02-18,101,V,S,EG08,PG02,,Operations
100921,2020-02-20,2020-02-20,A,RFT,F,1.0,95LEG3,LEGAL,WSTMF,122,190,90,2020-02-20,2020-02-20,2020-02-20,,,,S,EG05,PG03,,Operations
100921,2020-11-29,2020-11-29,T,RFT,F,1.0,95LEG3,LEGAL,WSTMF,122,190,90,2020-02-20,2020-02-20,2020-02-20,2020-11-29,210,I,S,EG05,PG03,,Operations
100922,2020-02-20,2020-02-20,A,RFT,F,1.0,18ENG1,ENGR,ALPNC,112,220,90,2020-02-20,2020-02-20,2020-02-20,,,,H,EG08,PG03,102048.0,Operations
100922,2021-05-21,2021-05-21,A,RFT,F,1.0,48OPS1,OPS,ALPNC,112,220,90,2020-02-20,2020-02-20,2021-05-21,,,,H,EG03,PG03,102048.0,Operations
100923,2020-02-21,2020-02-21,A,RFT,F,1.0,04ADM4,ADMIN,PRMRE,100,220,120,2020-02-21,2020-02-21,2020-02-21,,,,S,EG06,PG02,,Operations
100924,2020-02-21,2020-02-21,A,RFT,F,1.0,13CSR1,CSR,NRTHP,119,30,20,2020-02-21,2020-02-21,2020-02-21,,,,H,EG01,PG05,,Operations
100924,2020-02-26,2020-02-26,T,RFT,F,1.0,13CSR1,CSR,NRTHP,119,30,20,2020-02-21,2020-02-21,2020-02-21,2020-02-26,100,V,H,EG01,PG05,,Operations
100925,2020-02-21,2020-02-21,A,RFT,F,1.0,18ENG1,ENGR,PRMRE,123,20,50,2020-02-21,2020-02-21,2020-02-21,,,,S,EG08,PG02,101817.0,Operations
100925,2024-01-10,2024-01-10,A,RFT,F,1.0,19ENG2,ENGR,PRMRE,123,20,50,2020-02-21,2020-02-21,2024-01-10,,,,S,EG01,PG02,101817.0,Operations
100926,2020-02-21,2020-02-21,A,RPT,P,0.71,08ACC3,ACCTG,NRTHP,108,40,80,2020-02-21,2020-02-21,2020-02-21,,,,S,EG01,PG05,102445.0,Operations
100926,2022-09-12,2022-09-12,T,RPT,P,0.71,08ACC3,ACCTG,NRTHP,108,40,80,2020-02-21,2020-02-21,2020-02-21,2022-09-12,205,I,S,EG01,PG05,102445.0,Operations
100927,2020-02-21,2020-02-21,A,RFT,F,1.0,66TEC2,TECH,WSTMF,102,80,50,2020-02-21,2020-02-21,2020-02-21,,,,H,EG04,PG03,100620.0,Operations
100927,2020-05-13,2020-05-13,T,RFT,F,1.0,66TEC2,TECH,WSTMF,102,80,50,2020-02-21,2020-02-21,2020-02-21,2020-05-13,101,V,H,EG04,PG03,100620.0,Operations
100928,2020-02-24,2020-02-24,A,CON,F,1.0,42SAL2,SALES,ALPNC,111,40,70,2020-02-24,2020-02-24,2020-02-24,,,,H,EG10,PG03,101448.0,Operations
100928,2023-11-17,2023-11-17,T,CON,F,1.0,42SAL2,SALES,ALPNC,111,40,70,2020-02-24,2020-02-24,2020-02-24,2023-11-17,100,V,H,EG10,PG03,101448.0,Operations
100929,2020-02-25,2020-02-25,A,RPT,P,0.64,48OPS1,OPS,PRMRE,105,50,100,2020-02-25,2020-02-25,2020-02-25,,,,H,EG03,PG02,100385.0,Operations
100929,2022-10-29,2022-10-29,A,RPT,P,0.64,49OPS2,OPS,PRMRE,105,50,100,2020-02-25,2020-02-25,2022-10-29,,,,H,EG05,PG02,100385.0,Operations
100929,2025-09-10,2025-09-10,A,RPT,P,0.64,42SAL2,SALES,PRMRE,105,50,100,2020-02-25,2020-02-25,2025-09-10,,,,H,EG10,PG02,100385.0,Operations
100930,2020-02-25,2020-02-25,A,CON,F,1.0,51OPS4,OPS,NRTHP,119,220,20,2020-02-25,2020-02-25,2020-02-25,,,,S,EG07,PG05,,Operations
100930,2021-02-17,2021-02-17,L,CON,F,1.0,51OPS4,OPS,NRTHP,119,220,20,2020-02-25,2020-02-25,2020-02-25,,,,S,EG07,PG05,,Operations
100930,2021-08-11,2021-08-11,A,CON,F,1.0,51OPS4,OPS,NRTHP,119,220,20,2020-02-25,2020-02-25,2020-02-25,,,,S,EG07,PG05,,Operations
100930,2021-07-13,2021-07-13,T,CON,F,1.0,51OPS4,OPS,NRTHP,119,220,20,2020-02-25,2020-02-25,2020-02-25,2021-07-13,100,V,S,EG07,PG05,,Operations
100931,2020-02-27,2020-02-27,A,RFT,F,1.0,71MKT2,MKTG,PRMRE,100,170,110,2020-02-27,2020-02-27,2020-02-27,,,,H,EG10,PG02,,Operations
100931,2020-08-22,2020-08-22,L,RFT,F,1.0,71MKT2,MKTG,PRMRE,100,170,110,2020-02-27,2020-02-27,2020-02-27,,,,H,EG10,PG02,,Operations
100931,2020-10-28,2020-10-28,A,RFT,F,1.0,71MKT2,MKTG,PRMRE,100,170,110,2020-02-27,2020-02-27,2020-02-27,,,,H,EG10,PG02,,Operations
100932,2020-02-27,2020-02-27,A,RFT,F,1.0,61WHS2,WHSE,ALPNC,119,10,10,2020-02-27,2020-02-27,2020-02-27,,,,S,EG01,PG03,,Operations
100932,2022-02-18,2022-02-18,A,RFT,F,1.0,62WHS3,WHSE,ALPNC,119,10,10,2020-02-27,2020-02-27,2022-02-18,,,,S,EG01,PG03,,Operations
100932,2024-11-30,2024-11-30,L,RFT,F,1.0,62WHS3,WHSE,ALPNC,119,10,10,2020-02-27,2020-02-27,2022-02-18,,,,S,EG01,PG03,,Operations
100932,2025-03-13,2025-03-13,A,RFT,F,1.0,62WHS3,WHSE,ALPNC,119,10,10,2020-02-27,2020-02-27,2022-02-18,,,,S,EG01,PG03,,Operations
100933,2020-02-28,2020-02-28,A,RFT,F,1.0,69TEC5,TECH,PRMRE,115,10,10,2020-02-28,2020-02-28,2020-02-28,,,,S,EG02,PG02,,Operations
100933,2022-05-18,2022-05-18,L,RFT,F,1.0,69TEC5,TECH,PRMRE,115,10,10,2020-02-28,2020-02-28,2020-02-28,,,,S,EG02,PG02,,Operations
100933,2022-06-14,2022-06-14,A,RFT,F,1.0,69TEC5,TECH,PRMRE,115,10,10,2020-02-28,2020-02-28,2020-02-28,,,,S,EG02,PG02,,Operations
100933,2023-09-09,2023-09-09,T,RFT,F,1.0,69TEC5,TECH,PRMRE,115,10,10,2020-02-28,2020-02-28,2020-02-28,2023-09-09,206,I,S,EG02,PG02,,Operations
100934,2020-03-02,2020-03-02,A,RFT,F,1.0,65TEC1,TECH,WSTMF,106,230,20,2020-03-02,2020-03-02,2020-03-02,,,,H,EG08,PG03,102452.0,Operations
100934,2021-05-19,2021-05-19,T,RFT,F,1.0,65TEC1,TECH,WSTMF,106,230,20,2020-03-02,2020-03-02,2020-03-02,2021-05-19,102,V,H,EG08,PG03,102452.0,Operations
100935,2020-03-03,2020-03-03,A,RFT,F,1.0,65TEC1,TECH,ALPNC,116,140,70,2020-03-03,2020-03-03,2020-03-03,,,,S,EG08,PG03,101433.0,Operations
100935,2022-01-07,2022-01-07,A,RFT,F,1.0,66TEC2,TECH,ALPNC,116,140,70,2020-03-03,2020-03-03,2022-01-07,,,,S,EG04,PG03,101433.0,Operations
100936,2020-03-04,2020-03-04,A,RFT,F,1.0,14CSR2,CSR,NRTHP,124,180,90,2020-03-04,2020-03-04,2020-03-04,,,,H,EG06,PG05,101270.0,Operations
100936,2023-09-15,2023-09-15,A,RFT,F,1.0,15CSR3,CSR,NRTHP,124,180,90,2020-03-04,2020-03-04,2023-09-15,,,,H,EG10,PG05,101270.0,Operations
100937,2020-03-04,2020-03-04,A,RFT,F,1.0,67TEC3,TECH,PRMRE,117,190,20,2020-03-04,2020-03-04,2020-03-04,,,,S,EG10,PG02,,Operations
100937,2025-02-12,2025-02-12,A,RFT,F,1.0,68TEC4,TECH,PRMRE,117,190,20,2020-03-04,2020-03-04,2025-02-12,,,,S,EG06,PG02,,Operations
100937,2025-06-16,2025-06-16,T,RFT,F,1.0,68TEC4,TECH,PRMRE,117,190,20,2020-03-04,2020-03-04,2025-02-12,2025-06-16,100,V,S,EG06,PG02,,Operations
100938,2020-03-04,2020-03-04,A,TAW,F,1.0,63WHS4,WHSE,PRMRE,117,90,50,2020-03-04,2020-03-04,2020-03-04,,,,S,EG10,PG02,,Operations
100938,2020-08-29,2020-08-29,T,TAW,F,1.0,63WHS4,WHSE,PRMRE,117,90,50,2020-03-04,2020-03-04,2020-03-04,2020-08-29,100,V,S,EG10,PG02,,Operations
100939,2020-03-05,2020-03-05,A,RFT,F,1.0,90PRO3,PROJ,NRTHP,112,140,20,2020-03-05,2020-03-05,2020-03-05,,,,S,EG04,PG05,,Operations
100939,2021-03-04,2021-03-04,A,RFT,F,1.0,91PRO4,PROJ,NRTHP,112,140,20,2020-03-05,2020-03-05,2021-03-04,,,,S,EG02,PG05,,Operations
100939,2025-02-09,2025-02-09,T,RFT,F,1.0,91PRO4,PROJ,NRTHP,112,140,20,2020-03-05,2020-03-05,2021-03-04,2025-02-09,101,V,S,EG02,PG05,,Operations
100940,2020-03-06,2020-03-06,A,RFT,F,1.0,71MKT2,MKTG,ALPNC,114,240,30,2020-03-06,2020-03-06,2020-03-06,,,,H,EG10,PG03,,Operations
100940,2021-07-09,2021-07-09,T,RFT,F,1.0,71MKT2,MKTG,ALPNC,114,240,30,2020-03-06,2020-03-06,2020-03-06,2021-07-09,101,V,H,EG10,PG03,,Operations
100941,2020-03-10,2020-03-10,A,RPT,F,0.77,35IT3,IT,PRMRE,117,240,60,2020-03-10,2020-03-10,2020-03-10,,,,S,EG08,PG02,,Operations
100941,2020-09-18,2020-09-18,T,RPT,F,0.77,35IT3,IT,PRMRE,117,240,60,2020-03-10,2020-03-10,2020-03-10,2020-09-18,205,I,S,EG08,PG02,,Operations
100942,2020-03-11,2020-03-11,A,RFT,F,1.0,18ENG1,ENGR,ALPNC,121,220,60,2020-03-11,2020-03-11,2020-03-11,,,,H,EG08,PG03,,Operations
100942,2023-07-19,2023-07-19,A,RFT,F,1.0,19ENG2,ENGR,ALPNC,121,220,60,2020-03-11,2020-03-11,2023-07-19,,,,H,EG01,PG03,,Operations
100942,2024-04-11,2024-04-11,A,RFT,F,1.0,20ENG3,ENGR,ALPNC,121,220,60,2020-03-11,2020-03-11,2024-04-11,,,,H,EG03,PG03,,Operations
100943,2020-03-12,2020-03-12,A,RPT,P,0.51,03ADM3,ADMIN,WSTMF,107,110,90,2020-03-12,2020-03-12,2020-03-12,,,,S,EG07,PG03,101573.0,Operations
100943,2024-12-10,2024-12-10,T,RPT,P,0.51,03ADM3,ADMIN,WSTMF,107,110,90,2020-03-12,2020-03-12,2020-03-12,2024-12-10,102,V,S,EG07,PG03,101573.0,Operations
100944,2020-03-12,2020-03-12,A,RFT,F,1.0,65TEC1,TECH,NRTHP,120,170,90,2020-03-12,2020-03-12,2020-03-12,,,,H,EG08,PG05,101536.0,Operations
100944,2020-11-14,2020-11-14,A,RFT,F,1.0,66TEC2,TECH,NRTHP,120,170,90,2020-03-12,2020-03-12,2020-11-14,,,,H,EG04,PG05,101536.0,Operations
100944,2023-03-24,2023-03-24,T,RFT,F,1.0,66TEC2,TECH,NRTHP,120,170,90,2020-03-12,2020-03-12,2020-11-14,2023-03-24,102,V,H,EG04,PG05,101536.0,Operations
100945,2020-03-12,2020-03-12,A,RFT,F,1.0,33IT2,IT,WSTMF,115,10,70,2020-03-12,2020-03-12,2020-03-12,,,,H,EG09,PG03,102784.0,Operations
100946,2020-03-13,2020-03-13,A,RFT,F,1.0,55TRD1,TRD,ALPNC,115,50,100,2020-03-13,2020-03-13,2020-03-13,,,,S,EG04,PG03,100721.0,Operations
100946,2020-07-05,2020-07-05,T,RFT,F,1.0,55TRD1,TRD,ALPNC,115,50,100,2020-03-13,2020-03-13,2020-03-13,2020-07-05,100,V,S,EG04,PG03,100721.0,Operations
100947,2020-03-13,2020-03-13,A,RFT,F,1.0,25HR1,HR,PRMRE,115,230,100,2020-03-13,2020-03-13,2020-03-13,,,,H,EG10,PG02,101987.0,Operations
100947,2021-02-05,2021-02-05,T,RFT,F,1.0,25HR1,HR,PRMRE,115,230,100,2020-03-13,2020-03-13,2020-03-13,2021-02-05,100,V,H,EG10,PG02,101987.0,Operations
100948,2020-03-13,2020-03-13,A,RFT,F,1.0,90PRO3,PROJ,NRTHP,112,80,70,2020-03-13,2020-03-13,2020-03-13,,,,S,EG04,PG05,,Operations
100948,2022-01-26,2022-01-26,A,RFT,F,1.0,91PRO4,PROJ,NRTHP,112,80,70,2020-03-13,2020-03-13,2022-01-26,,,,S,EG02,PG05,,Operations
100949,2020-03-13,2020-03-13,A,RFT,F,1.0,13CSR1,CSR,WSTMF,124,250,20,2020-03-13,2020-03-13,2020-03-13,,,,H,EG01,PG03,,Operations
100949,2020-08-22,2020-08-22,T,RFT,F,1.0,13CSR1,CSR,WSTMF,124,250,20,2020-03-13,2020-03-13,2020-03-13,2020-08-22,206,I,H,EG01,PG03,,Operations
100950,2020-03-13,2020-03-13,A,RFT,F,1.0,04ADM4,ADMIN,NRTHP,102,70,10,2020-03-13,2020-03-13,2020-03-13,,,,S,EG06,PG05,,Operations
100950,2022-01-04,2022-01-04,T,RFT,F,1.0,04ADM4,ADMIN,NRTHP,102,70,10,2020-03-13,2020-03-13,2020-03-13,2022-01-04,210,I,S,EG06,PG05,,Operations
100951,2020-03-16,2020-03-16,A,CON,F,1.0,94LEG2,LEGAL,WSTMF,118,30,100,2020-03-16,2020-03-16,2020-03-16,,,,H,EG02,PG03,,Operations
100951,2025-06-08,2025-06-08,T,CON,F,1.0,94LEG2,LEGAL,WSTMF,118,30,100,2020-03-16,2020-03-16,2020-03-16,2025-06-08,100,V,H,EG02,PG03,,Operations
100952,2020-03-17,2020-03-17,A,RFT,F,1.0,37IT4,IT,NRTHP,103,40,40,2020-03-17,2020-03-17,2020-03-17,,,,S,EG04,PG05,,Operations
100952,2025-11-13,2025-11-13,A,RFT,F,1.0,91PRO4,PROJ,NRTHP,103,40,40,2020-03-17,2020-03-17,2025-11-13,,,,S,EG02,PG05,,Operations
100953,2020-03-18,2020-03-18,A,RFT,F,1.0,62WHS3,WHSE,NRTHP,123,160,60,2020-03-18,2020-03-18,2020-03-18,,,,S,EG01,PG05,,Operations
100954,2020-03-19,2020-03-19,A,CON,F,1.0,36IT3,IT,WSTMF,105,90,10,2020-03-19,2020-03-19,2020-03-19,,,,S,EG07,PG03,101404.0,Operations
100954,2022-02-06,2022-02-06,T,CON,F,1.0,36IT3,IT,WSTMF,105,90,10,2020-03-19,2020-03-19,2020-03-19,2022-02-06,102,V,S,EG07,PG03,101404.0,Operations
100955,2020-03-20,2020-03-20,A,RFT,F,1.0,01ADM1,ADMIN,WSTMF,122,10,100,2020-03-20,2020-03-20,2020-03-20,,,,H,EG05,PG03,101560.0,Operations
100955,2020-10-02,2020-10-02,T,RFT,F,1.0,01ADM1,ADMIN,WSTMF,122,10,100,2020-03-20,2020-03-20,2020-03-20,2020-10-02,206,I,H,EG05,PG03,101560.0,Operations
100956,2020-03-20,2020-03-20,A,RFT,F,1.0,96LEG4,LEGAL,NRTHP,103,130,30,2020-03-20,2020-03-20,2020-03-20,,,,S,EG10,PG05,,Operations
100956,2025-02-14,2025-02-14,A,RFT,F,1.0,29HR5,HR,NRTHP,103,130,30,2020-03-20,2020-03-20,2025-02-14,,,,S,EG07,PG05,,Operations
100957,2020-03-20,2020-03-20,A,RFT,F,1.0,62WHS3,WHSE,ALPNC,102,100,60,2020-03-20,2020-03-20,2020-03-20,,,,S,EG01,PG03,,Operations
100957,2021-02-25,2021-02-25,A,RFT,F,1.0,72MKT3,MKTG,ALPNC,102,100,60,2020-03-20,2020-03-20,2021-02-25,,,,S,EG09,PG03,,Operations
100957,2021-03-22,2021-03-22,A,RFT,F,1.0,73MKT4,MKTG,ALPNC,102,100,60,2020-03-20,2020-03-20,2021-03-22,,,,S,EG01,PG03,,Operations
100957,2021-12-01,2021-12-01,T,RFT,F,1.0,73MKT4,MKTG,ALPNC,102,100,60,2020-03-20,2020-03-20,2021-03-22,2021-12-01,206,I,S,EG01,PG03,,Operations
100958,2020-03-20,2020-03-20,A,RPT,P,0.73,65TEC1,TECH,WSTMF,100,200,20,2020-03-20,2020-03-20,2020-03-20,,,,S,EG08,PG03,100546.0,Operations
100959,2020-03-20,2020-03-20,A,RFT,F,1.0,13CSR1,CSR,WSTMF,122,230,10,2020-03-20,2020-03-20,2020-03-20,,,,H,EG01,PG03,101500.0,Operations
100959,2021-08-24,2021-08-24,A,RFT,F,1.0,14CSR2,CSR,WSTMF,122,230,10,2020-03-20,2020-03-20,2021-08-24,,,,H,EG06,PG03,101500.0,Operations
100960,2020-03-23,2020-03-23,A,RFT,F,1.0,08ACC3,ACCTG,PRMRE,124,230,120,2020-03-23,2020-03-23,2020-03-23,,,,S,EG01,PG02,,Operations
100960,2020-08-30,2020-08-30,T,RFT,F,1.0,08ACC3,ACCTG,PRMRE,124,230,120,2020-03-23,2020-03-23,2020-03-23,2020-08-30,200,I,S,EG01,PG02,,Operations
100961,2020-03-23,2020-03-23,A,CON,F,1.0,27HR3,HR,ALPNC,115,100,80,2020-03-23,2020-03-23,2020-03-23,,,,S,EG02,PG03,,Operations
100961,2021-01-22,2021-01-22,T,CON,F,1.0,27HR3,HR,ALPNC,115,100,80,2020-03-23,2020-03-23,2020-03-23,2021-01-22,100,V,S,EG02,PG03,,Operations
100962,2020-03-24,2020-03-24,A,RFT,F,1.0,77ANL1,ANLYT,NRTHP,122,250,120,2020-03-24,2020-03-24,2020-03-24,,,,H,EG04,PG05,102017.0,Operations
100962,2023-04-17,2023-04-17,A,RFT,F,1.0,78ANL2,ANLYT,NRTHP,122,250,120,2020-03-24,2020-03-24,2023-04-17,,,,H,EG04,PG05,102017.0,Operations
100963,2020-03-25,2020-03-25,A,RPT,P,0.63,14CSR2,CSR,WSTMF,113,20,10,2020-03-25,2020-03-25,2020-03-25,,,,H,EG06,PG03,,Operations
100963,2024-01-02,2024-01-02,A,RPT,P,0.63,94LEG2,LEGAL,WSTMF,113,20,10,2020-03-25,2020-03-25,2024-01-02,,,,H,EG02,PG03,,Operations
100964,2020-03-26,2020-03-26,A,RPT,P,0.41,70MKT1,MKTG,NRTHP,114,110,50,2020-03-26,2020-03-26,2020-03-26,,,,S,EG04,PG05,102212.0,Operations
100965,2020-03-26,2020-03-26,A,RFT,F,1.0,41SAL1,SALES,NRTHP,122,150,60,2020-03-26,2020-03-26,2020-03-26,,,,H,EG08,PG05,,Operations
100965,2025-09-25,2025-09-25,A,RFT,F,1.0,42SAL2,SALES,NRTHP,122,150,60,2020-03-26,2020-03-26,2025-09-25,,,,H,EG10,PG05,,Operations
100966,2020-03-26,2020-03-26,A,RFT,F,1.0,26HR2,HR,PRMRE,117,70,120,2020-03-26,2020-03-26,2020-03-26,,,,S,EG03,PG02,,Operations
100966,2021-07-29,2021-07-29,A,RFT,F,1.0,27HR3,HR,PRMRE,117,70,120,2020-03-26,2020-03-26,2021-07-29,,,,S,EG02,PG02,,Operations
100966,2024-03-21,2024-03-21,T,RFT,F,1.0,27HR3,HR,PRMRE,117,70,120,2020-03-26,2020-03-26,2021-07-29,2024-03-21,100,V,S,EG02,PG02,,Operations
100967,2020-03-27,2020-03-27,A,RFT,F,1.0,15CSR3,CSR,PRMRE,102,30,10,2020-03-27,2020-03-27,2020-03-27,,,,S,EG10,PG02,,Operations
100967,2020-06-13,2020-06-13,A,RFT,F,1.0,16CSR4,CSR,PRMRE,102,30,10,2020-03-27,2020-03-27,2020-06-13,,,,S,EG10,PG02,,Operations
100967,2021-08-16,2021-08-16,A,RFT,F,1.0,17CSR5,CSR,PRMRE,102,30,10,2020-03-27,2020-03-27,2021-08-16,,,,S,EG07,PG02,,Operations
100967,2021-12-14,2021-12-14,A,RFT,F,1.0,39IT6,IT,PRMRE,102,30,10,2020-03-27,2020-03-27,2021-12-14,,,,S,EG03,PG02,,Operations
100967,2024-10-05,2024-10-05,A,RFT,F,1.0,40IT7,IT,PRMRE,102,30,10,2020-03-27,2020-03-27,2024-10-05,,,,S,EG05,PG02,,Operations
100968,2020-03-27,2020-03-27,A,RFT,F,1.0,07ACC2,ACCTG,WSTMF,107,110,80,2020-03-27,2020-03-27,2020-03-27,,,,H,EG03,PG03,101573.0,Operations
100968,2023-08-30,2023-08-30,A,RFT,F,1.0,08ACC3,ACCTG,WSTMF,107,110,80,2020-03-27,2020-03-27,2023-08-30,,,,H,EG01,PG03,101573.0,Operations
100969,2020-03-27,2020-03-27,A,CON,F,1.0,14CSR2,CSR,PRMRE,123,230,20,2020-03-27,2020-03-27,2020-03-27,,,,S,EG06,PG02,,Operations
100969,2021-10-07,2021-10-07,A,CON,F,1.0,15CSR3,CSR,PRMRE,123,230,20,2020-03-27,2020-03-27,2021-10-07,,,,S,EG10,PG02,,Operations
100969,2021-11-29,2021-11-29,L,CON,F,1.0,15CSR3,CSR,PRMRE,123,230,20,2020-03-27,2020-03-27,2021-10-07,,,,S,EG10,PG02,,Operations
100969,2022-01-13,2022-01-13,A,CON,F,1.0,15CSR3,CSR,PRMRE,123,230,20,2020-03-27,2020-03-27,2021-10-07,,,,S,EG10,PG02,,Operations
100969,2025-09-17,2025-09-17,T,CON,F,1.0,15CSR3,CSR,PRMRE,123,230,20,2020-03-27,2020-03-27,2021-10-07,2025-09-17,100,V,S,EG10,PG02,,Operations
100970,2020-03-27,2020-03-27,A,RFT,F,1.0,62WHS3,WHSE,PRMRE,115,140,70,2020-03-27,2020-03-27,2020-03-27,,,,S,EG01,PG02,,Operations
100970,2022-04-21,2022-04-21,T,RFT,F,1.0,62WHS3,WHSE,PRMRE,115,140,70,2020-03-27,2020-03-27,2020-03-27,2022-04-21,101,V,S,EG01,PG02,,Operations
100971,2020-04-01,2020-04-01,A,RFT,F,1.0,21ENG4,ENGR,NRTHP,115,150,70,2020-04-01,2020-04-01,2020-04-01,,,,S,EG06,PG05,102289.0,Operations
100971,2020-07-31,2020-07-31,T,RFT,F,1.0,21ENG4,ENGR,NRTHP,115,150,70,2020-04-01,2020-04-01,2020-04-01,2020-07-31,201,I,S,EG06,PG05,102289.0,Operations
100972,2020-04-01,2020-04-01,A,RFT,F,1.0,14CSR2,CSR,NRTHP,103,60,60,2020-04-01,2020-04-01,2020-04-01,,,,H,EG06,PG05,,Operations
100973,2020-04-03,2020-04-03,A,RFT,F,1.0,79ANL3,ANLYT,PRMRE,124,130,40,2020-04-03,2020-04-03,2020-04-03,,,,S,EG10,PG02,102158.0,Operations
100973,2023-01-27,2023-01-27,T,RFT,F,1.0,79ANL3,ANLYT,PRMRE,124,130,40,2020-04-03,2020-04-03,2020-04-03,2023-01-27,206,I,S,EG10,PG02,102158.0,Operations
100974,2020-04-06,2020-04-06,A,RFT,F,1.0,01ADM1,ADMIN,PRMRE,122,190,120,2020-04-06,2020-04-06,2020-04-06,,,,S,EG05,PG02,102645.0,Operations
100974,2022-06-30,2022-06-30,T,RFT,F,1.0,01ADM1,ADMIN,PRMRE,122,190,120,2020-04-06,2020-04-06,2020-04-06,2022-06-30,100,V,S,EG05,PG02,102645.0,Operations
100975,2020-04-07,2020-04-07,A,RFT,F,1.0,02ADM2,ADMIN,WSTMF,100,180,20,2020-04-07,2020-04-07,2020-04-07,,,,H,EG04,PG03,,Operations
100975,2025-02-08,2025-02-08,A,RFT,F,1.0,03ADM3,ADMIN,WSTMF,100,180,20,2020-04-07,2020-04-07,2025-02-08,,,,H,EG07,PG03,,Operations
100975,2025-12-25,2025-12-25,T,RFT,F,1.0,03ADM3,ADMIN,WSTMF,100,180,20,2020-04-07,2020-04-07,2025-02-08,2025-12-25,202,V,H,EG07,PG03,,Operations
100976,2020-04-08,2020-04-08,A,RFT,F,1.0,61WHS2,WHSE,WSTMF,107,180,50,2020-04-08,2020-04-08,2020-04-08,,,,H,EG01,PG03,100161.0,Operations
100976,2020-05-31,2020-05-31,A,RFT,F,1.0,62WHS3,WHSE,WSTMF,107,180,50,2020-04-08,2020-04-08,2020-05-31,,,,H,EG01,PG03,100161.0,Operations
100976,2020-11-16,2020-11-16,T,RFT,F,1.0,62WHS3,WHSE,WSTMF,107,180,50,2020-04-08,2020-04-08,2020-05-31,2020-11-16,206,I,H,EG01,PG03,100161.0,Operations
100977,2020-04-08,2020-04-08,A,RPT,P,0.62,89PRO2,PROJ,ALPNC,121,120,100,2020-04-08,2020-04-08,2020-04-08,,,,S,EG06,PG03,101473.0,Operations
100977,2020-05-07,2020-05-07,A,RPT,P,0.62,90PRO3,PROJ,ALPNC,121,120,100,2020-04-08,2020-04-08,2020-05-07,,,,S,EG04,PG03,101473.0,Operations
100977,2022-11-06,2022-11-06,A,RPT,P,0.62,91PRO4,PROJ,ALPNC,121,120,100,2020-04-08,2020-04-08,2022-11-06,,,,S,EG02,PG03,101473.0,Operations
100978,2020-04-09,2020-04-09,A,CON,F,1.0,21ENG4,ENGR,PRMRE,118,180,120,2020-04-09,2020-04-09,2020-04-09,,,,S,EG06,PG02,,Operations
100978,2021-12-17,2021-12-17,T,CON,F,1.0,21ENG4,ENGR,PRMRE,118,180,120,2020-04-09,2020-04-09,2020-04-09,2021-12-17,100,V,S,EG06,PG02,,Operations
100979,2020-04-09,2020-04-09,A,RFT,F,1.0,48OPS1,OPS,NRTHP,119,30,60,2020-04-09,2020-04-09,2020-04-09,,,,H,EG03,PG05,,Operations
100980,2020-04-09,2020-04-09,A,RFT,F,1.0,56TRD2,TRD,NRTHP,114,240,80,2020-04-09,2020-04-09,2020-04-09,,,,H,EG02,PG05,,Operations
100980,2024-06-06,2024-06-06,A,RFT,F,1.0,57TRD3,TRD,NRTHP,114,240,80,2020-04-09,2020-04-09,2024-06-06,,,,H,EG02,PG05,,Operations
100980,2025-10-24,2025-10-24,A,RFT,F,1.0,58TRD4,TRD,NRTHP,114,240,80,2020-04-09,2020-04-09,2025-10-24,,,,H,EG05,PG05,,Operations
100981,2020-04-09,2020-04-09,A,RPT,P,0.5,94LEG2,LEGAL,NRTHP,115,210,100,2020-04-09,2020-04-09,2020-04-09,,,,S,EG02,PG05,100349.0,Operations
100981,2025-08-10,2025-08-10,T,RPT,P,0.5,94LEG2,LEGAL,NRTHP,115,210,100,2020-04-09,2020-04-09,2020-04-09,2025-08-10,202,V,S,EG02,PG05,100349.0,Operations
100982,2020-04-09,2020-04-09,A,RFT,F,1.0,65TEC1,TECH,PRMRE,115,90,30,2020-04-09,2020-04-09,2020-04-09,,,,H,EG08,PG02,102088.0,Operations
100982,2023-12-31,2023-12-31,L,RFT,F,1.0,65TEC1,TECH,PRMRE,115,90,30,2020-04-09,2020-04-09,2020-04-09,,,,H,EG08,PG02,102088.0,Operations
100982,2024-04-25,2024-04-25,A,RFT,F,1.0,65TEC1,TECH,PRMRE,115,90,30,2020-04-09,2020-04-09,2020-04-09,,,,H,EG08,PG02,102088.0,Operations
100983,2020-04-09,2020-04-09,A,RFT,F,1.0,19ENG2,ENGR,WSTMF,110,40,10,2020-04-09,2020-04-09,2020-04-09,,,,S,EG01,PG03,102656.0,Operations
100983,2022-09-03,2022-09-03,A,RFT,F,1.0,20ENG3,ENGR,WSTMF,110,40,10,2020-04-09,2020-04-09,2022-09-03,,,,S,EG03,PG03,102656.0,Operations
100983,2025-02-13,2025-02-13,T,RFT,F,1.0,20ENG3,ENGR,WSTMF,110,40,10,2020-04-09,2020-04-09,2022-09-03,2025-02-13,101,V,S,EG03,PG03,102656.0,Operations
100984,2020-04-10,2020-04-10,A,RFT,F,1.0,44SAL4,SALES,PRMRE,100,50,30,2020-04-10,2020-04-10,2020-04-10,,,,S,EG09,PG02,,Operations
100984,2021-01-13,2021-01-13,T,RFT,F,1.0,44SAL4,SALES,PRMRE,100,50,30,2020-04-10,2020-04-10,2020-04-10,2021-01-13,102,V,S,EG09,PG02,,Operations
100985,2020-04-10,2020-04-10,A,RFT,F,1.0,32IT1,IT,WSTMF,100,10,50,2020-04-10,2020-04-10,2020-04-10,,,,S,EG03,PG03,102752.0,Operations
100986,2020-04-10,2020-04-10,A,RFT,F,1.0,33IT2,IT,PRMRE,123,240,100,2020-04-10,2020-04-10,2020-04-10,,,,H,EG09,PG02,101281.0,Operations
100986,2023-08-11,2023-08-11,A,RFT,F,1.0,35IT3,IT,PRMRE,123,240,100,2020-04-10,2020-04-10,2023-08-11,,,,H,EG08,PG02,101281.0,Operations
100986,2025-09-15,2025-09-15,A,RFT,F,1.0,37IT4,IT,PRMRE,123,240,100,2020-04-10,2020-04-10,2025-09-15,,,,H,EG04,PG02,101281.0,Operations
100987,2020-04-10,2020-04-10,A,RFT,F,1.0,58TRD4,TRD,PRMRE,124,140,40,2020-04-10,2020-04-10,2020-04-10,,,,S,EG05,PG02,100787.0,Operations
100987,2024-05-08,2024-05-08,A,RFT,F,1.0,04ADM4,ADMIN,PRMRE,124,140,40,2020-04-10,2020-04-10,2024-05-08,,,,S,EG06,PG02,100787.0,Operations
100988,2020-04-10,2020-04-10,A,RPT,P,0.59,16CSR4,CSR,WSTMF,107,60,110,2020-04-10,2020-04-10,2020-04-10,,,,S,EG10,PG03,,Operations
100988,2022-11-15,2022-11-15,A,RPT,P,0.59,17CSR5,CSR,WSTMF,107,60,110,2020-04-10,2020-04-10,2022-11-15,,,,S,EG07,PG03,,Operations
100988,2025-12-06,2025-12-06,A,RPT,P,0.59,93PRO6,PROJ,WSTMF,107,60,110,2020-04-10,2020-04-10,2025-12-06,,,,S,EG09,PG03,,Operations
100989,2020-04-13,2020-04-13,A,CON,F,1.0,70MKT1,MKTG,NRTHP,100,180,90,2020-04-13,2020-04-13,2020-04-13,,,,H,EG04,PG05,102279.0,Operations
100989,2020-08-28,2020-08-28,T,CON,F,1.0,70MKT1,MKTG,NRTHP,100,180,90,2020-04-13,2020-04-13,2020-04-13,2020-08-28,100,V,H,EG04,PG05,102279.0,Operations
100990,2020-04-14,2020-04-14,A,RFT,F,1.0,07ACC2,ACCTG,NRTHP,112,160,70,2020-04-14,2020-04-14,2020-04-14,,,,S,EG03,PG05,100151.0,Operations
100990,2021-02-09,2021-02-09,T,RFT,F,1.0,07ACC2,ACCTG,NRTHP,112,160,70,2020-04-14,2020-04-14,2020-04-14,2021-02-09,200,I,S,EG03,PG05,100151.0,Operations
100991,2020-04-15,2020-04-15,A,RPT,F,0.75,57TRD3,TRD,NRTHP,108,30,30,2020-04-15,2020-04-15,2020-04-15,,,,S,EG02,PG05,,Operations
100991,2022-08-20,2022-08-20,T,RPT,F,0.75,57TRD3,TRD,NRTHP,108,30,30,2020-04-15,2020-04-15,2020-04-15,2022-08-20,101,V,S,EG02,PG05,,Operations
100992,2020-04-15,2020-04-15,A,RPT,P,0.45,29HR5,HR,WSTMF,115,250,60,2020-04-15,2020-04-15,2020-04-15,,,,S,EG07,PG03,,Operations
100992,2020-05-17,2020-05-17,A,RPT,P,0.45,30HR6,HR,WSTMF,115,250,60,2020-04-15,2020-04-15,2020-05-17,,,,S,EG04,PG03,,Operations
100992,2021-11-23,2021-11-23,A,RPT,P,0.45,31HR7,HR,WSTMF,115,250,60,2020-04-15,2020-04-15,2021-11-23,,,,S,EG03,PG03,,Operations
100992,2024-06-22,2024-06-22,L,RPT,P,0.45,31HR7,HR,WSTMF,115,250,60,2020-04-15,2020-04-15,2021-11-23,,,,S,EG03,PG03,,Operations
100992,2024-11-13,2024-11-13,A,RPT,P,0.45,31HR7,HR,WSTMF,115,250,60,2020-04-15,2020-04-15,2021-11-23,,,,S,EG03,PG03,,Operations
100993,2020-04-15,2020-04-15,A,RFT,F,1.0,05ACC1,ACCTG,NRTHP,115,250,90,2020-04-15,2020-04-15,2020-04-15,,,,H,EG05,PG05,100992.0,Operations
100993,2020-06-26,2020-06-26,L,RFT,F,1.0,05ACC1,ACCTG,NRTHP,115,250,90,2020-04-15,2020-04-15,2020-04-15,,,,H,EG05,PG05,100992.0,Operations
100993,2020-08-07,2020-08-07,A,RFT,F,1.0,05ACC1,ACCTG,NRTHP,115,250,90,2020-04-15,2020-04-15,2020-04-15,,,,H,EG05,PG05,100992.0,Operations
100994,2020-04-16,2020-04-16,A,RFT,F,1.0,60WHS1,WHSE,PRMRE,123,130,90,2020-04-16,2020-04-16,2020-04-16,,,,H,EG06,PG02,100445.0,Operations
100994,2022-07-30,2022-07-30,T,RFT,F,1.0,60WHS1,WHSE,PRMRE,123,130,90,2020-04-16,2020-04-16,2020-04-16,2022-07-30,100,V,H,EG06,PG02,100445.0,Operations
100995,2020-04-16,2020-04-16,A,CON,F,1.0,03ADM3,ADMIN,NRTHP,124,180,60,2020-04-16,2020-04-16,2020-04-16,,,,S,EG07,PG05,101270.0,Operations
100995,2020-10-25,2020-10-25,T,CON,F,1.0,03ADM3,ADMIN,NRTHP,124,180,60,2020-04-16,2020-04-16,2020-04-16,2020-10-25,100,V,S,EG07,PG05,101270.0,Operations
100996,2020-04-16,2020-04-16,A,RFT,F,1.0,35IT3,IT,NRTHP,101,220,100,2020-04-16,2020-04-16,2020-04-16,,,,S,EG08,PG05,,Operations
100996,2021-04-30,2021-04-30,T,RFT,F,1.0,35IT3,IT,NRTHP,101,220,100,2020-04-16,2020-04-16,2020-04-16,2021-04-30,100,V,S,EG08,PG05,,Operations
100997,2020-04-17,2020-04-17,A,RFT,F,1.0,70MKT1,MKTG,PRMRE,117,210,10,2020-04-17,2020-04-17,2020-04-17,,,,S,EG04,PG02,100414.0,Operations
100997,2021-02-06,2021-02-06,A,RFT,F,1.0,71MKT2,MKTG,PRMRE,117,210,10,2020-04-17,2020-04-17,2021-02-06,,,,S,EG10,PG02,100414.0,Operations
100997,2021-06-20,2021-06-20,T,RFT,F,1.0,71MKT2,MKTG,PRMRE,117,210,10,2020-04-17,2020-04-17,2021-02-06,2021-06-20,102,V,S,EG10,PG02,100414.0,Operations
100998,2020-04-17,2020-04-17,A,RFT,F,1.0,55TRD1,TRD,PRMRE,115,80,110,2020-04-17,2020-04-17,2020-04-17,,,,H,EG04,PG02,101251.0,Operations
100998,2022-02-11,2022-02-11,T,RFT,F,1.0,55TRD1,TRD,PRMRE,115,80,110,2020-04-17,2020-04-17,2020-04-17,2022-02-11,206,I,H,EG04,PG02,101251.0,Operations
100999,2020-04-17,2020-04-17,A,RFT,F,1.0,22ENG5,ENGR,ALPNC,112,100,50,2020-04-17,2020-04-17,2020-04-17,,,,S,EG08,PG03,,Operations
100999,2020-11-28,2020-11-28,T,RFT,F,1.0,22ENG5,ENGR,ALPNC,112,100,50,2020-04-17,2020-04-17,2020-04-17,2020-11-28,101,V,S,EG08,PG03,,Operations
101000,2020-04-17,2020-04-17,A,RPT,P,0.61,90PRO3,PROJ,NRTHP,112,120,80,2020-04-17,2020-04-17,2020-04-17,,,,S,EG04,PG05,101486.0,Operations
101000,2021-02-25,2021-02-25,T,RPT,P,0.61,90PRO3,PROJ,NRTHP,112,120,80,2020-04-17,2020-04-17,2020-04-17,2021-02-25,200,I,S,EG04,PG05,101486.0,Operations
101001,2020-04-20,2020-04-20,A,RFT,F,1.0,05ACC1,ACCTG,NRTHP,103,240,20,2020-04-20,2020-04-20,2020-04-20,,,,S,EG05,PG05,,Operations
101001,2020-09-28,2020-09-28,A,RFT,F,1.0,48OPS1,OPS,NRTHP,103,240,20,2020-04-20,2020-04-20,2020-09-28,,,,S,EG03,PG05,,Operations
101001,2022-03-20,2022-03-20,T,RFT,F,1.0,48OPS1,OPS,NRTHP,103,240,20,2020-04-20,2020-04-20,2020-09-28,2022-03-20,103,V,S,EG03,PG05,,Operations
101002,2020-04-20,2020-04-20,A,RFT,F,1.0,66TEC2,TECH,NRTHP,100,150,10,2020-04-20,2020-04-20,2020-04-20,,,,H,EG04,PG05,,Operations
101002,2020-12-22,2020-12-22,A,RFT,F,1.0,67TEC3,TECH,NRTHP,100,150,10,2020-04-20,2020-04-20,2020-12-22,,,,H,EG10,PG05,,Operations
101002,2021-03-28,2021-03-28,T,RFT,F,1.0,67TEC3,TECH,NRTHP,100,150,10,2020-04-20,2020-04-20,2020-12-22,2021-03-28,206,I,H,EG10,PG05,,Operations
101003,2020-04-20,2020-04-20,A,RPT,P,0.52,41SAL1,SALES,ALPNC,114,200,80,2020-04-20,2020-04-20,2020-04-20,,,,H,EG08,PG03,102155.0,Operations
101003,2024-03-09,2024-03-09,A,RPT,P,0.52,42SAL2,SALES,ALPNC,114,200,80,2020-04-20,2020-04-20,2024-03-09,,,,H,EG10,PG03,102155.0,Operations
101004,2020-04-21,2020-04-21,A,RFT,F,1.0,94LEG2,LEGAL,PRMRE,124,190,40,2020-04-21,2020-04-21,2020-04-21,,,,H,EG02,PG02,,Operations
101004,2021-04-09,2021-04-09,T,RFT,F,1.0,94LEG2,LEGAL,PRMRE,124,190,40,2020-04-21,2020-04-21,2020-04-21,2021-04-09,202,V,H,EG02,PG02,,Operations
101005,2020-04-22,2020-04-22,A,CON,F,1.0,63WHS4,WHSE,ALPNC,100,130,50,2020-04-22,2020-04-22,2020-04-22,,,,S,EG10,PG03,,Operations
101006,2020-04-23,2020-04-23,A,RFT,F,1.0,25HR1,HR,PRMRE,102,10,60,2020-04-23,2020-04-23,2020-04-23,,,,H,EG10,PG02,102485.0,Operations
101006,2022-12-30,2022-12-30,L,RFT,F,1.0,25HR1,HR,PRMRE,102,10,60,2020-04-23,2020-04-23,2020-04-23,,,,H,EG10,PG02,102485.0,Operations
101006,2023-05-01,2023-05-01,A,RFT,F,1.0,25HR1,HR,PRMRE,102,10,60,2020-04-23,2020-04-23,2020-04-23,,,,H,EG10,PG02,102485.0,Operations
101006,2025-08-21,2025-08-21,T,RFT,F,1.0,25HR1,HR,PRMRE,102,10,60,2020-04-23,2020-04-23,2020-04-23,2025-08-21,102,V,H,EG10,PG02,102485.0,Operations
101007,2020-04-24,2020-04-24,A,RFT,F,1.0,89PRO2,PROJ,WSTMF,122,190,50,2020-04-24,2020-04-24,2020-04-24,,,,S,EG06,PG03,102645.0,Operations
101007,2021-08-30,2021-08-30,T,RFT,F,1.0,89PRO2,PROJ,WSTMF,122,190,50,2020-04-24,2020-04-24,2020-04-24,2021-08-30,100,V,S,EG06,PG03,102645.0,Operations
101008,2020-04-24,2020-04-24,A,RFT,F,1.0,14CSR2,CSR,WSTMF,113,50,10,2020-04-24,2020-04-24,2020-04-24,,,,H,EG06,PG03,,Operations
101008,2020-12-22,2020-12-22,A,RFT,F,1.0,15CSR3,CSR,WSTMF,113,50,10,2020-04-24,2020-04-24,2020-12-22,,,,H,EG10,PG03,,Operations
101008,2025-03-11,2025-03-11,A,RFT,F,1.0,95LEG3,LEGAL,WSTMF,113,50,10,2020-04-24,2020-04-24,2025-03-11,,,,H,EG05,PG03,,Operations
101009,2020-04-24,2020-04-24,A,RFT,F,1.0,61WHS2,WHSE,WSTMF,100,20,20,2020-04-24,2020-04-24,2020-04-24,,,,H,EG01,PG03,102004.0,Operations
101009,2020-05-05,2020-05-05,A,RFT,F,1.0,34IT2,IT,WSTMF,100,20,20,2020-04-24,2020-04-24,2020-05-05,,,,H,EG08,PG03,102004.0,Operations
101010,2020-04-24,2020-04-24,A,RFT,F,1.0,35IT3,IT,ALPNC,111,10,70,2020-04-24,2020-04-24,2020-04-24,,,,S,EG08,PG03,,Operations
101010,2020-10-23,2020-10-23,A,RFT,F,1.0,37IT4,IT,ALPNC,111,10,70,2020-04-24,2020-04-24,2020-10-23,,,,S,EG04,PG03,,Operations
101010,2022-04-12,2022-04-12,L,RFT,F,1.0,37IT4,IT,ALPNC,111,10,70,2020-04-24,2020-04-24,2020-10-23,,,,S,EG04,PG03,,Operations
101010,2022-05-01,2022-05-01,A,RFT,F,1.0,37IT4,IT,ALPNC,111,10,70,2020-04-24,2020-04-24,2020-10-23,,,,S,EG04,PG03,,Operations
101011,2020-04-24,2020-04-24,A,RFT,F,1.0,61WHS2,WHSE,WSTMF,124,30,30,2020-04-24,2020-04-24,2020-04-24,,,,S,EG01,PG03,101397.0,Operations
101011,2024-05-25,2024-05-25,A,RFT,F,1.0,62WHS3,WHSE,WSTMF,124,30,30,2020-04-24,2020-04-24,2024-05-25,,,,S,EG01,PG03,101397.0,Operations
101012,2020-04-27,2020-04-27,A,RFT,F,1.0,67TEC3,TECH,PRMRE,100,240,100,2020-04-27,2020-04-27,2020-04-27,,,,S,EG10,PG02,,Operations
101012,2020-06-25,2020-06-25,T,RFT,F,1.0,67TEC3,TECH,PRMRE,100,240,100,2020-04-27,2020-04-27,2020-04-27,2020-06-25,205,I,S,EG10,PG02,,Operations
101013,2020-04-27,2020-04-27,A,RPT,P,0.61,25HR1,HR,NRTHP,118,90,20,2020-04-27,2020-04-27,2020-04-27,,,,H,EG10,PG05,102839.0,Operations
101013,2025-06-17,2025-06-17,A,RPT,P,0.61,77ANL1,ANLYT,NRTHP,118,90,20,2020-04-27,2020-04-27,2025-06-17,,,,H,EG04,PG05,102839.0,Operations
101013,2025-12-02,2025-12-02,A,RPT,P,0.61,78ANL2,ANLYT,NRTHP,118,90,20,2020-04-27,2020-04-27,2025-12-02,,,,H,EG04,PG05,102839.0,Operations
101014,2020-04-28,2020-04-28,A,RFT,F,1.0,16CSR4,CSR,NRTHP,116,240,120,2020-04-28,2020-04-28,2020-04-28,,,,S,EG10,PG05,,Operations
101014,2020-05-03,2020-05-03,A,RFT,F,1.0,17CSR5,CSR,NRTHP,116,240,120,2020-04-28,2020-04-28,2020-05-03,,,,S,EG07,PG05,,Operations
101014,2022-01-18,2022-01-18,A,RFT,F,1.0,46SAL6,SALES,NRTHP,116,240,120,2020-04-28,2020-04-28,2022-01-18,,,,S,EG05,PG05,,Operations
101014,2022-07-13,2022-07-13,T,RFT,F,1.0,46SAL6,SALES,NRTHP,116,240,120,2020-04-28,2020-04-28,2022-01-18,2022-07-13,210,I,S,EG05,PG05,,Operations
101015,2020-04-28,2020-04-28,A,RFT,F,1.0,13CSR1,CSR,WSTMF,124,80,90,2020-04-28,2020-04-28,2020-04-28,,,,H,EG01,PG03,101078.0,Operations
101015,2022-03-29,2022-03-29,L,RFT,F,1.0,13CSR1,CSR,WSTMF,124,80,90,2020-04-28,2020-04-28,2020-04-28,,,,H,EG01,PG03,101078.0,Operations
101015,2022-09-11,2022-09-11,A,RFT,F,1.0,13CSR1,CSR,WSTMF,124,80,90,2020-04-28,2020-04-28,2020-04-28,,,,H,EG01,PG03,101078.0,Operations
101015,2022-11-28,2022-11-28,A,RFT,F,1.0,25HR1,HR,WSTMF,124,80,90,2020-04-28,2020-04-28,2022-11-28,,,,H,EG10,PG03,101078.0,Operations
101015,2023-09-23,2023-09-23,T,RFT,F,1.0,25HR1,HR,WSTMF,124,80,90,2020-04-28,2020-04-28,2022-11-28,2023-09-23,100,V,H,EG10,PG03,101078.0,Operations
101016,2020-05-01,2020-05-01,A,RPT,P,0.55,01ADM1,ADMIN,PRMRE,124,140,10,2020-05-01,2020-05-01,2020-05-01,,,,S,EG05,PG02,100787.0,Operations
101017,2020-05-01,2020-05-01,A,RFT,F,1.0,49OPS2,OPS,ALPNC,100,130,100,2020-05-01,2020-05-01,2020-05-01,,,,H,EG05,PG03,101590.0,Operations
101017,2021-01-24,2021-01-24,L,RFT,F,1.0,49OPS2,OPS,ALPNC,100,130,100,2020-05-01,2020-05-01,2020-05-01,,,,H,EG05,PG03,101590.0,Operations
101017,2021-05-01,2021-05-01,A,RFT,F,1.0,49OPS2,OPS,ALPNC,100,130,100,2020-05-01,2020-05-01,2020-05-01,,,,H,EG05,PG03,101590.0,Operations
101017,2021-02-04,2021-02-04,L,RFT,F,1.0,49OPS2,OPS,ALPNC,100,130,100,2020-05-01,2020-05-01,2020-05-01,,,,H,EG05,PG03,101590.0,Operations
101017,2021-07-19,2021-07-19,A,RFT,F,1.0,49OPS2,OPS,ALPNC,100,130,100,2020-05-01,2020-05-01,2020-05-01,,,,H,EG05,PG03,101590.0,Operations
101018,2020-05-01,2020-05-01,A,RFT,F,1.0,66TEC2,TECH,WSTMF,107,170,110,2020-05-01,2020-05-01,2020-05-01,,,,H,EG04,PG03,,Operations
101018,2025-06-22,2025-06-22,A,RFT,F,1.0,67TEC3,TECH,WSTMF,107,170,110,2020-05-01,2020-05-01,2025-06-22,,,,H,EG10,PG03,,Operations
101019,2020-05-04,2020-05-04,A,RFT,F,1.0,68TEC4,TECH,PRMRE,123,250,110,2020-05-04,2020-05-04,2020-05-04,,,,S,EG06,PG02,101980.0,Operations
101019,2022-05-07,2022-05-07,A,RFT,F,1.0,44SAL4,SALES,PRMRE,123,250,110,2020-05-04,2020-05-04,2022-05-07,,,,S,EG09,PG02,101980.0,Operations
101019,2025-04-18,2025-04-18,T,RFT,F,1.0,44SAL4,SALES,PRMRE,123,250,110,2020-05-04,2020-05-04,2022-05-07,2025-04-18,101,V,S,EG09,PG02,101980.0,Operations
101020,2020-05-04,2020-05-04,A,RPT,F,0.79,55TRD1,TRD,PRMRE,105,160,60,2020-05-04,2020-05-04,2020-05-04,,,,S,EG04,PG02,102319.0,Operations
101020,2020-05-08,2020-05-08,T,RPT,F,0.79,55TRD1,TRD,PRMRE,105,160,60,2020-05-04,2020-05-04,2020-05-04,2020-05-08,101,V,S,EG04,PG02,102319.0,Operations
101021,2020-05-07,2020-05-07,A,RFT,F,1.0,34IT2,IT,WSTMF,104,40,50,2020-05-07,2020-05-07,2020-05-07,,,,H,EG08,PG03,100700.0,Operations
101021,2020-06-09,2020-06-09,A,RFT,F,1.0,56TRD2,TRD,WSTMF,104,40,50,2020-05-07,2020-05-07,2020-06-09,,,,H,EG02,PG03,100700.0,Operations
101021,2021-09-26,2021-09-26,T,RFT,F,1.0,56TRD2,TRD,WSTMF,104,40,50,2020-05-07,2020-05-07,2020-06-09,2021-09-26,207,I,H,EG02,PG03,100700.0,Operations
101022,2020-05-07,2020-05-07,A,RPT,P,0.56,59TRD5,TRD,PRMRE,121,60,40,2020-05-07,2020-05-07,2020-05-07,,,,S,EG10,PG02,,Operations
101022,2020-11-11,2020-11-11,T,RPT,P,0.56,59TRD5,TRD,PRMRE,121,60,40,2020-05-07,2020-05-07,2020-05-07,2020-11-11,100,V,S,EG10,PG02,,Operations
101023,2020-05-08,2020-05-08,A,RFT,F,1.0,90PRO3,PROJ,PRMRE,105,70,60,2020-05-08,2020-05-08,2020-05-08,,,,S,EG04,PG02,,Operations
101023,2022-04-07,2022-04-07,A,RFT,F,1.0,91PRO4,PROJ,PRMRE,105,70,60,2020-05-08,2020-05-08,2022-04-07,,,,S,EG02,PG02,,Operations
101024,2020-05-08,2020-05-08,A,RFT,F,1.0,72MKT3,MKTG,PRMRE,123,10,30,2020-05-08,2020-05-08,2020-05-08,,,,S,EG09,PG02,102401.0,Operations
101024,2021-09-23,2021-09-23,T,RFT,F,1.0,72MKT3,MKTG,PRMRE,123,10,30,2020-05-08,2020-05-08,2020-05-08,2021-09-23,103,V,S,EG09,PG02,102401.0,Operations
101025,2020-05-08,2020-05-08,A,RFT,F,1.0,35IT3,IT,ALPNC,121,190,30,2020-05-08,2020-05-08,2020-05-08,,,,S,EG08,PG03,100421.0,Operations
101025,2023-09-15,2023-09-15,T,RFT,F,1.0,35IT3,IT,ALPNC,121,190,30,2020-05-08,2020-05-08,2020-05-08,2023-09-15,101,V,S,EG08,PG03,100421.0,Operations
101026,2020-05-08,2020-05-08,A,RPT,P,0.74,06ACC1,ACCTG,WSTMF,110,40,40,2020-05-08,2020-05-08,2020-05-08,,,,S,EG09,PG03,102656.0,Operations
101027,2020-05-08,2020-05-08,A,RFT,F,1.0,50OPS3,OPS,NRTHP,104,130,80,2020-05-08,2020-05-08,2020-05-08,,,,S,EG06,PG05,,Operations
101027,2022-10-25,2022-10-25,A,RFT,F,1.0,51OPS4,OPS,NRTHP,104,130,80,2020-05-08,2020-05-08,2022-10-25,,,,S,EG07,PG05,,Operations
101028,2020-05-08,2020-05-08,A,RPT,P,0.72,35IT3,IT,ALPNC,114,40,40,2020-05-08,2020-05-08,2020-05-08,,,,S,EG08,PG03,,Operations
101028,2020-07-04,2020-07-04,T,RPT,P,0.72,35IT3,IT,ALPNC,114,40,40,2020-05-08,2020-05-08,2020-05-08,2020-07-04,100,V,S,EG08,PG03,,Operations
101029,2020-05-08,2020-05-08,A,RFT,F,1.0,43SAL3,SALES,NRTHP,101,50,110,2020-05-08,2020-05-08,2020-05-08,,,,S,EG10,PG05,,Operations
101029,2020-09-22,2020-09-22,L,RFT,F,1.0,43SAL3,SALES,NRTHP,101,50,110,2020-05-08,2020-05-08,2020-05-08,,,,S,EG10,PG05,,Operations
101029,2021-01-25,2021-01-25,A,RFT,F,1.0,43SAL3,SALES,NRTHP,101,50,110,2020-05-08,2020-05-08,2020-05-08,,,,S,EG10,PG05,,Operations
101029,2020-11-26,2020-11-26,A,RFT,F,1.0,36IT3,IT,NRTHP,101,50,110,2020-05-08,2020-05-08,2020-11-26,,,,S,EG07,PG05,,Operations
101029,2025-03-05,2025-03-05,A,RFT,F,1.0,37IT4,IT,NRTHP,101,50,110,2020-05-08,2020-05-08,2025-03-05,,,,S,EG04,PG05,,Operations
101030,2020-05-08,2020-05-08,A,RFT,F,1.0,20ENG3,ENGR,WSTMF,124,110,100,2020-05-08,2020-05-08,2020-05-08,,,,S,EG03,PG03,102338.0,Operations
101030,2020-06-11,2020-06-11,A,RFT,F,1.0,21ENG4,ENGR,WSTMF,124,110,100,2020-05-08,2020-05-08,2020-06-11,,,,S,EG06,PG03,102338.0,Operations
101030,2020-11-06,2020-11-06,T,RFT,F,1.0,21ENG4,ENGR,WSTMF,124,110,100,2020-05-08,2020-05-08,2020-06-11,2020-11-06,100,V,S,EG06,PG03,102338.0,Operations
101031,2020-05-08,2020-05-08,A,RFT,F,1.0,89PRO2,PROJ,NRTHP,112,90,10,2020-05-08,2020-05-08,2020-05-08,,,,S,EG06,PG05,100633.0,Operations
101032,2020-05-08,2020-05-08,A,CON,F,1.0,64WHS5,WHSE,NRTHP,117,100,60,2020-05-08,2020-05-08,2020-05-08,,,,S,EG03,PG05,,Operations
101032,2022-09-25,2022-09-25,A,CON,F,1.0,30HR6,HR,NRTHP,117,100,60,2020-05-08,2020-05-08,2022-09-25,,,,S,EG04,PG05,,Operations
101032,2025-01-04,2025-01-04,A,CON,F,1.0,31HR7,HR,NRTHP,117,100,60,2020-05-08,2020-05-08,2025-01-04,,,,S,EG03,PG05,,Operations
101033,2020-05-11,2020-05-11,A,RFT,F,1.0,33IT2,IT,WSTMF,104,20,40,2020-05-11,2020-05-11,2020-05-11,,,,H,EG09,PG03,,Operations
101033,2022-09-24,2022-09-24,A,RFT,F,1.0,35IT3,IT,WSTMF,104,20,40,2020-05-11,2020-05-11,2022-09-24,,,,H,EG08,PG03,,Operations
101033,2024-12-17,2024-12-17,A,RFT,F,1.0,37IT4,IT,WSTMF,104,20,40,2020-05-11,2020-05-11,2024-12-17,,,,H,EG04,PG03,,Operations
101033,2025-10-13,2025-10-13,T,RFT,F,1.0,37IT4,IT,WSTMF,104,20,40,2020-05-11,2020-05-11,2024-12-17,2025-10-13,202,V,H,EG04,PG03,,Operations
101034,2020-05-11,2020-05-11,A,RFT,F,1.0,60WHS1,WHSE,NRTHP,123,150,120,2020-05-11,2020-05-11,2020-05-11,,,,H,EG06,PG05,101602.0,Operations
101034,2023-09-25,2023-09-25,T,RFT,F,1.0,60WHS1,WHSE,NRTHP,123,150,120,2020-05-11,2020-05-11,2020-05-11,2023-09-25,201,I,H,EG06,PG05,101602.0,Operations
101035,2020-05-12,2020-05-12,A,RFT,F,1.0,70MKT1,MKTG,WSTMF,115,120,10,2020-05-12,2020-05-12,2020-05-12,,,,H,EG04,PG03,101288.0,Operations
101035,2020-12-30,2020-12-30,T,RFT,F,1.0,70MKT1,MKTG,WSTMF,115,120,10,2020-05-12,2020-05-12,2020-05-12,2020-12-30,100,V,H,EG04,PG03,101288.0,Operations
101036,2020-05-12,2020-05-12,A,RFT,F,1.0,27HR3,HR,PRMRE,105,10,10,2020-05-12,2020-05-12,2020-05-12,,,,S,EG02,PG02,,Operations
101037,2020-05-12,2020-05-12,A,RFT,F,1.0,14CSR2,CSR,NRTHP,103,190,100,2020-05-12,2020-05-12,2020-05-12,,,,H,EG06,PG05,,Operations
101037,2021-10-22,2021-10-22,T,RFT,F,1.0,14CSR2,CSR,NRTHP,103,190,100,2020-05-12,2020-05-12,2020-05-12,2021-10-22,101,V,H,EG06,PG05,,Operations
101038,2020-05-13,2020-05-13,A,RFT,F,1.0,06ACC1,ACCTG,WSTMF,107,200,30,2020-05-13,2020-05-13,2020-05-13,,,,H,EG09,PG03,101805.0,Operations
101038,2021-02-24,2021-02-24,A,RFT,F,1.0,07ACC2,ACCTG,WSTMF,107,200,30,2020-05-13,2020-05-13,2021-02-24,,,,H,EG03,PG03,101805.0,Operations
101039,2020-05-14,2020-05-14,A,CON,F,1.0,55TRD1,TRD,WSTMF,122,140,100,2020-05-14,2020-05-14,2020-05-14,,,,H,EG04,PG03,102218.0,Operations
101039,2024-03-19,2024-03-19,A,CON,F,1.0,56TRD2,TRD,WSTMF,122,140,100,2020-05-14,2020-05-14,2024-03-19,,,,H,EG02,PG03,102218.0,Operations
101040,2020-05-14,2020-05-14,A,RFT,F,1.0,27HR3,HR,ALPNC,112,70,50,2020-05-14,2020-05-14,2020-05-14,,,,S,EG02,PG03,,Operations
101040,2022-01-06,2022-01-06,T,RFT,F,1.0,27HR3,HR,ALPNC,112,70,50,2020-05-14,2020-05-14,2020-05-14,2022-01-06,100,V,S,EG02,PG03,,Operations
101041,2020-05-15,2020-05-15,A,RFT,F,1.0,07ACC2,ACCTG,PRMRE,100,140,40,2020-05-15,2020-05-15,2020-05-15,,,,H,EG03,PG02,101268.0,Operations
101041,2021-07-07,2021-07-07,T,RFT,F,1.0,07ACC2,ACCTG,PRMRE,100,140,40,2020-05-15,2020-05-15,2020-05-15,2021-07-07,200,I,H,EG03,PG02,101268.0,Operations
101042,2020-05-15,2020-05-15,A,RFT,F,1.0,32IT1,IT,NRTHP,109,230,20,2020-05-15,2020-05-15,2020-05-15,,,,H,EG03,PG05,,Operations
101042,2021-01-31,2021-01-31,A,RFT,F,1.0,33IT2,IT,NRTHP,109,230,20,2020-05-15,2020-05-15,2021-01-31,,,,H,EG09,PG05,,Operations
101042,2022-04-24,2022-04-24,T,RFT,F,1.0,33IT2,IT,NRTHP,109,230,20,2020-05-15,2020-05-15,2021-01-31,2022-04-24,205,I,H,EG09,PG05,,Operations
101043,2020-05-15,2020-05-15,A,RFT,F,1.0,78ANL2,ANLYT,NRTHP,122,90,90,2020-05-15,2020-05-15,2020-05-15,,,,S,EG04,PG05,,Operations
101043,2020-10-12,2020-10-12,L,RFT,F,1.0,78ANL2,ANLYT,NRTHP,122,90,90,2020-05-15,2020-05-15,2020-05-15,,,,S,EG04,PG05,,Operations
101043,2021-01-05,2021-01-05,A,RFT,F,1.0,78ANL2,ANLYT,NRTHP,122,90,90,2020-05-15,2020-05-15,2020-05-15,,,,S,EG04,PG05,,Operations
101044,2020-05-15,2020-05-15,A,RFT,F,1.0,91PRO4,PROJ,PRMRE,102,50,100,2020-05-15,2020-05-15,2020-05-15,,,,S,EG02,PG02,,Operations
101044,2021-03-12,2021-03-12,T,RFT,F,1.0,91PRO4,PROJ,PRMRE,102,50,100,2020-05-15,2020-05-15,2020-05-15,2021-03-12,200,I,S,EG02,PG02,,Operations
101045,2020-05-15,2020-05-15,A,RPT,P,0.56,92PRO5,PROJ,PRMRE,122,190,60,2020-05-15,2020-05-15,2020-05-15,,,,S,EG07,PG02,,Operations
101045,2021-09-25,2021-09-25,L,RPT,P,0.56,92PRO5,PROJ,PRMRE,122,190,60,2020-05-15,2020-05-15,2020-05-15,,,,S,EG07,PG02,,Operations
101045,2021-11-26,2021-11-26,A,RPT,P,0.56,92PRO5,PROJ,PRMRE,122,190,60,2020-05-15,2020-05-15,2020-05-15,,,,S,EG07,PG02,,Operations
101045,2025-10-13,2025-10-13,L,RPT,P,0.56,92PRO5,PROJ,PRMRE,122,190,60,2020-05-15,2020-05-15,2020-05-15,,,,S,EG07,PG02,,Operations
101046,2020-05-15,2020-05-15,A,RFT,F,1.0,19ENG2,ENGR,ALPNC,116,10,100,2020-05-15,2020-05-15,2020-05-15,,,,S,EG01,PG03,102461.0,Operations
101046,2021-11-28,2021-11-28,T,RFT,F,1.0,19ENG2,ENGR,ALPNC,116,10,100,2020-05-15,2020-05-15,2020-05-15,2021-11-28,102,V,S,EG01,PG03,102461.0,Operations
101047,2020-05-15,2020-05-15,A,RFT,F,1.0,55TRD1,TRD,WSTMF,110,90,40,2020-05-15,2020-05-15,2020-05-15,,,,S,EG04,PG03,,Operations
101047,2020-07-04,2020-07-04,A,RFT,F,1.0,60WHS1,WHSE,WSTMF,110,90,40,2020-05-15,2020-05-15,2020-07-04,,,,S,EG06,PG03,,Operations
101047,2023-12-05,2023-12-05,A,RFT,F,1.0,61WHS2,WHSE,WSTMF,110,90,40,2020-05-15,2020-05-15,2023-12-05,,,,S,EG01,PG03,,Operations
101047,2024-07-25,2024-07-25,T,RFT,F,1.0,61WHS2,WHSE,WSTMF,110,90,40,2020-05-15,2020-05-15,2023-12-05,2024-07-25,205,I,S,EG01,PG03,,Operations
101048,2020-05-18,2020-05-18,A,RPT,P,0.66,01ADM1,ADMIN,NRTHP,101,20,50,2020-05-18,2020-05-18,2020-05-18,,,,H,EG05,PG05,,Operations
101048,2020-09-11,2020-09-11,A,RPT,P,0.66,02ADM2,ADMIN,NRTHP,101,20,50,2020-05-18,2020-05-18,2020-09-11,,,,H,EG04,PG05,,Operations
101048,2022-05-27,2022-05-27,T,RPT,P,0.66,02ADM2,ADMIN,NRTHP,101,20,50,2020-05-18,2020-05-18,2020-09-11,2022-05-27,201,I,H,EG04,PG05,,Operations
101049,2020-05-18,2020-05-18,A,RFT,F,1.0,71MKT2,MKTG,ALPNC,104,80,100,2020-05-18,2020-05-18,2020-05-18,,,,H,EG10,PG03,,Operations
101049,2020-08-31,2020-08-31,T,RFT,F,1.0,71MKT2,MKTG,ALPNC,104,80,100,2020-05-18,2020-05-18,2020-05-18,2020-08-31,200,I,H,EG10,PG03,,Operations
101050,2020-05-18,2020-05-18,A,RFT,F,1.0,06ACC1,ACCTG,ALPNC,114,70,30,2020-05-18,2020-05-18,2020-05-18,,,,H,EG09,PG03,101358.0,Operations
101051,2020-05-18,2020-05-18,A,RPT,P,0.64,55TRD1,TRD,WSTMF,111,10,90,2020-05-18,2020-05-18,2020-05-18,,,,S,EG04,PG03,101010.0,Operations
101051,2021-06-13,2021-06-13,T,RPT,P,0.64,55TRD1,TRD,WSTMF,111,10,90,2020-05-18,2020-05-18,2020-05-18,2021-06-13,100,V,S,EG04,PG03,101010.0,Operations
101052,2020-05-19,2020-05-19,A,RFT,F,1.0,77ANL1,ANLYT,NRTHP,121,10,90,2020-05-19,2020-05-19,2020-05-19,,,,H,EG04,PG05,100233.0,Operations
101052,2020-11-16,2020-11-16,T,RFT,F,1.0,77ANL1,ANLYT,NRTHP,121,10,90,2020-05-19,2020-05-19,2020-05-19,2020-11-16,101,V,H,EG04,PG05,100233.0,Operations
101053,2020-05-21,2020-05-21,A,CON,F,1.0,90PRO3,PROJ,NRTHP,112,140,120,2020-05-21,2020-05-21,2020-05-21,,,,S,EG04,PG05,,Operations
101054,2020-05-22,2020-05-22,A,RFT,F,1.0,77ANL1,ANLYT,NRTHP,108,110,70,2020-05-22,2020-05-22,2020-05-22,,,,H,EG04,PG05,,Operations
101054,2021-11-02,2021-11-02,A,RFT,F,1.0,78ANL2,ANLYT,NRTHP,108,110,70,2020-05-22,2020-05-22,2021-11-02,,,,H,EG04,PG05,,Operations
101054,2024-04-20,2024-04-20,T,RFT,F,1.0,78ANL2,ANLYT,NRTHP,108,110,70,2020-05-22,2020-05-22,2021-11-02,2024-04-20,205,I,H,EG04,PG05,,Operations
101055,2020-05-22,2020-05-22,A,TFT,F,1.0,56TRD2,TRD,PRMRE,121,200,60,2020-05-22,2020-05-22,2020-05-22,,,,S,EG02,PG02,102280.0,Operations
101055,2021-12-20,2021-12-20,A,TFT,F,1.0,78ANL2,ANLYT,PRMRE,121,200,60,2020-05-22,2020-05-22,2021-12-20,,,,S,EG04,PG02,102280.0,Operations
101055,2025-11-06,2025-11-06,T,TFT,F,1.0,78ANL2,ANLYT,PRMRE,121,200,60,2020-05-22,2020-05-22,2021-12-20,2025-11-06,201,I,S,EG04,PG02,102280.0,Operations
101056,2020-05-22,2020-05-22,A,RFT,F,1.0,02ADM2,ADMIN,ALPNC,115,150,10,2020-05-22,2020-05-22,2020-05-22,,,,H,EG04,PG03,102289.0,Operations
101056,2022-12-11,2022-12-11,A,RFT,F,1.0,03ADM3,ADMIN,ALPNC,115,150,10,2020-05-22,2020-05-22,2022-12-11,,,,H,EG07,PG03,102289.0,Operations
101056,2023-06-10,2023-06-10,T,RFT,F,1.0,03ADM3,ADMIN,ALPNC,115,150,10,2020-05-22,2020-05-22,2022-12-11,2023-06-10,200,I,H,EG07,PG03,102289.0,Operations
101057,2020-05-22,2020-05-22,A,RFT,F,1.0,95LEG3,LEGAL,WSTMF,108,60,20,2020-05-22,2020-05-22,2020-05-22,,,,S,EG05,PG03,101866.0,Operations
101057,2022-04-08,2022-04-08,A,RFT,F,1.0,15CSR3,CSR,WSTMF,108,60,20,2020-05-22,2020-05-22,2022-04-08,,,,S,EG10,PG03,101866.0,Operations
101058,2020-05-22,2020-05-22,A,RFT,F,1.0,32IT1,IT,PRMRE,116,90,30,2020-05-22,2020-05-22,2020-05-22,,,,H,EG03,PG02,102267.0,Operations
101059,2020-05-22,2020-05-22,A,RFT,F,1.0,48OPS1,OPS,PRMRE,115,170,60,2020-05-22,2020-05-22,2020-05-22,,,,S,EG03,PG02,102467.0,Operations
101059,2020-10-21,2020-10-21,L,RFT,F,1.0,48OPS1,OPS,PRMRE,115,170,60,2020-05-22,2020-05-22,2020-05-22,,,,S,EG03,PG02,102467.0,Operations
101059,2020-11-29,2020-11-29,A,RFT,F,1.0,48OPS1,OPS,PRMRE,115,170,60,2020-05-22,2020-05-22,2020-05-22,,,,S,EG03,PG02,102467.0,Operations
101059,2024-01-16,2024-01-16,A,RFT,F,1.0,49OPS2,OPS,PRMRE,115,170,60,2020-05-22,2020-05-22,2024-01-16,,,,S,EG05,PG02,102467.0,Operations
101059,2024-03-01,2024-03-01,A,RFT,F,1.0,50OPS3,OPS,PRMRE,115,170,60,2020-05-22,2020-05-22,2024-03-01,,,,S,EG06,PG02,102467.0,Operations
101060,2020-05-22,2020-05-22,A,RFT,F,1.0,95LEG3,LEGAL,ALPNC,119,190,50,2020-05-22,2020-05-22,2020-05-22,,,,S,EG05,PG03,,Operations
101060,2020-11-24,2020-11-24,T,RFT,F,1.0,95LEG3,LEGAL,ALPNC,119,190,50,2020-05-22,2020-05-22,2020-05-22,2020-11-24,206,I,S,EG05,PG03,,Operations
101061,2020-05-22,2020-05-22,A,RPT,P,0.46,19ENG2,ENGR,NRTHP,111,110,30,2020-05-22,2020-05-22,2020-05-22,,,,H,EG01,PG05,100019.0,Operations
101061,2020-08-11,2020-08-11,A,RPT,P,0.46,20ENG3,ENGR,NRTHP,111,110,30,2020-05-22,2020-05-22,2020-08-11,,,,H,EG03,PG05,100019.0,Operations
101061,2021-03-24,2021-03-24,A,RPT,P,0.46,43SAL3,SALES,NRTHP,111,110,30,2020-05-22,2020-05-22,2021-03-24,,,,H,EG10,PG05,100019.0,Operations
101062,2020-05-22,2020-05-22,A,RFT,F,1.0,50OPS3,OPS,NRTHP,114,110,100,2020-05-22,2020-05-22,2020-05-22,,,,S,EG06,PG05,,Operations
101062,2022-01-20,2022-01-20,T,RFT,F,1.0,50OPS3,OPS,NRTHP,114,110,100,2020-05-22,2020-05-22,2020-05-22,2022-01-20,101,V,S,EG06,PG05,,Operations
101063,2020-05-25,2020-05-25,A,RFT,F,1.0,09ACC4,ACCTG,WSTMF,122,200,120,2020-05-25,2020-05-25,2020-05-25,,,,S,EG05,PG03,,Operations
101064,2020-05-26,2020-05-26,A,RFT,F,1.0,05ACC1,ACCTG,WSTMF,113,210,50,2020-05-26,2020-05-26,2020-05-26,,,,H,EG05,PG03,102016.0,Operations
101064,2020-11-04,2020-11-04,T,RFT,F,1.0,05ACC1,ACCTG,WSTMF,113,210,50,2020-05-26,2020-05-26,2020-05-26,2020-11-04,205,I,H,EG05,PG03,102016.0,Operations
101065,2020-06-01,2020-06-01,A,RFT,F,1.0,03ADM3,ADMIN,WSTMF,110,220,100,2020-06-01,2020-06-01,2020-06-01,,,,S,EG07,PG03,,Operations
101065,2023-09-12,2023-09-12,T,RFT,F,1.0,03ADM3,ADMIN,WSTMF,110,220,100,2020-06-01,2020-06-01,2020-06-01,2023-09-12,202,V,S,EG07,PG03,,Operations
101066,2020-06-01,2020-06-01,A,RFT,F,1.0,92PRO5,PROJ,ALPNC,104,60,20,2020-06-01,2020-06-01,2020-06-01,,,,S,EG07,PG03,,Operations
101066,2021-01-30,2021-01-30,A,RFT,F,1.0,93PRO6,PROJ,ALPNC,104,60,20,2020-06-01,2020-06-01,2021-01-30,,,,S,EG09,PG03,,Operations
101067,2020-06-02,2020-06-02,A,RFT,F,1.0,70MKT1,MKTG,WSTMF,104,240,40,2020-06-02,2020-06-02,2020-06-02,,,,S,EG04,PG03,,Operations
101068,2020-06-02,2020-06-02,A,RFT,F,1.0,90PRO3,PROJ,NRTHP,104,50,20,2020-06-02,2020-06-02,2020-06-02,,,,S,EG04,PG05,,Operations
101068,2023-08-17,2023-08-17,T,RFT,F,1.0,90PRO3,PROJ,NRTHP,104,50,20,2020-06-02,2020-06-02,2020-06-02,2023-08-17,100,V,S,EG04,PG05,,Operations
101069,2020-06-04,2020-06-04,A,RFT,F,1.0,73MKT4,MKTG,PRMRE,124,80,30,2020-06-04,2020-06-04,2020-06-04,,,,S,EG01,PG02,101078.0,Operations
101069,2023-03-09,2023-03-09,A,RFT,F,1.0,74MKT5,MKTG,PRMRE,124,80,30,2020-06-04,2020-06-04,2023-03-09,,,,S,EG01,PG02,101078.0,Operations
101070,2020-06-04,2020-06-04,A,CON,F,1.0,43SAL3,SALES,NRTHP,115,70,20,2020-06-04,2020-06-04,2020-06-04,,,,S,EG10,PG05,,Operations
101070,2024-10-09,2024-10-09,T,CON,F,1.0,43SAL3,SALES,NRTHP,115,70,20,2020-06-04,2020-06-04,2020-06-04,2024-10-09,100,V,S,EG10,PG05,,Operations
101071,2020-06-05,2020-06-05,A,RFT,F,1.0,07ACC2,ACCTG,PRMRE,102,90,80,2020-06-05,2020-06-05,2020-06-05,,,,S,EG03,PG02,102610.0,Operations
101071,2021-01-18,2021-01-18,A,RFT,F,1.0,08ACC3,ACCTG,PRMRE,102,90,80,2020-06-05,2020-06-05,2021-01-18,,,,S,EG01,PG02,102610.0,Operations
101071,2024-12-14,2024-12-14,T,RFT,F,1.0,08ACC3,ACCTG,PRMRE,102,90,80,2020-06-05,2020-06-05,2021-01-18,2024-12-14,101,V,S,EG01,PG02,102610.0,Operations
101072,2020-06-05,2020-06-05,A,CON,F,1.0,13CSR1,CSR,NRTHP,118,160,120,2020-06-05,2020-06-05,2020-06-05,,,,H,EG01,PG05,100692.0,Operations
101072,2024-10-21,2024-10-21,A,CON,F,1.0,14CSR2,CSR,NRTHP,118,160,120,2020-06-05,2020-06-05,2024-10-21,,,,H,EG06,PG05,100692.0,Operations
101073,2020-06-05,2020-06-05,A,TAW,F,1.0,55TRD1,TRD,WSTMF,122,80,30,2020-06-05,2020-06-05,2020-06-05,,,,H,EG04,PG03,101768.0,Operations
101073,2020-09-18,2020-09-18,L,TAW,F,1.0,55TRD1,TRD,WSTMF,122,80,30,2020-06-05,2020-06-05,2020-06-05,,,,H,EG04,PG03,101768.0,Operations
101073,2021-02-15,2021-02-15,A,TAW,F,1.0,55TRD1,TRD,WSTMF,122,80,30,2020-06-05,2020-06-05,2020-06-05,,,,H,EG04,PG03,101768.0,Operations
101073,2023-06-24,2023-06-24,T,TAW,F,1.0,55TRD1,TRD,WSTMF,122,80,30,2020-06-05,2020-06-05,2020-06-05,2023-06-24,201,I,H,EG04,PG03,101768.0,Operations
101074,2020-06-05,2020-06-05,A,RFT,F,1.0,35IT3,IT,WSTMF,105,200,70,2020-06-05,2020-06-05,2020-06-05,,,,S,EG08,PG03,,Operations
101075,2020-06-05,2020-06-05,A,RFT,F,1.0,14CSR2,CSR,WSTMF,102,240,20,2020-06-05,2020-06-05,2020-06-05,,,,S,EG06,PG03,101786.0,Operations
101075,2021-02-08,2021-02-08,T,RFT,F,1.0,14CSR2,CSR,WSTMF,102,240,20,2020-06-05,2020-06-05,2020-06-05,2021-02-08,101,V,S,EG06,PG03,101786.0,Operations
101076,2020-06-05,2020-06-05,A,RPT,P,0.65,33IT2,IT,WSTMF,124,240,10,2020-06-05,2020-06-05,2020-06-05,,,,S,EG09,PG03,100234.0,Operations
101076,2021-05-02,2021-05-02,T,RPT,P,0.65,33IT2,IT,WSTMF,124,240,10,2020-06-05,2020-06-05,2020-06-05,2021-05-02,206,I,S,EG09,PG03,100234.0,Operations
101077,2020-06-05,2020-06-05,A,RFT,F,1.0,49OPS2,OPS,ALPNC,104,140,110,2020-06-05,2020-06-05,2020-06-05,,,,S,EG05,PG03,,Operations
101077,2021-05-19,2021-05-19,T,RFT,F,1.0,49OPS2,OPS,ALPNC,104,140,110,2020-06-05,2020-06-05,2020-06-05,2021-05-19,101,V,S,EG05,PG03,,Operations
101078,2020-06-08,2020-06-08,A,CON,F,1.0,85SUP5,SUPV,WSTMF,124,80,20,2020-06-08,2020-06-08,2020-06-08,,,,S,EG01,PG03,,Operations
101078,2021-03-11,2021-03-11,A,CON,F,1.0,59TRD5,TRD,WSTMF,124,80,20,2020-06-08,2020-06-08,2021-03-11,,,,S,EG10,PG03,,Operations
101078,2021-09-05,2021-09-05,L,CON,F,1.0,59TRD5,TRD,WSTMF,124,80,20,2020-06-08,2020-06-08,2021-03-11,,,,S,EG10,PG03,,Operations
101078,2022-02-10,2022-02-10,A,CON,F,1.0,59TRD5,TRD,WSTMF,124,80,20,2020-06-08,2020-06-08,2021-03-11,,,,S,EG10,PG03,,Operations
101079,2020-06-09,2020-06-09,A,RFT,F,1.0,77ANL1,ANLYT,WSTMF,106,180,40,2020-06-09,2020-06-09,2020-06-09,,,,S,EG04,PG03,,Operations
101079,2021-01-22,2021-01-22,T,RFT,F,1.0,77ANL1,ANLYT,WSTMF,106,180,40,2020-06-09,2020-06-09,2020-06-09,2021-01-22,100,V,S,EG04,PG03,,Operations
101080,2020-06-09,2020-06-09,A,RFT,F,1.0,94LEG2,LEGAL,PRMRE,102,170,90,2020-06-09,2020-06-09,2020-06-09,,,,H,EG02,PG02,101871.0,Operations
101080,2020-07-09,2020-07-09,T,RFT,F,1.0,94LEG2,LEGAL,PRMRE,102,170,90,2020-06-09,2020-06-09,2020-06-09,2020-07-09,103,V,H,EG02,PG02,101871.0,Operations
101081,2020-06-10,2020-06-10,A,RFT,F,1.0,26HR2,HR,WSTMF,118,250,10,2020-06-10,2020-06-10,2020-06-10,,,,S,EG03,PG03,102494.0,Operations
101081,2020-09-03,2020-09-03,T,RFT,F,1.0,26HR2,HR,WSTMF,118,250,10,2020-06-10,2020-06-10,2020-06-10,2020-09-03,205,I,S,EG03,PG03,102494.0,Operations
101082,2020-06-10,2020-06-10,A,RFT,F,1.0,45SAL5,SALES,ALPNC,100,90,90,2020-06-10,2020-06-10,2020-06-10,,,,S,EG06,PG03,,Operations
101082,2021-09-02,2021-09-02,T,RFT,F,1.0,45SAL5,SALES,ALPNC,100,90,90,2020-06-10,2020-06-10,2020-06-10,2021-09-02,101,V,S,EG06,PG03,,Operations
101083,2020-06-10,2020-06-10,A,RFT,F,1.0,58TRD4,TRD,WSTMF,113,20,40,2020-06-10,2020-06-10,2020-06-10,,,,S,EG05,PG03,,Operations
101083,2020-09-03,2020-09-03,T,RFT,F,1.0,58TRD4,TRD,WSTMF,113,20,40,2020-06-10,2020-06-10,2020-06-10,2020-09-03,201,I,S,EG05,PG03,,Operations
101084,2020-06-10,2020-06-10,A,RFT,F,1.0,90PRO3,PROJ,NRTHP,115,100,60,2020-06-10,2020-06-10,2020-06-10,,,,S,EG04,PG05,,Operations
101084,2021-01-03,2021-01-03,T,RFT,F,1.0,90PRO3,PROJ,NRTHP,115,100,60,2020-06-10,2020-06-10,2020-06-10,2021-01-03,100,V,S,EG04,PG05,,Operations
101085,2020-06-10,2020-06-10,A,RFT,F,1.0,77ANL1,ANLYT,WSTMF,105,140,10,2020-06-10,2020-06-10,2020-06-10,,,,H,EG04,PG03,101279.0,Operations
101085,2021-06-15,2021-06-15,T,RFT,F,1.0,77ANL1,ANLYT,WSTMF,105,140,10,2020-06-10,2020-06-10,2020-06-10,2021-06-15,100,V,H,EG04,PG03,101279.0,Operations
101086,2020-06-12,2020-06-12,A,RFT,F,1.0,94LEG2,LEGAL,PRMRE,116,180,40,2020-06-12,2020-06-12,2020-06-12,,,,H,EG02,PG02,101899.0,Operations
101086,2020-06-30,2020-06-30,A,RFT,F,1.0,95LEG3,LEGAL,PRMRE,116,180,40,2020-06-12,2020-06-12,2020-06-30,,,,H,EG05,PG02,101899.0,Operations
101086,2020-07-02,2020-07-02,T,RFT,F,1.0,95LEG3,LEGAL,PRMRE,116,180,40,2020-06-12,2020-06-12,2020-06-30,2020-07-02,100,V,H,EG05,PG02,101899.0,Operations
101087,2020-06-16,2020-06-16,A,RPT,P,0.53,92PRO5,PROJ,WSTMF,115,30,70,2020-06-16,2020-06-16,2020-06-16,,,,S,EG07,PG03,,Operations
101087,2022-05-08,2022-05-08,T,RPT,P,0.53,92PRO5,PROJ,WSTMF,115,30,70,2020-06-16,2020-06-16,2020-06-16,2022-05-08,102,V,S,EG07,PG03,,Operations
101088,2020-06-16,2020-06-16,A,RFT,F,1.0,48OPS1,OPS,PRMRE,123,220,60,2020-06-16,2020-06-16,2020-06-16,,,,H,EG03,PG02,102187.0,Operations
101088,2023-10-25,2023-10-25,T,RFT,F,1.0,48OPS1,OPS,PRMRE,123,220,60,2020-06-16,2020-06-16,2020-06-16,2023-10-25,101,V,H,EG03,PG02,102187.0,Operations
101089,2020-06-16,2020-06-16,A,CON,F,1.0,39IT6,IT,WSTMF,102,90,80,2020-06-16,2020-06-16,2020-06-16,,,,S,EG03,PG03,,Operations
101089,2021-05-08,2021-05-08,T,CON,F,1.0,39IT6,IT,WSTMF,102,90,80,2020-06-16,2020-06-16,2020-06-16,2021-05-08,101,V,S,EG03,PG03,,Operations
101090,2020-06-16,2020-06-16,A,RFT,F,1.0,55TRD1,TRD,NRTHP,102,170,120,2020-06-16,2020-06-16,2020-06-16,,,,S,EG04,PG05,101871.0,Operations
101090,2023-06-17,2023-06-17,T,RFT,F,1.0,55TRD1,TRD,NRTHP,102,170,120,2020-06-16,2020-06-16,2020-06-16,2023-06-17,100,V,S,EG04,PG05,101871.0,Operations
101091,2020-06-17,2020-06-17,A,RFT,F,1.0,67TEC3,TECH,NRTHP,119,10,30,2020-06-17,2020-06-17,2020-06-17,,,,S,EG10,PG05,,Operations
101091,2020-08-10,2020-08-10,T,RFT,F,1.0,67TEC3,TECH,NRTHP,119,10,30,2020-06-17,2020-06-17,2020-06-17,2020-08-10,202,V,S,EG10,PG05,,Operations
101092,2020-06-18,2020-06-18,A,CON,F,1.0,08ACC3,ACCTG,PRMRE,100,100,40,2020-06-18,2020-06-18,2020-06-18,,,,S,EG01,PG02,,Operations
101092,2021-01-17,2021-01-17,T,CON,F,1.0,08ACC3,ACCTG,PRMRE,100,100,40,2020-06-18,2020-06-18,2020-06-18,2021-01-17,100,V,S,EG01,PG02,,Operations
101093,2020-06-18,2020-06-18,A,RFT,F,1.0,01ADM1,ADMIN,WSTMF,100,110,30,2020-06-18,2020-06-18,2020-06-18,,,,H,EG05,PG03,101160.0,Operations
101093,2024-06-28,2024-06-28,A,RFT,F,1.0,25HR1,HR,WSTMF,100,110,30,2020-06-18,2020-06-18,2024-06-28,,,,H,EG10,PG03,101160.0,Operations
101093,2024-11-20,2024-11-20,T,RFT,F,1.0,25HR1,HR,WSTMF,100,110,30,2020-06-18,2020-06-18,2024-06-28,2024-11-20,100,V,H,EG10,PG03,101160.0,Operations
101094,2020-06-19,2020-06-19,A,RFT,F,1.0,56TRD2,TRD,PRMRE,116,250,30,2020-06-19,2020-06-19,2020-06-19,,,,H,EG02,PG02,,Operations
101094,2021-10-02,2021-10-02,T,RFT,F,1.0,56TRD2,TRD,PRMRE,116,250,30,2020-06-19,2020-06-19,2020-06-19,2021-10-02,100,V,H,EG02,PG02,,Operations
101095,2020-06-19,2020-06-19,A,RFT,F,1.0,79ANL3,ANLYT,PRMRE,124,110,100,2020-06-19,2020-06-19,2020-06-19,,,,S,EG10,PG02,102338.0,Operations
101095,2021-03-17,2021-03-17,T,RFT,F,1.0,79ANL3,ANLYT,PRMRE,124,110,100,2020-06-19,2020-06-19,2020-06-19,2021-03-17,207,I,S,EG10,PG02,102338.0,Operations
101096,2020-06-19,2020-06-19,A,RFT,F,1.0,03ADM3,ADMIN,WSTMF,100,230,90,2020-06-19,2020-06-19,2020-06-19,,,,S,EG07,PG03,102585.0,Operations
101097,2020-06-19,2020-06-19,A,RPT,P,0.47,77ANL1,ANLYT,PRMRE,115,110,10,2020-06-19,2020-06-19,2020-06-19,,,,H,EG04,PG02,102872.0,Operations
101097,2021-12-27,2021-12-27,A,RPT,P,0.47,01ADM1,ADMIN,PRMRE,115,110,10,2020-06-19,2020-06-19,2021-12-27,,,,H,EG05,PG02,102872.0,Operations
101098,2020-06-23,2020-06-23,A,RFT,F,1.0,58TRD4,TRD,NRTHP,123,60,50,2020-06-23,2020-06-23,2020-06-23,,,,S,EG05,PG05,,Operations
101098,2023-12-10,2023-12-10,A,RFT,F,1.0,59TRD5,TRD,NRTHP,123,60,50,2020-06-23,2020-06-23,2023-12-10,,,,S,EG10,PG05,,Operations
101099,2020-06-23,2020-06-23,A,RFT,F,1.0,68TEC4,TECH,NRTHP,102,170,30,2020-06-23,2020-06-23,2020-06-23,,,,S,EG06,PG05,,Operations
101099,2020-08-24,2020-08-24,T,RFT,F,1.0,68TEC4,TECH,NRTHP,102,170,30,2020-06-23,2020-06-23,2020-06-23,2020-08-24,100,V,S,EG06,PG05,,Operations
101100,2020-06-23,2020-06-23,A,RFT,F,1.0,42SAL2,SALES,PRMRE,118,180,20,2020-06-23,2020-06-23,2020-06-23,,,,H,EG10,PG02,101922.0,Operations
101100,2021-10-04,2021-10-04,T,RFT,F,1.0,42SAL2,SALES,PRMRE,118,180,20,2020-06-23,2020-06-23,2020-06-23,2021-10-04,202,V,H,EG10,PG02,101922.0,Operations
101101,2020-06-24,2020-06-24,A,RFT,F,1.0,03ADM3,ADMIN,ALPNC,102,50,50,2020-06-24,2020-06-24,2020-06-24,,,,S,EG07,PG03,102746.0,Operations
101102,2020-06-24,2020-06-24,A,RFT,F,1.0,03ADM3,ADMIN,NRTHP,119,20,30,2020-06-24,2020-06-24,2020-06-24,,,,S,EG07,PG05,,Operations
101102,2023-01-28,2023-01-28,A,RFT,F,1.0,04ADM4,ADMIN,NRTHP,119,20,30,2020-06-24,2020-06-24,2023-01-28,,,,S,EG06,PG05,,Operations
101103,2020-06-25,2020-06-25,A,RFT,F,1.0,25HR1,HR,ALPNC,114,20,110,2020-06-25,2020-06-25,2020-06-25,,,,H,EG10,PG03,,Operations
101103,2021-08-12,2021-08-12,T,RFT,F,1.0,25HR1,HR,ALPNC,114,20,110,2020-06-25,2020-06-25,2020-06-25,2021-08-12,200,I,H,EG10,PG03,,Operations
101104,2020-06-25,2020-06-25,A,CON,F,1.0,70MKT1,MKTG,NRTHP,109,130,120,2020-06-25,2020-06-25,2020-06-25,,,,S,EG04,PG05,,Operations
101104,2020-11-10,2020-11-10,T,CON,F,1.0,70MKT1,MKTG,NRTHP,109,130,120,2020-06-25,2020-06-25,2020-06-25,2020-11-10,200,I,S,EG04,PG05,,Operations
101105,2020-06-26,2020-06-26,A,RPT,P,0.63,34IT2,IT,PRMRE,116,190,70,2020-06-26,2020-06-26,2020-06-26,,,,H,EG08,PG02,102863.0,Operations
101105,2024-04-27,2024-04-27,A,RPT,P,0.63,35IT3,IT,PRMRE,116,190,70,2020-06-26,2020-06-26,2024-04-27,,,,H,EG08,PG02,102863.0,Operations
101105,2025-04-05,2025-04-05,A,RPT,P,0.63,57TRD3,TRD,PRMRE,116,190,70,2020-06-26,2020-06-26,2025-04-05,,,,H,EG02,PG02,102863.0,Operations
101105,2025-06-03,2025-06-03,T,RPT,P,0.63,57TRD3,TRD,PRMRE,116,190,70,2020-06-26,2020-06-26,2025-04-05,2025-06-03,202,V,H,EG02,PG02,102863.0,Operations
101106,2020-06-26,2020-06-26,A,RFT,F,1.0,34IT2,IT,PRMRE,123,170,90,2020-06-26,2020-06-26,2020-06-26,,,,H,EG08,PG02,,Operations
101106,2021-01-21,2021-01-21,A,RFT,F,1.0,36IT3,IT,PRMRE,123,170,90,2020-06-26,2020-06-26,2021-01-21,,,,H,EG07,PG02,,Operations
101106,2021-04-11,2021-04-11,T,RFT,F,1.0,36IT3,IT,PRMRE,123,170,90,2020-06-26,2020-06-26,2021-01-21,2021-04-11,100,V,H,EG07,PG02,,Operations
101107,2020-06-26,2020-06-26,A,TAW,F,1.0,34IT2,IT,WSTMF,100,120,80,2020-06-26,2020-06-26,2020-06-26,,,,H,EG08,PG03,102980.0,Operations
101107,2024-10-17,2024-10-17,A,TAW,F,1.0,89PRO2,PROJ,WSTMF,100,120,80,2020-06-26,2020-06-26,2024-10-17,,,,H,EG06,PG03,102980.0,Operations
101107,2025-07-11,2025-07-11,L,TAW,F,1.0,89PRO2,PROJ,WSTMF,100,120,80,2020-06-26,2020-06-26,2024-10-17,,,,H,EG06,PG03,102980.0,Operations
101107,2025-08-31,2025-08-31,A,TAW,F,1.0,89PRO2,PROJ,WSTMF,100,120,80,2020-06-26,2020-06-26,2024-10-17,,,,H,EG06,PG03,102980.0,Operations
101108,2020-07-02,2020-07-02,A,RFT,F,1.0,01ADM1,ADMIN,WSTMF,106,220,80,2020-07-02,2020-07-02,2020-07-02,,,,H,EG05,PG03,102083.0,Operations
101108,2021-10-14,2021-10-14,A,RFT,F,1.0,02ADM2,ADMIN,WSTMF,106,220,80,2020-07-02,2020-07-02,2021-10-14,,,,H,EG04,PG03,102083.0,Operations
101108,2024-02-22,2024-02-22,T,RFT,F,1.0,02ADM2,ADMIN,WSTMF,106,220,80,2020-07-02,2020-07-02,2021-10-14,2024-02-22,200,I,H,EG04,PG03,102083.0,Operations
101109,2020-07-02,2020-07-02,A,RFT,F,1.0,18ENG1,ENGR,NRTHP,113,60,90,2020-07-02,2020-07-02,2020-07-02,,,,S,EG08,PG05,,Operations
101109,2026-01-21,2026-01-21,T,RFT,F,1.0,18ENG1,ENGR,NRTHP,113,60,90,2020-07-02,2020-07-02,2020-07-02,2026-01-21,200,I,S,EG08,PG05,,Operations
101110,2020-07-03,2020-07-03,A,RFT,F,1.0,63WHS4,WHSE,PRMRE,115,170,100,2020-07-03,2020-07-03,2020-07-03,,,,S,EG10,PG02,102467.0,Operations
101110,2020-09-09,2020-09-09,T,RFT,F,1.0,63WHS4,WHSE,PRMRE,115,170,100,2020-07-03,2020-07-03,2020-07-03,2020-09-09,100,V,S,EG10,PG02,102467.0,Operations
101111,2020-07-03,2020-07-03,A,RFT,F,1.0,34IT2,IT,PRMRE,115,20,70,2020-07-03,2020-07-03,2020-07-03,,,,S,EG08,PG02,101427.0,Operations
101112,2020-07-03,2020-07-03,A,RFT,F,1.0,02ADM2,ADMIN,WSTMF,105,180,10,2020-07-03,2020-07-03,2020-07-03,,,,H,EG04,PG03,100839.0,Operations
101113,2020-07-03,2020-07-03,A,RFT,F,1.0,14CSR2,CSR,NRTHP,113,170,80,2020-07-03,2020-07-03,2020-07-03,,,,H,EG06,PG05,100750.0,Operations
101113,2021-07-10,2021-07-10,T,RFT,F,1.0,14CSR2,CSR,NRTHP,113,170,80,2020-07-03,2020-07-03,2020-07-03,2021-07-10,103,V,H,EG06,PG05,100750.0,Operations
101114,2020-07-03,2020-07-03,A,RFT,F,1.0,91PRO4,PROJ,WSTMF,113,200,30,2020-07-03,2020-07-03,2020-07-03,,,,S,EG02,PG03,,Operations
101115,2020-07-03,2020-07-03,A,RFT,F,1.0,55TRD1,TRD,NRTHP,108,70,20,2020-07-03,2020-07-03,2020-07-03,,,,H,EG04,PG05,100772.0,Operations
101115,2021-05-05,2021-05-05,T,RFT,F,1.0,55TRD1,TRD,NRTHP,108,70,20,2020-07-03,2020-07-03,2020-07-03,2021-05-05,100,V,H,EG04,PG05,100772.0,Operations
101116,2020-07-03,2020-07-03,A,RFT,F,1.0,48OPS1,OPS,WSTMF,108,220,110,2020-07-03,2020-07-03,2020-07-03,,,,H,EG03,PG03,101152.0,Operations
101117,2020-07-06,2020-07-06,A,RPT,P,0.53,55TRD1,TRD,PRMRE,118,210,120,2020-07-06,2020-07-06,2020-07-06,,,,H,EG04,PG02,101721.0,Operations
101117,2024-08-03,2024-08-03,T,RPT,P,0.53,55TRD1,TRD,PRMRE,118,210,120,2020-07-06,2020-07-06,2020-07-06,2024-08-03,102,V,H,EG04,PG02,101721.0,Operations
101118,2020-07-08,2020-07-08,A,RFT,F,1.0,13CSR1,CSR,PRMRE,123,160,30,2020-07-08,2020-07-08,2020-07-08,,,,S,EG01,PG02,100953.0,Operations
101119,2020-07-08,2020-07-08,A,RPT,F,0.75,55TRD1,TRD,NRTHP,115,220,20,2020-07-08,2020-07-08,2020-07-08,,,,H,EG04,PG05,102648.0,Operations
101119,2023-03-16,2023-03-16,T,RPT,F,0.75,55TRD1,TRD,NRTHP,115,220,20,2020-07-08,2020-07-08,2020-07-08,2023-03-16,100,V,H,EG04,PG05,102648.0,Operations
101120,2020-07-09,2020-07-09,A,RFT,F,1.0,18ENG1,ENGR,ALPNC,114,150,50,2020-07-09,2020-07-09,2020-07-09,,,,S,EG08,PG03,100084.0,Operations
101120,2021-03-13,2021-03-13,T,RFT,F,1.0,18ENG1,ENGR,ALPNC,114,150,50,2020-07-09,2020-07-09,2020-07-09,2021-03-13,102,V,S,EG08,PG03,100084.0,Operations
101121,2020-07-10,2020-07-10,A,CON,F,1.0,19ENG2,ENGR,ALPNC,114,190,20,2020-07-10,2020-07-10,2020-07-10,,,,S,EG01,PG03,,Operations
101121,2021-02-25,2021-02-25,T,CON,F,1.0,19ENG2,ENGR,ALPNC,114,190,20,2020-07-10,2020-07-10,2020-07-10,2021-02-25,100,V,S,EG01,PG03,,Operations
101122,2020-07-10,2020-07-10,A,RFT,F,1.0,32IT1,IT,ALPNC,114,120,110,2020-07-10,2020-07-10,2020-07-10,,,,H,EG03,PG03,102960.0,Operations
101123,2020-07-13,2020-07-13,A,RFT,F,1.0,37IT4,IT,NRTHP,123,230,80,2020-07-13,2020-07-13,2020-07-13,,,,S,EG04,PG05,,Operations
101123,2022-06-07,2022-06-07,T,RFT,F,1.0,37IT4,IT,NRTHP,123,230,80,2020-07-13,2020-07-13,2020-07-13,2022-06-07,103,V,S,EG04,PG05,,Operations
101124,2020-07-13,2020-07-13,A,RFT,F,1.0,03ADM3,ADMIN,ALPNC,115,130,20,2020-07-13,2020-07-13,2020-07-13,,,,S,EG07,PG03,101190.0,Operations
101124,2022-05-30,2022-05-30,T,RFT,F,1.0,03ADM3,ADMIN,ALPNC,115,130,20,2020-07-13,2020-07-13,2020-07-13,2022-05-30,206,I,S,EG07,PG03,101190.0,Operations
101125,2020-07-14,2020-07-14,A,RFT,F,1.0,02ADM2,ADMIN,PRMRE,124,50,50,2020-07-14,2020-07-14,2020-07-14,,,,H,EG04,PG02,101154.0,Operations
101126,2020-07-15,2020-07-15,A,RFT,F,1.0,70MKT1,MKTG,WSTMF,106,140,40,2020-07-15,2020-07-15,2020-07-15,,,,H,EG04,PG03,,Operations
101126,2020-11-15,2020-11-15,T,RFT,F,1.0,70MKT1,MKTG,WSTMF,106,140,40,2020-07-15,2020-07-15,2020-07-15,2020-11-15,200,I,H,EG04,PG03,,Operations
101127,2020-07-16,2020-07-16,A,RFT,F,1.0,78ANL2,ANLYT,NRTHP,109,70,80,2020-07-16,2020-07-16,2020-07-16,,,,S,EG04,PG05,,Operations
101127,2025-07-22,2025-07-22,A,RFT,F,1.0,79ANL3,ANLYT,NRTHP,109,70,80,2020-07-16,2020-07-16,2025-07-22,,,,S,EG10,PG05,,Operations
101128,2020-07-16,2020-07-16,A,RFT,F,1.0,90PRO3,PROJ,WSTMF,102,190,80,2020-07-16,2020-07-16,2020-07-16,,,,S,EG04,PG03,,Operations
101128,2021-04-20,2021-04-20,T,RFT,F,1.0,90PRO3,PROJ,WSTMF,102,190,80,2020-07-16,2020-07-16,2020-07-16,2021-04-20,102,V,S,EG04,PG03,,Operations
101129,2020-07-17,2020-07-17,A,CON,F,1.0,65TEC1,TECH,ALPNC,111,110,20,2020-07-17,2020-07-17,2020-07-17,,,,H,EG08,PG03,100019.0,Operations
101129,2020-11-23,2020-11-23,T,CON,F,1.0,65TEC1,TECH,ALPNC,111,110,20,2020-07-17,2020-07-17,2020-07-17,2020-11-23,103,V,H,EG08,PG03,100019.0,Operations
101130,2020-07-17,2020-07-17,A,RFT,F,1.0,73MKT4,MKTG,ALPNC,111,30,70,2020-07-17,2020-07-17,2020-07-17,,,,S,EG01,PG03,101516.0,Operations
101130,2021-10-23,2021-10-23,A,RFT,F,1.0,80ANL4,ANLYT,ALPNC,111,30,70,2020-07-17,2020-07-17,2021-10-23,,,,S,EG05,PG03,101516.0,Operations
101130,2025-04-22,2025-04-22,A,RFT,F,1.0,81ANL5,ANLYT,ALPNC,111,30,70,2020-07-17,2020-07-17,2025-04-22,,,,S,EG01,PG03,101516.0,Operations
101131,2020-07-17,2020-07-17,A,RFT,F,1.0,49OPS2,OPS,NRTHP,113,110,50,2020-07-17,2020-07-17,2020-07-17,,,,H,EG05,PG05,,Operations
101131,2024-04-20,2024-04-20,A,RFT,F,1.0,89PRO2,PROJ,NRTHP,113,110,50,2020-07-17,2020-07-17,2024-04-20,,,,H,EG06,PG05,,Operations
101132,2020-07-17,2020-07-17,A,RFT,F,1.0,13CSR1,CSR,WSTMF,122,130,110,2020-07-17,2020-07-17,2020-07-17,,,,H,EG01,PG03,102268.0,Operations
101132,2023-11-05,2023-11-05,A,RFT,F,1.0,14CSR2,CSR,WSTMF,122,130,110,2020-07-17,2020-07-17,2023-11-05,,,,H,EG06,PG03,102268.0,Operations
101132,2025-08-15,2025-08-15,A,RFT,F,1.0,15CSR3,CSR,WSTMF,122,130,110,2020-07-17,2020-07-17,2025-08-15,,,,H,EG10,PG03,102268.0,Operations
101133,2020-07-20,2020-07-20,A,RFT,F,1.0,33IT2,IT,ALPNC,121,70,110,2020-07-20,2020-07-20,2020-07-20,,,,H,EG09,PG03,,Operations
101133,2020-09-14,2020-09-14,T,RFT,F,1.0,33IT2,IT,ALPNC,121,70,110,2020-07-20,2020-07-20,2020-07-20,2020-09-14,207,I,H,EG09,PG03,,Operations
101134,2020-07-20,2020-07-20,A,RFT,F,1.0,60WHS1,WHSE,NRTHP,103,30,60,2020-07-20,2020-07-20,2020-07-20,,,,H,EG06,PG05,100420.0,Operations
101134,2020-11-09,2020-11-09,A,RFT,F,1.0,25HR1,HR,NRTHP,103,30,60,2020-07-20,2020-07-20,2020-11-09,,,,H,EG10,PG05,100420.0,Operations
101134,2021-08-20,2021-08-20,T,RFT,F,1.0,25HR1,HR,NRTHP,103,30,60,2020-07-20,2020-07-20,2020-11-09,2021-08-20,202,V,H,EG10,PG05,100420.0,Operations
101135,2020-07-20,2020-07-20,A,RFT,F,1.0,60WHS1,WHSE,NRTHP,111,100,70,2020-07-20,2020-07-20,2020-07-20,,,,S,EG06,PG05,100663.0,Operations
101135,2021-04-17,2021-04-17,T,RFT,F,1.0,60WHS1,WHSE,NRTHP,111,100,70,2020-07-20,2020-07-20,2020-07-20,2021-04-17,205,I,S,EG06,PG05,100663.0,Operations
101136,2020-07-21,2020-07-21,A,RFT,F,1.0,25HR1,HR,PRMRE,124,90,110,2020-07-21,2020-07-21,2020-07-21,,,,S,EG10,PG02,100652.0,Operations
101136,2020-08-10,2020-08-10,T,RFT,F,1.0,25HR1,HR,PRMRE,124,90,110,2020-07-21,2020-07-21,2020-07-21,2020-08-10,101,V,S,EG10,PG02,100652.0,Operations
101137,2020-07-22,2020-07-22,A,CON,F,1.0,03ADM3,ADMIN,ALPNC,121,80,90,2020-07-22,2020-07-22,2020-07-22,,,,S,EG07,PG03,,Operations
101137,2021-12-05,2021-12-05,T,CON,F,1.0,03ADM3,ADMIN,ALPNC,121,80,90,2020-07-22,2020-07-22,2020-07-22,2021-12-05,100,V,S,EG07,PG03,,Operations
101138,2020-07-24,2020-07-24,A,RFT,F,1.0,66TEC2,TECH,NRTHP,116,30,110,2020-07-24,2020-07-24,2020-07-24,,,,S,EG04,PG05,102136.0,Operations
101139,2020-07-24,2020-07-24,A,RPT,F,0.75,25HR1,HR,NRTHP,122,20,80,2020-07-24,2020-07-24,2020-07-24,,,,H,EG10,PG05,102879.0,Operations
101139,2021-02-13,2021-02-13,T,RPT,F,0.75,25HR1,HR,NRTHP,122,20,80,2020-07-24,2020-07-24,2020-07-24,2021-02-13,202,V,H,EG10,PG05,102879.0,Operations
101140,2020-07-24,2020-07-24,A,RPT,P,0.74,77ANL1,ANLYT,ALPNC,102,250,10,2020-07-24,2020-07-24,2020-07-24,,,,H,EG04,PG03,,Operations
101140,2020-11-03,2020-11-03,L,RPT,P,0.74,77ANL1,ANLYT,ALPNC,102,250,10,2020-07-24,2020-07-24,2020-07-24,,,,H,EG04,PG03,,Operations
101140,2020-12-19,2020-12-19,A,RPT,P,0.74,77ANL1,ANLYT,ALPNC,102,250,10,2020-07-24,2020-07-24,2020-07-24,,,,H,EG04,PG03,,Operations
101140,2021-07-26,2021-07-26,T,RPT,P,0.74,77ANL1,ANLYT,ALPNC,102,250,10,2020-07-24,2020-07-24,2020-07-24,2021-07-26,100,V,H,EG04,PG03,,Operations
101141,2020-07-24,2020-07-24,A,CON,F,1.0,07ACC2,ACCTG,PRMRE,102,70,60,2020-07-24,2020-07-24,2020-07-24,,,,H,EG03,PG02,102708.0,Operations
101141,2024-05-15,2024-05-15,T,CON,F,1.0,07ACC2,ACCTG,PRMRE,102,70,60,2020-07-24,2020-07-24,2020-07-24,2024-05-15,100,V,H,EG03,PG02,102708.0,Operations
101142,2020-07-27,2020-07-27,A,RFT,F,1.0,43SAL3,SALES,PRMRE,123,50,60,2020-07-27,2020-07-27,2020-07-27,,,,S,EG10,PG02,100075.0,Operations
101142,2020-12-08,2020-12-08,A,RFT,F,1.0,15CSR3,CSR,PRMRE,123,50,60,2020-07-27,2020-07-27,2020-12-08,,,,S,EG10,PG02,100075.0,Operations
101142,2021-11-25,2021-11-25,A,RFT,F,1.0,57TRD3,TRD,PRMRE,123,50,60,2020-07-27,2020-07-27,2021-11-25,,,,S,EG02,PG02,100075.0,Operations
101142,2024-12-09,2024-12-09,T,RFT,F,1.0,57TRD3,TRD,PRMRE,123,50,60,2020-07-27,2020-07-27,2021-11-25,2024-12-09,101,V,S,EG02,PG02,100075.0,Operations
101143,2020-07-28,2020-07-28,A,RPT,P,0.62,79ANL3,ANLYT,PRMRE,100,140,10,2020-07-28,2020-07-28,2020-07-28,,,,S,EG10,PG02,101268.0,Operations
101143,2024-06-11,2024-06-11,L,RPT,P,0.62,79ANL3,ANLYT,PRMRE,100,140,10,2020-07-28,2020-07-28,2020-07-28,,,,S,EG10,PG02,101268.0,Operations
101143,2024-09-19,2024-09-19,A,RPT,P,0.62,79ANL3,ANLYT,PRMRE,100,140,10,2020-07-28,2020-07-28,2020-07-28,,,,S,EG10,PG02,101268.0,Operations
101144,2020-07-31,2020-07-31,A,RFT,F,1.0,56TRD2,TRD,NRTHP,113,20,70,2020-07-31,2020-07-31,2020-07-31,,,,S,EG02,PG05,,Operations
101144,2022-07-03,2022-07-03,A,RFT,F,1.0,57TRD3,TRD,NRTHP,113,20,70,2020-07-31,2020-07-31,2022-07-03,,,,S,EG02,PG05,,Operations
101145,2020-07-31,2020-07-31,A,RFT,F,1.0,68TEC4,TECH,NRTHP,119,90,120,2020-07-31,2020-07-31,2020-07-31,,,,S,EG06,PG05,,Operations
101145,2021-02-15,2021-02-15,T,RFT,F,1.0,68TEC4,TECH,NRTHP,119,90,120,2020-07-31,2020-07-31,2020-07-31,2021-02-15,100,V,S,EG06,PG05,,Operations
101146,2020-07-31,2020-07-31,A,RFT,F,1.0,61WHS2,WHSE,NRTHP,112,90,120,2020-07-31,2020-07-31,2020-07-31,,,,H,EG01,PG05,100633.0,Operations
101146,2024-07-13,2024-07-13,L,RFT,F,1.0,61WHS2,WHSE,NRTHP,112,90,120,2020-07-31,2020-07-31,2020-07-31,,,,H,EG01,PG05,100633.0,Operations
101146,2024-11-07,2024-11-07,A,RFT,F,1.0,61WHS2,WHSE,NRTHP,112,90,120,2020-07-31,2020-07-31,2020-07-31,,,,H,EG01,PG05,100633.0,Operations
101147,2020-08-03,2020-08-03,A,RFT,F,1.0,34IT2,IT,NRTHP,101,20,60,2020-08-03,2020-08-03,2020-08-03,,,,H,EG08,PG05,,Operations
101147,2022-01-05,2022-01-05,T,RFT,F,1.0,34IT2,IT,NRTHP,101,20,60,2020-08-03,2020-08-03,2020-08-03,2022-01-05,200,I,H,EG08,PG05,,Operations
101148,2020-08-03,2020-08-03,A,RFT,F,1.0,65TEC1,TECH,WSTMF,113,80,60,2020-08-03,2020-08-03,2020-08-03,,,,H,EG08,PG03,,Operations
101148,2024-08-27,2024-08-27,T,RFT,F,1.0,65TEC1,TECH,WSTMF,113,80,60,2020-08-03,2020-08-03,2020-08-03,2024-08-27,101,V,H,EG08,PG03,,Operations
101149,2020-08-04,2020-08-04,A,CON,F,1.0,70MKT1,MKTG,ALPNC,124,50,40,2020-08-04,2020-08-04,2020-08-04,,,,H,EG04,PG03,101154.0,Operations
101149,2023-08-22,2023-08-22,A,CON,F,1.0,71MKT2,MKTG,ALPNC,124,50,40,2020-08-04,2020-08-04,2023-08-22,,,,H,EG10,PG03,101154.0,Operations
101149,2025-05-09,2025-05-09,A,CON,F,1.0,89PRO2,PROJ,ALPNC,124,50,40,2020-08-04,2020-08-04,2025-05-09,,,,H,EG06,PG03,101154.0,Operations
101150,2020-08-06,2020-08-06,A,RFT,F,1.0,55TRD1,TRD,NRTHP,101,220,90,2020-08-06,2020-08-06,2020-08-06,,,,H,EG04,PG05,101461.0,Operations
101150,2021-07-12,2021-07-12,T,RFT,F,1.0,55TRD1,TRD,NRTHP,101,220,90,2020-08-06,2020-08-06,2020-08-06,2021-07-12,101,V,H,EG04,PG05,101461.0,Operations
101151,2020-08-06,2020-08-06,A,CON,F,1.0,16CSR4,CSR,NRTHP,118,110,10,2020-08-06,2020-08-06,2020-08-06,,,,S,EG10,PG05,,Operations
101151,2021-02-24,2021-02-24,A,CON,F,1.0,63WHS4,WHSE,NRTHP,118,110,10,2020-08-06,2020-08-06,2021-02-24,,,,S,EG10,PG05,,Operations
101151,2023-03-29,2023-03-29,A,CON,F,1.0,21ENG4,ENGR,NRTHP,118,110,10,2020-08-06,2020-08-06,2023-03-29,,,,S,EG06,PG05,,Operations
101151,2025-06-22,2025-06-22,T,CON,F,1.0,21ENG4,ENGR,NRTHP,118,110,10,2020-08-06,2020-08-06,2023-03-29,2025-06-22,202,V,S,EG06,PG05,,Operations
101152,2020-08-06,2020-08-06,A,RFT,F,1.0,43SAL3,SALES,NRTHP,108,220,80,2020-08-06,2020-08-06,2020-08-06,,,,S,EG10,PG05,,Operations
101153,2020-08-07,2020-08-07,A,RPT,P,0.48,19ENG2,ENGR,WSTMF,104,90,10,2020-08-07,2020-08-07,2020-08-07,,,,H,EG01,PG03,102432.0,Operations
101153,2024-03-06,2024-03-06,T,RPT,P,0.48,19ENG2,ENGR,WSTMF,104,90,10,2020-08-07,2020-08-07,2020-08-07,2024-03-06,205,I,H,EG01,PG03,102432.0,Operations
101154,2020-08-07,2020-08-07,A,RFT,F,1.0,52OPS5,OPS,ALPNC,124,50,50,2020-08-07,2020-08-07,2020-08-07,,,,S,EG09,PG03,,Operations
101154,2021-12-01,2021-12-01,A,RFT,F,1.0,53OPS6,OPS,ALPNC,124,50,50,2020-08-07,2020-08-07,2021-12-01,,,,S,EG02,PG03,,Operations
101154,2026-01-09,2026-01-09,A,RFT,F,1.0,23ENG6,ENGR,ALPNC,124,50,50,2020-08-07,2020-08-07,2026-01-09,,,,S,EG07,PG03,,Operations
101155,2020-08-07,2020-08-07,A,RFT,F,1.0,48OPS1,OPS,ALPNC,102,160,90,2020-08-07,2020-08-07,2020-08-07,,,,H,EG03,PG03,101777.0,Operations
101155,2020-08-24,2020-08-24,A,RFT,F,1.0,49OPS2,OPS,ALPNC,102,160,90,2020-08-07,2020-08-07,2020-08-24,,,,H,EG05,PG03,101777.0,Operations
101155,2026-01-11,2026-01-11,T,RFT,F,1.0,49OPS2,OPS,ALPNC,102,160,90,2020-08-07,2020-08-07,2020-08-24,2026-01-11,202,V,H,EG05,PG03,101777.0,Operations
101156,2020-08-07,2020-08-07,A,CON,F,1.0,02ADM2,ADMIN,PRMRE,100,90,10,2020-08-07,2020-08-07,2020-08-07,,,,S,EG04,PG02,100821.0,Operations
101156,2022-05-14,2022-05-14,A,CON,F,1.0,78ANL2,ANLYT,PRMRE,100,90,10,2020-08-07,2020-08-07,2022-05-14,,,,S,EG04,PG02,100821.0,Operations
101156,2023-02-18,2023-02-18,A,CON,F,1.0,79ANL3,ANLYT,PRMRE,100,90,10,2020-08-07,2020-08-07,2023-02-18,,,,S,EG10,PG02,100821.0,Operations
101156,2023-02-21,2023-02-21,L,CON,F,1.0,79ANL3,ANLYT,PRMRE,100,90,10,2020-08-07,2020-08-07,2023-02-18,,,,S,EG10,PG02,100821.0,Operations
101156,2023-08-15,2023-08-15,A,CON,F,1.0,79ANL3,ANLYT,PRMRE,100,90,10,2020-08-07,2020-08-07,2023-02-18,,,,S,EG10,PG02,100821.0,Operations
101156,2025-04-13,2025-04-13,A,CON,F,1.0,95LEG3,LEGAL,PRMRE,100,90,10,2020-08-07,2020-08-07,2025-04-13,,,,S,EG05,PG02,100821.0,Operations
101157,2020-08-10,2020-08-10,A,RFT,F,1.0,19ENG2,ENGR,WSTMF,107,170,80,2020-08-10,2020-08-10,2020-08-10,,,,H,EG01,PG03,,Operations
101157,2021-05-20,2021-05-20,T,RFT,F,1.0,19ENG2,ENGR,WSTMF,107,170,80,2020-08-10,2020-08-10,2020-08-10,2021-05-20,101,V,H,EG01,PG03,,Operations
101158,2020-08-10,2020-08-10,A,RFT,F,1.0,59TRD5,TRD,PRMRE,121,190,30,2020-08-10,2020-08-10,2020-08-10,,,,S,EG10,PG02,,Operations
101158,2023-04-11,2023-04-11,T,RFT,F,1.0,59TRD5,TRD,PRMRE,121,190,30,2020-08-10,2020-08-10,2020-08-10,2023-04-11,210,I,S,EG10,PG02,,Operations
101159,2020-08-10,2020-08-10,A,RFT,F,1.0,02ADM2,ADMIN,PRMRE,117,10,60,2020-08-10,2020-08-10,2020-08-10,,,,H,EG04,PG02,101488.0,Operations
101159,2022-07-28,2022-07-28,A,RFT,F,1.0,03ADM3,ADMIN,PRMRE,117,10,60,2020-08-10,2020-08-10,2022-07-28,,,,H,EG07,PG02,101488.0,Operations
101159,2022-11-19,2022-11-19,T,RFT,F,1.0,03ADM3,ADMIN,PRMRE,117,10,60,2020-08-10,2020-08-10,2022-07-28,2022-11-19,100,V,H,EG07,PG02,101488.0,Operations
101160,2020-08-14,2020-08-14,A,RFT,F,1.0,46SAL6,SALES,NRTHP,100,110,60,2020-08-14,2020-08-14,2020-08-14,,,,S,EG05,PG05,,Operations
101161,2020-08-14,2020-08-14,A,RFT,F,1.0,60WHS1,WHSE,PRMRE,123,140,90,2020-08-14,2020-08-14,2020-08-14,,,,H,EG06,PG02,102554.0,Operations
101161,2021-10-18,2021-10-18,T,RFT,F,1.0,60WHS1,WHSE,PRMRE,123,140,90,2020-08-14,2020-08-14,2020-08-14,2021-10-18,210,I,H,EG06,PG02,102554.0,Operations
101162,2020-08-14,2020-08-14,A,RFT,F,1.0,71MKT2,MKTG,ALPNC,112,20,90,2020-08-14,2020-08-14,2020-08-14,,,,H,EG10,PG03,101852.0,Operations
101162,2021-12-31,2021-12-31,T,RFT,F,1.0,71MKT2,MKTG,ALPNC,112,20,90,2020-08-14,2020-08-14,2020-08-14,2021-12-31,202,V,H,EG10,PG03,101852.0,Operations
101163,2020-08-14,2020-08-14,A,RFT,F,1.0,06ACC1,ACCTG,PRMRE,122,160,110,2020-08-14,2020-08-14,2020-08-14,,,,H,EG09,PG02,100003.0,Operations
101163,2023-05-27,2023-05-27,A,RFT,F,1.0,07ACC2,ACCTG,PRMRE,122,160,110,2020-08-14,2020-08-14,2023-05-27,,,,H,EG03,PG02,100003.0,Operations
101163,2024-01-02,2024-01-02,T,RFT,F,1.0,07ACC2,ACCTG,PRMRE,122,160,110,2020-08-14,2020-08-14,2023-05-27,2024-01-02,202,V,H,EG03,PG02,100003.0,Operations
101164,2020-08-18,2020-08-18,A,RPT,P,0.67,41SAL1,SALES,PRMRE,121,30,70,2020-08-18,2020-08-18,2020-08-18,,,,H,EG08,PG02,100345.0,Operations
101164,2021-02-12,2021-02-12,T,RPT,P,0.67,41SAL1,SALES,PRMRE,121,30,70,2020-08-18,2020-08-18,2020-08-18,2021-02-12,202,V,H,EG08,PG02,100345.0,Operations
101165,2020-08-19,2020-08-19,A,RFT,F,1.0,56TRD2,TRD,NRTHP,108,240,10,2020-08-19,2020-08-19,2020-08-19,,,,H,EG02,PG05,100447.0,Operations
101165,2020-12-07,2020-12-07,A,RFT,F,1.0,61WHS2,WHSE,NRTHP,108,240,10,2020-08-19,2020-08-19,2020-12-07,,,,H,EG01,PG05,100447.0,Operations
101165,2021-01-05,2021-01-05,T,RFT,F,1.0,61WHS2,WHSE,NRTHP,108,240,10,2020-08-19,2020-08-19,2020-12-07,2021-01-05,100,V,H,EG01,PG05,100447.0,Operations
101166,2020-08-19,2020-08-19,A,RFT,F,1.0,32IT1,IT,NRTHP,115,80,10,2020-08-19,2020-08-19,2020-08-19,,,,H,EG03,PG05,101251.0,Operations
101166,2021-02-15,2021-02-15,T,RFT,F,1.0,32IT1,IT,NRTHP,115,80,10,2020-08-19,2020-08-19,2020-08-19,2021-02-15,101,V,H,EG03,PG05,101251.0,Operations
101167,2020-08-20,2020-08-20,A,TAW,F,1.0,26HR2,HR,PRMRE,121,30,110,2020-08-20,2020-08-20,2020-08-20,,,,H,EG03,PG02,100345.0,Operations
101167,2021-01-11,2021-01-11,T,TAW,F,1.0,26HR2,HR,PRMRE,121,30,110,2020-08-20,2020-08-20,2020-08-20,2021-01-11,101,V,H,EG03,PG02,100345.0,Operations
101168,2020-08-20,2020-08-20,A,RFT,F,1.0,94LEG2,LEGAL,WSTMF,122,200,80,2020-08-20,2020-08-20,2020-08-20,,,,H,EG02,PG03,101063.0,Operations
101168,2022-04-18,2022-04-18,T,RFT,F,1.0,94LEG2,LEGAL,WSTMF,122,200,80,2020-08-20,2020-08-20,2020-08-20,2022-04-18,100,V,H,EG02,PG03,101063.0,Operations
101169,2020-08-20,2020-08-20,A,RFT,F,1.0,83SUP4,SUPV,NRTHP,101,90,90,2020-08-20,2020-08-20,2020-08-20,,,,S,EG01,PG05,,Operations
101170,2020-08-21,2020-08-21,A,RFT,F,1.0,62WHS3,WHSE,ALPNC,114,90,90,2020-08-21,2020-08-21,2020-08-21,,,,S,EG01,PG03,,Operations
101170,2024-05-03,2024-05-03,A,RFT,F,1.0,63WHS4,WHSE,ALPNC,114,90,90,2020-08-21,2020-08-21,2024-05-03,,,,S,EG10,PG03,,Operations
101170,2025-05-05,2025-05-05,T,RFT,F,1.0,63WHS4,WHSE,ALPNC,114,90,90,2020-08-21,2020-08-21,2024-05-03,2025-05-05,102,V,S,EG10,PG03,,Operations
101171,2020-08-21,2020-08-21,A,CON,F,1.0,04ADM4,ADMIN,NRTHP,102,220,50,2020-08-21,2020-08-21,2020-08-21,,,,S,EG06,PG05,102813.0,Operations
101172,2020-08-21,2020-08-21,A,RFT,F,1.0,94LEG2,LEGAL,WSTMF,110,190,70,2020-08-21,2020-08-21,2020-08-21,,,,H,EG02,PG03,,Operations
101172,2020-11-02,2020-11-02,T,RFT,F,1.0,94LEG2,LEGAL,WSTMF,110,190,70,2020-08-21,2020-08-21,2020-08-21,2020-11-02,102,V,H,EG02,PG03,,Operations
101173,2020-08-24,2020-08-24,A,RFT,F,1.0,67TEC3,TECH,NRTHP,119,80,20,2020-08-24,2020-08-24,2020-08-24,,,,S,EG10,PG05,,Operations
101173,2021-08-05,2021-08-05,A,RFT,F,1.0,68TEC4,TECH,NRTHP,119,80,20,2020-08-24,2020-08-24,2021-08-05,,,,S,EG06,PG05,,Operations
101173,2022-03-16,2022-03-16,T,RFT,F,1.0,68TEC4,TECH,NRTHP,119,80,20,2020-08-24,2020-08-24,2021-08-05,2022-03-16,205,I,S,EG06,PG05,,Operations
101174,2020-08-25,2020-08-25,A,RFT,F,1.0,60WHS1,WHSE,PRMRE,117,150,20,2020-08-25,2020-08-25,2020-08-25,,,,H,EG06,PG02,102422.0,Operations
101174,2020-08-27,2020-08-27,A,RFT,F,1.0,70MKT1,MKTG,PRMRE,117,150,20,2020-08-25,2020-08-25,2020-08-27,,,,H,EG04,PG02,102422.0,Operations
101174,2020-12-07,2020-12-07,T,RFT,F,1.0,70MKT1,MKTG,PRMRE,117,150,20,2020-08-25,2020-08-25,2020-08-27,2020-12-07,100,V,H,EG04,PG02,102422.0,Operations
101175,2020-08-28,2020-08-28,A,RFT,F,1.0,90PRO3,PROJ,ALPNC,112,150,10,2020-08-28,2020-08-28,2020-08-28,,,,S,EG04,PG03,,Operations
101175,2020-10-18,2020-10-18,T,RFT,F,1.0,90PRO3,PROJ,ALPNC,112,150,10,2020-08-28,2020-08-28,2020-08-28,2020-10-18,210,I,S,EG04,PG03,,Operations
101176,2020-09-02,2020-09-02,A,RPT,P,0.4,05ACC1,ACCTG,PRMRE,102,50,50,2020-09-02,2020-09-02,2020-09-02,,,,H,EG05,PG02,102746.0,Operations
101176,2022-01-15,2022-01-15,T,RPT,P,0.4,05ACC1,ACCTG,PRMRE,102,50,50,2020-09-02,2020-09-02,2020-09-02,2022-01-15,101,V,H,EG05,PG02,102746.0,Operations
101177,2020-09-03,2020-09-03,A,RFT,F,1.0,55TRD1,TRD,ALPNC,104,140,40,2020-09-03,2020-09-03,2020-09-03,,,,H,EG04,PG03,100905.0,Operations
101177,2022-04-20,2022-04-20,A,RFT,F,1.0,56TRD2,TRD,ALPNC,104,140,40,2020-09-03,2020-09-03,2022-04-20,,,,H,EG02,PG03,100905.0,Operations
101177,2023-11-24,2023-11-24,A,RFT,F,1.0,57TRD3,TRD,ALPNC,104,140,40,2020-09-03,2020-09-03,2023-11-24,,,,H,EG02,PG03,100905.0,Operations
101177,2024-02-19,2024-02-19,A,RFT,F,1.0,58TRD4,TRD,ALPNC,104,140,40,2020-09-03,2020-09-03,2024-02-19,,,,H,EG05,PG03,100905.0,Operations
101178,2020-09-03,2020-09-03,A,RFT,F,1.0,62WHS3,WHSE,NRTHP,117,180,40,2020-09-03,2020-09-03,2020-09-03,,,,S,EG01,PG05,,Operations
101178,2020-10-05,2020-10-05,T,RFT,F,1.0,62WHS3,WHSE,NRTHP,117,180,40,2020-09-03,2020-09-03,2020-09-03,2020-10-05,100,V,S,EG01,PG05,,Operations
101179,2020-09-03,2020-09-03,A,RFT,F,1.0,48OPS1,OPS,WSTMF,110,180,60,2020-09-03,2020-09-03,2020-09-03,,,,H,EG03,PG03,,Operations
101179,2023-12-17,2023-12-17,T,RFT,F,1.0,48OPS1,OPS,WSTMF,110,180,60,2020-09-03,2020-09-03,2020-09-03,2023-12-17,101,V,H,EG03,PG03,,Operations
101180,2020-09-04,2020-09-04,A,RFT,F,1.0,78ANL2,ANLYT,ALPNC,116,200,100,2020-09-04,2020-09-04,2020-09-04,,,,S,EG04,PG03,102378.0,Operations
101180,2021-02-02,2021-02-02,T,RFT,F,1.0,78ANL2,ANLYT,ALPNC,116,200,100,2020-09-04,2020-09-04,2020-09-04,2021-02-02,100,V,S,EG04,PG03,102378.0,Operations
101181,2020-09-04,2020-09-04,A,RFT,F,1.0,50OPS3,OPS,ALPNC,119,150,30,2020-09-04,2020-09-04,2020-09-04,,,,S,EG06,PG03,,Operations
101181,2023-07-14,2023-07-14,A,RFT,F,1.0,51OPS4,OPS,ALPNC,119,150,30,2020-09-04,2020-09-04,2023-07-14,,,,S,EG07,PG03,,Operations
101181,2024-09-26,2024-09-26,A,RFT,F,1.0,52OPS5,OPS,ALPNC,119,150,30,2020-09-04,2020-09-04,2024-09-26,,,,S,EG09,PG03,,Operations
101182,2020-09-04,2020-09-04,A,RFT,F,1.0,35IT3,IT,PRMRE,122,180,110,2020-09-04,2020-09-04,2020-09-04,,,,S,EG08,PG02,,Operations
101182,2022-03-20,2022-03-20,T,RFT,F,1.0,35IT3,IT,PRMRE,122,180,110,2020-09-04,2020-09-04,2020-09-04,2022-03-20,102,V,S,EG08,PG02,,Operations
101183,2020-09-04,2020-09-04,A,RFT,F,1.0,36IT3,IT,WSTMF,102,150,40,2020-09-04,2020-09-04,2020-09-04,,,,S,EG07,PG03,100842.0,Operations
101183,2021-01-11,2021-01-11,A,RFT,F,1.0,37IT4,IT,WSTMF,102,150,40,2020-09-04,2020-09-04,2021-01-11,,,,S,EG04,PG03,100842.0,Operations
101183,2023-01-02,2023-01-02,L,RFT,F,1.0,37IT4,IT,WSTMF,102,150,40,2020-09-04,2020-09-04,2021-01-11,,,,S,EG04,PG03,100842.0,Operations
101183,2023-05-12,2023-05-12,A,RFT,F,1.0,37IT4,IT,WSTMF,102,150,40,2020-09-04,2020-09-04,2021-01-11,,,,S,EG04,PG03,100842.0,Operations
101183,2024-10-23,2024-10-23,T,RFT,F,1.0,37IT4,IT,WSTMF,102,150,40,2020-09-04,2020-09-04,2021-01-11,2024-10-23,103,V,S,EG04,PG03,100842.0,Operations
101184,2020-09-04,2020-09-04,A,RFT,F,1.0,08ACC3,ACCTG,WSTMF,110,70,80,2020-09-04,2020-09-04,2020-09-04,,,,S,EG01,PG03,,Operations
101184,2020-11-04,2020-11-04,T,RFT,F,1.0,08ACC3,ACCTG,WSTMF,110,70,80,2020-09-04,2020-09-04,2020-09-04,2020-11-04,103,V,S,EG01,PG03,,Operations
101185,2020-09-07,2020-09-07,A,RFT,F,1.0,83SUP4,SUPV,ALPNC,116,180,90,2020-09-07,2020-09-07,2020-09-07,,,,S,EG01,PG03,,Operations
101185,2024-07-20,2024-07-20,T,RFT,F,1.0,83SUP4,SUPV,ALPNC,116,180,90,2020-09-07,2020-09-07,2020-09-07,2024-07-20,103,V,S,EG01,PG03,,Operations
101186,2020-09-08,2020-09-08,A,RFT,F,1.0,32IT1,IT,WSTMF,122,150,50,2020-09-08,2020-09-08,2020-09-08,,,,H,EG03,PG03,,Operations
101186,2021-04-25,2021-04-25,A,RFT,F,1.0,33IT2,IT,WSTMF,122,150,50,2020-09-08,2020-09-08,2021-04-25,,,,H,EG09,PG03,,Operations
101186,2022-07-21,2022-07-21,T,RFT,F,1.0,33IT2,IT,WSTMF,122,150,50,2020-09-08,2020-09-08,2021-04-25,2022-07-21,200,I,H,EG09,PG03,,Operations
101187,2020-09-08,2020-09-08,A,RFT,F,1.0,39IT6,IT,WSTMF,111,230,70,2020-09-08,2020-09-08,2020-09-08,,,,S,EG03,PG03,,Operations
101187,2021-10-04,2021-10-04,T,RFT,F,1.0,39IT6,IT,WSTMF,111,230,70,2020-09-08,2020-09-08,2020-09-08,2021-10-04,210,I,S,EG03,PG03,,Operations
101188,2020-09-09,2020-09-09,A,RFT,F,1.0,73MKT4,MKTG,NRTHP,115,50,50,2020-09-09,2020-09-09,2020-09-09,,,,S,EG01,PG05,,Operations
101189,2020-09-09,2020-09-09,A,RFT,F,1.0,56TRD2,TRD,ALPNC,115,120,10,2020-09-09,2020-09-09,2020-09-09,,,,S,EG02,PG03,101288.0,Operations
101190,2020-09-09,2020-09-09,A,RFT,F,1.0,85SUP5,SUPV,PRMRE,115,130,60,2020-09-09,2020-09-09,2020-09-09,,,,S,EG01,PG02,,Operations
101191,2020-09-10,2020-09-10,A,RFT,F,1.0,80ANL4,ANLYT,NRTHP,118,240,70,2020-09-10,2020-09-10,2020-09-10,,,,S,EG05,PG05,102039.0,Operations
101191,2022-02-16,2022-02-16,T,RFT,F,1.0,80ANL4,ANLYT,NRTHP,118,240,70,2020-09-10,2020-09-10,2020-09-10,2022-02-16,200,I,S,EG05,PG05,102039.0,Operations
101192,2020-09-10,2020-09-10,A,RFT,F,1.0,18ENG1,ENGR,ALPNC,112,210,60,2020-09-10,2020-09-10,2020-09-10,,,,H,EG08,PG03,,Operations
101192,2021-06-29,2021-06-29,T,RFT,F,1.0,18ENG1,ENGR,ALPNC,112,210,60,2020-09-10,2020-09-10,2020-09-10,2021-06-29,101,V,H,EG08,PG03,,Operations
101193,2020-09-10,2020-09-10,A,RFT,F,1.0,36IT3,IT,PRMRE,116,190,80,2020-09-10,2020-09-10,2020-09-10,,,,S,EG07,PG02,102863.0,Operations
101193,2023-08-07,2023-08-07,A,RFT,F,1.0,37IT4,IT,PRMRE,116,190,80,2020-09-10,2020-09-10,2023-08-07,,,,S,EG04,PG02,102863.0,Operations
101193,2024-05-14,2024-05-14,T,RFT,F,1.0,37IT4,IT,PRMRE,116,190,80,2020-09-10,2020-09-10,2023-08-07,2024-05-14,205,I,S,EG04,PG02,102863.0,Operations
101194,2020-09-10,2020-09-10,A,RPT,F,0.76,65TEC1,TECH,NRTHP,116,250,110,2020-09-10,2020-09-10,2020-09-10,,,,H,EG08,PG05,,Operations
101194,2026-01-18,2026-01-18,T,RPT,F,0.76,65TEC1,TECH,NRTHP,116,250,110,2020-09-10,2020-09-10,2020-09-10,2026-01-18,202,V,H,EG08,PG05,,Operations
101195,2020-09-10,2020-09-10,A,RFT,F,1.0,19ENG2,ENGR,PRMRE,100,90,90,2020-09-10,2020-09-10,2020-09-10,,,,H,EG01,PG02,100821.0,Operations
101195,2024-10-07,2024-10-07,A,RFT,F,1.0,42SAL2,SALES,PRMRE,100,90,90,2020-09-10,2020-09-10,2024-10-07,,,,H,EG10,PG02,100821.0,Operations
101196,2020-09-11,2020-09-11,A,RFT,F,1.0,35IT3,IT,PRMRE,121,190,50,2020-09-11,2020-09-11,2020-09-11,,,,S,EG08,PG02,100421.0,Operations
101196,2023-01-08,2023-01-08,A,RFT,F,1.0,20ENG3,ENGR,PRMRE,121,190,50,2020-09-11,2020-09-11,2023-01-08,,,,S,EG03,PG02,100421.0,Operations
101197,2020-09-14,2020-09-14,A,TFT,F,1.0,48OPS1,OPS,NRTHP,103,20,90,2020-09-14,2020-09-14,2020-09-14,,,,H,EG03,PG05,,Operations
101197,2020-12-22,2020-12-22,T,TFT,F,1.0,48OPS1,OPS,NRTHP,103,20,90,2020-09-14,2020-09-14,2020-09-14,2020-12-22,201,I,H,EG03,PG05,,Operations
101198,2020-09-15,2020-09-15,A,RFT,F,1.0,34IT2,IT,PRMRE,116,190,70,2020-09-15,2020-09-15,2020-09-15,,,,H,EG08,PG02,102863.0,Operations
101199,2020-09-15,2020-09-15,A,RFT,F,1.0,70MKT1,MKTG,NRTHP,103,140,60,2020-09-15,2020-09-15,2020-09-15,,,,H,EG04,PG05,,Operations
101199,2023-08-28,2023-08-28,A,RFT,F,1.0,71MKT2,MKTG,NRTHP,103,140,60,2020-09-15,2020-09-15,2023-08-28,,,,H,EG10,PG05,,Operations
101199,2024-10-01,2024-10-01,A,RFT,F,1.0,72MKT3,MKTG,NRTHP,103,140,60,2020-09-15,2020-09-15,2024-10-01,,,,H,EG09,PG05,,Operations
101200,2020-09-15,2020-09-15,A,CON,F,1.0,78ANL2,ANLYT,ALPNC,121,150,50,2020-09-15,2020-09-15,2020-09-15,,,,S,EG04,PG03,101583.0,Operations
101200,2025-04-24,2025-04-24,A,CON,F,1.0,79ANL3,ANLYT,ALPNC,121,150,50,2020-09-15,2020-09-15,2025-04-24,,,,S,EG10,PG03,101583.0,Operations
101200,2025-05-08,2025-05-08,T,CON,F,1.0,79ANL3,ANLYT,ALPNC,121,150,50,2020-09-15,2020-09-15,2025-04-24,2025-05-08,101,V,S,EG10,PG03,101583.0,Operations
101201,2020-09-15,2020-09-15,A,RPT,P,0.6,41SAL1,SALES,NRTHP,121,180,50,2020-09-15,2020-09-15,2020-09-15,,,,H,EG08,PG05,,Operations
101201,2021-08-27,2021-08-27,T,RPT,P,0.6,41SAL1,SALES,NRTHP,121,180,50,2020-09-15,2020-09-15,2020-09-15,2021-08-27,100,V,H,EG08,PG05,,Operations
101202,2020-09-16,2020-09-16,A,RFT,F,1.0,27HR3,HR,NRTHP,121,190,120,2020-09-16,2020-09-16,2020-09-16,,,,S,EG02,PG05,100421.0,Operations
101202,2023-12-21,2023-12-21,A,RFT,F,1.0,28HR4,HR,NRTHP,121,190,120,2020-09-16,2020-09-16,2023-12-21,,,,S,EG08,PG05,100421.0,Operations
101202,2024-08-20,2024-08-20,A,RFT,F,1.0,29HR5,HR,NRTHP,121,190,120,2020-09-16,2020-09-16,2024-08-20,,,,S,EG07,PG05,100421.0,Operations
101203,2020-09-17,2020-09-17,A,RFT,F,1.0,13CSR1,CSR,WSTMF,104,60,20,2020-09-17,2020-09-17,2020-09-17,,,,H,EG01,PG03,101066.0,Operations
101203,2021-07-09,2021-07-09,L,RFT,F,1.0,13CSR1,CSR,WSTMF,104,60,20,2020-09-17,2020-09-17,2020-09-17,,,,H,EG01,PG03,101066.0,Operations
101203,2021-08-11,2021-08-11,A,RFT,F,1.0,13CSR1,CSR,WSTMF,104,60,20,2020-09-17,2020-09-17,2020-09-17,,,,H,EG01,PG03,101066.0,Operations
101204,2020-09-18,2020-09-18,A,RFT,F,1.0,49OPS2,OPS,NRTHP,123,230,100,2020-09-18,2020-09-18,2020-09-18,,,,S,EG05,PG05,,Operations
101204,2020-11-05,2020-11-05,T,RFT,F,1.0,49OPS2,OPS,NRTHP,123,230,100,2020-09-18,2020-09-18,2020-09-18,2020-11-05,206,I,S,EG05,PG05,,Operations
101205,2020-09-18,2020-09-18,A,RFT,F,1.0,70MKT1,MKTG,WSTMF,111,140,70,2020-09-18,2020-09-18,2020-09-18,,,,H,EG04,PG03,100755.0,Operations
101206,2020-09-18,2020-09-18,A,RFT,F,1.0,32IT1,IT,ALPNC,114,170,30,2020-09-18,2020-09-18,2020-09-18,,,,H,EG03,PG03,,Operations
101207,2020-09-18,2020-09-18,A,RFT,F,1.0,05ACC1,ACCTG,PRMRE,121,70,20,2020-09-18,2020-09-18,2020-09-18,,,,S,EG05,PG02,100548.0,Operations
101208,2020-09-18,2020-09-18,A,RFT,F,1.0,26HR2,HR,PRMRE,124,40,110,2020-09-18,2020-09-18,2020-09-18,,,,S,EG03,PG02,,Operations
101208,2021-06-05,2021-06-05,T,RFT,F,1.0,26HR2,HR,PRMRE,124,40,110,2020-09-18,2020-09-18,2020-09-18,2021-06-05,100,V,S,EG03,PG02,,Operations
101209,2020-09-18,2020-09-18,A,RFT,F,1.0,25HR1,HR,NRTHP,116,80,110,2020-09-18,2020-09-18,2020-09-18,,,,S,EG10,PG05,101349.0,Operations
101210,2020-09-21,2020-09-21,A,RFT,F,1.0,77ANL1,ANLYT,PRMRE,118,100,10,2020-09-21,2020-09-21,2020-09-21,,,,H,EG04,PG02,101234.0,Operations
101210,2021-08-31,2021-08-31,T,RFT,F,1.0,77ANL1,ANLYT,PRMRE,118,100,10,2020-09-21,2020-09-21,2020-09-21,2021-08-31,100,V,H,EG04,PG02,101234.0,Operations
101211,2020-09-21,2020-09-21,A,CON,F,1.0,18ENG1,ENGR,NRTHP,103,90,70,2020-09-21,2020-09-21,2020-09-21,,,,H,EG08,PG05,102416.0,Operations
101211,2022-05-27,2022-05-27,T,CON,F,1.0,18ENG1,ENGR,NRTHP,103,90,70,2020-09-21,2020-09-21,2020-09-21,2022-05-27,100,V,H,EG08,PG05,102416.0,Operations
101212,2020-09-22,2020-09-22,A,RFT,F,1.0,67TEC3,TECH,WSTMF,122,50,120,2020-09-22,2020-09-22,2020-09-22,,,,S,EG10,PG03,,Operations
101212,2021-11-27,2021-11-27,T,RFT,F,1.0,67TEC3,TECH,WSTMF,122,50,120,2020-09-22,2020-09-22,2020-09-22,2021-11-27,206,I,S,EG10,PG03,,Operations
101213,2020-09-22,2020-09-22,A,CON,F,1.0,61WHS2,WHSE,ALPNC,102,50,10,2020-09-22,2020-09-22,2020-09-22,,,,H,EG01,PG03,102746.0,Operations
101213,2020-12-28,2020-12-28,T,CON,F,1.0,61WHS2,WHSE,ALPNC,102,50,10,2020-09-22,2020-09-22,2020-09-22,2020-12-28,100,V,H,EG01,PG03,102746.0,Operations
101214,2020-09-23,2020-09-23,A,RPT,P,0.69,32IT1,IT,WSTMF,100,30,110,2020-09-23,2020-09-23,2020-09-23,,,,H,EG03,PG03,101389.0,Operations
101214,2020-11-15,2020-11-15,A,RPT,P,0.69,65TEC1,TECH,WSTMF,100,30,110,2020-09-23,2020-09-23,2020-11-15,,,,H,EG08,PG03,101389.0,Operations
101214,2022-11-08,2022-11-08,T,RPT,P,0.69,65TEC1,TECH,WSTMF,100,30,110,2020-09-23,2020-09-23,2020-11-15,2022-11-08,101,V,H,EG08,PG03,101389.0,Operations
101215,2020-09-23,2020-09-23,A,TFT,F,1.0,94LEG2,LEGAL,ALPNC,121,120,120,2020-09-23,2020-09-23,2020-09-23,,,,H,EG02,PG03,101473.0,Operations
101215,2022-03-21,2022-03-21,T,TFT,F,1.0,94LEG2,LEGAL,ALPNC,121,120,120,2020-09-23,2020-09-23,2020-09-23,2022-03-21,201,I,H,EG02,PG03,101473.0,Operations
101216,2020-09-23,2020-09-23,A,RFT,F,1.0,95LEG3,LEGAL,PRMRE,105,160,110,2020-09-23,2020-09-23,2020-09-23,,,,S,EG05,PG02,,Operations
101216,2020-11-20,2020-11-20,T,RFT,F,1.0,95LEG3,LEGAL,PRMRE,105,160,110,2020-09-23,2020-09-23,2020-09-23,2020-11-20,201,I,S,EG05,PG02,,Operations
101217,2020-09-23,2020-09-23,A,RFT,F,1.0,25HR1,HR,ALPNC,104,230,70,2020-09-23,2020-09-23,2020-09-23,,,,S,EG10,PG03,101952.0,Operations
101217,2022-06-25,2022-06-25,A,RFT,F,1.0,26HR2,HR,ALPNC,104,230,70,2020-09-23,2020-09-23,2022-06-25,,,,S,EG03,PG03,101952.0,Operations
101218,2020-09-24,2020-09-24,A,RPT,P,0.52,36IT3,IT,WSTMF,104,60,100,2020-09-24,2020-09-24,2020-09-24,,,,S,EG07,PG03,101066.0,Operations
101218,2023-06-30,2023-06-30,L,RPT,P,0.52,36IT3,IT,WSTMF,104,60,100,2020-09-24,2020-09-24,2020-09-24,,,,S,EG07,PG03,101066.0,Operations
101218,2023-08-08,2023-08-08,A,RPT,P,0.52,36IT3,IT,WSTMF,104,60,100,2020-09-24,2020-09-24,2020-09-24,,,,S,EG07,PG03,101066.0,Operations
101218,2024-09-08,2024-09-08,T,RPT,P,0.52,36IT3,IT,WSTMF,104,60,100,2020-09-24,2020-09-24,2020-09-24,2024-09-08,102,V,S,EG07,PG03,101066.0,Operations
101219,2020-09-25,2020-09-25,A,RFT,F,1.0,42SAL2,SALES,NRTHP,113,250,110,2020-09-25,2020-09-25,2020-09-25,,,,H,EG10,PG05,,Operations
101219,2021-05-14,2021-05-14,A,RFT,F,1.0,26HR2,HR,NRTHP,113,250,110,2020-09-25,2020-09-25,2021-05-14,,,,H,EG03,PG05,,Operations
101220,2020-09-25,2020-09-25,A,RFT,F,1.0,72MKT3,MKTG,WSTMF,106,70,90,2020-09-25,2020-09-25,2020-09-25,,,,S,EG09,PG03,,Operations
101220,2023-04-06,2023-04-06,A,RFT,F,1.0,57TRD3,TRD,WSTMF,106,70,90,2020-09-25,2020-09-25,2023-04-06,,,,S,EG02,PG03,,Operations
101221,2020-09-25,2020-09-25,A,CON,F,1.0,65TEC1,TECH,NRTHP,109,110,80,2020-09-25,2020-09-25,2020-09-25,,,,H,EG08,PG05,,Operations
101221,2025-03-26,2025-03-26,A,CON,F,1.0,66TEC2,TECH,NRTHP,109,110,80,2020-09-25,2020-09-25,2025-03-26,,,,H,EG04,PG05,,Operations
101222,2020-09-25,2020-09-25,A,RFT,F,1.0,65TEC1,TECH,PRMRE,117,80,60,2020-09-25,2020-09-25,2020-09-25,,,,H,EG08,PG02,,Operations
101222,2021-05-10,2021-05-10,A,RFT,F,1.0,25HR1,HR,PRMRE,117,80,60,2020-09-25,2020-09-25,2021-05-10,,,,H,EG10,PG02,,Operations
101222,2024-08-11,2024-08-11,A,RFT,F,1.0,05ACC1,ACCTG,PRMRE,117,80,60,2020-09-25,2020-09-25,2024-08-11,,,,H,EG05,PG02,,Operations
101222,2025-04-25,2025-04-25,A,RFT,F,1.0,07ACC2,ACCTG,PRMRE,117,80,60,2020-09-25,2020-09-25,2025-04-25,,,,H,EG03,PG02,,Operations
101223,2020-09-25,2020-09-25,A,RFT,F,1.0,95LEG3,LEGAL,NRTHP,122,130,70,2020-09-25,2020-09-25,2020-09-25,,,,S,EG05,PG05,102268.0,Operations
101223,2024-04-27,2024-04-27,T,RFT,F,1.0,95LEG3,LEGAL,NRTHP,122,130,70,2020-09-25,2020-09-25,2020-09-25,2024-04-27,201,I,S,EG05,PG05,102268.0,Operations
101224,2020-09-25,2020-09-25,A,RFT,F,1.0,14CSR2,CSR,PRMRE,115,240,20,2020-09-25,2020-09-25,2020-09-25,,,,S,EG06,PG02,102901.0,Operations
101224,2023-10-09,2023-10-09,A,RFT,F,1.0,15CSR3,CSR,PRMRE,115,240,20,2020-09-25,2020-09-25,2023-10-09,,,,S,EG10,PG02,102901.0,Operations
101225,2020-09-28,2020-09-28,A,RFT,F,1.0,35IT3,IT,NRTHP,100,40,100,2020-09-28,2020-09-28,2020-09-28,,,,S,EG08,PG05,102372.0,Operations
101225,2021-07-14,2021-07-14,L,RFT,F,1.0,35IT3,IT,NRTHP,100,40,100,2020-09-28,2020-09-28,2020-09-28,,,,S,EG08,PG05,102372.0,Operations
101225,2021-12-18,2021-12-18,A,RFT,F,1.0,35IT3,IT,NRTHP,100,40,100,2020-09-28,2020-09-28,2020-09-28,,,,S,EG08,PG05,102372.0,Operations
101225,2022-10-04,2022-10-04,T,RFT,F,1.0,35IT3,IT,NRTHP,100,40,100,2020-09-28,2020-09-28,2020-09-28,2022-10-04,101,V,S,EG08,PG05,102372.0,Operations
101226,2020-10-01,2020-10-01,A,TAW,F,1.0,05ACC1,ACCTG,ALPNC,100,180,80,2020-10-01,2020-10-01,2020-10-01,,,,S,EG05,PG03,102279.0,Operations
101226,2021-11-03,2021-11-03,T,TAW,F,1.0,05ACC1,ACCTG,ALPNC,100,180,80,2020-10-01,2020-10-01,2020-10-01,2021-11-03,101,V,S,EG05,PG03,102279.0,Operations
101227,2020-10-01,2020-10-01,A,RFT,F,1.0,55TRD1,TRD,NRTHP,117,90,90,2020-10-01,2020-10-01,2020-10-01,,,,H,EG04,PG05,,Operations
101227,2022-04-27,2022-04-27,A,RFT,F,1.0,56TRD2,TRD,NRTHP,117,90,90,2020-10-01,2020-10-01,2022-04-27,,,,H,EG02,PG05,,Operations
101228,2020-10-02,2020-10-02,A,RPT,P,0.45,34IT2,IT,PRMRE,105,80,60,2020-10-02,2020-10-02,2020-10-02,,,,H,EG08,PG02,101419.0,Operations
101229,2020-10-02,2020-10-02,A,RFT,F,1.0,83SUP4,SUPV,ALPNC,112,140,90,2020-10-02,2020-10-02,2020-10-02,,,,S,EG01,PG03,,Operations
101229,2021-02-07,2021-02-07,T,RFT,F,1.0,83SUP4,SUPV,ALPNC,112,140,90,2020-10-02,2020-10-02,2020-10-02,2021-02-07,207,I,S,EG01,PG03,,Operations
101230,2020-10-02,2020-10-02,A,RFT,F,1.0,60WHS1,WHSE,WSTMF,122,140,80,2020-10-02,2020-10-02,2020-10-02,,,,S,EG06,PG03,102218.0,Operations
101230,2020-11-16,2020-11-16,T,RFT,F,1.0,60WHS1,WHSE,WSTMF,122,140,80,2020-10-02,2020-10-02,2020-10-02,2020-11-16,102,V,S,EG06,PG03,102218.0,Operations
101231,2020-10-06,2020-10-06,A,RFT,F,1.0,18ENG1,ENGR,NRTHP,116,160,60,2020-10-06,2020-10-06,2020-10-06,,,,H,EG08,PG05,100217.0,Operations
101231,2024-10-10,2024-10-10,T,RFT,F,1.0,18ENG1,ENGR,NRTHP,116,160,60,2020-10-06,2020-10-06,2020-10-06,2024-10-10,100,V,H,EG08,PG05,100217.0,Operations
101232,2020-10-06,2020-10-06,A,RFT,F,1.0,06ACC1,ACCTG,PRMRE,124,10,70,2020-10-06,2020-10-06,2020-10-06,,,,H,EG09,PG02,100895.0,Operations
101232,2021-08-29,2021-08-29,T,RFT,F,1.0,06ACC1,ACCTG,PRMRE,124,10,70,2020-10-06,2020-10-06,2020-10-06,2021-08-29,202,V,H,EG09,PG02,100895.0,Operations
101233,2020-10-08,2020-10-08,A,RFT,F,1.0,06ACC1,ACCTG,ALPNC,104,170,30,2020-10-08,2020-10-08,2020-10-08,,,,H,EG09,PG03,102275.0,Operations
101233,2024-11-14,2024-11-14,T,RFT,F,1.0,06ACC1,ACCTG,ALPNC,104,170,30,2020-10-08,2020-10-08,2020-10-08,2024-11-14,100,V,H,EG09,PG03,102275.0,Operations
101234,2020-10-09,2020-10-09,A,RFT,F,1.0,71MKT2,MKTG,NRTHP,118,100,90,2020-10-09,2020-10-09,2020-10-09,,,,H,EG10,PG05,,Operations
101235,2020-10-09,2020-10-09,A,RPT,F,0.78,66TEC2,TECH,NRTHP,117,20,50,2020-10-09,2020-10-09,2020-10-09,,,,S,EG04,PG05,102028.0,Operations
101235,2021-05-25,2021-05-25,T,RPT,F,0.78,66TEC2,TECH,NRTHP,117,20,50,2020-10-09,2020-10-09,2020-10-09,2021-05-25,100,V,S,EG04,PG05,102028.0,Operations
101236,2020-10-09,2020-10-09,A,RPT,P,0.71,32IT1,IT,ALPNC,116,10,100,2020-10-09,2020-10-09,2020-10-09,,,,H,EG03,PG03,102461.0,Operations
101236,2021-06-27,2021-06-27,T,RPT,P,0.71,32IT1,IT,ALPNC,116,10,100,2020-10-09,2020-10-09,2020-10-09,2021-06-27,205,I,H,EG03,PG03,102461.0,Operations
101237,2020-10-09,2020-10-09,A,RPT,P,0.66,33IT2,IT,ALPNC,114,200,100,2020-10-09,2020-10-09,2020-10-09,,,,S,EG09,PG03,102155.0,Operations
101238,2020-10-09,2020-10-09,A,RFT,F,1.0,71MKT2,MKTG,ALPNC,119,240,120,2020-10-09,2020-10-09,2020-10-09,,,,H,EG10,PG03,100179.0,Operations
101238,2021-06-04,2021-06-04,T,RFT,F,1.0,71MKT2,MKTG,ALPNC,119,240,120,2020-10-09,2020-10-09,2020-10-09,2021-06-04,206,I,H,EG10,PG03,100179.0,Operations
101239,2020-10-09,2020-10-09,A,RFT,F,1.0,35IT3,IT,WSTMF,100,80,10,2020-10-09,2020-10-09,2020-10-09,,,,S,EG08,PG03,,Operations
101239,2022-04-08,2022-04-08,A,RFT,F,1.0,37IT4,IT,WSTMF,100,80,10,2020-10-09,2020-10-09,2022-04-08,,,,S,EG04,PG03,,Operations
101239,2025-11-27,2025-11-27,T,RFT,F,1.0,37IT4,IT,WSTMF,100,80,10,2020-10-09,2020-10-09,2022-04-08,2025-11-27,205,I,S,EG04,PG03,,Operations
101240,2020-10-12,2020-10-12,A,RPT,P,0.51,51OPS4,OPS,ALPNC,104,130,90,2020-10-12,2020-10-12,2020-10-12,,,,S,EG07,PG03,,Operations
101240,2021-07-26,2021-07-26,T,RPT,P,0.51,51OPS4,OPS,ALPNC,104,130,90,2020-10-12,2020-10-12,2020-10-12,2021-07-26,102,V,S,EG07,PG03,,Operations
101241,2020-10-14,2020-10-14,A,RFT,F,1.0,71MKT2,MKTG,WSTMF,105,210,10,2020-10-14,2020-10-14,2020-10-14,,,,H,EG10,PG03,102177.0,Operations
101241,2025-10-22,2025-10-22,A,RFT,F,1.0,72MKT3,MKTG,WSTMF,105,210,10,2020-10-14,2020-10-14,2025-10-22,,,,H,EG09,PG03,102177.0,Operations
101242,2020-10-14,2020-10-14,A,RFT,F,1.0,25HR1,HR,ALPNC,121,180,70,2020-10-14,2020-10-14,2020-10-14,,,,H,EG10,PG03,,Operations
101242,2021-03-10,2021-03-10,T,RFT,F,1.0,25HR1,HR,ALPNC,121,180,70,2020-10-14,2020-10-14,2020-10-14,2021-03-10,200,I,H,EG10,PG03,,Operations
101243,2020-10-14,2020-10-14,A,RFT,F,1.0,34IT2,IT,NRTHP,102,20,90,2020-10-14,2020-10-14,2020-10-14,,,,H,EG08,PG05,102972.0,Operations
101243,2023-02-10,2023-02-10,A,RFT,F,1.0,36IT3,IT,NRTHP,102,20,90,2020-10-14,2020-10-14,2023-02-10,,,,H,EG07,PG05,102972.0,Operations
101243,2023-05-14,2023-05-14,A,RFT,F,1.0,37IT4,IT,NRTHP,102,20,90,2020-10-14,2020-10-14,2023-05-14,,,,H,EG04,PG05,102972.0,Operations
101243,2023-07-23,2023-07-23,A,RFT,F,1.0,38IT5,IT,NRTHP,102,20,90,2020-10-14,2020-10-14,2023-07-23,,,,H,EG02,PG05,102972.0,Operations
101244,2020-10-15,2020-10-15,A,RPT,P,0.62,27HR3,HR,WSTMF,122,210,90,2020-10-15,2020-10-15,2020-10-15,,,,S,EG02,PG03,,Operations
101245,2020-10-16,2020-10-16,A,RFT,F,1.0,13CSR1,CSR,PRMRE,117,110,10,2020-10-16,2020-10-16,2020-10-16,,,,H,EG01,PG02,101442.0,Operations
101245,2023-12-18,2023-12-18,L,RFT,F,1.0,13CSR1,CSR,PRMRE,117,110,10,2020-10-16,2020-10-16,2020-10-16,,,,H,EG01,PG02,101442.0,Operations
101245,2024-05-01,2024-05-01,A,RFT,F,1.0,13CSR1,CSR,PRMRE,117,110,10,2020-10-16,2020-10-16,2020-10-16,,,,H,EG01,PG02,101442.0,Operations
101246,2020-10-16,2020-10-16,A,RPT,P,0.55,73MKT4,MKTG,PRMRE,118,160,20,2020-10-16,2020-10-16,2020-10-16,,,,S,EG01,PG02,,Operations
101246,2021-04-28,2021-04-28,T,RPT,P,0.55,73MKT4,MKTG,PRMRE,118,160,20,2020-10-16,2020-10-16,2020-10-16,2021-04-28,202,V,S,EG01,PG02,,Operations
101247,2020-10-16,2020-10-16,A,RFT,F,1.0,08ACC3,ACCTG,PRMRE,102,150,50,2020-10-16,2020-10-16,2020-10-16,,,,S,EG01,PG02,100842.0,Operations
101247,2024-04-12,2024-04-12,A,RFT,F,1.0,09ACC4,ACCTG,PRMRE,102,150,50,2020-10-16,2020-10-16,2024-04-12,,,,S,EG05,PG02,100842.0,Operations
101248,2020-10-16,2020-10-16,A,RFT,F,1.0,90PRO3,PROJ,ALPNC,116,150,30,2020-10-16,2020-10-16,2020-10-16,,,,S,EG04,PG03,,Operations
101248,2021-10-09,2021-10-09,T,RFT,F,1.0,90PRO3,PROJ,ALPNC,116,150,30,2020-10-16,2020-10-16,2020-10-16,2021-10-09,200,I,S,EG04,PG03,,Operations
101249,2020-10-19,2020-10-19,A,RFT,F,1.0,73MKT4,MKTG,PRMRE,117,160,110,2020-10-19,2020-10-19,2020-10-19,,,,S,EG01,PG02,,Operations
101249,2020-11-30,2020-11-30,T,RFT,F,1.0,73MKT4,MKTG,PRMRE,117,160,110,2020-10-19,2020-10-19,2020-10-19,2020-11-30,202,V,S,EG01,PG02,,Operations
101250,2020-10-19,2020-10-19,A,RFT,F,1.0,33IT2,IT,ALPNC,116,30,120,2020-10-19,2020-10-19,2020-10-19,,,,S,EG09,PG03,102136.0,Operations
101250,2024-02-27,2024-02-27,A,RFT,F,1.0,66TEC2,TECH,ALPNC,116,30,120,2020-10-19,2020-10-19,2024-02-27,,,,S,EG04,PG03,102136.0,Operations
101250,2025-07-04,2025-07-04,T,RFT,F,1.0,66TEC2,TECH,ALPNC,116,30,120,2020-10-19,2020-10-19,2024-02-27,2025-07-04,100,V,S,EG04,PG03,102136.0,Operations
101251,2020-10-19,2020-10-19,A,RPT,P,0.7,44SAL4,SALES,WSTMF,115,80,60,2020-10-19,2020-10-19,2020-10-19,,,,S,EG09,PG03,,Operations
101252,2020-10-19,2020-10-19,A,RFT,F,1.0,66TEC2,TECH,ALPNC,119,120,110,2020-10-19,2020-10-19,2020-10-19,,,,S,EG04,PG03,,Operations
101252,2021-02-18,2021-02-18,A,RFT,F,1.0,56TRD2,TRD,ALPNC,119,120,110,2020-10-19,2020-10-19,2021-02-18,,,,S,EG02,PG03,,Operations
101252,2022-05-02,2022-05-02,A,RFT,F,1.0,57TRD3,TRD,ALPNC,119,120,110,2020-10-19,2020-10-19,2022-05-02,,,,S,EG02,PG03,,Operations
101252,2026-01-24,2026-01-24,A,RFT,F,1.0,35IT3,IT,ALPNC,119,120,110,2020-10-19,2020-10-19,2026-01-24,,,,S,EG08,PG03,,Operations
101253,2020-10-20,2020-10-20,A,RFT,F,1.0,56TRD2,TRD,NRTHP,116,130,120,2020-10-20,2020-10-20,2020-10-20,,,,S,EG02,PG05,100069.0,Operations
101253,2020-12-14,2020-12-14,T,RFT,F,1.0,56TRD2,TRD,NRTHP,116,130,120,2020-10-20,2020-10-20,2020-10-20,2020-12-14,100,V,S,EG02,PG05,100069.0,Operations
101254,2020-10-21,2020-10-21,A,RFT,F,1.0,05ACC1,ACCTG,NRTHP,109,170,70,2020-10-21,2020-10-21,2020-10-21,,,,H,EG05,PG05,,Operations
101255,2020-10-21,2020-10-21,A,RFT,F,1.0,62WHS3,WHSE,ALPNC,102,250,10,2020-10-21,2020-10-21,2020-10-21,,,,S,EG01,PG03,,Operations
101255,2022-07-18,2022-07-18,T,RFT,F,1.0,62WHS3,WHSE,ALPNC,102,250,10,2020-10-21,2020-10-21,2020-10-21,2022-07-18,205,I,S,EG01,PG03,,Operations
101256,2020-10-22,2020-10-22,A,RFT,F,1.0,41SAL1,SALES,ALPNC,124,40,70,2020-10-22,2020-10-22,2020-10-22,,,,H,EG08,PG03,,Operations
101256,2022-12-27,2022-12-27,A,RFT,F,1.0,42SAL2,SALES,ALPNC,124,40,70,2020-10-22,2020-10-22,2022-12-27,,,,H,EG10,PG03,,Operations
101256,2023-09-23,2023-09-23,A,RFT,F,1.0,43SAL3,SALES,ALPNC,124,40,70,2020-10-22,2020-10-22,2023-09-23,,,,H,EG10,PG03,,Operations
101257,2020-10-22,2020-10-22,A,RFT,F,1.0,25HR1,HR,WSTMF,108,50,90,2020-10-22,2020-10-22,2020-10-22,,,,H,EG10,PG03,,Operations
101257,2022-01-17,2022-01-17,T,RFT,F,1.0,25HR1,HR,WSTMF,108,50,90,2020-10-22,2020-10-22,2020-10-22,2022-01-17,202,V,H,EG10,PG03,,Operations
101258,2020-10-22,2020-10-22,A,RFT,F,1.0,67TEC3,TECH,ALPNC,124,220,10,2020-10-22,2020-10-22,2020-10-22,,,,S,EG10,PG03,100427.0,Operations
101259,2020-10-23,2020-10-23,A,CON,F,1.0,38IT5,IT,PRMRE,117,180,40,2020-10-23,2020-10-23,2020-10-23,,,,S,EG02,PG02,,Operations
101259,2020-11-01,2020-11-01,T,CON,F,1.0,38IT5,IT,PRMRE,117,180,40,2020-10-23,2020-10-23,2020-10-23,2020-11-01,100,V,S,EG02,PG02,,Operations
101260,2020-10-23,2020-10-23,A,RPT,P,0.68,72MKT3,MKTG,ALPNC,121,110,30,2020-10-23,2020-10-23,2020-10-23,,,,S,EG09,PG03,100624.0,Operations
101260,2021-11-12,2021-11-12,T,RPT,P,0.68,72MKT3,MKTG,ALPNC,121,110,30,2020-10-23,2020-10-23,2020-10-23,2021-11-12,100,V,S,EG09,PG03,100624.0,Operations
101261,2020-10-23,2020-10-23,A,RFT,F,1.0,02ADM2,ADMIN,PRMRE,122,180,80,2020-10-23,2020-10-23,2020-10-23,,,,S,EG04,PG02,101289.0,Operations
101261,2020-11-15,2020-11-15,T,RFT,F,1.0,02ADM2,ADMIN,PRMRE,122,180,80,2020-10-23,2020-10-23,2020-10-23,2020-11-15,207,I,S,EG04,PG02,101289.0,Operations
101262,2020-10-23,2020-10-23,A,CON,F,1.0,55TRD1,TRD,NRTHP,112,40,60,2020-10-23,2020-10-23,2020-10-23,,,,S,EG04,PG05,100164.0,Operations
101262,2021-02-03,2021-02-03,A,CON,F,1.0,56TRD2,TRD,NRTHP,112,40,60,2020-10-23,2020-10-23,2021-02-03,,,,S,EG02,PG05,100164.0,Operations
101262,2021-05-24,2021-05-24,A,CON,F,1.0,57TRD3,TRD,NRTHP,112,40,60,2020-10-23,2020-10-23,2021-05-24,,,,S,EG02,PG05,100164.0,Operations
101262,2024-01-02,2024-01-02,T,CON,F,1.0,57TRD3,TRD,NRTHP,112,40,60,2020-10-23,2020-10-23,2021-05-24,2024-01-02,100,V,S,EG02,PG05,100164.0,Operations
101263,2020-10-27,2020-10-27,A,CON,F,1.0,43SAL3,SALES,WSTMF,105,220,120,2020-10-27,2020-10-27,2020-10-27,,,,S,EG10,PG03,,Operations
101263,2024-10-04,2024-10-04,T,CON,F,1.0,43SAL3,SALES,WSTMF,105,220,120,2020-10-27,2020-10-27,2020-10-27,2024-10-04,202,V,S,EG10,PG03,,Operations
101264,2020-10-27,2020-10-27,A,RFT,F,1.0,18ENG1,ENGR,WSTMF,100,30,10,2020-10-27,2020-10-27,2020-10-27,,,,H,EG08,PG03,101389.0,Operations
101264,2021-07-20,2021-07-20,T,RFT,F,1.0,18ENG1,ENGR,WSTMF,100,30,10,2020-10-27,2020-10-27,2020-10-27,2021-07-20,206,I,H,EG08,PG03,101389.0,Operations
101265,2020-10-27,2020-10-27,A,RPT,P,0.49,72MKT3,MKTG,PRMRE,124,150,50,2020-10-27,2020-10-27,2020-10-27,,,,S,EG09,PG02,,Operations
101265,2022-11-24,2022-11-24,T,RPT,P,0.49,72MKT3,MKTG,PRMRE,124,150,50,2020-10-27,2020-10-27,2020-10-27,2022-11-24,207,I,S,EG09,PG02,,Operations
101266,2020-10-28,2020-10-28,A,RFT,F,1.0,18ENG1,ENGR,WSTMF,111,200,100,2020-10-28,2020-10-28,2020-10-28,,,,H,EG08,PG03,101844.0,Operations
101266,2023-02-14,2023-02-14,A,RFT,F,1.0,60WHS1,WHSE,WSTMF,111,200,100,2020-10-28,2020-10-28,2023-02-14,,,,H,EG06,PG03,101844.0,Operations
101267,2020-10-30,2020-10-30,A,TFT,F,1.0,33IT2,IT,NRTHP,114,90,90,2020-10-30,2020-10-30,2020-10-30,,,,H,EG09,PG05,,Operations
101267,2020-12-30,2020-12-30,A,TFT,F,1.0,35IT3,IT,NRTHP,114,90,90,2020-10-30,2020-10-30,2020-12-30,,,,H,EG08,PG05,,Operations
101267,2022-06-28,2022-06-28,A,TFT,F,1.0,37IT4,IT,NRTHP,114,90,90,2020-10-30,2020-10-30,2022-06-28,,,,H,EG04,PG05,,Operations
101267,2023-09-13,2023-09-13,T,TFT,F,1.0,37IT4,IT,NRTHP,114,90,90,2020-10-30,2020-10-30,2022-06-28,2023-09-13,201,I,H,EG04,PG05,,Operations
101268,2020-11-02,2020-11-02,A,RPT,P,0.46,28HR4,HR,WSTMF,100,140,40,2020-11-02,2020-11-02,2020-11-02,,,,S,EG08,PG03,,Operations
101268,2024-09-07,2024-09-07,A,RPT,P,0.46,29HR5,HR,WSTMF,100,140,40,2020-11-02,2020-11-02,2024-09-07,,,,S,EG07,PG03,,Operations
101269,2020-11-03,2020-11-03,A,RFT,F,1.0,02ADM2,ADMIN,WSTMF,110,60,90,2020-11-03,2020-11-03,2020-11-03,,,,S,EG04,PG03,,Operations
101269,2021-01-30,2021-01-30,T,RFT,F,1.0,02ADM2,ADMIN,WSTMF,110,60,90,2020-11-03,2020-11-03,2020-11-03,2021-01-30,101,V,S,EG04,PG03,,Operations
101270,2020-11-04,2020-11-04,A,CON,F,1.0,58TRD4,TRD,PRMRE,124,180,120,2020-11-04,2020-11-04,2020-11-04,,,,S,EG05,PG02,,Operations
101270,2024-03-28,2024-03-28,A,CON,F,1.0,80ANL4,ANLYT,PRMRE,124,180,120,2020-11-04,2020-11-04,2024-03-28,,,,S,EG05,PG02,,Operations
101271,2020-11-06,2020-11-06,A,RFT,F,1.0,32IT1,IT,ALPNC,124,220,10,2020-11-06,2020-11-06,2020-11-06,,,,H,EG03,PG03,100427.0,Operations
101272,2020-11-09,2020-11-09,A,RFT,F,1.0,26HR2,HR,WSTMF,122,200,60,2020-11-09,2020-11-09,2020-11-09,,,,H,EG03,PG03,101063.0,Operations
101272,2021-06-30,2021-06-30,T,RFT,F,1.0,26HR2,HR,WSTMF,122,200,60,2020-11-09,2020-11-09,2020-11-09,2021-06-30,207,I,H,EG03,PG03,101063.0,Operations
101273,2020-11-10,2020-11-10,A,RFT,F,1.0,80ANL4,ANLYT,ALPNC,116,200,40,2020-11-10,2020-11-10,2020-11-10,,,,S,EG05,PG03,,Operations
101273,2021-02-12,2021-02-12,T,RFT,F,1.0,80ANL4,ANLYT,ALPNC,116,200,40,2020-11-10,2020-11-10,2020-11-10,2021-02-12,202,V,S,EG05,PG03,,Operations
101274,2020-11-11,2020-11-11,A,RFT,F,1.0,55TRD1,TRD,PRMRE,123,80,100,2020-11-11,2020-11-11,2020-11-11,,,,S,EG04,PG02,,Operations
101274,2021-03-05,2021-03-05,T,RFT,F,1.0,55TRD1,TRD,PRMRE,123,80,100,2020-11-11,2020-11-11,2020-11-11,2021-03-05,100,V,S,EG04,PG02,,Operations
101275,2020-11-11,2020-11-11,A,RFT,F,1.0,78ANL2,ANLYT,ALPNC,114,90,20,2020-11-11,2020-11-11,2020-11-11,,,,S,EG04,PG03,,Operations
101275,2023-06-02,2023-06-02,A,RFT,F,1.0,79ANL3,ANLYT,ALPNC,114,90,20,2020-11-11,2020-11-11,2023-06-02,,,,S,EG10,PG03,,Operations
101275,2024-11-06,2024-11-06,A,RFT,F,1.0,80ANL4,ANLYT,ALPNC,114,90,20,2020-11-11,2020-11-11,2024-11-06,,,,S,EG05,PG03,,Operations
101275,2025-04-07,2025-04-07,A,RFT,F,1.0,81ANL5,ANLYT,ALPNC,114,90,20,2020-11-11,2020-11-11,2025-04-07,,,,S,EG01,PG03,,Operations
101276,2020-11-11,2020-11-11,A,RFT,F,1.0,18ENG1,ENGR,NRTHP,111,220,50,2020-11-11,2020-11-11,2020-11-11,,,,H,EG08,PG05,101356.0,Operations
101276,2020-12-28,2020-12-28,T,RFT,F,1.0,18ENG1,ENGR,NRTHP,111,220,50,2020-11-11,2020-11-11,2020-11-11,2020-12-28,101,V,H,EG08,PG05,101356.0,Operations
101277,2020-11-13,2020-11-13,A,RFT,F,1.0,70MKT1,MKTG,PRMRE,100,250,70,2020-11-13,2020-11-13,2020-11-13,,,,H,EG04,PG02,102201.0,Operations
101277,2021-07-19,2021-07-19,T,RFT,F,1.0,70MKT1,MKTG,PRMRE,100,250,70,2020-11-13,2020-11-13,2020-11-13,2021-07-19,102,V,H,EG04,PG02,102201.0,Operations
101278,2020-11-13,2020-11-13,A,RFT,F,1.0,26HR2,HR,ALPNC,104,110,100,2020-11-13,2020-11-13,2020-11-13,,,,H,EG03,PG03,102499.0,Operations
101278,2021-04-18,2021-04-18,A,RFT,F,1.0,27HR3,HR,ALPNC,104,110,100,2020-11-13,2020-11-13,2021-04-18,,,,H,EG02,PG03,102499.0,Operations
101278,2021-10-03,2021-10-03,A,RFT,F,1.0,28HR4,HR,ALPNC,104,110,100,2020-11-13,2020-11-13,2021-10-03,,,,H,EG08,PG03,102499.0,Operations
101279,2020-11-13,2020-11-13,A,RPT,P,0.45,27HR3,HR,WSTMF,105,140,20,2020-11-13,2020-11-13,2020-11-13,,,,S,EG02,PG03,,Operations
101280,2020-11-13,2020-11-13,A,CON,F,1.0,50OPS3,OPS,ALPNC,124,210,110,2020-11-13,2020-11-13,2020-11-13,,,,S,EG06,PG03,102698.0,Operations
101280,2021-05-14,2021-05-14,T,CON,F,1.0,50OPS3,OPS,ALPNC,124,210,110,2020-11-13,2020-11-13,2020-11-13,2021-05-14,101,V,S,EG06,PG03,102698.0,Operations
101281,2020-11-16,2020-11-16,A,RPT,P,0.52,38IT5,IT,PRMRE,123,240,30,2020-11-16,2020-11-16,2020-11-16,,,,S,EG02,PG02,,Operations
101281,2021-06-05,2021-06-05,A,RPT,P,0.52,17CSR5,CSR,PRMRE,123,240,30,2020-11-16,2020-11-16,2021-06-05,,,,S,EG07,PG02,,Operations
101282,2020-11-17,2020-11-17,A,RFT,F,1.0,05ACC1,ACCTG,PRMRE,118,30,90,2020-11-17,2020-11-17,2020-11-17,,,,S,EG05,PG02,,Operations
101282,2021-08-07,2021-08-07,T,RFT,F,1.0,05ACC1,ACCTG,PRMRE,118,30,90,2020-11-17,2020-11-17,2020-11-17,2021-08-07,100,V,S,EG05,PG02,,Operations
101283,2020-11-18,2020-11-18,A,TAW,F,1.0,65TEC1,TECH,ALPNC,114,190,70,2020-11-18,2020-11-18,2020-11-18,,,,H,EG08,PG03,,Operations
101283,2021-10-07,2021-10-07,T,TAW,F,1.0,65TEC1,TECH,ALPNC,114,190,70,2020-11-18,2020-11-18,2020-11-18,2021-10-07,201,I,H,EG08,PG03,,Operations
101284,2020-11-20,2020-11-20,A,RFT,F,1.0,62WHS3,WHSE,WSTMF,113,210,60,2020-11-20,2020-11-20,2020-11-20,,,,S,EG01,PG03,102016.0,Operations
101284,2021-09-15,2021-09-15,A,RFT,F,1.0,50OPS3,OPS,WSTMF,113,210,60,2020-11-20,2020-11-20,2021-09-15,,,,S,EG06,PG03,102016.0,Operations
101284,2022-06-10,2022-06-10,A,RFT,F,1.0,51OPS4,OPS,WSTMF,113,210,60,2020-11-20,2020-11-20,2022-06-10,,,,S,EG07,PG03,102016.0,Operations
101284,2025-05-24,2025-05-24,T,RFT,F,1.0,51OPS4,OPS,WSTMF,113,210,60,2020-11-20,2020-11-20,2022-06-10,2025-05-24,202,V,S,EG07,PG03,102016.0,Operations
101285,2020-11-23,2020-11-23,A,RPT,P,0.67,42SAL2,SALES,NRTHP,100,100,120,2020-11-23,2020-11-23,2020-11-23,,,,H,EG10,PG05,100277.0,Operations
101285,2025-02-10,2025-02-10,A,RPT,P,0.67,43SAL3,SALES,NRTHP,100,100,120,2020-11-23,2020-11-23,2025-02-10,,,,H,EG10,PG05,100277.0,Operations
101286,2020-11-25,2020-11-25,A,RPT,P,0.69,49OPS2,OPS,WSTMF,106,80,90,2020-11-25,2020-11-25,2020-11-25,,,,H,EG05,PG03,,Operations
101286,2024-01-26,2024-01-26,A,RPT,P,0.69,02ADM2,ADMIN,WSTMF,106,80,90,2020-11-25,2020-11-25,2024-01-26,,,,H,EG04,PG03,,Operations
101287,2020-11-25,2020-11-25,A,RFT,F,1.0,71MKT2,MKTG,NRTHP,102,100,120,2020-11-25,2020-11-25,2020-11-25,,,,H,EG10,PG05,100763.0,Operations
101287,2022-03-30,2022-03-30,T,RFT,F,1.0,71MKT2,MKTG,NRTHP,102,100,120,2020-11-25,2020-11-25,2020-11-25,2022-03-30,200,I,H,EG10,PG05,100763.0,Operations
101288,2020-11-27,2020-11-27,A,RFT,F,1.0,68TEC4,TECH,ALPNC,115,120,20,2020-11-27,2020-11-27,2020-11-27,,,,S,EG06,PG03,,Operations
101289,2020-11-27,2020-11-27,A,RFT,F,1.0,27HR3,HR,WSTMF,122,180,20,2020-11-27,2020-11-27,2020-11-27,,,,S,EG02,PG03,,Operations
101289,2021-01-21,2021-01-21,L,RFT,F,1.0,27HR3,HR,WSTMF,122,180,20,2020-11-27,2020-11-27,2020-11-27,,,,S,EG02,PG03,,Operations
101289,2021-02-18,2021-02-18,A,RFT,F,1.0,27HR3,HR,WSTMF,122,180,20,2020-11-27,2020-11-27,2020-11-27,,,,S,EG02,PG03,,Operations
101289,2022-05-23,2022-05-23,A,RFT,F,1.0,08ACC3,ACCTG,WSTMF,122,180,20,2020-11-27,2020-11-27,2022-05-23,,,,S,EG01,PG03,,Operations
101290,2020-11-27,2020-11-27,A,TFT,F,1.0,70MKT1,MKTG,PRMRE,117,30,50,2020-11-27,2020-11-27,2020-11-27,,,,H,EG04,PG02,102438.0,Operations
101290,2024-01-23,2024-01-23,A,TFT,F,1.0,71MKT2,MKTG,PRMRE,117,30,50,2020-11-27,2020-11-27,2024-01-23,,,,H,EG10,PG02,102438.0,Operations
101291,2020-11-27,2020-11-27,A,RFT,F,1.0,63WHS4,WHSE,WSTMF,108,190,90,2020-11-27,2020-11-27,2020-11-27,,,,S,EG10,PG03,,Operations
101291,2020-12-18,2020-12-18,T,RFT,F,1.0,63WHS4,WHSE,WSTMF,108,190,90,2020-11-27,2020-11-27,2020-11-27,2020-12-18,101,V,S,EG10,PG03,,Operations
101292,2020-12-02,2020-12-02,A,RFT,F,1.0,55TRD1,TRD,PRMRE,116,40,60,2020-12-02,2020-12-02,2020-12-02,,,,H,EG04,PG02,102705.0,Operations
101292,2023-04-11,2023-04-11,A,RFT,F,1.0,56TRD2,TRD,PRMRE,116,40,60,2020-12-02,2020-12-02,2023-04-11,,,,H,EG02,PG02,102705.0,Operations
101292,2024-06-06,2024-06-06,T,RFT,F,1.0,56TRD2,TRD,PRMRE,116,40,60,2020-12-02,2020-12-02,2023-04-11,2024-06-06,202,V,H,EG02,PG02,102705.0,Operations
101293,2020-12-02,2020-12-02,A,RFT,F,1.0,95LEG3,LEGAL,WSTMF,111,230,110,2020-12-02,2020-12-02,2020-12-02,,,,S,EG05,PG03,,Operations
101293,2021-02-03,2021-02-03,L,RFT,F,1.0,95LEG3,LEGAL,WSTMF,111,230,110,2020-12-02,2020-12-02,2020-12-02,,,,S,EG05,PG03,,Operations
101293,2021-05-14,2021-05-14,A,RFT,F,1.0,95LEG3,LEGAL,WSTMF,111,230,110,2020-12-02,2020-12-02,2020-12-02,,,,S,EG05,PG03,,Operations
101293,2021-10-03,2021-10-03,T,RFT,F,1.0,95LEG3,LEGAL,WSTMF,111,230,110,2020-12-02,2020-12-02,2020-12-02,2021-10-03,100,V,S,EG05,PG03,,Operations
101294,2020-12-07,2020-12-07,A,RFT,F,1.0,01ADM1,ADMIN,NRTHP,121,60,40,2020-12-07,2020-12-07,2020-12-07,,,,H,EG05,PG05,102633.0,Operations
101294,2021-12-23,2021-12-23,T,RFT,F,1.0,01ADM1,ADMIN,NRTHP,121,60,40,2020-12-07,2020-12-07,2020-12-07,2021-12-23,200,I,H,EG05,PG05,102633.0,Operations
101295,2020-12-07,2020-12-07,A,RFT,F,1.0,05ACC1,ACCTG,NRTHP,113,130,60,2020-12-07,2020-12-07,2020-12-07,,,,H,EG05,PG05,102623.0,Operations
101295,2024-05-13,2024-05-13,A,RFT,F,1.0,07ACC2,ACCTG,NRTHP,113,130,60,2020-12-07,2020-12-07,2024-05-13,,,,H,EG03,PG05,102623.0,Operations
101295,2025-02-12,2025-02-12,A,RFT,F,1.0,08ACC3,ACCTG,NRTHP,113,130,60,2020-12-07,2020-12-07,2025-02-12,,,,H,EG01,PG05,102623.0,Operations
101296,2020-12-09,2020-12-09,A,RFT,F,1.0,60WHS1,WHSE,PRMRE,105,10,30,2020-12-09,2020-12-09,2020-12-09,,,,S,EG06,PG02,101036.0,Operations
101296,2021-11-15,2021-11-15,T,RFT,F,1.0,60WHS1,WHSE,PRMRE,105,10,30,2020-12-09,2020-12-09,2020-12-09,2021-11-15,103,V,S,EG06,PG02,101036.0,Operations
101297,2020-12-11,2020-12-11,A,CON,F,1.0,01ADM1,ADMIN,WSTMF,100,130,60,2020-12-11,2020-12-11,2020-12-11,,,,S,EG05,PG03,101590.0,Operations
101297,2023-02-04,2023-02-04,T,CON,F,1.0,01ADM1,ADMIN,WSTMF,100,130,60,2020-12-11,2020-12-11,2020-12-11,2023-02-04,100,V,S,EG05,PG03,101590.0,Operations
101298,2020-12-14,2020-12-14,A,RFT,F,1.0,30HR6,HR,PRMRE,123,200,70,2020-12-14,2020-12-14,2020-12-14,,,,S,EG04,PG02,,Operations
101298,2023-08-17,2023-08-17,A,RFT,F,1.0,31HR7,HR,PRMRE,123,200,70,2020-12-14,2020-12-14,2023-08-17,,,,S,EG03,PG02,,Operations
101299,2020-12-15,2020-12-15,A,RFT,F,1.0,60WHS1,WHSE,ALPNC,112,130,110,2020-12-15,2020-12-15,2020-12-15,,,,H,EG06,PG03,102000.0,Operations
101299,2021-08-09,2021-08-09,A,RFT,F,1.0,61WHS2,WHSE,ALPNC,112,130,110,2020-12-15,2020-12-15,2021-08-09,,,,H,EG01,PG03,102000.0,Operations
101299,2023-03-06,2023-03-06,T,RFT,F,1.0,61WHS2,WHSE,ALPNC,112,130,110,2020-12-15,2020-12-15,2021-08-09,2023-03-06,202,V,H,EG01,PG03,102000.0,Operations
101300,2020-12-15,2020-12-15,A,RFT,F,1.0,41SAL1,SALES,PRMRE,117,240,100,2020-12-15,2020-12-15,2020-12-15,,,,H,EG08,PG02,102886.0,Operations
101300,2023-09-16,2023-09-16,T,RFT,F,1.0,41SAL1,SALES,PRMRE,117,240,100,2020-12-15,2020-12-15,2020-12-15,2023-09-16,206,I,H,EG08,PG02,102886.0,Operations
101301,2020-12-16,2020-12-16,A,RFT,F,1.0,60WHS1,WHSE,NRTHP,101,110,90,2020-12-16,2020-12-16,2020-12-16,,,,S,EG06,PG05,,Operations
101302,2020-12-17,2020-12-17,A,RFT,F,1.0,61WHS2,WHSE,NRTHP,104,230,40,2020-12-17,2020-12-17,2020-12-17,,,,H,EG01,PG05,101952.0,Operations
101302,2023-08-14,2023-08-14,A,RFT,F,1.0,07ACC2,ACCTG,NRTHP,104,230,40,2020-12-17,2020-12-17,2023-08-14,,,,H,EG03,PG05,101952.0,Operations
101302,2025-10-31,2025-10-31,A,RFT,F,1.0,08ACC3,ACCTG,NRTHP,104,230,40,2020-12-17,2020-12-17,2025-10-31,,,,H,EG01,PG05,101952.0,Operations
101303,2020-12-18,2020-12-18,A,RFT,F,1.0,65TEC1,TECH,PRMRE,105,250,110,2020-12-18,2020-12-18,2020-12-18,,,,S,EG08,PG02,102183.0,Operations
101303,2021-03-04,2021-03-04,T,RFT,F,1.0,65TEC1,TECH,PRMRE,105,250,110,2020-12-18,2020-12-18,2020-12-18,2021-03-04,100,V,S,EG08,PG02,102183.0,Operations
101304,2020-12-18,2020-12-18,A,RFT,F,1.0,26HR2,HR,NRTHP,118,210,30,2020-12-18,2020-12-18,2020-12-18,,,,S,EG03,PG05,101721.0,Operations
101304,2022-12-06,2022-12-06,A,RFT,F,1.0,27HR3,HR,NRTHP,118,210,30,2020-12-18,2020-12-18,2022-12-06,,,,S,EG02,PG05,101721.0,Operations
101304,2025-12-20,2025-12-20,A,RFT,F,1.0,62WHS3,WHSE,NRTHP,118,210,30,2020-12-18,2020-12-18,2025-12-20,,,,S,EG01,PG05,101721.0,Operations
101305,2020-12-18,2020-12-18,A,RFT,F,1.0,56TRD2,TRD,NRTHP,120,120,120,2020-12-18,2020-12-18,2020-12-18,,,,H,EG02,PG05,,Operations
101305,2022-10-05,2022-10-05,L,RFT,F,1.0,56TRD2,TRD,NRTHP,120,120,120,2020-12-18,2020-12-18,2020-12-18,,,,H,EG02,PG05,,Operations
101305,2022-11-04,2022-11-04,A,RFT,F,1.0,56TRD2,TRD,NRTHP,120,120,120,2020-12-18,2020-12-18,2020-12-18,,,,H,EG02,PG05,,Operations
101305,2023-06-06,2023-06-06,T,RFT,F,1.0,56TRD2,TRD,NRTHP,120,120,120,2020-12-18,2020-12-18,2020-12-18,2023-06-06,202,V,H,EG02,PG05,,Operations
101306,2020-12-21,2020-12-21,A,RFT,F,1.0,15CSR3,CSR,ALPNC,100,40,100,2020-12-21,2020-12-21,2020-12-21,,,,S,EG10,PG03,102372.0,Operations
101306,2022-07-28,2022-07-28,T,RFT,F,1.0,15CSR3,CSR,ALPNC,100,40,100,2020-12-21,2020-12-21,2020-12-21,2022-07-28,205,I,S,EG10,PG03,102372.0,Operations
101307,2020-12-25,2020-12-25,A,RFT,F,1.0,49OPS2,OPS,WSTMF,124,220,100,2020-12-25,2020-12-25,2020-12-25,,,,S,EG05,PG03,100427.0,Operations
101307,2023-01-22,2023-01-22,T,RFT,F,1.0,49OPS2,OPS,WSTMF,124,220,100,2020-12-25,2020-12-25,2020-12-25,2023-01-22,100,V,S,EG05,PG03,100427.0,Operations
101308,2020-12-25,2020-12-25,A,CON,F,1.0,95LEG3,LEGAL,PRMRE,100,140,10,2020-12-25,2020-12-25,2020-12-25,,,,S,EG05,PG02,101268.0,Operations
101308,2021-05-13,2021-05-13,T,CON,F,1.0,95LEG3,LEGAL,PRMRE,100,140,10,2020-12-25,2020-12-25,2020-12-25,2021-05-13,100,V,S,EG05,PG02,101268.0,Operations
101309,2020-12-28,2020-12-28,A,RFT,F,1.0,32IT1,IT,ALPNC,102,130,10,2020-12-28,2020-12-28,2020-12-28,,,,S,EG03,PG03,102468.0,Operations
101309,2021-02-02,2021-02-02,A,RFT,F,1.0,33IT2,IT,ALPNC,102,130,10,2020-12-28,2020-12-28,2021-02-02,,,,S,EG09,PG03,102468.0,Operations
101309,2022-04-07,2022-04-07,A,RFT,F,1.0,56TRD2,TRD,ALPNC,102,130,10,2020-12-28,2020-12-28,2022-04-07,,,,S,EG02,PG03,102468.0,Operations
101310,2021-01-01,2021-01-01,A,RFT,F,1.0,32IT1,IT,ALPNC,116,210,110,2021-01-01,2021-01-01,2021-01-01,,,,H,EG03,PG03,101706.0,Operations
101310,2023-06-05,2023-06-05,T,RFT,F,1.0,32IT1,IT,ALPNC,116,210,110,2021-01-01,2021-01-01,2021-01-01,2023-06-05,100,V,H,EG03,PG03,101706.0,Operations
101311,2021-01-01,2021-01-01,A,RFT,F,1.0,78ANL2,ANLYT,NRTHP,111,230,110,2021-01-01,2021-01-01,2021-01-01,,,,H,EG04,PG05,,Operations
101311,2022-02-08,2022-02-08,T,RFT,F,1.0,78ANL2,ANLYT,NRTHP,111,230,110,2021-01-01,2021-01-01,2021-01-01,2022-02-08,210,I,H,EG04,PG05,,Operations
101312,2021-01-01,2021-01-01,A,RFT,F,1.0,01ADM1,ADMIN,NRTHP,116,180,40,2021-01-01,2021-01-01,2021-01-01,,,,S,EG05,PG05,101899.0,Operations
101312,2022-06-09,2022-06-09,T,RFT,F,1.0,01ADM1,ADMIN,NRTHP,116,180,40,2021-01-01,2021-01-01,2021-01-01,2022-06-09,205,I,S,EG05,PG05,101899.0,Operations
101313,2021-01-04,2021-01-04,A,RFT,F,1.0,57TRD3,TRD,NRTHP,103,240,60,2021-01-04,2021-01-04,2021-01-04,,,,S,EG02,PG05,,Operations
101313,2021-02-15,2021-02-15,T,RFT,F,1.0,57TRD3,TRD,NRTHP,103,240,60,2021-01-04,2021-01-04,2021-01-04,2021-02-15,101,V,S,EG02,PG05,,Operations
101314,2021-01-04,2021-01-04,A,RFT,F,1.0,25HR1,HR,PRMRE,117,220,110,2021-01-04,2021-01-04,2021-01-04,,,,H,EG10,PG02,101599.0,Operations
101314,2022-04-02,2022-04-02,T,RFT,F,1.0,25HR1,HR,PRMRE,117,220,110,2021-01-04,2021-01-04,2021-01-04,2022-04-02,205,I,H,EG10,PG02,101599.0,Operations
101315,2021-01-04,2021-01-04,A,RFT,F,1.0,18ENG1,ENGR,WSTMF,104,120,40,2021-01-04,2021-01-04,2021-01-04,,,,H,EG08,PG03,101422.0,Operations
101316,2021-01-05,2021-01-05,A,RFT,F,1.0,13CSR1,CSR,PRMRE,123,90,80,2021-01-05,2021-01-05,2021-01-05,,,,H,EG01,PG02,,Operations
101317,2021-01-06,2021-01-06,A,TAW,F,1.0,18ENG1,ENGR,ALPNC,102,240,90,2021-01-06,2021-01-06,2021-01-06,,,,H,EG08,PG03,101786.0,Operations
101317,2021-07-13,2021-07-13,A,TAW,F,1.0,19ENG2,ENGR,ALPNC,102,240,90,2021-01-06,2021-01-06,2021-07-13,,,,H,EG01,PG03,101786.0,Operations
101317,2021-12-22,2021-12-22,T,TAW,F,1.0,19ENG2,ENGR,ALPNC,102,240,90,2021-01-06,2021-01-06,2021-07-13,2021-12-22,207,I,H,EG01,PG03,101786.0,Operations
101318,2021-01-08,2021-01-08,A,RFT,F,1.0,08ACC3,ACCTG,PRMRE,121,210,90,2021-01-08,2021-01-08,2021-01-08,,,,S,EG01,PG02,,Operations
101318,2023-12-14,2023-12-14,A,RFT,F,1.0,09ACC4,ACCTG,PRMRE,121,210,90,2021-01-08,2021-01-08,2023-12-14,,,,S,EG05,PG02,,Operations
101318,2025-08-11,2025-08-11,L,RFT,F,1.0,09ACC4,ACCTG,PRMRE,121,210,90,2021-01-08,2021-01-08,2023-12-14,,,,S,EG05,PG02,,Operations
101318,2025-11-06,2025-11-06,A,RFT,F,1.0,09ACC4,ACCTG,PRMRE,121,210,90,2021-01-08,2021-01-08,2023-12-14,,,,S,EG05,PG02,,Operations
101319,2021-01-08,2021-01-08,A,RFT,F,1.0,43SAL3,SALES,NRTHP,103,180,20,2021-01-08,2021-01-08,2021-01-08,,,,S,EG10,PG05,,Operations
101319,2023-06-21,2023-06-21,T,RFT,F,1.0,43SAL3,SALES,NRTHP,103,180,20,2021-01-08,2021-01-08,2021-01-08,2023-06-21,200,I,S,EG10,PG05,,Operations
101320,2021-01-08,2021-01-08,A,RFT,F,1.0,78ANL2,ANLYT,PRMRE,100,50,100,2021-01-08,2021-01-08,2021-01-08,,,,S,EG04,PG02,101996.0,Operations
101320,2021-05-16,2021-05-16,A,RFT,F,1.0,79ANL3,ANLYT,PRMRE,100,50,100,2021-01-08,2021-01-08,2021-05-16,,,,S,EG10,PG02,101996.0,Operations
101320,2023-02-10,2023-02-10,T,RFT,F,1.0,79ANL3,ANLYT,PRMRE,100,50,100,2021-01-08,2021-01-08,2021-05-16,2023-02-10,200,I,S,EG10,PG02,101996.0,Operations
101321,2021-01-08,2021-01-08,A,RFT,F,1.0,94LEG2,LEGAL,PRMRE,122,40,110,2021-01-08,2021-01-08,2021-01-08,,,,H,EG02,PG02,101880.0,Operations
101321,2021-02-18,2021-02-18,A,RFT,F,1.0,95LEG3,LEGAL,PRMRE,122,40,110,2021-01-08,2021-01-08,2021-02-18,,,,H,EG05,PG02,101880.0,Operations
101321,2021-06-19,2021-06-19,T,RFT,F,1.0,95LEG3,LEGAL,PRMRE,122,40,110,2021-01-08,2021-01-08,2021-02-18,2021-06-19,102,V,H,EG05,PG02,101880.0,Operations
101322,2021-01-08,2021-01-08,A,RFT,F,1.0,79ANL3,ANLYT,WSTMF,115,240,70,2021-01-08,2021-01-08,2021-01-08,,,,S,EG10,PG03,102901.0,Operations
101322,2021-06-20,2021-06-20,T,RFT,F,1.0,79ANL3,ANLYT,WSTMF,115,240,70,2021-01-08,2021-01-08,2021-01-08,2021-06-20,200,I,S,EG10,PG03,102901.0,Operations
101323,2021-01-14,2021-01-14,A,RPT,P,0.44,62WHS3,WHSE,PRMRE,117,130,50,2021-01-14,2021-01-14,2021-01-14,,,,S,EG01,PG02,,Operations
101323,2022-09-06,2022-09-06,A,RPT,P,0.44,63WHS4,WHSE,PRMRE,117,130,50,2021-01-14,2021-01-14,2022-09-06,,,,S,EG10,PG02,,Operations
101323,2025-03-26,2025-03-26,A,RPT,P,0.44,64WHS5,WHSE,PRMRE,117,130,50,2021-01-14,2021-01-14,2025-03-26,,,,S,EG03,PG02,,Operations
101323,2025-05-13,2025-05-13,A,RPT,P,0.44,53OPS6,OPS,PRMRE,117,130,50,2021-01-14,2021-01-14,2025-05-13,,,,S,EG02,PG02,,Operations
101324,2021-01-15,2021-01-15,A,TAW,F,1.0,65TEC1,TECH,ALPNC,119,140,120,2021-01-15,2021-01-15,2021-01-15,,,,H,EG08,PG03,102516.0,Operations
101325,2021-01-15,2021-01-15,A,RFT,F,1.0,78ANL2,ANLYT,ALPNC,112,140,20,2021-01-15,2021-01-15,2021-01-15,,,,S,EG04,PG03,101053.0,Operations
101325,2021-07-31,2021-07-31,T,RFT,F,1.0,78ANL2,ANLYT,ALPNC,112,140,20,2021-01-15,2021-01-15,2021-01-15,2021-07-31,101,V,S,EG04,PG03,101053.0,Operations
101326,2021-01-15,2021-01-15,A,RFT,F,1.0,77ANL1,ANLYT,WSTMF,106,220,10,2021-01-15,2021-01-15,2021-01-15,,,,H,EG04,PG03,102083.0,Operations
101326,2022-06-26,2022-06-26,T,RFT,F,1.0,77ANL1,ANLYT,WSTMF,106,220,10,2021-01-15,2021-01-15,2021-01-15,2022-06-26,101,V,H,EG04,PG03,102083.0,Operations
101327,2021-01-15,2021-01-15,A,RFT,F,1.0,96LEG4,LEGAL,WSTMF,111,40,100,2021-01-15,2021-01-15,2021-01-15,,,,S,EG10,PG03,101448.0,Operations
101327,2021-01-23,2021-01-23,L,RFT,F,1.0,96LEG4,LEGAL,WSTMF,111,40,100,2021-01-15,2021-01-15,2021-01-15,,,,S,EG10,PG03,101448.0,Operations
101327,2021-05-25,2021-05-25,A,RFT,F,1.0,96LEG4,LEGAL,WSTMF,111,40,100,2021-01-15,2021-01-15,2021-01-15,,,,S,EG10,PG03,101448.0,Operations
101327,2025-11-11,2025-11-11,T,RFT,F,1.0,96LEG4,LEGAL,WSTMF,111,40,100,2021-01-15,2021-01-15,2021-01-15,2025-11-11,102,V,S,EG10,PG03,101448.0,Operations
101328,2021-01-15,2021-01-15,A,RFT,F,1.0,42SAL2,SALES,WSTMF,106,90,80,2021-01-15,2021-01-15,2021-01-15,,,,S,EG10,PG03,101941.0,Operations
101328,2021-05-29,2021-05-29,T,RFT,F,1.0,42SAL2,SALES,WSTMF,106,90,80,2021-01-15,2021-01-15,2021-01-15,2021-05-29,100,V,S,EG10,PG03,101941.0,Operations
101329,2021-01-18,2021-01-18,A,RFT,F,1.0,41SAL1,SALES,PRMRE,124,170,70,2021-01-18,2021-01-18,2021-01-18,,,,S,EG08,PG02,102836.0,Operations
101329,2021-09-19,2021-09-19,T,RFT,F,1.0,41SAL1,SALES,PRMRE,124,170,70,2021-01-18,2021-01-18,2021-01-18,2021-09-19,101,V,S,EG08,PG02,102836.0,Operations
101330,2021-01-18,2021-01-18,A,RFT,F,1.0,70MKT1,MKTG,WSTMF,111,190,60,2021-01-18,2021-01-18,2021-01-18,,,,S,EG04,PG03,101390.0,Operations
101330,2024-02-14,2024-02-14,T,RFT,F,1.0,70MKT1,MKTG,WSTMF,111,190,60,2021-01-18,2021-01-18,2021-01-18,2024-02-14,100,V,S,EG04,PG03,101390.0,Operations
101331,2021-01-20,2021-01-20,A,RFT,F,1.0,26HR2,HR,PRMRE,123,50,40,2021-01-20,2021-01-20,2021-01-20,,,,H,EG03,PG02,100075.0,Operations
101331,2022-12-15,2022-12-15,L,RFT,F,1.0,26HR2,HR,PRMRE,123,50,40,2021-01-20,2021-01-20,2021-01-20,,,,H,EG03,PG02,100075.0,Operations
101331,2023-06-09,2023-06-09,A,RFT,F,1.0,26HR2,HR,PRMRE,123,50,40,2021-01-20,2021-01-20,2021-01-20,,,,H,EG03,PG02,100075.0,Operations
101331,2025-06-09,2025-06-09,A,RFT,F,1.0,27HR3,HR,PRMRE,123,50,40,2021-01-20,2021-01-20,2025-06-09,,,,H,EG02,PG02,100075.0,Operations
101332,2021-01-21,2021-01-21,A,RFT,F,1.0,57TRD3,TRD,NRTHP,115,240,30,2021-01-21,2021-01-21,2021-01-21,,,,S,EG02,PG05,102901.0,Operations
101332,2024-06-04,2024-06-04,T,RFT,F,1.0,57TRD3,TRD,NRTHP,115,240,30,2021-01-21,2021-01-21,2021-01-21,2024-06-04,207,I,S,EG02,PG05,102901.0,Operations
101333,2021-01-21,2021-01-21,A,RFT,F,1.0,26HR2,HR,NRTHP,115,30,110,2021-01-21,2021-01-21,2021-01-21,,,,H,EG03,PG05,102360.0,Operations
101333,2024-11-20,2024-11-20,A,RFT,F,1.0,27HR3,HR,NRTHP,115,30,110,2021-01-21,2021-01-21,2024-11-20,,,,H,EG02,PG05,102360.0,Operations
101334,2021-01-22,2021-01-22,A,RFT,F,1.0,79ANL3,ANLYT,WSTMF,110,70,40,2021-01-22,2021-01-22,2021-01-22,,,,S,EG10,PG03,,Operations
101335,2021-01-22,2021-01-22,A,RFT,F,1.0,70MKT1,MKTG,PRMRE,115,140,100,2021-01-22,2021-01-22,2021-01-22,,,,H,EG04,PG02,102983.0,Operations
101335,2021-08-06,2021-08-06,T,RFT,F,1.0,70MKT1,MKTG,PRMRE,115,140,100,2021-01-22,2021-01-22,2021-01-22,2021-08-06,202,V,H,EG04,PG02,102983.0,Operations
101336,2021-01-22,2021-01-22,A,RFT,F,1.0,05ACC1,ACCTG,WSTMF,106,50,20,2021-01-22,2021-01-22,2021-01-22,,,,S,EG05,PG03,,Operations
101337,2021-01-26,2021-01-26,A,RFT,F,1.0,78ANL2,ANLYT,PRMRE,123,10,80,2021-01-26,2021-01-26,2021-01-26,,,,H,EG04,PG02,102401.0,Operations
101338,2021-01-27,2021-01-27,A,RFT,F,1.0,01ADM1,ADMIN,PRMRE,122,110,20,2021-01-27,2021-01-27,2021-01-27,,,,S,EG05,PG02,100644.0,Operations
101338,2023-06-26,2023-06-26,L,RFT,F,1.0,01ADM1,ADMIN,PRMRE,122,110,20,2021-01-27,2021-01-27,2021-01-27,,,,S,EG05,PG02,100644.0,Operations
101338,2023-10-15,2023-10-15,A,RFT,F,1.0,01ADM1,ADMIN,PRMRE,122,110,20,2021-01-27,2021-01-27,2021-01-27,,,,S,EG05,PG02,100644.0,Operations
101339,2021-01-27,2021-01-27,A,RFT,F,1.0,14CSR2,CSR,WSTMF,118,130,120,2021-01-27,2021-01-27,2021-01-27,,,,H,EG06,PG03,100080.0,Operations
101339,2024-10-22,2024-10-22,T,RFT,F,1.0,14CSR2,CSR,WSTMF,118,130,120,2021-01-27,2021-01-27,2021-01-27,2024-10-22,100,V,H,EG06,PG03,100080.0,Operations
101340,2021-02-01,2021-02-01,A,RFT,F,1.0,01ADM1,ADMIN,NRTHP,117,240,10,2021-02-01,2021-02-01,2021-02-01,,,,H,EG05,PG05,102886.0,Operations
101340,2022-02-27,2022-02-27,T,RFT,F,1.0,01ADM1,ADMIN,NRTHP,117,240,10,2021-02-01,2021-02-01,2021-02-01,2022-02-27,100,V,H,EG05,PG05,102886.0,Operations
101341,2021-02-03,2021-02-03,A,CON,F,1.0,05ACC1,ACCTG,WSTMF,107,130,90,2021-02-03,2021-02-03,2021-02-03,,,,H,EG05,PG03,,Operations
101341,2022-08-11,2022-08-11,A,CON,F,1.0,07ACC2,ACCTG,WSTMF,107,130,90,2021-02-03,2021-02-03,2022-08-11,,,,H,EG03,PG03,,Operations
101341,2025-04-25,2025-04-25,A,CON,F,1.0,34IT2,IT,WSTMF,107,130,90,2021-02-03,2021-02-03,2025-04-25,,,,H,EG08,PG03,,Operations
101342,2021-02-05,2021-02-05,A,CON,F,1.0,06ACC1,ACCTG,ALPNC,112,120,40,2021-02-05,2021-02-05,2021-02-05,,,,H,EG09,PG03,101486.0,Operations
101342,2021-09-23,2021-09-23,T,CON,F,1.0,06ACC1,ACCTG,ALPNC,112,120,40,2021-02-05,2021-02-05,2021-02-05,2021-09-23,200,I,H,EG09,PG03,101486.0,Operations
101343,2021-02-05,2021-02-05,A,RPT,P,0.49,77ANL1,ANLYT,NRTHP,115,230,120,2021-02-05,2021-02-05,2021-02-05,,,,H,EG04,PG05,101987.0,Operations
101344,2021-02-05,2021-02-05,A,RFT,F,1.0,13CSR1,CSR,WSTMF,111,240,10,2021-02-05,2021-02-05,2021-02-05,,,,H,EG01,PG03,100802.0,Operations
101344,2021-08-22,2021-08-22,T,RFT,F,1.0,13CSR1,CSR,WSTMF,111,240,10,2021-02-05,2021-02-05,2021-02-05,2021-08-22,100,V,H,EG01,PG03,100802.0,Operations
101345,2021-02-08,2021-02-08,A,RFT,F,1.0,45SAL5,SALES,ALPNC,121,220,10,2021-02-08,2021-02-08,2021-02-08,,,,S,EG06,PG03,,Operations
101345,2022-01-07,2022-01-07,A,RFT,F,1.0,46SAL6,SALES,ALPNC,121,220,10,2021-02-08,2021-02-08,2022-01-07,,,,S,EG05,PG03,,Operations
101345,2025-07-07,2025-07-07,T,RFT,F,1.0,46SAL6,SALES,ALPNC,121,220,10,2021-02-08,2021-02-08,2022-01-07,2025-07-07,100,V,S,EG05,PG03,,Operations
101346,2021-02-09,2021-02-09,A,CON,F,1.0,32IT1,IT,ALPNC,102,160,80,2021-02-09,2021-02-09,2021-02-09,,,,H,EG03,PG03,101777.0,Operations
101346,2021-06-17,2021-06-17,T,CON,F,1.0,32IT1,IT,ALPNC,102,160,80,2021-02-09,2021-02-09,2021-02-09,2021-06-17,100,V,H,EG03,PG03,101777.0,Operations
101347,2021-02-09,2021-02-09,A,RPT,P,0.69,70MKT1,MKTG,PRMRE,124,150,70,2021-02-09,2021-02-09,2021-02-09,,,,S,EG04,PG02,,Operations
101347,2022-09-29,2022-09-29,L,RPT,P,0.69,70MKT1,MKTG,PRMRE,124,150,70,2021-02-09,2021-02-09,2021-02-09,,,,S,EG04,PG02,,Operations
101347,2023-03-26,2023-03-26,A,RPT,P,0.69,70MKT1,MKTG,PRMRE,124,150,70,2021-02-09,2021-02-09,2021-02-09,,,,S,EG04,PG02,,Operations
101347,2026-01-09,2026-01-09,A,RPT,P,0.69,60WHS1,WHSE,PRMRE,124,150,70,2021-02-09,2021-02-09,2026-01-09,,,,S,EG06,PG02,,Operations
101348,2021-02-09,2021-02-09,A,RFT,F,1.0,42SAL2,SALES,NRTHP,121,190,110,2021-02-09,2021-02-09,2021-02-09,,,,H,EG10,PG05,100421.0,Operations
101348,2021-10-17,2021-10-17,T,RFT,F,1.0,42SAL2,SALES,NRTHP,121,190,110,2021-02-09,2021-02-09,2021-02-09,2021-10-17,100,V,H,EG10,PG05,100421.0,Operations
101349,2021-02-10,2021-02-10,A,RPT,F,0.75,57TRD3,TRD,PRMRE,116,80,110,2021-02-10,2021-02-10,2021-02-10,,,,S,EG02,PG02,,Operations
101350,2021-02-11,2021-02-11,A,RFT,F,1.0,05ACC1,ACCTG,WSTMF,110,80,10,2021-02-11,2021-02-11,2021-02-11,,,,H,EG05,PG03,100584.0,Operations
101350,2025-07-19,2025-07-19,T,RFT,F,1.0,05ACC1,ACCTG,WSTMF,110,80,10,2021-02-11,2021-02-11,2021-02-11,2025-07-19,101,V,H,EG05,PG03,100584.0,Operations
101351,2021-02-12,2021-02-12,A,RFT,F,1.0,79ANL3,ANLYT,NRTHP,108,230,40,2021-02-12,2021-02-12,2021-02-12,,,,S,EG10,PG05,,Operations
101352,2021-02-12,2021-02-12,A,RFT,F,1.0,32IT1,IT,NRTHP,114,180,30,2021-02-12,2021-02-12,2021-02-12,,,,H,EG03,PG05,102185.0,Operations
101352,2023-04-03,2023-04-03,T,RFT,F,1.0,32IT1,IT,NRTHP,114,180,30,2021-02-12,2021-02-12,2021-02-12,2023-04-03,100,V,H,EG03,PG05,102185.0,Operations
101353,2021-02-12,2021-02-12,A,RFT,F,1.0,89PRO2,PROJ,PRMRE,116,130,60,2021-02-12,2021-02-12,2021-02-12,,,,H,EG06,PG02,100069.0,Operations
101354,2021-02-15,2021-02-15,A,RFT,F,1.0,84SUP5,SUPV,ALPNC,124,20,60,2021-02-15,2021-02-15,2021-02-15,,,,S,EG07,PG03,,Operations
101354,2022-02-22,2022-02-22,A,RFT,F,1.0,88EXE6,EXEC,ALPNC,124,20,60,2021-02-15,2021-02-15,2022-02-22,,,,S,EG08,PG03,,Operations
101354,2024-05-22,2024-05-22,T,RFT,F,1.0,88EXE6,EXEC,ALPNC,124,20,60,2021-02-15,2021-02-15,2022-02-22,2024-05-22,200,I,S,EG08,PG03,,Operations
101355,2021-02-16,2021-02-16,A,RFT,F,1.0,02ADM2,ADMIN,WSTMF,111,100,110,2021-02-16,2021-02-16,2021-02-16,,,,H,EG04,PG03,,Operations
101355,2021-04-28,2021-04-28,L,RFT,F,1.0,02ADM2,ADMIN,WSTMF,111,100,110,2021-02-16,2021-02-16,2021-02-16,,,,H,EG04,PG03,,Operations
101355,2021-08-16,2021-08-16,A,RFT,F,1.0,02ADM2,ADMIN,WSTMF,111,100,110,2021-02-16,2021-02-16,2021-02-16,,,,H,EG04,PG03,,Operations
101355,2021-09-11,2021-09-11,T,RFT,F,1.0,02ADM2,ADMIN,WSTMF,111,100,110,2021-02-16,2021-02-16,2021-02-16,2021-09-11,200,I,H,EG04,PG03,,Operations
101356,2021-02-16,2021-02-16,A,RFT,F,1.0,87EXE7,EXEC,ALPNC,111,220,100,2021-02-16,2021-02-16,2021-02-16,,,,S,EG01,PG03,,Operations
101357,2021-02-17,2021-02-17,A,RPT,P,0.61,13CSR1,CSR,PRMRE,117,20,20,2021-02-17,2021-02-17,2021-02-17,,,,S,EG01,PG02,102028.0,Operations
101357,2021-04-23,2021-04-23,T,RPT,P,0.61,13CSR1,CSR,PRMRE,117,20,20,2021-02-17,2021-02-17,2021-02-17,2021-04-23,100,V,S,EG01,PG02,102028.0,Operations
101358,2021-02-17,2021-02-17,A,RFT,F,1.0,34IT2,IT,ALPNC,114,70,30,2021-02-17,2021-02-17,2021-02-17,,,,H,EG08,PG03,,Operations
101358,2024-05-26,2024-05-26,A,RFT,F,1.0,26HR2,HR,ALPNC,114,70,30,2021-02-17,2021-02-17,2024-05-26,,,,H,EG03,PG03,,Operations
101359,2021-02-18,2021-02-18,A,RFT,F,1.0,07ACC2,ACCTG,PRMRE,118,70,30,2021-02-18,2021-02-18,2021-02-18,,,,S,EG03,PG02,,Operations
101359,2021-06-14,2021-06-14,T,RFT,F,1.0,07ACC2,ACCTG,PRMRE,118,70,30,2021-02-18,2021-02-18,2021-02-18,2021-06-14,100,V,S,EG03,PG02,,Operations
101360,2021-02-19,2021-02-19,A,RFT,F,1.0,13CSR1,CSR,NRTHP,117,220,100,2021-02-19,2021-02-19,2021-02-19,,,,H,EG01,PG05,101599.0,Operations
101360,2022-10-10,2022-10-10,A,RFT,F,1.0,14CSR2,CSR,NRTHP,117,220,100,2021-02-19,2021-02-19,2022-10-10,,,,H,EG06,PG05,101599.0,Operations
101360,2024-06-20,2024-06-20,A,RFT,F,1.0,78ANL2,ANLYT,NRTHP,117,220,100,2021-02-19,2021-02-19,2024-06-20,,,,H,EG04,PG05,101599.0,Operations
101361,2021-02-24,2021-02-24,A,RFT,F,1.0,89PRO2,PROJ,PRMRE,105,20,40,2021-02-24,2021-02-24,2021-02-24,,,,H,EG06,PG02,,Operations
101361,2025-08-21,2025-08-21,T,RFT,F,1.0,89PRO2,PROJ,PRMRE,105,20,40,2021-02-24,2021-02-24,2021-02-24,2025-08-21,100,V,H,EG06,PG02,,Operations
101362,2021-02-24,2021-02-24,A,RPT,P,0.51,14CSR2,CSR,PRMRE,124,80,30,2021-02-24,2021-02-24,2021-02-24,,,,H,EG06,PG02,101078.0,Operations
101363,2021-02-25,2021-02-25,A,RFT,F,1.0,77ANL1,ANLYT,NRTHP,122,180,80,2021-02-25,2021-02-25,2021-02-25,,,,H,EG04,PG05,101289.0,Operations
101363,2021-10-01,2021-10-01,A,RFT,F,1.0,78ANL2,ANLYT,NRTHP,122,180,80,2021-02-25,2021-02-25,2021-10-01,,,,H,EG04,PG05,101289.0,Operations
101363,2023-04-16,2023-04-16,T,RFT,F,1.0,78ANL2,ANLYT,NRTHP,122,180,80,2021-02-25,2021-02-25,2021-10-01,2023-04-16,202,V,H,EG04,PG05,101289.0,Operations
101364,2021-02-26,2021-02-26,A,RFT,F,1.0,35IT3,IT,WSTMF,118,230,120,2021-02-26,2021-02-26,2021-02-26,,,,S,EG08,PG03,,Operations
101364,2022-11-19,2022-11-19,T,RFT,F,1.0,35IT3,IT,WSTMF,118,230,120,2021-02-26,2021-02-26,2021-02-26,2022-11-19,100,V,S,EG08,PG03,,Operations
101365,2021-02-26,2021-02-26,A,RFT,F,1.0,01ADM1,ADMIN,WSTMF,105,220,80,2021-02-26,2021-02-26,2021-02-26,,,,H,EG05,PG03,102443.0,Operations
101365,2025-05-11,2025-05-11,T,RFT,F,1.0,01ADM1,ADMIN,WSTMF,105,220,80,2021-02-26,2021-02-26,2021-02-26,2025-05-11,100,V,H,EG05,PG03,102443.0,Operations
101366,2021-02-26,2021-02-26,A,TAW,F,1.0,65TEC1,TECH,NRTHP,122,30,110,2021-02-26,2021-02-26,2021-02-26,,,,H,EG08,PG05,101967.0,Operations
101367,2021-02-26,2021-02-26,A,RFT,F,1.0,20ENG3,ENGR,WSTMF,113,180,120,2021-02-26,2021-02-26,2021-02-26,,,,S,EG03,PG03,,Operations
101367,2024-04-18,2024-04-18,T,RFT,F,1.0,20ENG3,ENGR,WSTMF,113,180,120,2021-02-26,2021-02-26,2021-02-26,2024-04-18,200,I,S,EG03,PG03,,Operations
101368,2021-02-26,2021-02-26,A,RFT,F,1.0,95LEG3,LEGAL,NRTHP,124,70,40,2021-02-26,2021-02-26,2021-02-26,,,,S,EG05,PG05,102457.0,Operations
101369,2021-02-26,2021-02-26,A,RFT,F,1.0,77ANL1,ANLYT,NRTHP,124,120,80,2021-02-26,2021-02-26,2021-02-26,,,,H,EG04,PG05,101806.0,Operations
101369,2022-11-24,2022-11-24,T,RFT,F,1.0,77ANL1,ANLYT,NRTHP,124,120,80,2021-02-26,2021-02-26,2021-02-26,2022-11-24,207,I,H,EG04,PG05,101806.0,Operations
101370,2021-03-02,2021-03-02,A,RFT,F,1.0,39IT6,IT,WSTMF,122,70,40,2021-03-02,2021-03-02,2021-03-02,,,,S,EG03,PG03,,Operations
101370,2025-09-27,2025-09-27,A,RFT,F,1.0,40IT7,IT,WSTMF,122,70,40,2021-03-02,2021-03-02,2025-09-27,,,,S,EG05,PG03,,Operations
101371,2021-03-05,2021-03-05,A,RFT,F,1.0,06ACC1,ACCTG,NRTHP,121,120,40,2021-03-05,2021-03-05,2021-03-05,,,,H,EG09,PG05,101473.0,Operations
101371,2022-08-21,2022-08-21,A,RFT,F,1.0,07ACC2,ACCTG,NRTHP,121,120,40,2021-03-05,2021-03-05,2022-08-21,,,,H,EG03,PG05,101473.0,Operations
101371,2023-10-28,2023-10-28,A,RFT,F,1.0,08ACC3,ACCTG,NRTHP,121,120,40,2021-03-05,2021-03-05,2023-10-28,,,,H,EG01,PG05,101473.0,Operations
101371,2025-09-14,2025-09-14,A,RFT,F,1.0,35IT3,IT,NRTHP,121,120,40,2021-03-05,2021-03-05,2025-09-14,,,,H,EG08,PG05,101473.0,Operations
101372,2021-03-05,2021-03-05,A,RFT,F,1.0,48OPS1,OPS,ALPNC,102,90,90,2021-03-05,2021-03-05,2021-03-05,,,,S,EG03,PG03,102610.0,Operations
101372,2024-08-31,2024-08-31,A,RFT,F,1.0,49OPS2,OPS,ALPNC,102,90,90,2021-03-05,2021-03-05,2024-08-31,,,,S,EG05,PG03,102610.0,Operations
101373,2021-03-08,2021-03-08,A,RFT,F,1.0,61WHS2,WHSE,WSTMF,106,220,50,2021-03-08,2021-03-08,2021-03-08,,,,H,EG01,PG03,,Operations
101373,2024-10-27,2024-10-27,A,RFT,F,1.0,62WHS3,WHSE,WSTMF,106,220,50,2021-03-08,2021-03-08,2024-10-27,,,,H,EG01,PG03,,Operations
101373,2025-05-14,2025-05-14,A,RFT,F,1.0,63WHS4,WHSE,WSTMF,106,220,50,2021-03-08,2021-03-08,2025-05-14,,,,H,EG10,PG03,,Operations
101374,2021-03-08,2021-03-08,A,RFT,F,1.0,56TRD2,TRD,NRTHP,112,200,50,2021-03-08,2021-03-08,2021-03-08,,,,S,EG02,PG05,,Operations
101374,2021-11-24,2021-11-24,T,RFT,F,1.0,56TRD2,TRD,NRTHP,112,200,50,2021-03-08,2021-03-08,2021-03-08,2021-11-24,103,V,S,EG02,PG05,,Operations
101375,2021-03-11,2021-03-11,A,RFT,F,1.0,85SUP5,SUPV,PRMRE,117,200,40,2021-03-11,2021-03-11,2021-03-11,,,,S,EG01,PG02,,Operations
101376,2021-03-11,2021-03-11,A,RFT,F,1.0,02ADM2,ADMIN,NRTHP,113,10,120,2021-03-11,2021-03-11,2021-03-11,,,,H,EG04,PG05,,Operations
101376,2022-04-25,2022-04-25,T,RFT,F,1.0,02ADM2,ADMIN,NRTHP,113,10,120,2021-03-11,2021-03-11,2021-03-11,2022-04-25,102,V,H,EG04,PG05,,Operations
101377,2021-03-11,2021-03-11,A,RFT,F,1.0,02ADM2,ADMIN,WSTMF,115,170,100,2021-03-11,2021-03-11,2021-03-11,,,,S,EG04,PG03,102467.0,Operations
101377,2021-05-21,2021-05-21,L,RFT,F,1.0,02ADM2,ADMIN,WSTMF,115,170,100,2021-03-11,2021-03-11,2021-03-11,,,,S,EG04,PG03,102467.0,Operations
101377,2021-09-22,2021-09-22,A,RFT,F,1.0,02ADM2,ADMIN,WSTMF,115,170,100,2021-03-11,2021-03-11,2021-03-11,,,,S,EG04,PG03,102467.0,Operations
101377,2021-12-11,2021-12-11,A,RFT,F,1.0,03ADM3,ADMIN,WSTMF,115,170,100,2021-03-11,2021-03-11,2021-12-11,,,,S,EG07,PG03,102467.0,Operations
101377,2022-09-03,2022-09-03,A,RFT,F,1.0,04ADM4,ADMIN,WSTMF,115,170,100,2021-03-11,2021-03-11,2022-09-03,,,,S,EG06,PG03,102467.0,Operations
101377,2024-12-20,2024-12-20,T,RFT,F,1.0,04ADM4,ADMIN,WSTMF,115,170,100,2021-03-11,2021-03-11,2022-09-03,2024-12-20,202,V,S,EG06,PG03,102467.0,Operations
101378,2021-03-12,2021-03-12,A,RFT,F,1.0,37IT4,IT,ALPNC,114,60,110,2021-03-12,2021-03-12,2021-03-12,,,,S,EG04,PG03,,Operations
101379,2021-03-12,2021-03-12,A,CON,F,1.0,06ACC1,ACCTG,NRTHP,124,40,60,2021-03-12,2021-03-12,2021-03-12,,,,H,EG09,PG05,,Operations
101379,2025-07-22,2025-07-22,T,CON,F,1.0,06ACC1,ACCTG,NRTHP,124,40,60,2021-03-12,2021-03-12,2021-03-12,2025-07-22,100,V,H,EG09,PG05,,Operations
101380,2021-03-12,2021-03-12,A,RFT,F,1.0,65TEC1,TECH,ALPNC,104,30,40,2021-03-12,2021-03-12,2021-03-12,,,,H,EG08,PG03,102699.0,Operations
101381,2021-03-12,2021-03-12,A,RFT,F,1.0,07ACC2,ACCTG,WSTMF,105,30,70,2021-03-12,2021-03-12,2021-03-12,,,,H,EG03,PG03,101914.0,Operations
101381,2021-05-22,2021-05-22,T,RFT,F,1.0,07ACC2,ACCTG,WSTMF,105,30,70,2021-03-12,2021-03-12,2021-03-12,2021-05-22,100,V,H,EG03,PG03,101914.0,Operations
101382,2021-03-12,2021-03-12,A,RPT,F,0.78,48OPS1,OPS,NRTHP,118,70,40,2021-03-12,2021-03-12,2021-03-12,,,,H,EG03,PG05,,Operations
101383,2021-03-12,2021-03-12,A,RFT,F,1.0,06ACC1,ACCTG,WSTMF,106,110,30,2021-03-12,2021-03-12,2021-03-12,,,,H,EG09,PG03,,Operations
101383,2021-11-07,2021-11-07,T,RFT,F,1.0,06ACC1,ACCTG,WSTMF,106,110,30,2021-03-12,2021-03-12,2021-03-12,2021-11-07,207,I,H,EG09,PG03,,Operations
101384,2021-03-15,2021-03-15,A,RFT,F,1.0,20ENG3,ENGR,PRMRE,123,50,40,2021-03-15,2021-03-15,2021-03-15,,,,S,EG03,PG02,100075.0,Operations
101385,2021-03-15,2021-03-15,A,CON,F,1.0,13CSR1,CSR,ALPNC,111,110,90,2021-03-15,2021-03-15,2021-03-15,,,,H,EG01,PG03,100019.0,Operations
101385,2021-05-19,2021-05-19,T,CON,F,1.0,13CSR1,CSR,ALPNC,111,110,90,2021-03-15,2021-03-15,2021-03-15,2021-05-19,205,I,H,EG01,PG03,100019.0,Operations
101386,2021-03-16,2021-03-16,A,RFT,F,1.0,66TEC2,TECH,NRTHP,114,180,110,2021-03-16,2021-03-16,2021-03-16,,,,H,EG04,PG05,102185.0,Operations
101386,2023-12-03,2023-12-03,T,RFT,F,1.0,66TEC2,TECH,NRTHP,114,180,110,2021-03-16,2021-03-16,2021-03-16,2023-12-03,101,V,H,EG04,PG05,102185.0,Operations
101387,2021-03-16,2021-03-16,A,RFT,F,1.0,19ENG2,ENGR,PRMRE,123,20,60,2021-03-16,2021-03-16,2021-03-16,,,,H,EG01,PG02,,Operations
101387,2022-06-02,2022-06-02,A,RFT,F,1.0,61WHS2,WHSE,PRMRE,123,20,60,2021-03-16,2021-03-16,2022-06-02,,,,H,EG01,PG02,,Operations
101387,2023-12-18,2023-12-18,A,RFT,F,1.0,14CSR2,CSR,PRMRE,123,20,60,2021-03-16,2021-03-16,2023-12-18,,,,H,EG06,PG02,,Operations
101388,2021-03-16,2021-03-16,A,RFT,F,1.0,71MKT2,MKTG,PRMRE,102,170,10,2021-03-16,2021-03-16,2021-03-16,,,,H,EG10,PG02,101871.0,Operations
101388,2021-04-12,2021-04-12,T,RFT,F,1.0,71MKT2,MKTG,PRMRE,102,170,10,2021-03-16,2021-03-16,2021-03-16,2021-04-12,101,V,H,EG10,PG02,101871.0,Operations
101389,2021-03-18,2021-03-18,A,RFT,F,1.0,96LEG4,LEGAL,ALPNC,100,30,100,2021-03-18,2021-03-18,2021-03-18,,,,S,EG10,PG03,,Operations
101389,2023-11-20,2023-11-20,A,RFT,F,1.0,80ANL4,ANLYT,ALPNC,100,30,100,2021-03-18,2021-03-18,2023-11-20,,,,S,EG05,PG03,,Operations
101390,2021-03-18,2021-03-18,A,CON,F,1.0,45SAL5,SALES,NRTHP,111,190,70,2021-03-18,2021-03-18,2021-03-18,,,,S,EG06,PG05,,Operations
101390,2025-11-16,2025-11-16,A,CON,F,1.0,46SAL6,SALES,NRTHP,111,190,70,2021-03-18,2021-03-18,2025-11-16,,,,S,EG05,PG05,,Operations
101391,2021-03-18,2021-03-18,A,RFT,F,1.0,72MKT3,MKTG,PRMRE,116,130,20,2021-03-18,2021-03-18,2021-03-18,,,,S,EG09,PG02,100069.0,Operations
101391,2021-12-14,2021-12-14,T,RFT,F,1.0,72MKT3,MKTG,PRMRE,116,130,20,2021-03-18,2021-03-18,2021-03-18,2021-12-14,101,V,S,EG09,PG02,100069.0,Operations
101392,2021-03-19,2021-03-19,A,RFT,F,1.0,25HR1,HR,PRMRE,117,30,120,2021-03-19,2021-03-19,2021-03-19,,,,H,EG10,PG02,102438.0,Operations
101392,2022-05-12,2022-05-12,A,RFT,F,1.0,70MKT1,MKTG,PRMRE,117,30,120,2021-03-19,2021-03-19,2022-05-12,,,,H,EG04,PG02,102438.0,Operations
101392,2022-11-12,2022-11-12,T,RFT,F,1.0,70MKT1,MKTG,PRMRE,117,30,120,2021-03-19,2021-03-19,2022-05-12,2022-11-12,101,V,H,EG04,PG02,102438.0,Operations
101393,2021-03-19,2021-03-19,A,RFT,F,1.0,26HR2,HR,WSTMF,104,220,90,2021-03-19,2021-03-19,2021-03-19,,,,S,EG03,PG03,,Operations
101393,2021-06-26,2021-06-26,T,RFT,F,1.0,26HR2,HR,WSTMF,104,220,90,2021-03-19,2021-03-19,2021-03-19,2021-06-26,100,V,S,EG03,PG03,,Operations
101394,2021-03-19,2021-03-19,A,RFT,F,1.0,48OPS1,OPS,ALPNC,116,210,40,2021-03-19,2021-03-19,2021-03-19,,,,H,EG03,PG03,101706.0,Operations
101394,2021-05-29,2021-05-29,A,RFT,F,1.0,60WHS1,WHSE,ALPNC,116,210,40,2021-03-19,2021-03-19,2021-05-29,,,,H,EG06,PG03,101706.0,Operations
101394,2024-12-07,2024-12-07,A,RFT,F,1.0,61WHS2,WHSE,ALPNC,116,210,40,2021-03-19,2021-03-19,2024-12-07,,,,H,EG01,PG03,101706.0,Operations
101395,2021-03-22,2021-03-22,A,CON,F,1.0,01ADM1,ADMIN,WSTMF,100,80,50,2021-03-22,2021-03-22,2021-03-22,,,,H,EG05,PG03,100205.0,Operations
101395,2021-04-12,2021-04-12,T,CON,F,1.0,01ADM1,ADMIN,WSTMF,100,80,50,2021-03-22,2021-03-22,2021-03-22,2021-04-12,100,V,H,EG05,PG03,100205.0,Operations
101396,2021-03-22,2021-03-22,A,RFT,F,1.0,25HR1,HR,NRTHP,104,140,20,2021-03-22,2021-03-22,2021-03-22,,,,H,EG10,PG05,100905.0,Operations
101396,2022-10-23,2022-10-23,A,RFT,F,1.0,26HR2,HR,NRTHP,104,140,20,2021-03-22,2021-03-22,2022-10-23,,,,H,EG03,PG05,100905.0,Operations
101397,2021-03-23,2021-03-23,A,RPT,P,0.69,23ENG6,ENGR,PRMRE,124,30,120,2021-03-23,2021-03-23,2021-03-23,,,,S,EG07,PG02,,Operations
101397,2021-07-17,2021-07-17,A,RPT,P,0.69,24ENG7,ENGR,PRMRE,124,30,120,2021-03-23,2021-03-23,2021-07-17,,,,S,EG02,PG02,,Operations
101397,2023-03-29,2023-03-29,A,RPT,P,0.69,31HR7,HR,PRMRE,124,30,120,2021-03-23,2021-03-23,2023-03-29,,,,S,EG03,PG02,,Operations
101397,2025-02-27,2025-02-27,L,RPT,P,0.69,31HR7,HR,PRMRE,124,30,120,2021-03-23,2021-03-23,2023-03-29,,,,S,EG03,PG02,,Operations
101397,2025-05-15,2025-05-15,A,RPT,P,0.69,31HR7,HR,PRMRE,124,30,120,2021-03-23,2021-03-23,2023-03-29,,,,S,EG03,PG02,,Operations
101398,2021-03-23,2021-03-23,A,RFT,F,1.0,55TRD1,TRD,PRMRE,124,190,50,2021-03-23,2021-03-23,2021-03-23,,,,S,EG04,PG02,,Operations
101398,2023-12-08,2023-12-08,A,RFT,F,1.0,56TRD2,TRD,PRMRE,124,190,50,2021-03-23,2021-03-23,2023-12-08,,,,S,EG02,PG02,,Operations
101399,2021-03-24,2021-03-24,A,TFT,F,1.0,07ACC2,ACCTG,NRTHP,114,60,80,2021-03-24,2021-03-24,2021-03-24,,,,H,EG03,PG05,101378.0,Operations
101399,2021-10-12,2021-10-12,T,TFT,F,1.0,07ACC2,ACCTG,NRTHP,114,60,80,2021-03-24,2021-03-24,2021-03-24,2021-10-12,101,V,H,EG03,PG05,101378.0,Operations
101400,2021-03-25,2021-03-25,A,RFT,F,1.0,46SAL6,SALES,WSTMF,118,10,110,2021-03-25,2021-03-25,2021-03-25,,,,S,EG05,PG03,,Operations
101400,2021-06-12,2021-06-12,A,RFT,F,1.0,97LEG6,LEGAL,WSTMF,118,10,110,2021-03-25,2021-03-25,2021-06-12,,,,S,EG07,PG03,,Operations
101400,2023-04-08,2023-04-08,T,RFT,F,1.0,97LEG6,LEGAL,WSTMF,118,10,110,2021-03-25,2021-03-25,2021-06-12,2023-04-08,100,V,S,EG07,PG03,,Operations
101401,2021-03-25,2021-03-25,A,CON,F,1.0,62WHS3,WHSE,PRMRE,100,210,120,2021-03-25,2021-03-25,2021-03-25,,,,S,EG01,PG02,,Operations
101401,2022-06-18,2022-06-18,A,CON,F,1.0,90PRO3,PROJ,PRMRE,100,210,120,2021-03-25,2021-03-25,2022-06-18,,,,S,EG04,PG02,,Operations
101402,2021-03-26,2021-03-26,A,RFT,F,1.0,32IT1,IT,ALPNC,115,180,120,2021-03-26,2021-03-26,2021-03-26,,,,S,EG03,PG03,100860.0,Operations
101402,2021-05-14,2021-05-14,A,RFT,F,1.0,34IT2,IT,ALPNC,115,180,120,2021-03-26,2021-03-26,2021-05-14,,,,S,EG08,PG03,100860.0,Operations
101402,2025-10-21,2025-10-21,A,RFT,F,1.0,35IT3,IT,ALPNC,115,180,120,2021-03-26,2021-03-26,2025-10-21,,,,S,EG08,PG03,100860.0,Operations
101403,2021-03-26,2021-03-26,A,RFT,F,1.0,34IT2,IT,WSTMF,100,60,60,2021-03-26,2021-03-26,2021-03-26,,,,H,EG08,PG03,,Operations
101403,2021-05-16,2021-05-16,T,RFT,F,1.0,34IT2,IT,WSTMF,100,60,60,2021-03-26,2021-03-26,2021-03-26,2021-05-16,202,V,H,EG08,PG03,,Operations
101404,2021-03-26,2021-03-26,A,RFT,F,1.0,17CSR5,CSR,WSTMF,105,90,30,2021-03-26,2021-03-26,2021-03-26,,,,S,EG07,PG03,,Operations
101405,2021-03-26,2021-03-26,A,RFT,F,1.0,25HR1,HR,PRMRE,102,230,10,2021-03-26,2021-03-26,2021-03-26,,,,H,EG10,PG02,102105.0,Operations
101405,2023-10-18,2023-10-18,T,RFT,F,1.0,25HR1,HR,PRMRE,102,230,10,2021-03-26,2021-03-26,2021-03-26,2023-10-18,100,V,H,EG10,PG02,102105.0,Operations
101406,2021-03-26,2021-03-26,A,RFT,F,1.0,34IT2,IT,WSTMF,122,160,70,2021-03-26,2021-03-26,2021-03-26,,,,S,EG08,PG03,100003.0,Operations
101407,2021-03-26,2021-03-26,A,RFT,F,1.0,06ACC1,ACCTG,ALPNC,119,180,20,2021-03-26,2021-03-26,2021-03-26,,,,H,EG09,PG03,100529.0,Operations
101407,2022-04-11,2022-04-11,A,RFT,F,1.0,07ACC2,ACCTG,ALPNC,119,180,20,2021-03-26,2021-03-26,2022-04-11,,,,H,EG03,PG03,100529.0,Operations
101407,2023-04-20,2023-04-20,A,RFT,F,1.0,08ACC3,ACCTG,ALPNC,119,180,20,2021-03-26,2021-03-26,2023-04-20,,,,H,EG01,PG03,100529.0,Operations
101407,2025-10-01,2025-10-01,T,RFT,F,1.0,08ACC3,ACCTG,ALPNC,119,180,20,2021-03-26,2021-03-26,2023-04-20,2025-10-01,200,I,H,EG01,PG03,100529.0,Operations
101408,2021-03-26,2021-03-26,A,RFT,F,1.0,56TRD2,TRD,ALPNC,115,80,30,2021-03-26,2021-03-26,2021-03-26,,,,S,EG02,PG03,101251.0,Operations
101408,2023-05-29,2023-05-29,A,RFT,F,1.0,57TRD3,TRD,ALPNC,115,80,30,2021-03-26,2021-03-26,2023-05-29,,,,S,EG02,PG03,101251.0,Operations
101409,2021-04-01,2021-04-01,A,RFT,F,1.0,05ACC1,ACCTG,WSTMF,105,220,110,2021-04-01,2021-04-01,2021-04-01,,,,H,EG05,PG03,102443.0,Operations
101409,2023-01-19,2023-01-19,T,RFT,F,1.0,05ACC1,ACCTG,WSTMF,105,220,110,2021-04-01,2021-04-01,2021-04-01,2023-01-19,103,V,H,EG05,PG03,102443.0,Operations
101410,2021-04-02,2021-04-02,A,RFT,F,1.0,49OPS2,OPS,ALPNC,100,90,10,2021-04-02,2021-04-02,2021-04-02,,,,S,EG05,PG03,100821.0,Operations
101410,2021-05-12,2021-05-12,T,RFT,F,1.0,49OPS2,OPS,ALPNC,100,90,10,2021-04-02,2021-04-02,2021-04-02,2021-05-12,200,I,S,EG05,PG03,100821.0,Operations
101411,2021-04-02,2021-04-02,A,RFT,F,1.0,94LEG2,LEGAL,PRMRE,116,40,30,2021-04-02,2021-04-02,2021-04-02,,,,H,EG02,PG02,,Operations
101411,2021-06-14,2021-06-14,T,RFT,F,1.0,94LEG2,LEGAL,PRMRE,116,40,30,2021-04-02,2021-04-02,2021-04-02,2021-06-14,201,I,H,EG02,PG02,,Operations
101412,2021-04-02,2021-04-02,A,CON,F,1.0,66TEC2,TECH,ALPNC,102,20,100,2021-04-02,2021-04-02,2021-04-02,,,,H,EG04,PG03,102972.0,Operations
101412,2025-09-06,2025-09-06,L,CON,F,1.0,66TEC2,TECH,ALPNC,102,20,100,2021-04-02,2021-04-02,2021-04-02,,,,H,EG04,PG03,102972.0,Operations
101413,2021-04-02,2021-04-02,A,RFT,F,1.0,65TEC1,TECH,WSTMF,104,70,30,2021-04-02,2021-04-02,2021-04-02,,,,H,EG08,PG03,100847.0,Operations
101413,2022-02-06,2022-02-06,A,RFT,F,1.0,66TEC2,TECH,WSTMF,104,70,30,2021-04-02,2021-04-02,2022-02-06,,,,H,EG04,PG03,100847.0,Operations
101413,2024-08-18,2024-08-18,T,RFT,F,1.0,66TEC2,TECH,WSTMF,104,70,30,2021-04-02,2021-04-02,2022-02-06,2024-08-18,206,I,H,EG04,PG03,100847.0,Operations
101414,2021-04-02,2021-04-02,A,RFT,F,1.0,96LEG4,LEGAL,PRMRE,123,60,80,2021-04-02,2021-04-02,2021-04-02,,,,S,EG10,PG02,,Operations
101414,2024-02-27,2024-02-27,T,RFT,F,1.0,96LEG4,LEGAL,PRMRE,123,60,80,2021-04-02,2021-04-02,2021-04-02,2024-02-27,101,V,S,EG10,PG02,,Operations
101415,2021-04-05,2021-04-05,A,RPT,P,0.52,18ENG1,ENGR,PRMRE,122,240,70,2021-04-05,2021-04-05,2021-04-05,,,,H,EG08,PG02,102139.0,Operations
101415,2021-11-18,2021-11-18,T,RPT,P,0.52,18ENG1,ENGR,PRMRE,122,240,70,2021-04-05,2021-04-05,2021-04-05,2021-11-18,202,V,H,EG08,PG02,102139.0,Operations
101416,2021-04-05,2021-04-05,A,CON,F,1.0,21ENG4,ENGR,WSTMF,106,10,100,2021-04-05,2021-04-05,2021-04-05,,,,S,EG06,PG03,,Operations
101416,2021-10-12,2021-10-12,T,CON,F,1.0,21ENG4,ENGR,WSTMF,106,10,100,2021-04-05,2021-04-05,2021-04-05,2021-10-12,100,V,S,EG06,PG03,,Operations
101417,2021-04-05,2021-04-05,A,RPT,P,0.41,89PRO2,PROJ,WSTMF,122,20,50,2021-04-05,2021-04-05,2021-04-05,,,,H,EG06,PG03,102879.0,Operations
101418,2021-04-05,2021-04-05,A,RFT,F,1.0,42SAL2,SALES,ALPNC,115,140,60,2021-04-05,2021-04-05,2021-04-05,,,,S,EG10,PG03,102983.0,Operations
101419,2021-04-09,2021-04-09,A,RPT,F,0.78,72MKT3,MKTG,PRMRE,105,80,20,2021-04-09,2021-04-09,2021-04-09,,,,S,EG09,PG02,,Operations
101420,2021-04-09,2021-04-09,A,RFT,F,1.0,19ENG2,ENGR,PRMRE,122,170,110,2021-04-09,2021-04-09,2021-04-09,,,,H,EG01,PG02,100623.0,Operations
101421,2021-04-09,2021-04-09,A,RFT,F,1.0,62WHS3,WHSE,NRTHP,115,240,20,2021-04-09,2021-04-09,2021-04-09,,,,S,EG01,PG05,102901.0,Operations
101421,2025-09-13,2025-09-13,T,RFT,F,1.0,62WHS3,WHSE,NRTHP,115,240,20,2021-04-09,2021-04-09,2021-04-09,2025-09-13,201,I,S,EG01,PG05,102901.0,Operations
101422,2021-04-09,2021-04-09,A,RFT,F,1.0,72MKT3,MKTG,NRTHP,104,120,60,2021-04-09,2021-04-09,2021-04-09,,,,S,EG09,PG05,,Operations
101422,2024-02-22,2024-02-22,A,RFT,F,1.0,73MKT4,MKTG,NRTHP,104,120,60,2021-04-09,2021-04-09,2024-02-22,,,,S,EG01,PG05,,Operations
101422,2024-08-18,2024-08-18,A,RFT,F,1.0,74MKT5,MKTG,NRTHP,104,120,60,2021-04-09,2021-04-09,2024-08-18,,,,S,EG01,PG05,,Operations
101423,2021-04-09,2021-04-09,A,RFT,F,1.0,41SAL1,SALES,WSTMF,107,130,80,2021-04-09,2021-04-09,2021-04-09,,,,H,EG08,PG03,,Operations
101423,2024-03-23,2024-03-23,A,RFT,F,1.0,42SAL2,SALES,WSTMF,107,130,80,2021-04-09,2021-04-09,2024-03-23,,,,H,EG10,PG03,,Operations
101424,2021-04-13,2021-04-13,A,CON,F,1.0,06ACC1,ACCTG,PRMRE,118,70,70,2021-04-13,2021-04-13,2021-04-13,,,,H,EG09,PG02,,Operations
101424,2022-01-23,2022-01-23,L,CON,F,1.0,06ACC1,ACCTG,PRMRE,118,70,70,2021-04-13,2021-04-13,2021-04-13,,,,H,EG09,PG02,,Operations
101424,2022-04-09,2022-04-09,A,CON,F,1.0,06ACC1,ACCTG,PRMRE,118,70,70,2021-04-13,2021-04-13,2021-04-13,,,,H,EG09,PG02,,Operations
101424,2024-10-15,2024-10-15,T,CON,F,1.0,06ACC1,ACCTG,PRMRE,118,70,70,2021-04-13,2021-04-13,2021-04-13,2024-10-15,101,V,H,EG09,PG02,,Operations
101425,2021-04-13,2021-04-13,A,RFT,F,1.0,65TEC1,TECH,ALPNC,124,190,80,2021-04-13,2021-04-13,2021-04-13,,,,H,EG08,PG03,,Operations
101426,2021-04-14,2021-04-14,A,RPT,P,0.54,25HR1,HR,ALPNC,112,210,40,2021-04-14,2021-04-14,2021-04-14,,,,H,EG10,PG03,,Operations
101426,2025-06-02,2025-06-02,A,RPT,P,0.54,05ACC1,ACCTG,ALPNC,112,210,40,2021-04-14,2021-04-14,2025-06-02,,,,H,EG05,PG03,,Operations
101427,2021-04-15,2021-04-15,A,RFT,F,1.0,81ANL5,ANLYT,PRMRE,115,20,10,2021-04-15,2021-04-15,2021-04-15,,,,S,EG01,PG02,,Operations
101427,2025-03-09,2025-03-09,A,RFT,F,1.0,82ANL6,ANLYT,PRMRE,115,20,10,2021-04-15,2021-04-15,2025-03-09,,,,S,EG10,PG02,,Operations
101428,2021-04-15,2021-04-15,A,RFT,F,1.0,91PRO4,PROJ,NRTHP,100,30,40,2021-04-15,2021-04-15,2021-04-15,,,,S,EG02,PG05,,Operations
101428,2021-10-31,2021-10-31,T,RFT,F,1.0,91PRO4,PROJ,NRTHP,100,30,40,2021-04-15,2021-04-15,2021-04-15,2021-10-31,202,V,S,EG02,PG05,,Operations
101429,2021-04-16,2021-04-16,A,RPT,P,0.41,67TEC3,TECH,WSTMF,110,30,70,2021-04-16,2021-04-16,2021-04-16,,,,S,EG10,PG03,,Operations
101430,2021-04-16,2021-04-16,A,RFT,F,1.0,89PRO2,PROJ,WSTMF,104,130,110,2021-04-16,2021-04-16,2021-04-16,,,,H,EG06,PG03,100843.0,Operations
101431,2021-04-16,2021-04-16,A,RFT,F,1.0,55TRD1,TRD,WSTMF,106,160,20,2021-04-16,2021-04-16,2021-04-16,,,,H,EG04,PG03,,Operations
101431,2024-01-15,2024-01-15,T,RFT,F,1.0,55TRD1,TRD,WSTMF,106,160,20,2021-04-16,2021-04-16,2021-04-16,2024-01-15,206,I,H,EG04,PG03,,Operations
101432,2021-04-16,2021-04-16,A,RFT,F,1.0,20ENG3,ENGR,NRTHP,120,30,50,2021-04-16,2021-04-16,2021-04-16,,,,S,EG03,PG05,,Operations
101433,2021-04-16,2021-04-16,A,RFT,F,1.0,62WHS3,WHSE,ALPNC,116,140,40,2021-04-16,2021-04-16,2021-04-16,,,,S,EG01,PG03,,Operations
101433,2022-05-17,2022-05-17,A,RFT,F,1.0,15CSR3,CSR,ALPNC,116,140,40,2021-04-16,2021-04-16,2022-05-17,,,,S,EG10,PG03,,Operations
101433,2024-03-06,2024-03-06,A,RFT,F,1.0,67TEC3,TECH,ALPNC,116,140,40,2021-04-16,2021-04-16,2024-03-06,,,,S,EG10,PG03,,Operations
101434,2021-04-16,2021-04-16,A,RPT,P,0.41,32IT1,IT,WSTMF,100,90,40,2021-04-16,2021-04-16,2021-04-16,,,,S,EG03,PG03,100821.0,Operations
101434,2023-02-08,2023-02-08,A,RPT,P,0.41,41SAL1,SALES,WSTMF,100,90,40,2021-04-16,2021-04-16,2023-02-08,,,,S,EG08,PG03,100821.0,Operations
101434,2024-01-16,2024-01-16,T,RPT,P,0.41,41SAL1,SALES,WSTMF,100,90,40,2021-04-16,2021-04-16,2023-02-08,2024-01-16,207,I,S,EG08,PG03,100821.0,Operations
101435,2021-04-16,2021-04-16,A,RFT,F,1.0,77ANL1,ANLYT,WSTMF,104,50,70,2021-04-16,2021-04-16,2021-04-16,,,,S,EG04,PG03,102316.0,Operations
101435,2022-12-18,2022-12-18,T,RFT,F,1.0,77ANL1,ANLYT,WSTMF,104,50,70,2021-04-16,2021-04-16,2021-04-16,2022-12-18,100,V,S,EG04,PG03,102316.0,Operations
101436,2021-04-19,2021-04-19,A,CON,F,1.0,90PRO3,PROJ,WSTMF,104,80,60,2021-04-19,2021-04-19,2021-04-19,,,,S,EG04,PG03,,Operations
101436,2022-09-16,2022-09-16,T,CON,F,1.0,90PRO3,PROJ,WSTMF,104,80,60,2021-04-19,2021-04-19,2021-04-19,2022-09-16,100,V,S,EG04,PG03,,Operations
101437,2021-04-20,2021-04-20,A,RFT,F,1.0,60WHS1,WHSE,PRMRE,118,170,80,2021-04-20,2021-04-20,2021-04-20,,,,H,EG06,PG02,,Operations
101437,2023-07-25,2023-07-25,A,RFT,F,1.0,77ANL1,ANLYT,PRMRE,118,170,80,2021-04-20,2021-04-20,2023-07-25,,,,H,EG04,PG02,,Operations
101437,2025-03-30,2025-03-30,A,RFT,F,1.0,70MKT1,MKTG,PRMRE,118,170,80,2021-04-20,2021-04-20,2025-03-30,,,,H,EG04,PG02,,Operations
101438,2021-04-21,2021-04-21,A,RFT,F,1.0,02ADM2,ADMIN,NRTHP,119,230,10,2021-04-21,2021-04-21,2021-04-21,,,,H,EG04,PG05,100659.0,Operations
101438,2022-09-05,2022-09-05,T,RFT,F,1.0,02ADM2,ADMIN,NRTHP,119,230,10,2021-04-21,2021-04-21,2021-04-21,2022-09-05,100,V,H,EG04,PG05,100659.0,Operations
101439,2021-04-21,2021-04-21,A,RFT,F,1.0,29HR5,HR,WSTMF,115,40,80,2021-04-21,2021-04-21,2021-04-21,,,,S,EG07,PG03,,Operations
101439,2022-09-05,2022-09-05,T,RFT,F,1.0,29HR5,HR,WSTMF,115,40,80,2021-04-21,2021-04-21,2021-04-21,2022-09-05,200,I,S,EG07,PG03,,Operations
101440,2021-04-21,2021-04-21,A,RFT,F,1.0,01ADM1,ADMIN,NRTHP,122,230,30,2021-04-21,2021-04-21,2021-04-21,,,,S,EG05,PG05,101500.0,Operations
101440,2023-12-18,2023-12-18,A,RFT,F,1.0,02ADM2,ADMIN,NRTHP,122,230,30,2021-04-21,2021-04-21,2023-12-18,,,,S,EG04,PG05,101500.0,Operations
101441,2021-04-22,2021-04-22,A,RFT,F,1.0,41SAL1,SALES,ALPNC,119,100,20,2021-04-22,2021-04-22,2021-04-22,,,,H,EG08,PG03,,Operations
101442,2021-04-23,2021-04-23,A,CON,F,1.0,66TEC2,TECH,PRMRE,117,110,30,2021-04-23,2021-04-23,2021-04-23,,,,S,EG04,PG02,,Operations
101442,2023-11-23,2023-11-23,A,CON,F,1.0,67TEC3,TECH,PRMRE,117,110,30,2021-04-23,2021-04-23,2023-11-23,,,,S,EG10,PG02,,Operations
101443,2021-04-23,2021-04-23,A,RFT,F,1.0,07ACC2,ACCTG,ALPNC,100,40,30,2021-04-23,2021-04-23,2021-04-23,,,,H,EG03,PG03,102372.0,Operations
101443,2021-05-19,2021-05-19,A,RFT,F,1.0,08ACC3,ACCTG,ALPNC,100,40,30,2021-04-23,2021-04-23,2021-05-19,,,,H,EG01,PG03,102372.0,Operations
101443,2024-05-27,2024-05-27,A,RFT,F,1.0,09ACC4,ACCTG,ALPNC,100,40,30,2021-04-23,2021-04-23,2024-05-27,,,,H,EG05,PG03,102372.0,Operations
101443,2025-12-14,2025-12-14,T,RFT,F,1.0,09ACC4,ACCTG,ALPNC,100,40,30,2021-04-23,2021-04-23,2024-05-27,2025-12-14,102,V,H,EG05,PG03,102372.0,Operations
101444,2021-04-23,2021-04-23,A,RPT,P,0.47,57TRD3,TRD,NRTHP,120,250,90,2021-04-23,2021-04-23,2021-04-23,,,,S,EG02,PG05,,Operations
101444,2021-05-13,2021-05-13,T,RPT,P,0.47,57TRD3,TRD,NRTHP,120,250,90,2021-04-23,2021-04-23,2021-04-23,2021-05-13,205,I,S,EG02,PG05,,Operations
101445,2021-04-23,2021-04-23,A,RFT,F,1.0,62WHS3,WHSE,NRTHP,114,250,110,2021-04-23,2021-04-23,2021-04-23,,,,S,EG01,PG05,,Operations
101445,2022-08-14,2022-08-14,T,RFT,F,1.0,62WHS3,WHSE,NRTHP,114,250,110,2021-04-23,2021-04-23,2021-04-23,2022-08-14,202,V,S,EG01,PG05,,Operations
101446,2021-04-26,2021-04-26,A,RFT,F,1.0,05ACC1,ACCTG,WSTMF,122,230,30,2021-04-26,2021-04-26,2021-04-26,,,,H,EG05,PG03,101500.0,Operations
101446,2023-04-28,2023-04-28,T,RFT,F,1.0,05ACC1,ACCTG,WSTMF,122,230,30,2021-04-26,2021-04-26,2021-04-26,2023-04-28,101,V,H,EG05,PG03,101500.0,Operations
101447,2021-04-28,2021-04-28,A,RFT,F,1.0,32IT1,IT,NRTHP,117,30,90,2021-04-28,2021-04-28,2021-04-28,,,,H,EG03,PG05,102438.0,Operations
101447,2023-08-04,2023-08-04,T,RFT,F,1.0,32IT1,IT,NRTHP,117,30,90,2021-04-28,2021-04-28,2021-04-28,2023-08-04,101,V,H,EG03,PG05,102438.0,Operations
101448,2021-04-28,2021-04-28,A,RFT,F,1.0,38IT5,IT,ALPNC,111,40,10,2021-04-28,2021-04-28,2021-04-28,,,,S,EG02,PG03,,Operations
101448,2024-05-11,2024-05-11,L,RFT,F,1.0,38IT5,IT,ALPNC,111,40,10,2021-04-28,2021-04-28,2021-04-28,,,,S,EG02,PG03,,Operations
101448,2024-09-09,2024-09-09,A,RFT,F,1.0,38IT5,IT,ALPNC,111,40,10,2021-04-28,2021-04-28,2021-04-28,,,,S,EG02,PG03,,Operations
101448,2024-08-05,2024-08-05,A,RFT,F,1.0,59TRD5,TRD,ALPNC,111,40,10,2021-04-28,2021-04-28,2024-08-05,,,,S,EG10,PG03,,Operations
101449,2021-04-28,2021-04-28,A,RFT,F,1.0,89PRO2,PROJ,WSTMF,111,120,30,2021-04-28,2021-04-28,2021-04-28,,,,H,EG06,PG03,101780.0,Operations
101449,2021-09-28,2021-09-28,L,RFT,F,1.0,89PRO2,PROJ,WSTMF,111,120,30,2021-04-28,2021-04-28,2021-04-28,,,,H,EG06,PG03,101780.0,Operations
101449,2021-12-02,2021-12-02,A,RFT,F,1.0,89PRO2,PROJ,WSTMF,111,120,30,2021-04-28,2021-04-28,2021-04-28,,,,H,EG06,PG03,101780.0,Operations
101449,2025-03-20,2025-03-20,A,RFT,F,1.0,90PRO3,PROJ,WSTMF,111,120,30,2021-04-28,2021-04-28,2025-03-20,,,,H,EG04,PG03,101780.0,Operations
101450,2021-04-28,2021-04-28,A,RPT,P,0.58,72MKT3,MKTG,PRMRE,121,10,40,2021-04-28,2021-04-28,2021-04-28,,,,S,EG09,PG02,,Operations
101450,2021-09-03,2021-09-03,T,RPT,P,0.58,72MKT3,MKTG,PRMRE,121,10,40,2021-04-28,2021-04-28,2021-04-28,2021-09-03,201,I,S,EG09,PG02,,Operations
101451,2021-04-28,2021-04-28,A,TAW,F,1.0,95LEG3,LEGAL,WSTMF,100,50,30,2021-04-28,2021-04-28,2021-04-28,,,,S,EG05,PG03,101996.0,Operations
101451,2023-03-05,2023-03-05,T,TAW,F,1.0,95LEG3,LEGAL,WSTMF,100,50,30,2021-04-28,2021-04-28,2021-04-28,2023-03-05,201,I,S,EG05,PG03,101996.0,Operations
101452,2021-04-28,2021-04-28,A,RPT,P,0.52,18ENG1,ENGR,PRMRE,123,150,20,2021-04-28,2021-04-28,2021-04-28,,,,H,EG08,PG02,101602.0,Operations
101452,2022-08-28,2022-08-28,A,RPT,P,0.52,19ENG2,ENGR,PRMRE,123,150,20,2021-04-28,2021-04-28,2022-08-28,,,,H,EG01,PG02,101602.0,Operations
101453,2021-04-28,2021-04-28,A,RFT,F,1.0,56TRD2,TRD,ALPNC,119,20,110,2021-04-28,2021-04-28,2021-04-28,,,,H,EG02,PG03,101102.0,Operations
101453,2022-01-15,2022-01-15,A,RFT,F,1.0,57TRD3,TRD,ALPNC,119,20,110,2021-04-28,2021-04-28,2022-01-15,,,,H,EG02,PG03,101102.0,Operations
101453,2024-03-05,2024-03-05,A,RFT,F,1.0,79ANL3,ANLYT,ALPNC,119,20,110,2021-04-28,2021-04-28,2024-03-05,,,,H,EG10,PG03,101102.0,Operations
101453,2025-01-22,2025-01-22,A,RFT,F,1.0,80ANL4,ANLYT,ALPNC,119,20,110,2021-04-28,2021-04-28,2025-01-22,,,,H,EG05,PG03,101102.0,Operations
101453,2025-05-10,2025-05-10,T,RFT,F,1.0,80ANL4,ANLYT,ALPNC,119,20,110,2021-04-28,2021-04-28,2025-01-22,2025-05-10,205,I,H,EG05,PG03,101102.0,Operations
101454,2021-04-28,2021-04-28,A,RFT,F,1.0,42SAL2,SALES,NRTHP,118,230,120,2021-04-28,2021-04-28,2021-04-28,,,,H,EG10,PG05,100254.0,Operations
101454,2022-06-03,2022-06-03,T,RFT,F,1.0,42SAL2,SALES,NRTHP,118,230,120,2021-04-28,2021-04-28,2021-04-28,2022-06-03,100,V,H,EG10,PG05,100254.0,Operations
101455,2021-04-30,2021-04-30,A,RFT,F,1.0,48OPS1,OPS,NRTHP,117,240,30,2021-04-30,2021-04-30,2021-04-30,,,,H,EG03,PG05,102886.0,Operations
101455,2023-03-18,2023-03-18,T,RFT,F,1.0,48OPS1,OPS,NRTHP,117,240,30,2021-04-30,2021-04-30,2021-04-30,2023-03-18,200,I,H,EG03,PG05,102886.0,Operations
101456,2021-04-30,2021-04-30,A,RFT,F,1.0,65TEC1,TECH,ALPNC,114,200,70,2021-04-30,2021-04-30,2021-04-30,,,,H,EG08,PG03,102155.0,Operations
101456,2025-03-25,2025-03-25,T,RFT,F,1.0,65TEC1,TECH,ALPNC,114,200,70,2021-04-30,2021-04-30,2021-04-30,2025-03-25,102,V,H,EG08,PG03,102155.0,Operations
101457,2021-04-30,2021-04-30,A,RPT,F,0.76,25HR1,HR,PRMRE,124,130,10,2021-04-30,2021-04-30,2021-04-30,,,,H,EG10,PG02,102158.0,Operations
101458,2021-05-03,2021-05-03,A,CON,F,1.0,19ENG2,ENGR,PRMRE,100,100,60,2021-05-03,2021-05-03,2021-05-03,,,,H,EG01,PG02,100277.0,Operations
101458,2021-09-15,2021-09-15,A,CON,F,1.0,20ENG3,ENGR,PRMRE,100,100,60,2021-05-03,2021-05-03,2021-09-15,,,,H,EG03,PG02,100277.0,Operations
101458,2022-03-26,2022-03-26,T,CON,F,1.0,20ENG3,ENGR,PRMRE,100,100,60,2021-05-03,2021-05-03,2021-09-15,2022-03-26,100,V,H,EG03,PG02,100277.0,Operations
101459,2021-05-03,2021-05-03,A,RFT,F,1.0,34IT2,IT,PRMRE,116,210,90,2021-05-03,2021-05-03,2021-05-03,,,,H,EG08,PG02,,Operations
101460,2021-05-03,2021-05-03,A,RFT,F,1.0,32IT1,IT,PRMRE,102,190,20,2021-05-03,2021-05-03,2021-05-03,,,,H,EG03,PG02,102877.0,Operations
101460,2022-08-02,2022-08-02,A,RFT,F,1.0,33IT2,IT,PRMRE,102,190,20,2021-05-03,2021-05-03,2022-08-02,,,,H,EG09,PG02,102877.0,Operations
101460,2022-12-07,2022-12-07,L,RFT,F,1.0,33IT2,IT,PRMRE,102,190,20,2021-05-03,2021-05-03,2022-08-02,,,,H,EG09,PG02,102877.0,Operations
101460,2023-02-05,2023-02-05,A,RFT,F,1.0,33IT2,IT,PRMRE,102,190,20,2021-05-03,2021-05-03,2022-08-02,,,,H,EG09,PG02,102877.0,Operations
101461,2021-05-04,2021-05-04,A,RFT,F,1.0,71MKT2,MKTG,NRTHP,101,220,20,2021-05-04,2021-05-04,2021-05-04,,,,H,EG10,PG05,,Operations
101462,2021-05-04,2021-05-04,A,RFT,F,1.0,33IT2,IT,NRTHP,115,130,10,2021-05-04,2021-05-04,2021-05-04,,,,H,EG09,PG05,101190.0,Operations
101462,2023-04-16,2023-04-16,T,RFT,F,1.0,33IT2,IT,NRTHP,115,130,10,2021-05-04,2021-05-04,2021-05-04,2023-04-16,200,I,H,EG09,PG05,101190.0,Operations
101463,2021-05-05,2021-05-05,A,RFT,F,1.0,48OPS1,OPS,WSTMF,104,170,70,2021-05-05,2021-05-05,2021-05-05,,,,S,EG03,PG03,102275.0,Operations
101463,2022-06-07,2022-06-07,T,RFT,F,1.0,48OPS1,OPS,WSTMF,104,170,70,2021-05-05,2021-05-05,2021-05-05,2022-06-07,202,V,S,EG03,PG03,102275.0,Operations
101464,2021-05-06,2021-05-06,A,RFT,F,1.0,56TRD2,TRD,PRMRE,102,150,60,2021-05-06,2021-05-06,2021-05-06,,,,H,EG02,PG02,100842.0,Operations
101464,2022-03-25,2022-03-25,T,RFT,F,1.0,56TRD2,TRD,PRMRE,102,150,60,2021-05-06,2021-05-06,2021-05-06,2022-03-25,103,V,H,EG02,PG02,100842.0,Operations
101465,2021-05-06,2021-05-06,A,RFT,F,1.0,42SAL2,SALES,ALPNC,111,70,60,2021-05-06,2021-05-06,2021-05-06,,,,H,EG10,PG03,100206.0,Operations
101466,2021-05-06,2021-05-06,A,RFT,F,1.0,63WHS4,WHSE,NRTHP,102,140,20,2021-05-06,2021-05-06,2021-05-06,,,,S,EG10,PG05,,Operations
101467,2021-05-06,2021-05-06,A,RFT,F,1.0,58TRD4,TRD,WSTMF,118,130,20,2021-05-06,2021-05-06,2021-05-06,,,,S,EG05,PG03,,Operations
101467,2021-05-07,2021-05-07,A,RFT,F,1.0,59TRD5,TRD,WSTMF,118,130,20,2021-05-06,2021-05-06,2021-05-07,,,,S,EG10,PG03,,Operations
101467,2023-05-18,2023-05-18,A,RFT,F,1.0,88EXE6,EXEC,WSTMF,118,130,20,2021-05-06,2021-05-06,2023-05-18,,,,S,EG08,PG03,,Operations
101467,2023-12-27,2023-12-27,T,RFT,F,1.0,88EXE6,EXEC,WSTMF,118,130,20,2021-05-06,2021-05-06,2023-05-18,2023-12-27,100,V,S,EG08,PG03,,Operations
101468,2021-05-07,2021-05-07,A,CON,F,1.0,49OPS2,OPS,ALPNC,104,60,100,2021-05-07,2021-05-07,2021-05-07,,,,S,EG05,PG03,101066.0,Operations
101468,2022-03-16,2022-03-16,T,CON,F,1.0,49OPS2,OPS,ALPNC,104,60,100,2021-05-07,2021-05-07,2021-05-07,2022-03-16,100,V,S,EG05,PG03,101066.0,Operations
101469,2021-05-07,2021-05-07,A,RFT,F,1.0,65TEC1,TECH,PRMRE,122,230,30,2021-05-07,2021-05-07,2021-05-07,,,,H,EG08,PG02,101500.0,Operations
101470,2021-05-07,2021-05-07,A,RFT,F,1.0,96LEG4,LEGAL,ALPNC,102,170,60,2021-05-07,2021-05-07,2021-05-07,,,,S,EG10,PG03,,Operations
101470,2021-09-03,2021-09-03,T,RFT,F,1.0,96LEG4,LEGAL,ALPNC,102,170,60,2021-05-07,2021-05-07,2021-05-07,2021-09-03,102,V,S,EG10,PG03,,Operations
101471,2021-05-10,2021-05-10,A,RFT,F,1.0,33IT2,IT,WSTMF,104,40,110,2021-05-10,2021-05-10,2021-05-10,,,,S,EG09,PG03,100700.0,Operations
101471,2025-01-18,2025-01-18,T,RFT,F,1.0,33IT2,IT,WSTMF,104,40,110,2021-05-10,2021-05-10,2021-05-10,2025-01-18,100,V,S,EG09,PG03,100700.0,Operations
101472,2021-05-10,2021-05-10,A,RFT,F,1.0,33IT2,IT,PRMRE,124,130,20,2021-05-10,2021-05-10,2021-05-10,,,,H,EG09,PG02,102158.0,Operations
101472,2021-06-02,2021-06-02,A,RFT,F,1.0,35IT3,IT,PRMRE,124,130,20,2021-05-10,2021-05-10,2021-06-02,,,,H,EG08,PG02,102158.0,Operations
101473,2021-05-10,2021-05-10,A,RFT,F,1.0,73MKT4,MKTG,NRTHP,121,120,110,2021-05-10,2021-05-10,2021-05-10,,,,S,EG01,PG05,,Operations
101473,2025-01-13,2025-01-13,A,RFT,F,1.0,74MKT5,MKTG,NRTHP,121,120,110,2021-05-10,2021-05-10,2025-01-13,,,,S,EG01,PG05,,Operations
101473,2026-01-30,2026-01-30,A,RFT,F,1.0,75MKT6,MKTG,NRTHP,121,120,110,2021-05-10,2021-05-10,2026-01-30,,,,S,EG02,PG05,,Operations
101474,2021-05-11,2021-05-11,A,RFT,F,1.0,03ADM3,ADMIN,ALPNC,114,250,90,2021-05-11,2021-05-11,2021-05-11,,,,S,EG07,PG03,,Operations
101474,2021-10-09,2021-10-09,A,RFT,F,1.0,04ADM4,ADMIN,ALPNC,114,250,90,2021-05-11,2021-05-11,2021-10-09,,,,S,EG06,PG03,,Operations
101475,2021-05-12,2021-05-12,A,RFT,F,1.0,59TRD5,TRD,NRTHP,109,250,90,2021-05-12,2021-05-12,2021-05-12,,,,S,EG10,PG05,,Operations
101476,2021-05-12,2021-05-12,A,RFT,F,1.0,34IT2,IT,ALPNC,121,130,100,2021-05-12,2021-05-12,2021-05-12,,,,H,EG08,PG03,,Operations
101476,2021-12-29,2021-12-29,T,RFT,F,1.0,34IT2,IT,ALPNC,121,130,100,2021-05-12,2021-05-12,2021-05-12,2021-12-29,101,V,H,EG08,PG03,,Operations
101477,2021-05-13,2021-05-13,A,RFT,F,1.0,77ANL1,ANLYT,NRTHP,108,70,120,2021-05-13,2021-05-13,2021-05-13,,,,H,EG04,PG05,100772.0,Operations
101477,2021-12-05,2021-12-05,A,RFT,F,1.0,78ANL2,ANLYT,NRTHP,108,70,120,2021-05-13,2021-05-13,2021-12-05,,,,H,EG04,PG05,100772.0,Operations
101477,2023-12-17,2023-12-17,T,RFT,F,1.0,78ANL2,ANLYT,NRTHP,108,70,120,2021-05-13,2021-05-13,2021-12-05,2023-12-17,207,I,H,EG04,PG05,100772.0,Operations
101478,2021-05-14,2021-05-14,A,RFT,F,1.0,34IT2,IT,PRMRE,116,110,20,2021-05-14,2021-05-14,2021-05-14,,,,H,EG08,PG02,,Operations
101478,2023-01-05,2023-01-05,A,RFT,F,1.0,35IT3,IT,PRMRE,116,110,20,2021-05-14,2021-05-14,2023-01-05,,,,H,EG08,PG02,,Operations
101478,2025-11-17,2025-11-17,L,RFT,F,1.0,35IT3,IT,PRMRE,116,110,20,2021-05-14,2021-05-14,2023-01-05,,,,H,EG08,PG02,,Operations
101478,2026-01-13,2026-01-13,A,RFT,F,1.0,35IT3,IT,PRMRE,116,110,20,2021-05-14,2021-05-14,2023-01-05,,,,H,EG08,PG02,,Operations
101479,2021-05-14,2021-05-14,A,RFT,F,1.0,37IT4,IT,NRTHP,119,140,100,2021-05-14,2021-05-14,2021-05-14,,,,S,EG04,PG05,102516.0,Operations
101479,2021-07-09,2021-07-09,A,RFT,F,1.0,38IT5,IT,NRTHP,119,140,100,2021-05-14,2021-05-14,2021-07-09,,,,S,EG02,PG05,102516.0,Operations
101479,2021-08-08,2021-08-08,T,RFT,F,1.0,38IT5,IT,NRTHP,119,140,100,2021-05-14,2021-05-14,2021-07-09,2021-08-08,100,V,S,EG02,PG05,102516.0,Operations
101480,2021-05-14,2021-05-14,A,CON,F,1.0,90PRO3,PROJ,PRMRE,122,190,90,2021-05-14,2021-05-14,2021-05-14,,,,S,EG04,PG02,,Operations
101480,2023-03-23,2023-03-23,T,CON,F,1.0,90PRO3,PROJ,PRMRE,122,190,90,2021-05-14,2021-05-14,2021-05-14,2023-03-23,100,V,S,EG04,PG02,,Operations
101481,2021-05-14,2021-05-14,A,CON,F,1.0,43SAL3,SALES,NRTHP,124,160,110,2021-05-14,2021-05-14,2021-05-14,,,,S,EG10,PG05,100599.0,Operations
101482,2021-05-17,2021-05-17,A,RPT,P,0.4,18ENG1,ENGR,NRTHP,113,90,40,2021-05-17,2021-05-17,2021-05-17,,,,H,EG08,PG05,,Operations
101482,2021-12-01,2021-12-01,A,RPT,P,0.4,01ADM1,ADMIN,NRTHP,113,90,40,2021-05-17,2021-05-17,2021-12-01,,,,H,EG05,PG05,,Operations
101483,2021-05-19,2021-05-19,A,RFT,F,1.0,33IT2,IT,WSTMF,110,40,120,2021-05-19,2021-05-19,2021-05-19,,,,H,EG09,PG03,102656.0,Operations
101484,2021-05-20,2021-05-20,A,RFT,F,1.0,83SUP4,SUPV,PRMRE,117,70,60,2021-05-20,2021-05-20,2021-05-20,,,,S,EG01,PG02,,Operations
101484,2021-07-21,2021-07-21,T,RFT,F,1.0,83SUP4,SUPV,PRMRE,117,70,60,2021-05-20,2021-05-20,2021-05-20,2021-07-21,100,V,S,EG01,PG02,,Operations
101485,2021-05-20,2021-05-20,A,RFT,F,1.0,56TRD2,TRD,ALPNC,115,240,60,2021-05-20,2021-05-20,2021-05-20,,,,S,EG02,PG03,102901.0,Operations
101485,2022-07-08,2022-07-08,T,RFT,F,1.0,56TRD2,TRD,ALPNC,115,240,60,2021-05-20,2021-05-20,2021-05-20,2022-07-08,200,I,S,EG02,PG03,102901.0,Operations
101486,2021-05-20,2021-05-20,A,RFT,F,1.0,68TEC4,TECH,NRTHP,112,120,110,2021-05-20,2021-05-20,2021-05-20,,,,S,EG06,PG05,,Operations
101486,2022-02-15,2022-02-15,L,RFT,F,1.0,68TEC4,TECH,NRTHP,112,120,110,2021-05-20,2021-05-20,2021-05-20,,,,S,EG06,PG05,,Operations
101486,2022-04-03,2022-04-03,A,RFT,F,1.0,68TEC4,TECH,NRTHP,112,120,110,2021-05-20,2021-05-20,2021-05-20,,,,S,EG06,PG05,,Operations
101486,2023-12-13,2023-12-13,A,RFT,F,1.0,69TEC5,TECH,NRTHP,112,120,110,2021-05-20,2021-05-20,2023-12-13,,,,S,EG02,PG05,,Operations
101486,2025-11-14,2025-11-14,A,RFT,F,1.0,97LEG6,LEGAL,NRTHP,112,120,110,2021-05-20,2021-05-20,2025-11-14,,,,S,EG07,PG05,,Operations
101487,2021-05-21,2021-05-21,A,TAW,F,1.0,53OPS6,OPS,NRTHP,122,190,50,2021-05-21,2021-05-21,2021-05-21,,,,S,EG02,PG05,,Operations
101487,2025-07-16,2025-07-16,T,TAW,F,1.0,53OPS6,OPS,NRTHP,122,190,50,2021-05-21,2021-05-21,2021-05-21,2025-07-16,100,V,S,EG02,PG05,,Operations
101488,2021-05-21,2021-05-21,A,RFT,F,1.0,72MKT3,MKTG,PRMRE,117,10,100,2021-05-21,2021-05-21,2021-05-21,,,,S,EG09,PG02,,Operations
101488,2022-08-09,2022-08-09,L,RFT,F,1.0,72MKT3,MKTG,PRMRE,117,10,100,2021-05-21,2021-05-21,2021-05-21,,,,S,EG09,PG02,,Operations
101488,2022-11-26,2022-11-26,A,RFT,F,1.0,72MKT3,MKTG,PRMRE,117,10,100,2021-05-21,2021-05-21,2021-05-21,,,,S,EG09,PG02,,Operations
101489,2021-05-21,2021-05-21,A,RFT,F,1.0,50OPS3,OPS,NRTHP,113,40,10,2021-05-21,2021-05-21,2021-05-21,,,,S,EG06,PG05,,Operations
101489,2022-08-20,2022-08-20,T,RFT,F,1.0,50OPS3,OPS,NRTHP,113,40,10,2021-05-21,2021-05-21,2021-05-21,2022-08-20,202,V,S,EG06,PG05,,Operations
101490,2021-05-21,2021-05-21,A,RFT,F,1.0,18ENG1,ENGR,NRTHP,113,220,40,2021-05-21,2021-05-21,2021-05-21,,,,H,EG08,PG05,102968.0,Operations
101490,2021-06-12,2021-06-12,T,RFT,F,1.0,18ENG1,ENGR,NRTHP,113,220,40,2021-05-21,2021-05-21,2021-05-21,2021-06-12,100,V,H,EG08,PG05,102968.0,Operations
101491,2021-05-21,2021-05-21,A,RFT,F,1.0,01ADM1,ADMIN,PRMRE,118,170,40,2021-05-21,2021-05-21,2021-05-21,,,,S,EG05,PG02,,Operations
101492,2021-05-21,2021-05-21,A,RFT,F,1.0,79ANL3,ANLYT,PRMRE,102,20,100,2021-05-21,2021-05-21,2021-05-21,,,,S,EG10,PG02,102972.0,Operations
101492,2023-11-09,2023-11-09,T,RFT,F,1.0,79ANL3,ANLYT,PRMRE,102,20,100,2021-05-21,2021-05-21,2021-05-21,2023-11-09,205,I,S,EG10,PG02,102972.0,Operations
101493,2021-05-21,2021-05-21,A,RFT,F,1.0,32IT1,IT,ALPNC,124,110,10,2021-05-21,2021-05-21,2021-05-21,,,,S,EG03,PG03,102338.0,Operations
101493,2024-04-05,2024-04-05,T,RFT,F,1.0,32IT1,IT,ALPNC,124,110,10,2021-05-21,2021-05-21,2021-05-21,2024-04-05,102,V,S,EG03,PG03,102338.0,Operations
101494,2021-05-24,2021-05-24,A,RPT,P,0.42,66TEC2,TECH,ALPNC,121,160,10,2021-05-24,2021-05-24,2021-05-24,,,,S,EG04,PG03,,Operations
101494,2024-06-08,2024-06-08,A,RPT,P,0.42,67TEC3,TECH,ALPNC,121,160,10,2021-05-24,2021-05-24,2024-06-08,,,,S,EG10,PG03,,Operations
101495,2021-05-25,2021-05-25,A,RFT,F,1.0,02ADM2,ADMIN,ALPNC,100,210,50,2021-05-25,2021-05-25,2021-05-25,,,,H,EG04,PG03,101401.0,Operations
101495,2021-10-02,2021-10-02,A,RFT,F,1.0,34IT2,IT,ALPNC,100,210,50,2021-05-25,2021-05-25,2021-10-02,,,,H,EG08,PG03,101401.0,Operations
101495,2021-11-20,2021-11-20,A,RFT,F,1.0,35IT3,IT,ALPNC,100,210,50,2021-05-25,2021-05-25,2021-11-20,,,,H,EG08,PG03,101401.0,Operations
101495,2023-09-05,2023-09-05,L,RFT,F,1.0,35IT3,IT,ALPNC,100,210,50,2021-05-25,2021-05-25,2021-11-20,,,,H,EG08,PG03,101401.0,Operations
101495,2024-02-29,2024-02-29,A,RFT,F,1.0,35IT3,IT,ALPNC,100,210,50,2021-05-25,2021-05-25,2021-11-20,,,,H,EG08,PG03,101401.0,Operations
101495,2023-10-16,2023-10-16,L,RFT,F,1.0,35IT3,IT,ALPNC,100,210,50,2021-05-25,2021-05-25,2021-11-20,,,,H,EG08,PG03,101401.0,Operations
101495,2023-11-22,2023-11-22,A,RFT,F,1.0,35IT3,IT,ALPNC,100,210,50,2021-05-25,2021-05-25,2021-11-20,,,,H,EG08,PG03,101401.0,Operations
101495,2025-02-23,2025-02-23,T,RFT,F,1.0,35IT3,IT,ALPNC,100,210,50,2021-05-25,2021-05-25,2021-11-20,2025-02-23,202,V,H,EG08,PG03,101401.0,Operations
101496,2021-05-26,2021-05-26,A,RPT,F,0.76,09ACC4,ACCTG,PRMRE,116,70,120,2021-05-26,2021-05-26,2021-05-26,,,,S,EG05,PG02,,Operations
101497,2021-05-26,2021-05-26,A,RFT,F,1.0,04ADM4,ADMIN,ALPNC,119,220,90,2021-05-26,2021-05-26,2021-05-26,,,,S,EG06,PG03,,Operations
101497,2025-10-06,2025-10-06,T,RFT,F,1.0,04ADM4,ADMIN,ALPNC,119,220,90,2021-05-26,2021-05-26,2021-05-26,2025-10-06,102,V,S,EG06,PG03,,Operations
101498,2021-05-28,2021-05-28,A,RPT,P,0.67,27HR3,HR,WSTMF,111,110,110,2021-05-28,2021-05-28,2021-05-28,,,,S,EG02,PG03,100019.0,Operations
101498,2022-02-26,2022-02-26,T,RPT,P,0.67,27HR3,HR,WSTMF,111,110,110,2021-05-28,2021-05-28,2021-05-28,2022-02-26,102,V,S,EG02,PG03,100019.0,Operations
101499,2021-05-28,2021-05-28,A,CON,F,1.0,57TRD3,TRD,PRMRE,117,40,110,2021-05-28,2021-05-28,2021-05-28,,,,S,EG02,PG02,100480.0,Operations
101499,2021-07-20,2021-07-20,T,CON,F,1.0,57TRD3,TRD,PRMRE,117,40,110,2021-05-28,2021-05-28,2021-05-28,2021-07-20,100,V,S,EG02,PG02,100480.0,Operations
101500,2021-06-01,2021-06-01,A,RFT,F,1.0,79ANL3,ANLYT,PRMRE,122,230,20,2021-06-01,2021-06-01,2021-06-01,,,,S,EG10,PG02,,Operations
101500,2022-03-26,2022-03-26,A,RFT,F,1.0,80ANL4,ANLYT,PRMRE,122,230,20,2021-06-01,2021-06-01,2022-03-26,,,,S,EG05,PG02,,Operations
101500,2023-07-31,2023-07-31,A,RFT,F,1.0,96LEG4,LEGAL,PRMRE,122,230,20,2021-06-01,2021-06-01,2023-07-31,,,,S,EG10,PG02,,Operations
101501,2021-06-03,2021-06-03,A,RFT,F,1.0,90PRO3,PROJ,PRMRE,123,120,100,2021-06-03,2021-06-03,2021-06-03,,,,S,EG04,PG02,,Operations
101501,2024-06-14,2024-06-14,T,RFT,F,1.0,90PRO3,PROJ,PRMRE,123,120,100,2021-06-03,2021-06-03,2021-06-03,2024-06-14,100,V,S,EG04,PG02,,Operations
101502,2021-06-04,2021-06-04,A,RFT,F,1.0,01ADM1,ADMIN,WSTMF,118,160,120,2021-06-04,2021-06-04,2021-06-04,,,,S,EG05,PG03,100692.0,Operations
101502,2024-06-04,2024-06-04,A,RFT,F,1.0,48OPS1,OPS,WSTMF,118,160,120,2021-06-04,2021-06-04,2024-06-04,,,,S,EG03,PG03,100692.0,Operations
101503,2021-06-04,2021-06-04,A,RFT,F,1.0,34IT2,IT,ALPNC,115,30,20,2021-06-04,2021-06-04,2021-06-04,,,,H,EG08,PG03,102360.0,Operations
101504,2021-06-04,2021-06-04,A,RPT,P,0.74,36IT3,IT,NRTHP,112,50,30,2021-06-04,2021-06-04,2021-06-04,,,,S,EG07,PG05,,Operations
101504,2023-09-10,2023-09-10,T,RPT,P,0.74,36IT3,IT,NRTHP,112,50,30,2021-06-04,2021-06-04,2021-06-04,2023-09-10,102,V,S,EG07,PG05,,Operations
101505,2021-06-07,2021-06-07,A,RFT,F,1.0,41SAL1,SALES,WSTMF,113,10,20,2021-06-07,2021-06-07,2021-06-07,,,,H,EG08,PG03,102990.0,Operations
101505,2023-09-29,2023-09-29,A,RFT,F,1.0,42SAL2,SALES,WSTMF,113,10,20,2021-06-07,2021-06-07,2023-09-29,,,,H,EG10,PG03,102990.0,Operations
101505,2024-05-24,2024-05-24,A,RFT,F,1.0,43SAL3,SALES,WSTMF,113,10,20,2021-06-07,2021-06-07,2024-05-24,,,,H,EG10,PG03,102990.0,Operations
101506,2021-06-08,2021-06-08,A,RFT,F,1.0,60WHS1,WHSE,NRTHP,116,190,80,2021-06-08,2021-06-08,2021-06-08,,,,H,EG06,PG05,102863.0,Operations
101506,2023-11-19,2023-11-19,T,RFT,F,1.0,60WHS1,WHSE,NRTHP,116,190,80,2021-06-08,2021-06-08,2021-06-08,2023-11-19,202,V,H,EG06,PG05,102863.0,Operations
101507,2021-06-08,2021-06-08,A,RPT,P,0.43,61WHS2,WHSE,ALPNC,100,10,90,2021-06-08,2021-06-08,2021-06-08,,,,H,EG01,PG03,102752.0,Operations
101507,2024-12-14,2024-12-14,A,RPT,P,0.43,62WHS3,WHSE,ALPNC,100,10,90,2021-06-08,2021-06-08,2024-12-14,,,,H,EG01,PG03,102752.0,Operations
101508,2021-06-09,2021-06-09,A,CON,F,1.0,56TRD2,TRD,WSTMF,111,10,30,2021-06-09,2021-06-09,2021-06-09,,,,H,EG02,PG03,101010.0,Operations
101508,2023-09-24,2023-09-24,A,CON,F,1.0,61WHS2,WHSE,WSTMF,111,10,30,2021-06-09,2021-06-09,2023-09-24,,,,H,EG01,PG03,101010.0,Operations
101508,2024-05-18,2024-05-18,A,CON,F,1.0,62WHS3,WHSE,WSTMF,111,10,30,2021-06-09,2021-06-09,2024-05-18,,,,H,EG01,PG03,101010.0,Operations
101508,2024-06-14,2024-06-14,T,CON,F,1.0,62WHS3,WHSE,WSTMF,111,10,30,2021-06-09,2021-06-09,2024-05-18,2024-06-14,100,V,H,EG01,PG03,101010.0,Operations
101509,2021-06-09,2021-06-09,A,RPT,P,0.64,43SAL3,SALES,WSTMF,111,220,120,2021-06-09,2021-06-09,2021-06-09,,,,S,EG10,PG03,101356.0,Operations
101509,2022-06-01,2022-06-01,T,RPT,P,0.64,43SAL3,SALES,WSTMF,111,220,120,2021-06-09,2021-06-09,2021-06-09,2022-06-01,103,V,S,EG10,PG03,101356.0,Operations
101510,2021-06-09,2021-06-09,A,RFT,F,1.0,33IT2,IT,PRMRE,100,200,10,2021-06-09,2021-06-09,2021-06-09,,,,H,EG09,PG02,100546.0,Operations
101510,2022-05-15,2022-05-15,T,RFT,F,1.0,33IT2,IT,PRMRE,100,200,10,2021-06-09,2021-06-09,2021-06-09,2022-05-15,103,V,H,EG09,PG02,100546.0,Operations
101511,2021-06-10,2021-06-10,A,RFT,F,1.0,77ANL1,ANLYT,PRMRE,123,160,50,2021-06-10,2021-06-10,2021-06-10,,,,H,EG04,PG02,100953.0,Operations
101511,2023-11-21,2023-11-21,T,RFT,F,1.0,77ANL1,ANLYT,PRMRE,123,160,50,2021-06-10,2021-06-10,2021-06-10,2023-11-21,100,V,H,EG04,PG02,100953.0,Operations
101512,2021-06-10,2021-06-10,A,CON,F,1.0,14CSR2,CSR,ALPNC,114,100,80,2021-06-10,2021-06-10,2021-06-10,,,,H,EG06,PG03,,Operations
101512,2022-10-14,2022-10-14,T,CON,F,1.0,14CSR2,CSR,ALPNC,114,100,80,2021-06-10,2021-06-10,2021-06-10,2022-10-14,100,V,H,EG06,PG03,,Operations
101513,2021-06-10,2021-06-10,A,CON,F,1.0,90PRO3,PROJ,PRMRE,118,10,100,2021-06-10,2021-06-10,2021-06-10,,,,S,EG04,PG02,102524.0,Operations
101513,2022-01-23,2022-01-23,A,CON,F,1.0,91PRO4,PROJ,PRMRE,118,10,100,2021-06-10,2021-06-10,2022-01-23,,,,S,EG02,PG02,102524.0,Operations
101514,2021-06-11,2021-06-11,A,RFT,F,1.0,65TEC1,TECH,NRTHP,113,30,120,2021-06-11,2021-06-11,2021-06-11,,,,S,EG08,PG05,,Operations
101515,2021-06-11,2021-06-11,A,RFT,F,1.0,34IT2,IT,ALPNC,104,170,40,2021-06-11,2021-06-11,2021-06-11,,,,H,EG08,PG03,102275.0,Operations
101516,2021-06-11,2021-06-11,A,RFT,F,1.0,52OPS5,OPS,ALPNC,111,30,40,2021-06-11,2021-06-11,2021-06-11,,,,S,EG09,PG03,,Operations
101516,2023-04-13,2023-04-13,L,RFT,F,1.0,52OPS5,OPS,ALPNC,111,30,40,2021-06-11,2021-06-11,2021-06-11,,,,S,EG09,PG03,,Operations
101516,2023-06-15,2023-06-15,A,RFT,F,1.0,52OPS5,OPS,ALPNC,111,30,40,2021-06-11,2021-06-11,2021-06-11,,,,S,EG09,PG03,,Operations
101517,2021-06-11,2021-06-11,A,RPT,P,0.42,16CSR4,CSR,NRTHP,120,230,30,2021-06-11,2021-06-11,2021-06-11,,,,S,EG10,PG05,,Operations
101517,2022-05-21,2022-05-21,A,RPT,P,0.42,17CSR5,CSR,NRTHP,120,230,30,2021-06-11,2021-06-11,2022-05-21,,,,S,EG07,PG05,,Operations
101517,2023-03-29,2023-03-29,L,RPT,P,0.42,17CSR5,CSR,NRTHP,120,230,30,2021-06-11,2021-06-11,2022-05-21,,,,S,EG07,PG05,,Operations
101517,2023-07-23,2023-07-23,A,RPT,P,0.42,17CSR5,CSR,NRTHP,120,230,30,2021-06-11,2021-06-11,2022-05-21,,,,S,EG07,PG05,,Operations
101517,2023-06-12,2023-06-12,T,RPT,P,0.42,17CSR5,CSR,NRTHP,120,230,30,2021-06-11,2021-06-11,2022-05-21,2023-06-12,206,I,S,EG07,PG05,,Operations
101518,2021-06-14,2021-06-14,A,RPT,F,0.77,80ANL4,ANLYT,NRTHP,119,130,80,2021-06-14,2021-06-14,2021-06-14,,,,S,EG05,PG05,,Operations
101518,2022-02-02,2022-02-02,T,RPT,F,0.77,80ANL4,ANLYT,NRTHP,119,130,80,2021-06-14,2021-06-14,2021-06-14,2022-02-02,210,I,S,EG05,PG05,,Operations
101519,2021-06-15,2021-06-15,A,RFT,F,1.0,65TEC1,TECH,ALPNC,100,240,40,2021-06-15,2021-06-15,2021-06-15,,,,S,EG08,PG03,102150.0,Operations
101520,2021-06-15,2021-06-15,A,RFT,F,1.0,08ACC3,ACCTG,ALPNC,102,60,50,2021-06-15,2021-06-15,2021-06-15,,,,S,EG01,PG03,,Operations
101521,2021-06-15,2021-06-15,A,RFT,F,1.0,48OPS1,OPS,NRTHP,117,250,100,2021-06-15,2021-06-15,2021-06-15,,,,H,EG03,PG05,102596.0,Operations
101521,2025-03-18,2025-03-18,A,RFT,F,1.0,49OPS2,OPS,NRTHP,117,250,100,2021-06-15,2021-06-15,2025-03-18,,,,H,EG05,PG05,102596.0,Operations
101522,2021-06-15,2021-06-15,A,TAW,F,1.0,13CSR1,CSR,NRTHP,100,110,50,2021-06-15,2021-06-15,2021-06-15,,,,H,EG01,PG05,101160.0,Operations
101522,2022-06-08,2022-06-08,A,TAW,F,1.0,14CSR2,CSR,NRTHP,100,110,50,2021-06-15,2021-06-15,2022-06-08,,,,H,EG06,PG05,101160.0,Operations
101522,2023-01-26,2023-01-26,A,TAW,F,1.0,07ACC2,ACCTG,NRTHP,100,110,50,2021-06-15,2021-06-15,2023-01-26,,,,H,EG03,PG05,101160.0,Operations
101523,2021-06-15,2021-06-15,A,RFT,F,1.0,55TRD1,TRD,ALPNC,102,240,20,2021-06-15,2021-06-15,2021-06-15,,,,H,EG04,PG03,101786.0,Operations
101524,2021-06-16,2021-06-16,A,RFT,F,1.0,57TRD3,TRD,ALPNC,115,240,30,2021-06-16,2021-06-16,2021-06-16,,,,S,EG02,PG03,102901.0,Operations
101524,2024-07-16,2024-07-16,T,RFT,F,1.0,57TRD3,TRD,ALPNC,115,240,30,2021-06-16,2021-06-16,2021-06-16,2024-07-16,100,V,S,EG02,PG03,102901.0,Operations
101525,2021-06-16,2021-06-16,A,RFT,F,1.0,34IT2,IT,PRMRE,122,130,120,2021-06-16,2021-06-16,2021-06-16,,,,H,EG08,PG02,102268.0,Operations
101525,2021-08-15,2021-08-15,L,RFT,F,1.0,34IT2,IT,PRMRE,122,130,120,2021-06-16,2021-06-16,2021-06-16,,,,H,EG08,PG02,102268.0,Operations
101525,2021-11-02,2021-11-02,A,RFT,F,1.0,34IT2,IT,PRMRE,122,130,120,2021-06-16,2021-06-16,2021-06-16,,,,H,EG08,PG02,102268.0,Operations
101525,2023-04-15,2023-04-15,T,RFT,F,1.0,34IT2,IT,PRMRE,122,130,120,2021-06-16,2021-06-16,2021-06-16,2023-04-15,202,V,H,EG08,PG02,102268.0,Operations
101526,2021-06-18,2021-06-18,A,RFT,F,1.0,66TEC2,TECH,PRMRE,116,50,80,2021-06-18,2021-06-18,2021-06-18,,,,H,EG04,PG02,100007.0,Operations
101526,2021-11-02,2021-11-02,T,RFT,F,1.0,66TEC2,TECH,PRMRE,116,50,80,2021-06-18,2021-06-18,2021-06-18,2021-11-02,202,V,H,EG04,PG02,100007.0,Operations
101527,2021-06-18,2021-06-18,A,RFT,F,1.0,32IT1,IT,PRMRE,121,160,100,2021-06-18,2021-06-18,2021-06-18,,,,H,EG03,PG02,101494.0,Operations
101527,2025-02-27,2025-02-27,T,RFT,F,1.0,32IT1,IT,PRMRE,121,160,100,2021-06-18,2021-06-18,2021-06-18,2025-02-27,100,V,H,EG03,PG02,101494.0,Operations
101528,2021-06-18,2021-06-18,A,RFT,F,1.0,26HR2,HR,PRMRE,100,70,20,2021-06-18,2021-06-18,2021-06-18,,,,H,EG03,PG02,,Operations
101528,2024-04-14,2024-04-14,A,RFT,F,1.0,27HR3,HR,PRMRE,100,70,20,2021-06-18,2021-06-18,2024-04-14,,,,H,EG02,PG02,,Operations
101528,2024-07-25,2024-07-25,T,RFT,F,1.0,27HR3,HR,PRMRE,100,70,20,2021-06-18,2021-06-18,2024-04-14,2024-07-25,200,I,H,EG02,PG02,,Operations
101529,2021-06-18,2021-06-18,A,RFT,F,1.0,01ADM1,ADMIN,WSTMF,104,130,10,2021-06-18,2021-06-18,2021-06-18,,,,H,EG05,PG03,100843.0,Operations
101529,2024-01-03,2024-01-03,L,RFT,F,1.0,01ADM1,ADMIN,WSTMF,104,130,10,2021-06-18,2021-06-18,2021-06-18,,,,H,EG05,PG03,100843.0,Operations
101529,2024-05-06,2024-05-06,A,RFT,F,1.0,01ADM1,ADMIN,WSTMF,104,130,10,2021-06-18,2021-06-18,2021-06-18,,,,H,EG05,PG03,100843.0,Operations
101529,2024-12-15,2024-12-15,T,RFT,F,1.0,01ADM1,ADMIN,WSTMF,104,130,10,2021-06-18,2021-06-18,2021-06-18,2024-12-15,100,V,H,EG05,PG03,100843.0,Operations
101530,2021-06-21,2021-06-21,A,RFT,F,1.0,18ENG1,ENGR,WSTMF,107,140,40,2021-06-21,2021-06-21,2021-06-21,,,,H,EG08,PG03,,Operations
101530,2021-12-09,2021-12-09,T,RFT,F,1.0,18ENG1,ENGR,WSTMF,107,140,40,2021-06-21,2021-06-21,2021-06-21,2021-12-09,206,I,H,EG08,PG03,,Operations
101531,2021-06-21,2021-06-21,A,RFT,F,1.0,52OPS5,OPS,ALPNC,116,120,80,2021-06-21,2021-06-21,2021-06-21,,,,S,EG09,PG03,,Operations
101531,2025-10-06,2025-10-06,A,RFT,F,1.0,53OPS6,OPS,ALPNC,116,120,80,2021-06-21,2021-06-21,2025-10-06,,,,S,EG02,PG03,,Operations
101532,2021-06-22,2021-06-22,A,RFT,F,1.0,65TEC1,TECH,WSTMF,108,120,50,2021-06-22,2021-06-22,2021-06-22,,,,H,EG08,PG03,102385.0,Operations
101532,2023-09-13,2023-09-13,A,RFT,F,1.0,66TEC2,TECH,WSTMF,108,120,50,2021-06-22,2021-06-22,2023-09-13,,,,H,EG04,PG03,102385.0,Operations
101533,2021-06-22,2021-06-22,A,RFT,F,1.0,95LEG3,LEGAL,ALPNC,124,110,60,2021-06-22,2021-06-22,2021-06-22,,,,S,EG05,PG03,102338.0,Operations
101533,2024-08-16,2024-08-16,A,RFT,F,1.0,90PRO3,PROJ,ALPNC,124,110,60,2021-06-22,2021-06-22,2024-08-16,,,,S,EG04,PG03,102338.0,Operations
101534,2021-06-23,2021-06-23,A,RPT,P,0.51,28HR4,HR,ALPNC,119,170,120,2021-06-23,2021-06-23,2021-06-23,,,,S,EG08,PG03,,Operations
101535,2021-06-25,2021-06-25,A,RFT,F,1.0,65TEC1,TECH,ALPNC,104,130,110,2021-06-25,2021-06-25,2021-06-25,,,,S,EG08,PG03,100843.0,Operations
101535,2022-04-19,2022-04-19,A,RFT,F,1.0,66TEC2,TECH,ALPNC,104,130,110,2021-06-25,2021-06-25,2022-04-19,,,,S,EG04,PG03,100843.0,Operations
101535,2023-08-01,2023-08-01,T,RFT,F,1.0,66TEC2,TECH,ALPNC,104,130,110,2021-06-25,2021-06-25,2022-04-19,2023-08-01,100,V,S,EG04,PG03,100843.0,Operations
101536,2021-06-28,2021-06-28,A,RFT,F,1.0,96LEG4,LEGAL,NRTHP,120,170,120,2021-06-28,2021-06-28,2021-06-28,,,,S,EG10,PG05,,Operations
101536,2022-02-26,2022-02-26,A,RFT,F,1.0,74MKT5,MKTG,NRTHP,120,170,120,2021-06-28,2021-06-28,2022-02-26,,,,S,EG01,PG05,,Operations
101536,2022-11-14,2022-11-14,A,RFT,F,1.0,75MKT6,MKTG,NRTHP,120,170,120,2021-06-28,2021-06-28,2022-11-14,,,,S,EG02,PG05,,Operations
101537,2021-06-28,2021-06-28,A,TFT,F,1.0,57TRD3,TRD,ALPNC,119,70,30,2021-06-28,2021-06-28,2021-06-28,,,,S,EG02,PG03,102257.0,Operations
101537,2022-10-25,2022-10-25,A,TFT,F,1.0,15CSR3,CSR,ALPNC,119,70,30,2021-06-28,2021-06-28,2022-10-25,,,,S,EG10,PG03,102257.0,Operations
101537,2025-06-25,2025-06-25,A,TFT,F,1.0,50OPS3,OPS,ALPNC,119,70,30,2021-06-28,2021-06-28,2025-06-25,,,,S,EG06,PG03,102257.0,Operations
101538,2021-07-01,2021-07-01,A,RFT,F,1.0,79ANL3,ANLYT,PRMRE,116,40,40,2021-07-01,2021-07-01,2021-07-01,,,,S,EG10,PG02,,Operations
101538,2021-10-29,2021-10-29,A,RFT,F,1.0,43SAL3,SALES,PRMRE,116,40,40,2021-07-01,2021-07-01,2021-10-29,,,,S,EG10,PG02,,Operations
101538,2024-09-20,2024-09-20,A,RFT,F,1.0,95LEG3,LEGAL,PRMRE,116,40,40,2021-07-01,2021-07-01,2024-09-20,,,,S,EG05,PG02,,Operations
101538,2025-08-29,2025-08-29,T,RFT,F,1.0,95LEG3,LEGAL,PRMRE,116,40,40,2021-07-01,2021-07-01,2024-09-20,2025-08-29,101,V,S,EG05,PG02,,Operations
101539,2021-07-01,2021-07-01,A,RFT,F,1.0,20ENG3,ENGR,NRTHP,108,120,30,2021-07-01,2021-07-01,2021-07-01,,,,S,EG03,PG05,102385.0,Operations
101539,2024-06-02,2024-06-02,T,RFT,F,1.0,20ENG3,ENGR,NRTHP,108,120,30,2021-07-01,2021-07-01,2021-07-01,2024-06-02,101,V,S,EG03,PG05,102385.0,Operations
101540,2021-07-02,2021-07-02,A,RFT,F,1.0,41SAL1,SALES,NRTHP,114,30,40,2021-07-02,2021-07-02,2021-07-02,,,,H,EG08,PG05,,Operations
101540,2021-08-14,2021-08-14,A,RFT,F,1.0,42SAL2,SALES,NRTHP,114,30,40,2021-07-02,2021-07-02,2021-08-14,,,,H,EG10,PG05,,Operations
101540,2025-02-04,2025-02-04,T,RFT,F,1.0,42SAL2,SALES,NRTHP,114,30,40,2021-07-02,2021-07-02,2021-08-14,2025-02-04,100,V,H,EG10,PG05,,Operations
101541,2021-07-07,2021-07-07,A,TAW,F,1.0,37IT4,IT,NRTHP,115,190,60,2021-07-07,2021-07-07,2021-07-07,,,,S,EG04,PG05,,Operations
101541,2022-04-16,2022-04-16,T,TAW,F,1.0,37IT4,IT,NRTHP,115,190,60,2021-07-07,2021-07-07,2021-07-07,2022-04-16,201,I,S,EG04,PG05,,Operations
101542,2021-07-08,2021-07-08,A,RFT,F,1.0,13CSR1,CSR,NRTHP,112,70,70,2021-07-08,2021-07-08,2021-07-08,,,,H,EG01,PG05,,Operations
101542,2021-09-17,2021-09-17,T,RFT,F,1.0,13CSR1,CSR,NRTHP,112,70,70,2021-07-08,2021-07-08,2021-07-08,2021-09-17,205,I,H,EG01,PG05,,Operations
101543,2021-07-08,2021-07-08,A,RFT,F,1.0,84SUP5,SUPV,ALPNC,104,160,20,2021-07-08,2021-07-08,2021-07-08,,,,S,EG07,PG03,,Operations
101543,2023-07-10,2023-07-10,T,RFT,F,1.0,84SUP5,SUPV,ALPNC,104,160,20,2021-07-08,2021-07-08,2021-07-08,2023-07-10,101,V,S,EG07,PG03,,Operations
101544,2021-07-09,2021-07-09,A,RFT,F,1.0,72MKT3,MKTG,WSTMF,108,170,100,2021-07-09,2021-07-09,2021-07-09,,,,S,EG09,PG03,,Operations
101545,2021-07-09,2021-07-09,A,RFT,F,1.0,19ENG2,ENGR,PRMRE,115,250,120,2021-07-09,2021-07-09,2021-07-09,,,,S,EG01,PG02,100992.0,Operations
101545,2023-05-23,2023-05-23,A,RFT,F,1.0,56TRD2,TRD,PRMRE,115,250,120,2021-07-09,2021-07-09,2023-05-23,,,,S,EG02,PG02,100992.0,Operations
101545,2023-10-22,2023-10-22,A,RFT,F,1.0,07ACC2,ACCTG,PRMRE,115,250,120,2021-07-09,2021-07-09,2023-10-22,,,,S,EG03,PG02,100992.0,Operations
101546,2021-07-09,2021-07-09,A,CON,F,1.0,48OPS1,OPS,WSTMF,124,100,80,2021-07-09,2021-07-09,2021-07-09,,,,H,EG03,PG03,102781.0,Operations
101547,2021-07-09,2021-07-09,A,RFT,F,1.0,49OPS2,OPS,ALPNC,115,20,50,2021-07-09,2021-07-09,2021-07-09,,,,H,EG05,PG03,101427.0,Operations
101548,2021-07-09,2021-07-09,A,RFT,F,1.0,70MKT1,MKTG,PRMRE,118,120,30,2021-07-09,2021-07-09,2021-07-09,,,,S,EG04,PG02,102476.0,Operations
101548,2023-03-28,2023-03-28,T,RFT,F,1.0,70MKT1,MKTG,PRMRE,118,120,30,2021-07-09,2021-07-09,2021-07-09,2023-03-28,210,I,S,EG04,PG02,102476.0,Operations
101549,2021-07-12,2021-07-12,A,RFT,F,1.0,57TRD3,TRD,WSTMF,102,150,40,2021-07-12,2021-07-12,2021-07-12,,,,S,EG02,PG03,100842.0,Operations
101549,2021-10-11,2021-10-11,A,RFT,F,1.0,58TRD4,TRD,WSTMF,102,150,40,2021-07-12,2021-07-12,2021-10-11,,,,S,EG05,PG03,100842.0,Operations
101549,2021-12-04,2021-12-04,T,RFT,F,1.0,58TRD4,TRD,WSTMF,102,150,40,2021-07-12,2021-07-12,2021-10-11,2021-12-04,202,V,S,EG05,PG03,100842.0,Operations
101550,2021-07-13,2021-07-13,A,RFT,F,1.0,32IT1,IT,PRMRE,124,70,60,2021-07-13,2021-07-13,2021-07-13,,,,H,EG03,PG02,102457.0,Operations
101550,2024-09-03,2024-09-03,T,RFT,F,1.0,32IT1,IT,PRMRE,124,70,60,2021-07-13,2021-07-13,2021-07-13,2024-09-03,202,V,H,EG03,PG02,102457.0,Operations
101551,2021-07-16,2021-07-16,A,RFT,F,1.0,23ENG6,ENGR,NRTHP,120,180,30,2021-07-16,2021-07-16,2021-07-16,,,,S,EG07,PG05,,Operations
101551,2024-08-11,2024-08-11,T,RFT,F,1.0,23ENG6,ENGR,NRTHP,120,180,30,2021-07-16,2021-07-16,2021-07-16,2024-08-11,207,I,S,EG07,PG05,,Operations
101552,2021-07-19,2021-07-19,A,CON,F,1.0,90PRO3,PROJ,PRMRE,116,10,40,2021-07-19,2021-07-19,2021-07-19,,,,S,EG04,PG02,,Operations
101553,2021-07-20,2021-07-20,A,RFT,F,1.0,41SAL1,SALES,WSTMF,106,130,70,2021-07-20,2021-07-20,2021-07-20,,,,S,EG08,PG03,100791.0,Operations
101553,2022-05-08,2022-05-08,T,RFT,F,1.0,41SAL1,SALES,WSTMF,106,130,70,2021-07-20,2021-07-20,2021-07-20,2022-05-08,102,V,S,EG08,PG03,100791.0,Operations
101554,2021-07-20,2021-07-20,A,TAW,F,1.0,07ACC2,ACCTG,ALPNC,121,130,80,2021-07-20,2021-07-20,2021-07-20,,,,H,EG03,PG03,,Operations
101554,2021-08-29,2021-08-29,T,TAW,F,1.0,07ACC2,ACCTG,ALPNC,121,130,80,2021-07-20,2021-07-20,2021-07-20,2021-08-29,100,V,H,EG03,PG03,,Operations
101555,2021-07-20,2021-07-20,A,RFT,F,1.0,18ENG1,ENGR,WSTMF,113,220,60,2021-07-20,2021-07-20,2021-07-20,,,,H,EG08,PG03,102968.0,Operations
101555,2023-12-28,2023-12-28,T,RFT,F,1.0,18ENG1,ENGR,WSTMF,113,220,60,2021-07-20,2021-07-20,2021-07-20,2023-12-28,102,V,H,EG08,PG03,102968.0,Operations
101556,2021-07-21,2021-07-21,A,RFT,F,1.0,18ENG1,ENGR,PRMRE,116,120,10,2021-07-21,2021-07-21,2021-07-21,,,,H,EG08,PG02,101531.0,Operations
101556,2021-11-09,2021-11-09,A,RFT,F,1.0,19ENG2,ENGR,PRMRE,116,120,10,2021-07-21,2021-07-21,2021-11-09,,,,H,EG01,PG02,101531.0,Operations
101556,2025-07-28,2025-07-28,A,RFT,F,1.0,20ENG3,ENGR,PRMRE,116,120,10,2021-07-21,2021-07-21,2025-07-28,,,,H,EG03,PG02,101531.0,Operations
101557,2021-07-22,2021-07-22,A,RFT,F,1.0,49OPS2,OPS,PRMRE,121,80,60,2021-07-22,2021-07-22,2021-07-22,,,,H,EG05,PG02,,Operations
101557,2022-05-11,2022-05-11,T,RFT,F,1.0,49OPS2,OPS,PRMRE,121,80,60,2021-07-22,2021-07-22,2021-07-22,2022-05-11,102,V,H,EG05,PG02,,Operations
101558,2021-07-22,2021-07-22,A,RFT,F,1.0,89PRO2,PROJ,NRTHP,103,80,10,2021-07-22,2021-07-22,2021-07-22,,,,H,EG06,PG05,102716.0,Operations
101558,2022-04-16,2022-04-16,A,RFT,F,1.0,02ADM2,ADMIN,NRTHP,103,80,10,2021-07-22,2021-07-22,2022-04-16,,,,H,EG04,PG05,102716.0,Operations
101558,2024-12-17,2024-12-17,L,RFT,F,1.0,02ADM2,ADMIN,NRTHP,103,80,10,2021-07-22,2021-07-22,2022-04-16,,,,H,EG04,PG05,102716.0,Operations
101558,2025-04-24,2025-04-24,A,RFT,F,1.0,02ADM2,ADMIN,NRTHP,103,80,10,2021-07-22,2021-07-22,2022-04-16,,,,H,EG04,PG05,102716.0,Operations
101559,2021-07-22,2021-07-22,A,RFT,F,1.0,66TEC2,TECH,ALPNC,114,180,100,2021-07-22,2021-07-22,2021-07-22,,,,H,EG04,PG03,102185.0,Operations
101559,2022-12-10,2022-12-10,A,RFT,F,1.0,14CSR2,CSR,ALPNC,114,180,100,2021-07-22,2021-07-22,2022-12-10,,,,H,EG06,PG03,102185.0,Operations
101560,2021-07-22,2021-07-22,A,RFT,F,1.0,56TRD2,TRD,PRMRE,122,10,60,2021-07-22,2021-07-22,2021-07-22,,,,H,EG02,PG02,,Operations
101560,2021-12-21,2021-12-21,A,RFT,F,1.0,57TRD3,TRD,PRMRE,122,10,60,2021-07-22,2021-07-22,2021-12-21,,,,H,EG02,PG02,,Operations
101561,2021-07-22,2021-07-22,A,RFT,F,1.0,28HR4,HR,NRTHP,113,200,10,2021-07-22,2021-07-22,2021-07-22,,,,S,EG08,PG05,,Operations
101562,2021-07-23,2021-07-23,A,RFT,F,1.0,08ACC3,ACCTG,WSTMF,111,190,80,2021-07-23,2021-07-23,2021-07-23,,,,S,EG01,PG03,101390.0,Operations
101563,2021-07-23,2021-07-23,A,RFT,F,1.0,25HR1,HR,PRMRE,124,50,80,2021-07-23,2021-07-23,2021-07-23,,,,H,EG10,PG02,101154.0,Operations
101564,2021-07-23,2021-07-23,A,RFT,F,1.0,42SAL2,SALES,NRTHP,118,190,70,2021-07-23,2021-07-23,2021-07-23,,,,H,EG10,PG05,,Operations
101565,2021-07-23,2021-07-23,A,CON,F,1.0,60WHS1,WHSE,PRMRE,121,170,30,2021-07-23,2021-07-23,2021-07-23,,,,H,EG06,PG02,100093.0,Operations
101565,2022-05-25,2022-05-25,T,CON,F,1.0,60WHS1,WHSE,PRMRE,121,170,30,2021-07-23,2021-07-23,2021-07-23,2022-05-25,100,V,H,EG06,PG02,100093.0,Operations
101566,2021-07-23,2021-07-23,A,RFT,F,1.0,01ADM1,ADMIN,WSTMF,122,90,70,2021-07-23,2021-07-23,2021-07-23,,,,H,EG05,PG03,101043.0,Operations
101566,2022-07-26,2022-07-26,A,RFT,F,1.0,02ADM2,ADMIN,WSTMF,122,90,70,2021-07-23,2021-07-23,2022-07-26,,,,H,EG04,PG03,101043.0,Operations
101566,2022-12-01,2022-12-01,A,RFT,F,1.0,03ADM3,ADMIN,WSTMF,122,90,70,2021-07-23,2021-07-23,2022-12-01,,,,H,EG07,PG03,101043.0,Operations
101566,2025-12-16,2025-12-16,A,RFT,F,1.0,35IT3,IT,WSTMF,122,90,70,2021-07-23,2021-07-23,2025-12-16,,,,H,EG08,PG03,101043.0,Operations
101567,2021-07-23,2021-07-23,A,RPT,P,0.46,14CSR2,CSR,ALPNC,119,110,10,2021-07-23,2021-07-23,2021-07-23,,,,H,EG06,PG03,100788.0,Operations
101567,2022-08-24,2022-08-24,A,RPT,P,0.46,15CSR3,CSR,ALPNC,119,110,10,2021-07-23,2021-07-23,2022-08-24,,,,H,EG10,PG03,100788.0,Operations
101567,2025-06-25,2025-06-25,L,RPT,P,0.46,15CSR3,CSR,ALPNC,119,110,10,2021-07-23,2021-07-23,2022-08-24,,,,H,EG10,PG03,100788.0,Operations
101567,2025-10-15,2025-10-15,A,RPT,P,0.46,15CSR3,CSR,ALPNC,119,110,10,2021-07-23,2021-07-23,2022-08-24,,,,H,EG10,PG03,100788.0,Operations
101568,2021-07-23,2021-07-23,A,RFT,F,1.0,94LEG2,LEGAL,WSTMF,105,240,40,2021-07-23,2021-07-23,2021-07-23,,,,H,EG02,PG03,101695.0,Operations
101568,2021-08-03,2021-08-03,A,RFT,F,1.0,34IT2,IT,WSTMF,105,240,40,2021-07-23,2021-07-23,2021-08-03,,,,H,EG08,PG03,101695.0,Operations
101568,2024-09-13,2024-09-13,T,RFT,F,1.0,34IT2,IT,WSTMF,105,240,40,2021-07-23,2021-07-23,2021-08-03,2024-09-13,100,V,H,EG08,PG03,101695.0,Operations
101569,2021-07-23,2021-07-23,A,RFT,F,1.0,26HR2,HR,NRTHP,111,240,50,2021-07-23,2021-07-23,2021-07-23,,,,S,EG03,PG05,100802.0,Operations
101569,2021-08-16,2021-08-16,A,RFT,F,1.0,27HR3,HR,NRTHP,111,240,50,2021-07-23,2021-07-23,2021-08-16,,,,S,EG02,PG05,100802.0,Operations
101569,2024-02-05,2024-02-05,A,RFT,F,1.0,28HR4,HR,NRTHP,111,240,50,2021-07-23,2021-07-23,2024-02-05,,,,S,EG08,PG05,100802.0,Operations
101569,2025-08-02,2025-08-02,A,RFT,F,1.0,29HR5,HR,NRTHP,111,240,50,2021-07-23,2021-07-23,2025-08-02,,,,S,EG07,PG05,100802.0,Operations
101570,2021-07-26,2021-07-26,A,RFT,F,1.0,51OPS4,OPS,PRMRE,100,180,80,2021-07-26,2021-07-26,2021-07-26,,,,S,EG07,PG02,,Operations
101570,2022-11-16,2022-11-16,T,RFT,F,1.0,51OPS4,OPS,PRMRE,100,180,80,2021-07-26,2021-07-26,2021-07-26,2022-11-16,100,V,S,EG07,PG02,,Operations
101571,2021-07-26,2021-07-26,A,RPT,P,0.41,34IT2,IT,PRMRE,118,120,10,2021-07-26,2021-07-26,2021-07-26,,,,H,EG08,PG02,102476.0,Operations
101571,2022-03-26,2022-03-26,T,RPT,P,0.41,34IT2,IT,PRMRE,118,120,10,2021-07-26,2021-07-26,2021-07-26,2022-03-26,101,V,H,EG08,PG02,102476.0,Operations
101572,2021-07-27,2021-07-27,A,TAW,F,1.0,33IT2,IT,PRMRE,123,220,100,2021-07-27,2021-07-27,2021-07-27,,,,H,EG09,PG02,102187.0,Operations
101572,2021-12-22,2021-12-22,A,TAW,F,1.0,35IT3,IT,PRMRE,123,220,100,2021-07-27,2021-07-27,2021-12-22,,,,H,EG08,PG02,102187.0,Operations
101573,2021-07-27,2021-07-27,A,RPT,P,0.67,96LEG4,LEGAL,WSTMF,107,110,110,2021-07-27,2021-07-27,2021-07-27,,,,S,EG10,PG03,,Operations
101573,2025-12-22,2025-12-22,A,RPT,P,0.67,51OPS4,OPS,WSTMF,107,110,110,2021-07-27,2021-07-27,2025-12-22,,,,S,EG07,PG03,,Operations
101574,2021-07-28,2021-07-28,A,RFT,F,1.0,60WHS1,WHSE,WSTMF,105,30,40,2021-07-28,2021-07-28,2021-07-28,,,,H,EG06,PG03,101914.0,Operations
101574,2021-08-28,2021-08-28,T,RFT,F,1.0,60WHS1,WHSE,WSTMF,105,30,40,2021-07-28,2021-07-28,2021-07-28,2021-08-28,100,V,H,EG06,PG03,101914.0,Operations
101575,2021-08-02,2021-08-02,A,RFT,F,1.0,58TRD4,TRD,ALPNC,112,130,20,2021-08-02,2021-08-02,2021-08-02,,,,S,EG05,PG03,,Operations
101575,2022-10-11,2022-10-11,L,RFT,F,1.0,58TRD4,TRD,ALPNC,112,130,20,2021-08-02,2021-08-02,2021-08-02,,,,S,EG05,PG03,,Operations
101575,2023-03-07,2023-03-07,A,RFT,F,1.0,58TRD4,TRD,ALPNC,112,130,20,2021-08-02,2021-08-02,2021-08-02,,,,S,EG05,PG03,,Operations
101575,2023-08-18,2023-08-18,T,RFT,F,1.0,58TRD4,TRD,ALPNC,112,130,20,2021-08-02,2021-08-02,2021-08-02,2023-08-18,207,I,S,EG05,PG03,,Operations
101576,2021-08-02,2021-08-02,A,RPT,P,0.64,25HR1,HR,PRMRE,117,90,10,2021-08-02,2021-08-02,2021-08-02,,,,H,EG10,PG02,,Operations
101576,2023-05-24,2023-05-24,T,RPT,P,0.64,25HR1,HR,PRMRE,117,90,10,2021-08-02,2021-08-02,2021-08-02,2023-05-24,102,V,H,EG10,PG02,,Operations
101577,2021-08-03,2021-08-03,A,CON,F,1.0,16CSR4,CSR,NRTHP,117,90,20,2021-08-03,2021-08-03,2021-08-03,,,,S,EG10,PG05,,Operations
101577,2022-05-11,2022-05-11,T,CON,F,1.0,16CSR4,CSR,NRTHP,117,90,20,2021-08-03,2021-08-03,2021-08-03,2022-05-11,100,V,S,EG10,PG05,,Operations
101578,2021-08-04,2021-08-04,A,TAW,F,1.0,05ACC1,ACCTG,PRMRE,117,20,120,2021-08-04,2021-08-04,2021-08-04,,,,S,EG05,PG02,102028.0,Operations
101579,2021-08-05,2021-08-05,A,CON,F,1.0,19ENG2,ENGR,NRTHP,117,130,20,2021-08-05,2021-08-05,2021-08-05,,,,H,EG01,PG05,101323.0,Operations
101580,2021-08-05,2021-08-05,A,RFT,F,1.0,01ADM1,ADMIN,ALPNC,100,160,100,2021-08-05,2021-08-05,2021-08-05,,,,H,EG05,PG03,102626.0,Operations
101580,2023-01-03,2023-01-03,T,RFT,F,1.0,01ADM1,ADMIN,ALPNC,100,160,100,2021-08-05,2021-08-05,2021-08-05,2023-01-03,100,V,H,EG05,PG03,102626.0,Operations
101581,2021-08-05,2021-08-05,A,RPT,P,0.61,65TEC1,TECH,PRMRE,100,80,80,2021-08-05,2021-08-05,2021-08-05,,,,S,EG08,PG02,100205.0,Operations
101581,2022-05-01,2022-05-01,T,RPT,P,0.61,65TEC1,TECH,PRMRE,100,80,80,2021-08-05,2021-08-05,2021-08-05,2022-05-01,206,I,S,EG08,PG02,100205.0,Operations
101582,2021-08-06,2021-08-06,A,RFT,F,1.0,25HR1,HR,NRTHP,113,240,80,2021-08-06,2021-08-06,2021-08-06,,,,H,EG10,PG05,102205.0,Operations
101582,2022-03-31,2022-03-31,T,RFT,F,1.0,25HR1,HR,NRTHP,113,240,80,2021-08-06,2021-08-06,2021-08-06,2022-03-31,101,V,H,EG10,PG05,102205.0,Operations
101583,2021-08-06,2021-08-06,A,RFT,F,1.0,15CSR3,CSR,ALPNC,121,150,70,2021-08-06,2021-08-06,2021-08-06,,,,S,EG10,PG03,,Operations
101583,2023-07-21,2023-07-21,A,RFT,F,1.0,16CSR4,CSR,ALPNC,121,150,70,2021-08-06,2021-08-06,2023-07-21,,,,S,EG10,PG03,,Operations
101584,2021-08-06,2021-08-06,A,RPT,P,0.52,15CSR3,CSR,WSTMF,102,220,60,2021-08-06,2021-08-06,2021-08-06,,,,S,EG10,PG03,102813.0,Operations
101584,2024-11-14,2024-11-14,T,RPT,P,0.52,15CSR3,CSR,WSTMF,102,220,60,2021-08-06,2021-08-06,2021-08-06,2024-11-14,207,I,S,EG10,PG03,102813.0,Operations
101585,2021-08-09,2021-08-09,A,RFT,F,1.0,33IT2,IT,PRMRE,105,30,60,2021-08-09,2021-08-09,2021-08-09,,,,S,EG09,PG02,101914.0,Operations
101585,2022-08-03,2022-08-03,T,RFT,F,1.0,33IT2,IT,PRMRE,105,30,60,2021-08-09,2021-08-09,2021-08-09,2022-08-03,101,V,S,EG09,PG02,101914.0,Operations
101586,2021-08-09,2021-08-09,A,CON,F,1.0,27HR3,HR,ALPNC,102,190,120,2021-08-09,2021-08-09,2021-08-09,,,,S,EG02,PG03,,Operations
101586,2021-08-31,2021-08-31,A,CON,F,1.0,28HR4,HR,ALPNC,102,190,120,2021-08-09,2021-08-09,2021-08-31,,,,S,EG08,PG03,,Operations
101586,2024-05-27,2024-05-27,T,CON,F,1.0,28HR4,HR,ALPNC,102,190,120,2021-08-09,2021-08-09,2021-08-31,2024-05-27,206,I,S,EG08,PG03,,Operations
101587,2021-08-10,2021-08-10,A,RFT,F,1.0,60WHS1,WHSE,WSTMF,122,190,20,2021-08-10,2021-08-10,2021-08-10,,,,H,EG06,PG03,102645.0,Operations
101588,2021-08-10,2021-08-10,A,RFT,F,1.0,48OPS1,OPS,PRMRE,115,230,100,2021-08-10,2021-08-10,2021-08-10,,,,H,EG03,PG02,101987.0,Operations
101588,2022-03-09,2022-03-09,L,RFT,F,1.0,48OPS1,OPS,PRMRE,115,230,100,2021-08-10,2021-08-10,2021-08-10,,,,H,EG03,PG02,101987.0,Operations
101588,2022-05-10,2022-05-10,A,RFT,F,1.0,48OPS1,OPS,PRMRE,115,230,100,2021-08-10,2021-08-10,2021-08-10,,,,H,EG03,PG02,101987.0,Operations
101588,2024-10-24,2024-10-24,A,RFT,F,1.0,49OPS2,OPS,PRMRE,115,230,100,2021-08-10,2021-08-10,2024-10-24,,,,H,EG05,PG02,101987.0,Operations
101589,2021-08-10,2021-08-10,A,TAW,F,1.0,25HR1,HR,ALPNC,124,90,110,2021-08-10,2021-08-10,2021-08-10,,,,S,EG10,PG03,100652.0,Operations
101590,2021-08-11,2021-08-11,A,RFT,F,1.0,96LEG4,LEGAL,PRMRE,100,130,10,2021-08-11,2021-08-11,2021-08-11,,,,S,EG10,PG02,,Operations
101591,2021-08-12,2021-08-12,A,RFT,F,1.0,71MKT2,MKTG,PRMRE,105,100,70,2021-08-12,2021-08-12,2021-08-12,,,,S,EG10,PG02,,Operations
101592,2021-08-12,2021-08-12,A,RFT,F,1.0,21ENG4,ENGR,NRTHP,119,90,50,2021-08-12,2021-08-12,2021-08-12,,,,S,EG06,PG05,,Operations
101592,2025-03-26,2025-03-26,A,RFT,F,1.0,22ENG5,ENGR,NRTHP,119,90,50,2021-08-12,2021-08-12,2025-03-26,,,,S,EG08,PG05,,Operations
101593,2021-08-13,2021-08-13,A,TFT,F,1.0,92PRO5,PROJ,PRMRE,115,80,10,2021-08-13,2021-08-13,2021-08-13,,,,S,EG07,PG02,,Operations
101593,2022-06-04,2022-06-04,T,TFT,F,1.0,92PRO5,PROJ,PRMRE,115,80,10,2021-08-13,2021-08-13,2021-08-13,2022-06-04,201,I,S,EG07,PG02,,Operations
101594,2021-08-13,2021-08-13,A,RFT,F,1.0,08ACC3,ACCTG,ALPNC,114,130,30,2021-08-13,2021-08-13,2021-08-13,,,,S,EG01,PG03,102882.0,Operations
101594,2021-08-18,2021-08-18,A,RFT,F,1.0,09ACC4,ACCTG,ALPNC,114,130,30,2021-08-13,2021-08-13,2021-08-18,,,,S,EG05,PG03,102882.0,Operations
101595,2021-08-16,2021-08-16,A,RFT,F,1.0,34IT2,IT,NRTHP,102,150,60,2021-08-16,2021-08-16,2021-08-16,,,,H,EG08,PG05,100842.0,Operations
101595,2022-01-27,2022-01-27,A,RFT,F,1.0,02ADM2,ADMIN,NRTHP,102,150,60,2021-08-16,2021-08-16,2022-01-27,,,,H,EG04,PG05,100842.0,Operations
101595,2022-12-31,2022-12-31,A,RFT,F,1.0,03ADM3,ADMIN,NRTHP,102,150,60,2021-08-16,2021-08-16,2022-12-31,,,,H,EG07,PG05,100842.0,Operations
101595,2023-10-25,2023-10-25,T,RFT,F,1.0,03ADM3,ADMIN,NRTHP,102,150,60,2021-08-16,2021-08-16,2022-12-31,2023-10-25,200,I,H,EG07,PG05,100842.0,Operations
101596,2021-08-17,2021-08-17,A,RFT,F,1.0,26HR2,HR,NRTHP,103,10,50,2021-08-17,2021-08-17,2021-08-17,,,,S,EG03,PG05,102029.0,Operations
101596,2022-06-10,2022-06-10,T,RFT,F,1.0,26HR2,HR,NRTHP,103,10,50,2021-08-17,2021-08-17,2021-08-17,2022-06-10,202,V,S,EG03,PG05,102029.0,Operations
101597,2021-08-17,2021-08-17,A,RFT,F,1.0,33IT2,IT,NRTHP,117,230,70,2021-08-17,2021-08-17,2021-08-17,,,,H,EG09,PG05,,Operations
101597,2022-11-27,2022-11-27,A,RFT,F,1.0,35IT3,IT,NRTHP,117,230,70,2021-08-17,2021-08-17,2022-11-27,,,,H,EG08,PG05,,Operations
101598,2021-08-18,2021-08-18,A,RFT,F,1.0,32IT1,IT,PRMRE,105,190,40,2021-08-18,2021-08-18,2021-08-18,,,,H,EG03,PG02,102664.0,Operations
101599,2021-08-19,2021-08-19,A,RFT,F,1.0,80ANL4,ANLYT,PRMRE,117,220,50,2021-08-19,2021-08-19,2021-08-19,,,,S,EG05,PG02,,Operations
101599,2024-04-07,2024-04-07,A,RFT,F,1.0,68TEC4,TECH,PRMRE,117,220,50,2021-08-19,2021-08-19,2024-04-07,,,,S,EG06,PG02,,Operations
101600,2021-08-20,2021-08-20,A,RFT,F,1.0,02ADM2,ADMIN,ALPNC,104,50,40,2021-08-20,2021-08-20,2021-08-20,,,,H,EG04,PG03,102316.0,Operations
101600,2021-11-19,2021-11-19,T,RFT,F,1.0,02ADM2,ADMIN,ALPNC,104,50,40,2021-08-20,2021-08-20,2021-08-20,2021-11-19,201,I,H,EG04,PG03,102316.0,Operations
101601,2021-08-20,2021-08-20,A,TFT,F,1.0,67TEC3,TECH,WSTMF,102,250,10,2021-08-20,2021-08-20,2021-08-20,,,,S,EG10,PG03,,Operations
101601,2022-01-29,2022-01-29,A,TFT,F,1.0,68TEC4,TECH,WSTMF,102,250,10,2021-08-20,2021-08-20,2022-01-29,,,,S,EG06,PG03,,Operations
101601,2022-09-30,2022-09-30,T,TFT,F,1.0,68TEC4,TECH,WSTMF,102,250,10,2021-08-20,2021-08-20,2022-01-29,2022-09-30,201,I,S,EG06,PG03,,Operations
101602,2021-08-20,2021-08-20,A,TFT,F,1.0,50OPS3,OPS,NRTHP,123,150,40,2021-08-20,2021-08-20,2021-08-20,,,,S,EG06,PG05,,Operations
101602,2022-01-09,2022-01-09,A,TFT,F,1.0,51OPS4,OPS,NRTHP,123,150,40,2021-08-20,2021-08-20,2022-01-09,,,,S,EG07,PG05,,Operations
101602,2022-10-27,2022-10-27,A,TFT,F,1.0,52OPS5,OPS,NRTHP,123,150,40,2021-08-20,2021-08-20,2022-10-27,,,,S,EG09,PG05,,Operations
101603,2021-08-24,2021-08-24,A,RFT,F,1.0,07ACC2,ACCTG,PRMRE,122,70,50,2021-08-24,2021-08-24,2021-08-24,,,,H,EG03,PG02,101370.0,Operations
101603,2025-06-07,2025-06-07,T,RFT,F,1.0,07ACC2,ACCTG,PRMRE,122,70,50,2021-08-24,2021-08-24,2021-08-24,2025-06-07,200,I,H,EG03,PG02,101370.0,Operations
101604,2021-08-24,2021-08-24,A,RFT,F,1.0,78ANL2,ANLYT,ALPNC,121,20,70,2021-08-24,2021-08-24,2021-08-24,,,,H,EG04,PG03,100758.0,Operations
101604,2024-10-01,2024-10-01,A,RFT,F,1.0,79ANL3,ANLYT,ALPNC,121,20,70,2021-08-24,2021-08-24,2024-10-01,,,,H,EG10,PG03,100758.0,Operations
101605,2021-08-26,2021-08-26,A,RFT,F,1.0,70MKT1,MKTG,WSTMF,122,150,60,2021-08-26,2021-08-26,2021-08-26,,,,H,EG04,PG03,,Operations
101605,2022-01-27,2022-01-27,A,RFT,F,1.0,71MKT2,MKTG,WSTMF,122,150,60,2021-08-26,2021-08-26,2022-01-27,,,,H,EG10,PG03,,Operations
101606,2021-08-26,2021-08-26,A,RFT,F,1.0,95LEG3,LEGAL,ALPNC,119,170,30,2021-08-26,2021-08-26,2021-08-26,,,,S,EG05,PG03,101534.0,Operations
101606,2022-01-14,2022-01-14,A,RFT,F,1.0,96LEG4,LEGAL,ALPNC,119,170,30,2021-08-26,2021-08-26,2022-01-14,,,,S,EG10,PG03,101534.0,Operations
101607,2021-08-26,2021-08-26,A,RFT,F,1.0,70MKT1,MKTG,PRMRE,117,120,30,2021-08-26,2021-08-26,2021-08-26,,,,H,EG04,PG02,,Operations
101608,2021-08-27,2021-08-27,A,RFT,F,1.0,03ADM3,ADMIN,NRTHP,100,210,20,2021-08-27,2021-08-27,2021-08-27,,,,S,EG07,PG05,,Operations
101608,2022-04-11,2022-04-11,T,RFT,F,1.0,03ADM3,ADMIN,NRTHP,100,210,20,2021-08-27,2021-08-27,2021-08-27,2022-04-11,101,V,S,EG07,PG05,,Operations
101609,2021-08-27,2021-08-27,A,RFT,F,1.0,55TRD1,TRD,ALPNC,111,80,110,2021-08-27,2021-08-27,2021-08-27,,,,H,EG04,PG03,100773.0,Operations
101609,2022-04-10,2022-04-10,A,RFT,F,1.0,56TRD2,TRD,ALPNC,111,80,110,2021-08-27,2021-08-27,2022-04-10,,,,H,EG02,PG03,100773.0,Operations
101609,2023-05-17,2023-05-17,A,RFT,F,1.0,57TRD3,TRD,ALPNC,111,80,110,2021-08-27,2021-08-27,2023-05-17,,,,H,EG02,PG03,100773.0,Operations
101610,2021-09-01,2021-09-01,A,RPT,P,0.51,25HR1,HR,PRMRE,122,220,110,2021-09-01,2021-09-01,2021-09-01,,,,H,EG10,PG02,,Operations
101610,2022-05-20,2022-05-20,T,RPT,P,0.51,25HR1,HR,PRMRE,122,220,110,2021-09-01,2021-09-01,2021-09-01,2022-05-20,207,I,H,EG10,PG02,,Operations
101611,2021-09-01,2021-09-01,A,RFT,F,1.0,55TRD1,TRD,WSTMF,108,220,70,2021-09-01,2021-09-01,2021-09-01,,,,S,EG04,PG03,101152.0,Operations
101611,2022-04-11,2022-04-11,T,RFT,F,1.0,55TRD1,TRD,WSTMF,108,220,70,2021-09-01,2021-09-01,2021-09-01,2022-04-11,202,V,S,EG04,PG03,101152.0,Operations
101612,2021-09-03,2021-09-03,A,TFT,F,1.0,35IT3,IT,ALPNC,114,140,30,2021-09-03,2021-09-03,2021-09-03,,,,S,EG08,PG03,,Operations
101612,2022-06-07,2022-06-07,T,TFT,F,1.0,35IT3,IT,ALPNC,114,140,30,2021-09-03,2021-09-03,2021-09-03,2022-06-07,202,V,S,EG08,PG03,,Operations
101613,2021-09-03,2021-09-03,A,RFT,F,1.0,34IT2,IT,ALPNC,121,140,50,2021-09-03,2021-09-03,2021-09-03,,,,H,EG08,PG03,,Operations
101614,2021-09-03,2021-09-03,A,TAW,F,1.0,65TEC1,TECH,NRTHP,122,150,30,2021-09-03,2021-09-03,2021-09-03,,,,H,EG08,PG05,,Operations
101614,2022-06-08,2022-06-08,T,TAW,F,1.0,65TEC1,TECH,NRTHP,122,150,30,2021-09-03,2021-09-03,2021-09-03,2022-06-08,201,I,H,EG08,PG05,,Operations
101615,2021-09-03,2021-09-03,A,RFT,F,1.0,65TEC1,TECH,WSTMF,110,230,100,2021-09-03,2021-09-03,2021-09-03,,,,H,EG08,PG03,102116.0,Operations
101615,2021-11-30,2021-11-30,T,RFT,F,1.0,65TEC1,TECH,WSTMF,110,230,100,2021-09-03,2021-09-03,2021-09-03,2021-11-30,100,V,H,EG08,PG03,102116.0,Operations
101616,2021-09-03,2021-09-03,A,RFT,F,1.0,32IT1,IT,NRTHP,115,200,70,2021-09-03,2021-09-03,2021-09-03,,,,H,EG03,PG05,102397.0,Operations
101616,2021-09-18,2021-09-18,A,RFT,F,1.0,33IT2,IT,NRTHP,115,200,70,2021-09-03,2021-09-03,2021-09-18,,,,H,EG09,PG05,102397.0,Operations
101616,2023-12-07,2023-12-07,T,RFT,F,1.0,33IT2,IT,NRTHP,115,200,70,2021-09-03,2021-09-03,2021-09-18,2023-12-07,103,V,H,EG09,PG05,102397.0,Operations
101617,2021-09-03,2021-09-03,A,RFT,F,1.0,55TRD1,TRD,WSTMF,122,50,60,2021-09-03,2021-09-03,2021-09-03,,,,H,EG04,PG03,101619.0,Operations
101617,2023-06-04,2023-06-04,A,RFT,F,1.0,70MKT1,MKTG,WSTMF,122,50,60,2021-09-03,2021-09-03,2023-06-04,,,,H,EG04,PG03,101619.0,Operations
101617,2025-03-05,2025-03-05,A,RFT,F,1.0,71MKT2,MKTG,WSTMF,122,50,60,2021-09-03,2021-09-03,2025-03-05,,,,H,EG10,PG03,101619.0,Operations
101618,2021-09-03,2021-09-03,A,RFT,F,1.0,41SAL1,SALES,ALPNC,116,120,50,2021-09-03,2021-09-03,2021-09-03,,,,S,EG08,PG03,101531.0,Operations
101619,2021-09-08,2021-09-08,A,RFT,F,1.0,36IT3,IT,WSTMF,122,50,80,2021-09-08,2021-09-08,2021-09-08,,,,S,EG07,PG03,,Operations
101619,2023-04-30,2023-04-30,L,RFT,F,1.0,36IT3,IT,WSTMF,122,50,80,2021-09-08,2021-09-08,2021-09-08,,,,S,EG07,PG03,,Operations
101619,2023-08-30,2023-08-30,A,RFT,F,1.0,36IT3,IT,WSTMF,122,50,80,2021-09-08,2021-09-08,2021-09-08,,,,S,EG07,PG03,,Operations
101619,2025-03-26,2025-03-26,L,RFT,F,1.0,36IT3,IT,WSTMF,122,50,80,2021-09-08,2021-09-08,2021-09-08,,,,S,EG07,PG03,,Operations
101619,2025-04-15,2025-04-15,A,RFT,F,1.0,36IT3,IT,WSTMF,122,50,80,2021-09-08,2021-09-08,2021-09-08,,,,S,EG07,PG03,,Operations
101620,2021-09-08,2021-09-08,A,RFT,F,1.0,68TEC4,TECH,PRMRE,117,100,40,2021-09-08,2021-09-08,2021-09-08,,,,S,EG06,PG02,101032.0,Operations
101620,2022-01-06,2022-01-06,T,RFT,F,1.0,68TEC4,TECH,PRMRE,117,100,40,2021-09-08,2021-09-08,2021-09-08,2022-01-06,103,V,S,EG06,PG02,101032.0,Operations
101621,2021-09-08,2021-09-08,A,RFT,F,1.0,32IT1,IT,PRMRE,121,190,120,2021-09-08,2021-09-08,2021-09-08,,,,S,EG03,PG02,100421.0,Operations
101621,2022-07-01,2022-07-01,A,RFT,F,1.0,34IT2,IT,PRMRE,121,190,120,2021-09-08,2021-09-08,2022-07-01,,,,S,EG08,PG02,100421.0,Operations
101621,2024-02-05,2024-02-05,L,RFT,F,1.0,34IT2,IT,PRMRE,121,190,120,2021-09-08,2021-09-08,2022-07-01,,,,S,EG08,PG02,100421.0,Operations
101621,2024-04-15,2024-04-15,A,RFT,F,1.0,34IT2,IT,PRMRE,121,190,120,2021-09-08,2021-09-08,2022-07-01,,,,S,EG08,PG02,100421.0,Operations
101621,2024-04-21,2024-04-21,T,RFT,F,1.0,34IT2,IT,PRMRE,121,190,120,2021-09-08,2021-09-08,2022-07-01,2024-04-21,200,I,S,EG08,PG02,100421.0,Operations
101622,2021-09-09,2021-09-09,A,RFT,F,1.0,35IT3,IT,ALPNC,116,60,60,2021-09-09,2021-09-09,2021-09-09,,,,S,EG08,PG03,102529.0,Operations
101622,2021-12-15,2021-12-15,T,RFT,F,1.0,35IT3,IT,ALPNC,116,60,60,2021-09-09,2021-09-09,2021-09-09,2021-12-15,102,V,S,EG08,PG03,102529.0,Operations
101623,2021-09-09,2021-09-09,A,RFT,F,1.0,70MKT1,MKTG,PRMRE,100,180,40,2021-09-09,2021-09-09,2021-09-09,,,,H,EG04,PG02,102279.0,Operations
101623,2025-04-07,2025-04-07,A,RFT,F,1.0,71MKT2,MKTG,PRMRE,100,180,40,2021-09-09,2021-09-09,2025-04-07,,,,H,EG10,PG02,102279.0,Operations
101624,2021-09-10,2021-09-10,A,TFT,F,1.0,25HR1,HR,NRTHP,101,240,60,2021-09-10,2021-09-10,2021-09-10,,,,S,EG10,PG05,,Operations
101624,2022-01-27,2022-01-27,L,TFT,F,1.0,25HR1,HR,NRTHP,101,240,60,2021-09-10,2021-09-10,2021-09-10,,,,S,EG10,PG05,,Operations
101624,2022-02-13,2022-02-13,A,TFT,F,1.0,25HR1,HR,NRTHP,101,240,60,2021-09-10,2021-09-10,2021-09-10,,,,S,EG10,PG05,,Operations
101624,2022-09-07,2022-09-07,T,TFT,F,1.0,25HR1,HR,NRTHP,101,240,60,2021-09-10,2021-09-10,2021-09-10,2022-09-07,103,V,S,EG10,PG05,,Operations
101625,2021-09-10,2021-09-10,A,RFT,F,1.0,34IT2,IT,ALPNC,100,130,60,2021-09-10,2021-09-10,2021-09-10,,,,H,EG08,PG03,101590.0,Operations
101625,2022-10-17,2022-10-17,T,RFT,F,1.0,34IT2,IT,ALPNC,100,130,60,2021-09-10,2021-09-10,2021-09-10,2022-10-17,210,I,H,EG08,PG03,101590.0,Operations
101626,2021-09-10,2021-09-10,A,CON,F,1.0,18ENG1,ENGR,WSTMF,118,70,20,2021-09-10,2021-09-10,2021-09-10,,,,H,EG08,PG03,,Operations
101626,2022-04-17,2022-04-17,A,CON,F,1.0,19ENG2,ENGR,WSTMF,118,70,20,2021-09-10,2021-09-10,2022-04-17,,,,H,EG01,PG03,,Operations
101626,2025-08-29,2025-08-29,L,CON,F,1.0,19ENG2,ENGR,WSTMF,118,70,20,2021-09-10,2021-09-10,2022-04-17,,,,H,EG01,PG03,,Operations
101627,2021-09-10,2021-09-10,A,RFT,F,1.0,94LEG2,LEGAL,NRTHP,108,80,30,2021-09-10,2021-09-10,2021-09-10,,,,H,EG02,PG05,102046.0,Operations
101627,2024-08-13,2024-08-13,L,RFT,F,1.0,94LEG2,LEGAL,NRTHP,108,80,30,2021-09-10,2021-09-10,2021-09-10,,,,H,EG02,PG05,102046.0,Operations
101627,2025-01-05,2025-01-05,A,RFT,F,1.0,94LEG2,LEGAL,NRTHP,108,80,30,2021-09-10,2021-09-10,2021-09-10,,,,H,EG02,PG05,102046.0,Operations
101628,2021-09-10,2021-09-10,A,RPT,P,0.51,78ANL2,ANLYT,NRTHP,101,230,120,2021-09-10,2021-09-10,2021-09-10,,,,H,EG04,PG05,,Operations
101628,2021-12-09,2021-12-09,T,RPT,P,0.51,78ANL2,ANLYT,NRTHP,101,230,120,2021-09-10,2021-09-10,2021-09-10,2021-12-09,102,V,H,EG04,PG05,,Operations
101629,2021-09-10,2021-09-10,A,RFT,F,1.0,18ENG1,ENGR,PRMRE,105,20,20,2021-09-10,2021-09-10,2021-09-10,,,,H,EG08,PG02,102730.0,Operations
101629,2021-11-08,2021-11-08,A,RFT,F,1.0,25HR1,HR,PRMRE,105,20,20,2021-09-10,2021-09-10,2021-11-08,,,,H,EG10,PG02,102730.0,Operations
101630,2021-09-13,2021-09-13,A,RFT,F,1.0,56TRD2,TRD,ALPNC,111,100,100,2021-09-13,2021-09-13,2021-09-13,,,,S,EG02,PG03,,Operations
101630,2022-05-04,2022-05-04,A,RFT,F,1.0,57TRD3,TRD,ALPNC,111,100,100,2021-09-13,2021-09-13,2022-05-04,,,,S,EG02,PG03,,Operations
101630,2022-10-04,2022-10-04,T,RFT,F,1.0,57TRD3,TRD,ALPNC,111,100,100,2021-09-13,2021-09-13,2022-05-04,2022-10-04,100,V,S,EG02,PG03,,Operations
101631,2021-09-13,2021-09-13,A,RFT,F,1.0,41SAL1,SALES,PRMRE,123,80,60,2021-09-13,2021-09-13,2021-09-13,,,,H,EG08,PG02,,Operations
101632,2021-09-13,2021-09-13,A,RPT,P,0.45,01ADM1,ADMIN,NRTHP,120,100,10,2021-09-13,2021-09-13,2021-09-13,,,,H,EG05,PG05,102854.0,Operations
101632,2022-02-05,2022-02-05,T,RPT,P,0.45,01ADM1,ADMIN,NRTHP,120,100,10,2021-09-13,2021-09-13,2021-09-13,2022-02-05,100,V,H,EG05,PG05,102854.0,Operations
101633,2021-09-15,2021-09-15,A,RFT,F,1.0,55TRD1,TRD,NRTHP,122,40,100,2021-09-15,2021-09-15,2021-09-15,,,,H,EG04,PG05,101880.0,Operations
101634,2021-09-15,2021-09-15,A,RFT,F,1.0,77ANL1,ANLYT,ALPNC,100,120,40,2021-09-15,2021-09-15,2021-09-15,,,,H,EG04,PG03,102980.0,Operations
101634,2022-01-26,2022-01-26,L,RFT,F,1.0,77ANL1,ANLYT,ALPNC,100,120,40,2021-09-15,2021-09-15,2021-09-15,,,,H,EG04,PG03,102980.0,Operations
101634,2022-07-13,2022-07-13,A,RFT,F,1.0,77ANL1,ANLYT,ALPNC,100,120,40,2021-09-15,2021-09-15,2021-09-15,,,,H,EG04,PG03,102980.0,Operations
101634,2022-11-21,2022-11-21,T,RFT,F,1.0,77ANL1,ANLYT,ALPNC,100,120,40,2021-09-15,2021-09-15,2021-09-15,2022-11-21,202,V,H,EG04,PG03,102980.0,Operations
101635,2021-09-15,2021-09-15,A,RFT,F,1.0,26HR2,HR,PRMRE,105,240,10,2021-09-15,2021-09-15,2021-09-15,,,,H,EG03,PG02,101695.0,Operations
101635,2022-03-20,2022-03-20,A,RFT,F,1.0,71MKT2,MKTG,PRMRE,105,240,10,2021-09-15,2021-09-15,2022-03-20,,,,H,EG10,PG02,101695.0,Operations
101635,2024-08-13,2024-08-13,A,RFT,F,1.0,72MKT3,MKTG,PRMRE,105,240,10,2021-09-15,2021-09-15,2024-08-13,,,,H,EG09,PG02,101695.0,Operations
101636,2021-09-16,2021-09-16,A,RFT,F,1.0,55TRD1,TRD,ALPNC,111,140,10,2021-09-16,2021-09-16,2021-09-16,,,,H,EG04,PG03,100755.0,Operations
101637,2021-09-17,2021-09-17,A,RFT,F,1.0,61WHS2,WHSE,NRTHP,122,250,40,2021-09-17,2021-09-17,2021-09-17,,,,H,EG01,PG05,102017.0,Operations
101637,2021-12-08,2021-12-08,A,RFT,F,1.0,78ANL2,ANLYT,NRTHP,122,250,40,2021-09-17,2021-09-17,2021-12-08,,,,H,EG04,PG05,102017.0,Operations
101638,2021-09-17,2021-09-17,A,RFT,F,1.0,94LEG2,LEGAL,WSTMF,102,220,100,2021-09-17,2021-09-17,2021-09-17,,,,S,EG02,PG03,102813.0,Operations
101639,2021-09-17,2021-09-17,A,RPT,P,0.47,72MKT3,MKTG,PRMRE,122,200,80,2021-09-17,2021-09-17,2021-09-17,,,,S,EG09,PG02,101063.0,Operations
101639,2021-10-20,2021-10-20,T,RPT,P,0.47,72MKT3,MKTG,PRMRE,122,200,80,2021-09-17,2021-09-17,2021-09-17,2021-10-20,100,V,S,EG09,PG02,101063.0,Operations
101640,2021-09-17,2021-09-17,A,RFT,F,1.0,41SAL1,SALES,PRMRE,118,210,50,2021-09-17,2021-09-17,2021-09-17,,,,H,EG08,PG02,101721.0,Operations
101641,2021-09-20,2021-09-20,A,RFT,F,1.0,56TRD2,TRD,PRMRE,121,60,60,2021-09-20,2021-09-20,2021-09-20,,,,H,EG02,PG02,102633.0,Operations
101641,2023-01-13,2023-01-13,T,RFT,F,1.0,56TRD2,TRD,PRMRE,121,60,60,2021-09-20,2021-09-20,2021-09-20,2023-01-13,100,V,H,EG02,PG02,102633.0,Operations
101642,2021-09-20,2021-09-20,A,RFT,F,1.0,66TEC2,TECH,WSTMF,113,240,100,2021-09-20,2021-09-20,2021-09-20,,,,H,EG04,PG03,102205.0,Operations
101642,2023-02-15,2023-02-15,T,RFT,F,1.0,66TEC2,TECH,WSTMF,113,240,100,2021-09-20,2021-09-20,2021-09-20,2023-02-15,201,I,H,EG04,PG03,102205.0,Operations
101643,2021-09-21,2021-09-21,A,RPT,P,0.48,03ADM3,ADMIN,PRMRE,105,210,80,2021-09-21,2021-09-21,2021-09-21,,,,S,EG07,PG02,,Operations
101643,2022-03-01,2022-03-01,A,RPT,P,0.48,04ADM4,ADMIN,PRMRE,105,210,80,2021-09-21,2021-09-21,2022-03-01,,,,S,EG06,PG02,,Operations
101643,2023-07-06,2023-07-06,T,RPT,P,0.48,04ADM4,ADMIN,PRMRE,105,210,80,2021-09-21,2021-09-21,2022-03-01,2023-07-06,100,V,S,EG06,PG02,,Operations
101644,2021-09-21,2021-09-21,A,RFT,F,1.0,60WHS1,WHSE,ALPNC,116,90,50,2021-09-21,2021-09-21,2021-09-21,,,,H,EG06,PG03,102267.0,Operations
101645,2021-09-21,2021-09-21,A,RFT,F,1.0,60WHS1,WHSE,WSTMF,107,40,90,2021-09-21,2021-09-21,2021-09-21,,,,H,EG06,PG03,101830.0,Operations
101645,2021-10-31,2021-10-31,T,RFT,F,1.0,60WHS1,WHSE,WSTMF,107,40,90,2021-09-21,2021-09-21,2021-09-21,2021-10-31,101,V,H,EG06,PG03,101830.0,Operations
101646,2021-09-21,2021-09-21,A,RFT,F,1.0,03ADM3,ADMIN,ALPNC,100,170,70,2021-09-21,2021-09-21,2021-09-21,,,,S,EG07,PG03,,Operations
101646,2025-10-05,2025-10-05,T,RFT,F,1.0,03ADM3,ADMIN,ALPNC,100,170,70,2021-09-21,2021-09-21,2021-09-21,2025-10-05,202,V,S,EG07,PG03,,Operations
101647,2021-09-22,2021-09-22,A,RFT,F,1.0,55TRD1,TRD,WSTMF,113,120,60,2021-09-22,2021-09-22,2021-09-22,,,,H,EG04,PG03,,Operations
101647,2023-08-01,2023-08-01,T,RFT,F,1.0,55TRD1,TRD,WSTMF,113,120,60,2021-09-22,2021-09-22,2021-09-22,2023-08-01,100,V,H,EG04,PG03,,Operations
101648,2021-09-22,2021-09-22,A,RFT,F,1.0,16CSR4,CSR,ALPNC,112,140,60,2021-09-22,2021-09-22,2021-09-22,,,,S,EG10,PG03,,Operations
101648,2023-03-14,2023-03-14,T,RFT,F,1.0,16CSR4,CSR,ALPNC,112,140,60,2021-09-22,2021-09-22,2021-09-22,2023-03-14,205,I,S,EG10,PG03,,Operations
101649,2021-09-22,2021-09-22,A,RFT,F,1.0,77ANL1,ANLYT,PRMRE,105,70,60,2021-09-22,2021-09-22,2021-09-22,,,,S,EG04,PG02,101023.0,Operations
101649,2025-09-22,2025-09-22,A,RFT,F,1.0,48OPS1,OPS,PRMRE,105,70,60,2021-09-22,2021-09-22,2025-09-22,,,,S,EG03,PG02,101023.0,Operations
101650,2021-09-22,2021-09-22,A,RFT,F,1.0,57TRD3,TRD,ALPNC,104,20,110,2021-09-22,2021-09-22,2021-09-22,,,,S,EG02,PG03,,Operations
101650,2024-06-12,2024-06-12,T,RFT,F,1.0,57TRD3,TRD,ALPNC,104,20,110,2021-09-22,2021-09-22,2021-09-22,2024-06-12,210,I,S,EG02,PG03,,Operations
101651,2021-09-22,2021-09-22,A,RFT,F,1.0,02ADM2,ADMIN,NRTHP,108,210,120,2021-09-22,2021-09-22,2021-09-22,,,,H,EG04,PG05,,Operations
101651,2025-04-10,2025-04-10,T,RFT,F,1.0,02ADM2,ADMIN,NRTHP,108,210,120,2021-09-22,2021-09-22,2021-09-22,2025-04-10,205,I,H,EG04,PG05,,Operations
101652,2021-09-23,2021-09-23,A,RPT,P,0.72,58TRD4,TRD,NRTHP,103,250,30,2021-09-23,2021-09-23,2021-09-23,,,,S,EG05,PG05,,Operations
101652,2023-02-13,2023-02-13,T,RPT,P,0.72,58TRD4,TRD,NRTHP,103,250,30,2021-09-23,2021-09-23,2021-09-23,2023-02-13,102,V,S,EG05,PG05,,Operations
101653,2021-09-24,2021-09-24,A,TAW,F,1.0,65TEC1,TECH,NRTHP,117,210,50,2021-09-24,2021-09-24,2021-09-24,,,,H,EG08,PG05,100414.0,Operations
101654,2021-09-24,2021-09-24,A,RFT,F,1.0,15CSR3,CSR,NRTHP,100,90,100,2021-09-24,2021-09-24,2021-09-24,,,,S,EG10,PG05,100821.0,Operations
101654,2021-12-02,2021-12-02,A,RFT,F,1.0,16CSR4,CSR,NRTHP,100,90,100,2021-09-24,2021-09-24,2021-12-02,,,,S,EG10,PG05,100821.0,Operations
101655,2021-09-24,2021-09-24,A,RFT,F,1.0,65TEC1,TECH,NRTHP,104,250,20,2021-09-24,2021-09-24,2021-09-24,,,,H,EG08,PG05,102707.0,Operations
101656,2021-09-24,2021-09-24,A,RFT,F,1.0,80ANL4,ANLYT,WSTMF,104,100,20,2021-09-24,2021-09-24,2021-09-24,,,,S,EG05,PG03,,Operations
101656,2021-11-10,2021-11-10,T,RFT,F,1.0,80ANL4,ANLYT,WSTMF,104,100,20,2021-09-24,2021-09-24,2021-09-24,2021-11-10,207,I,S,EG05,PG03,,Operations
101657,2021-09-24,2021-09-24,A,RPT,P,0.53,55TRD1,TRD,ALPNC,121,210,120,2021-09-24,2021-09-24,2021-09-24,,,,S,EG04,PG03,101318.0,Operations
101657,2022-03-19,2022-03-19,A,RPT,P,0.53,41SAL1,SALES,ALPNC,121,210,120,2021-09-24,2021-09-24,2022-03-19,,,,S,EG08,PG03,101318.0,Operations
101658,2021-09-24,2021-09-24,A,RFT,F,1.0,91PRO4,PROJ,WSTMF,115,80,80,2021-09-24,2021-09-24,2021-09-24,,,,S,EG02,PG03,,Operations
101658,2023-10-26,2023-10-26,T,RFT,F,1.0,91PRO4,PROJ,WSTMF,115,80,80,2021-09-24,2021-09-24,2021-09-24,2023-10-26,100,V,S,EG02,PG03,,Operations
101659,2021-09-27,2021-09-27,A,RPT,P,0.62,42SAL2,SALES,ALPNC,100,120,30,2021-09-27,2021-09-27,2021-09-27,,,,S,EG10,PG03,102980.0,Operations
101660,2021-09-27,2021-09-27,A,RFT,F,1.0,60WHS1,WHSE,WSTMF,102,50,50,2021-09-27,2021-09-27,2021-09-27,,,,S,EG06,PG03,102746.0,Operations
101660,2023-07-26,2023-07-26,T,RFT,F,1.0,60WHS1,WHSE,WSTMF,102,50,50,2021-09-27,2021-09-27,2021-09-27,2023-07-26,102,V,S,EG06,PG03,102746.0,Operations
101661,2021-09-28,2021-09-28,A,RFT,F,1.0,45SAL5,SALES,ALPNC,121,50,10,2021-09-28,2021-09-28,2021-09-28,,,,S,EG06,PG03,,Operations
101661,2021-10-04,2021-10-04,A,RFT,F,1.0,46SAL6,SALES,ALPNC,121,50,10,2021-09-28,2021-09-28,2021-10-04,,,,S,EG05,PG03,,Operations
101662,2021-09-28,2021-09-28,A,RFT,F,1.0,50OPS3,OPS,ALPNC,115,130,110,2021-09-28,2021-09-28,2021-09-28,,,,S,EG06,PG03,101190.0,Operations
101662,2022-04-21,2022-04-21,T,RFT,F,1.0,50OPS3,OPS,ALPNC,115,130,110,2021-09-28,2021-09-28,2021-09-28,2022-04-21,100,V,S,EG06,PG03,101190.0,Operations
101663,2021-09-28,2021-09-28,A,RFT,F,1.0,92PRO5,PROJ,PRMRE,100,190,20,2021-09-28,2021-09-28,2021-09-28,,,,S,EG07,PG02,,Operations
101663,2022-02-13,2022-02-13,A,RFT,F,1.0,22ENG5,ENGR,PRMRE,100,190,20,2021-09-28,2021-09-28,2022-02-13,,,,S,EG08,PG02,,Operations
101663,2022-12-06,2022-12-06,T,RFT,F,1.0,22ENG5,ENGR,PRMRE,100,190,20,2021-09-28,2021-09-28,2022-02-13,2022-12-06,101,V,S,EG08,PG02,,Operations
101664,2021-10-01,2021-10-01,A,CON,F,1.0,42SAL2,SALES,PRMRE,122,200,100,2021-10-01,2021-10-01,2021-10-01,,,,S,EG10,PG02,101063.0,Operations
101664,2022-05-26,2022-05-26,T,CON,F,1.0,42SAL2,SALES,PRMRE,122,200,100,2021-10-01,2021-10-01,2021-10-01,2022-05-26,100,V,S,EG10,PG02,101063.0,Operations
101665,2021-10-01,2021-10-01,A,TFT,F,1.0,49OPS2,OPS,PRMRE,121,40,20,2021-10-01,2021-10-01,2021-10-01,,,,H,EG05,PG02,102259.0,Operations
101665,2021-12-15,2021-12-15,T,TFT,F,1.0,49OPS2,OPS,PRMRE,121,40,20,2021-10-01,2021-10-01,2021-10-01,2021-12-15,201,I,H,EG05,PG02,102259.0,Operations
101666,2021-10-01,2021-10-01,A,RFT,F,1.0,61WHS2,WHSE,NRTHP,101,110,120,2021-10-01,2021-10-01,2021-10-01,,,,H,EG01,PG05,,Operations
101666,2022-02-24,2022-02-24,A,RFT,F,1.0,62WHS3,WHSE,NRTHP,101,110,120,2021-10-01,2021-10-01,2022-02-24,,,,H,EG01,PG05,,Operations
101666,2022-09-15,2022-09-15,T,RFT,F,1.0,62WHS3,WHSE,NRTHP,101,110,120,2021-10-01,2021-10-01,2022-02-24,2022-09-15,102,V,H,EG01,PG05,,Operations
101667,2021-10-04,2021-10-04,A,RFT,F,1.0,65TEC1,TECH,NRTHP,115,70,50,2021-10-04,2021-10-04,2021-10-04,,,,H,EG08,PG05,,Operations
101667,2022-02-14,2022-02-14,T,RFT,F,1.0,65TEC1,TECH,NRTHP,115,70,50,2021-10-04,2021-10-04,2021-10-04,2022-02-14,101,V,H,EG08,PG05,,Operations
101668,2021-10-04,2021-10-04,A,RFT,F,1.0,35IT3,IT,NRTHP,119,60,40,2021-10-04,2021-10-04,2021-10-04,,,,S,EG08,PG05,,Operations
101668,2021-11-08,2021-11-08,A,RFT,F,1.0,57TRD3,TRD,NRTHP,119,60,40,2021-10-04,2021-10-04,2021-11-08,,,,S,EG02,PG05,,Operations
101668,2023-04-04,2023-04-04,A,RFT,F,1.0,58TRD4,TRD,NRTHP,119,60,40,2021-10-04,2021-10-04,2023-04-04,,,,S,EG05,PG05,,Operations
101668,2024-07-23,2024-07-23,A,RFT,F,1.0,68TEC4,TECH,NRTHP,119,60,40,2021-10-04,2021-10-04,2024-07-23,,,,S,EG06,PG05,,Operations
101668,2024-08-08,2024-08-08,A,RFT,F,1.0,69TEC5,TECH,NRTHP,119,60,40,2021-10-04,2021-10-04,2024-08-08,,,,S,EG02,PG05,,Operations
101669,2021-10-04,2021-10-04,A,RFT,F,1.0,64WHS5,WHSE,NRTHP,109,30,50,2021-10-04,2021-10-04,2021-10-04,,,,S,EG03,PG05,,Operations
101669,2023-06-03,2023-06-03,T,RFT,F,1.0,64WHS5,WHSE,NRTHP,109,30,50,2021-10-04,2021-10-04,2021-10-04,2023-06-03,207,I,S,EG03,PG05,,Operations
101670,2021-10-04,2021-10-04,A,RFT,F,1.0,90PRO3,PROJ,ALPNC,116,30,50,2021-10-04,2021-10-04,2021-10-04,,,,S,EG04,PG03,,Operations
101670,2022-06-18,2022-06-18,A,RFT,F,1.0,43SAL3,SALES,ALPNC,116,30,50,2021-10-04,2021-10-04,2022-06-18,,,,S,EG10,PG03,,Operations
101671,2021-10-04,2021-10-04,A,RFT,F,1.0,61WHS2,WHSE,PRMRE,117,210,20,2021-10-04,2021-10-04,2021-10-04,,,,H,EG01,PG02,,Operations
101671,2023-02-21,2023-02-21,T,RFT,F,1.0,61WHS2,WHSE,PRMRE,117,210,20,2021-10-04,2021-10-04,2021-10-04,2023-02-21,101,V,H,EG01,PG02,,Operations
101672,2021-10-05,2021-10-05,A,RFT,F,1.0,50OPS3,OPS,PRMRE,121,210,10,2021-10-05,2021-10-05,2021-10-05,,,,S,EG06,PG02,,Operations
101672,2022-02-09,2022-02-09,T,RFT,F,1.0,50OPS3,OPS,PRMRE,121,210,10,2021-10-05,2021-10-05,2021-10-05,2022-02-09,202,V,S,EG06,PG02,,Operations
101673,2021-10-05,2021-10-05,A,RFT,F,1.0,05ACC1,ACCTG,NRTHP,114,10,110,2021-10-05,2021-10-05,2021-10-05,,,,H,EG05,PG05,102027.0,Operations
101673,2023-05-23,2023-05-23,T,RFT,F,1.0,05ACC1,ACCTG,NRTHP,114,10,110,2021-10-05,2021-10-05,2021-10-05,2023-05-23,101,V,H,EG05,PG05,102027.0,Operations
101674,2021-10-05,2021-10-05,A,RFT,F,1.0,34IT2,IT,PRMRE,121,230,90,2021-10-05,2021-10-05,2021-10-05,,,,H,EG08,PG02,102034.0,Operations
101675,2021-10-07,2021-10-07,A,CON,F,1.0,27HR3,HR,WSTMF,107,140,30,2021-10-07,2021-10-07,2021-10-07,,,,S,EG02,PG03,,Operations
101675,2022-01-08,2022-01-08,T,CON,F,1.0,27HR3,HR,WSTMF,107,140,30,2021-10-07,2021-10-07,2021-10-07,2022-01-08,100,V,S,EG02,PG03,,Operations
101676,2021-10-08,2021-10-08,A,RFT,F,1.0,08ACC3,ACCTG,PRMRE,102,130,80,2021-10-08,2021-10-08,2021-10-08,,,,S,EG01,PG02,102468.0,Operations
101676,2022-02-21,2022-02-21,T,RFT,F,1.0,08ACC3,ACCTG,PRMRE,102,130,80,2021-10-08,2021-10-08,2021-10-08,2022-02-21,202,V,S,EG01,PG02,102468.0,Operations
101677,2021-10-08,2021-10-08,A,RFT,F,1.0,19ENG2,ENGR,PRMRE,116,110,110,2021-10-08,2021-10-08,2021-10-08,,,,H,EG01,PG02,,Operations
101678,2021-10-08,2021-10-08,A,RPT,F,0.78,51OPS4,OPS,WSTMF,122,100,50,2021-10-08,2021-10-08,2021-10-08,,,,S,EG07,PG03,,Operations
101679,2021-10-08,2021-10-08,A,RFT,F,1.0,08ACC3,ACCTG,PRMRE,123,20,20,2021-10-08,2021-10-08,2021-10-08,,,,S,EG01,PG02,,Operations
101679,2021-11-08,2021-11-08,T,RFT,F,1.0,08ACC3,ACCTG,PRMRE,123,20,20,2021-10-08,2021-10-08,2021-10-08,2021-11-08,202,V,S,EG01,PG02,,Operations
101680,2021-10-12,2021-10-12,A,RFT,F,1.0,61WHS2,WHSE,PRMRE,123,140,50,2021-10-12,2021-10-12,2021-10-12,,,,H,EG01,PG02,102554.0,Operations
101681,2021-10-12,2021-10-12,A,TFT,F,1.0,14CSR2,CSR,PRMRE,102,200,60,2021-10-12,2021-10-12,2021-10-12,,,,H,EG06,PG02,,Operations
101681,2022-06-10,2022-06-10,T,TFT,F,1.0,14CSR2,CSR,PRMRE,102,200,60,2021-10-12,2021-10-12,2021-10-12,2022-06-10,201,I,H,EG06,PG02,,Operations
101682,2021-10-12,2021-10-12,A,RFT,F,1.0,78ANL2,ANLYT,ALPNC,100,210,50,2021-10-12,2021-10-12,2021-10-12,,,,H,EG04,PG03,101401.0,Operations
101682,2025-09-06,2025-09-06,A,RFT,F,1.0,79ANL3,ANLYT,ALPNC,100,210,50,2021-10-12,2021-10-12,2025-09-06,,,,H,EG10,PG03,101401.0,Operations
101683,2021-10-12,2021-10-12,A,RPT,F,0.77,33IT2,IT,PRMRE,117,140,50,2021-10-12,2021-10-12,2021-10-12,,,,S,EG09,PG02,102245.0,Operations
101683,2021-10-16,2021-10-16,T,RPT,F,0.77,33IT2,IT,PRMRE,117,140,50,2021-10-12,2021-10-12,2021-10-12,2021-10-16,102,V,S,EG09,PG02,102245.0,Operations
101684,2021-10-13,2021-10-13,A,RFT,F,1.0,90PRO3,PROJ,ALPNC,111,190,30,2021-10-13,2021-10-13,2021-10-13,,,,S,EG04,PG03,101390.0,Operations
101684,2022-07-26,2022-07-26,T,RFT,F,1.0,90PRO3,PROJ,ALPNC,111,190,30,2021-10-13,2021-10-13,2021-10-13,2022-07-26,101,V,S,EG04,PG03,101390.0,Operations
101685,2021-10-14,2021-10-14,A,RFT,F,1.0,42SAL2,SALES,WSTMF,122,220,90,2021-10-14,2021-10-14,2021-10-14,,,,S,EG10,PG03,,Operations
101685,2023-11-19,2023-11-19,A,RFT,F,1.0,43SAL3,SALES,WSTMF,122,220,90,2021-10-14,2021-10-14,2023-11-19,,,,S,EG10,PG03,,Operations
101685,2025-04-09,2025-04-09,T,RFT,F,1.0,43SAL3,SALES,WSTMF,122,220,90,2021-10-14,2021-10-14,2023-11-19,2025-04-09,100,V,S,EG10,PG03,,Operations
101686,2021-10-14,2021-10-14,A,RFT,F,1.0,65TEC1,TECH,PRMRE,121,70,30,2021-10-14,2021-10-14,2021-10-14,,,,H,EG08,PG02,100548.0,Operations
101686,2024-02-10,2024-02-10,A,RFT,F,1.0,66TEC2,TECH,PRMRE,121,70,30,2021-10-14,2021-10-14,2024-02-10,,,,H,EG04,PG02,100548.0,Operations
101687,2021-10-14,2021-10-14,A,RFT,F,1.0,04ADM4,ADMIN,NRTHP,116,240,10,2021-10-14,2021-10-14,2021-10-14,,,,S,EG06,PG05,,Operations
101687,2021-11-22,2021-11-22,T,RFT,F,1.0,04ADM4,ADMIN,NRTHP,116,240,10,2021-10-14,2021-10-14,2021-10-14,2021-11-22,100,V,S,EG06,PG05,,Operations
101688,2021-10-15,2021-10-15,A,RFT,F,1.0,26HR2,HR,ALPNC,115,80,90,2021-10-15,2021-10-15,2021-10-15,,,,H,EG03,PG03,101251.0,Operations
101688,2022-08-26,2022-08-26,A,RFT,F,1.0,27HR3,HR,ALPNC,115,80,90,2021-10-15,2021-10-15,2022-08-26,,,,H,EG02,PG03,101251.0,Operations
101688,2022-12-05,2022-12-05,A,RFT,F,1.0,15CSR3,CSR,ALPNC,115,80,90,2021-10-15,2021-10-15,2022-12-05,,,,H,EG10,PG03,101251.0,Operations
101689,2021-10-15,2021-10-15,A,RFT,F,1.0,60WHS1,WHSE,ALPNC,100,250,20,2021-10-15,2021-10-15,2021-10-15,,,,H,EG06,PG03,102201.0,Operations
101689,2026-01-20,2026-01-20,T,RFT,F,1.0,60WHS1,WHSE,ALPNC,100,250,20,2021-10-15,2021-10-15,2021-10-15,2026-01-20,102,V,H,EG06,PG03,102201.0,Operations
101690,2021-10-15,2021-10-15,A,RFT,F,1.0,50OPS3,OPS,WSTMF,110,20,20,2021-10-15,2021-10-15,2021-10-15,,,,S,EG06,PG03,,Operations
101690,2023-03-28,2023-03-28,T,RFT,F,1.0,50OPS3,OPS,WSTMF,110,20,20,2021-10-15,2021-10-15,2021-10-15,2023-03-28,200,I,S,EG06,PG03,,Operations
101691,2021-10-15,2021-10-15,A,RFT,F,1.0,89PRO2,PROJ,WSTMF,104,50,50,2021-10-15,2021-10-15,2021-10-15,,,,S,EG06,PG03,102316.0,Operations
101691,2023-12-09,2023-12-09,A,RFT,F,1.0,90PRO3,PROJ,WSTMF,104,50,50,2021-10-15,2021-10-15,2023-12-09,,,,S,EG04,PG03,102316.0,Operations
101692,2021-10-15,2021-10-15,A,CON,F,1.0,51OPS4,OPS,PRMRE,122,160,10,2021-10-15,2021-10-15,2021-10-15,,,,S,EG07,PG02,100003.0,Operations
101692,2025-03-18,2025-03-18,A,CON,F,1.0,04ADM4,ADMIN,PRMRE,122,160,10,2021-10-15,2021-10-15,2025-03-18,,,,S,EG06,PG02,100003.0,Operations
101693,2021-10-18,2021-10-18,A,RFT,F,1.0,41SAL1,SALES,NRTHP,124,20,110,2021-10-18,2021-10-18,2021-10-18,,,,H,EG08,PG05,100463.0,Operations
101693,2021-11-02,2021-11-02,T,RFT,F,1.0,41SAL1,SALES,NRTHP,124,20,110,2021-10-18,2021-10-18,2021-10-18,2021-11-02,101,V,H,EG08,PG05,100463.0,Operations
101694,2021-10-18,2021-10-18,A,CON,F,1.0,18ENG1,ENGR,PRMRE,118,150,60,2021-10-18,2021-10-18,2021-10-18,,,,S,EG08,PG02,102348.0,Operations
101694,2022-05-09,2022-05-09,T,CON,F,1.0,18ENG1,ENGR,PRMRE,118,150,60,2021-10-18,2021-10-18,2021-10-18,2022-05-09,100,V,S,EG08,PG02,102348.0,Operations
101695,2021-10-18,2021-10-18,A,CON,F,1.0,50OPS3,OPS,PRMRE,105,240,100,2021-10-18,2021-10-18,2021-10-18,,,,S,EG06,PG02,,Operations
101696,2021-10-19,2021-10-19,A,TAW,F,1.0,18ENG1,ENGR,ALPNC,102,230,120,2021-10-19,2021-10-19,2021-10-19,,,,H,EG08,PG03,102105.0,Operations
101696,2022-01-05,2022-01-05,A,TAW,F,1.0,19ENG2,ENGR,ALPNC,102,230,120,2021-10-19,2021-10-19,2022-01-05,,,,H,EG01,PG03,102105.0,Operations
101696,2022-02-25,2022-02-25,A,TAW,F,1.0,20ENG3,ENGR,ALPNC,102,230,120,2021-10-19,2021-10-19,2022-02-25,,,,H,EG03,PG03,102105.0,Operations
101696,2022-04-25,2022-04-25,T,TAW,F,1.0,20ENG3,ENGR,ALPNC,102,230,120,2021-10-19,2021-10-19,2022-02-25,2022-04-25,201,I,H,EG03,PG03,102105.0,Operations
101697,2021-10-20,2021-10-20,A,RFT,F,1.0,07ACC2,ACCTG,WSTMF,100,140,100,2021-10-20,2021-10-20,2021-10-20,,,,H,EG03,PG03,101268.0,Operations
101698,2021-10-21,2021-10-21,A,RFT,F,1.0,25HR1,HR,PRMRE,116,140,30,2021-10-21,2021-10-21,2021-10-21,,,,H,EG10,PG02,101433.0,Operations
101698,2022-02-17,2022-02-17,L,RFT,F,1.0,25HR1,HR,PRMRE,116,140,30,2021-10-21,2021-10-21,2021-10-21,,,,H,EG10,PG02,101433.0,Operations
101698,2022-04-08,2022-04-08,A,RFT,F,1.0,25HR1,HR,PRMRE,116,140,30,2021-10-21,2021-10-21,2021-10-21,,,,H,EG10,PG02,101433.0,Operations
101699,2021-10-22,2021-10-22,A,RFT,F,1.0,14CSR2,CSR,NRTHP,104,140,40,2021-10-22,2021-10-22,2021-10-22,,,,H,EG06,PG05,,Operations
101699,2023-03-03,2023-03-03,A,RFT,F,1.0,56TRD2,TRD,NRTHP,104,140,40,2021-10-22,2021-10-22,2023-03-03,,,,H,EG02,PG05,,Operations
101699,2023-05-30,2023-05-30,T,RFT,F,1.0,56TRD2,TRD,NRTHP,104,140,40,2021-10-22,2021-10-22,2023-03-03,2023-05-30,100,V,H,EG02,PG05,,Operations
101700,2021-10-22,2021-10-22,A,RFT,F,1.0,14CSR2,CSR,ALPNC,100,90,20,2021-10-22,2021-10-22,2021-10-22,,,,H,EG06,PG03,100821.0,Operations
101700,2022-01-26,2022-01-26,A,RFT,F,1.0,15CSR3,CSR,ALPNC,100,90,20,2021-10-22,2021-10-22,2022-01-26,,,,H,EG10,PG03,100821.0,Operations
101700,2022-08-31,2022-08-31,A,RFT,F,1.0,16CSR4,CSR,ALPNC,100,90,20,2021-10-22,2021-10-22,2022-08-31,,,,H,EG10,PG03,100821.0,Operations
101700,2023-11-27,2023-11-27,A,RFT,F,1.0,17CSR5,CSR,ALPNC,100,90,20,2021-10-22,2021-10-22,2023-11-27,,,,H,EG07,PG03,100821.0,Operations
101701,2021-10-22,2021-10-22,A,RFT,F,1.0,19ENG2,ENGR,WSTMF,122,60,10,2021-10-22,2021-10-22,2021-10-22,,,,H,EG01,PG03,101827.0,Operations
101701,2022-07-21,2022-07-21,A,RFT,F,1.0,20ENG3,ENGR,WSTMF,122,60,10,2021-10-22,2021-10-22,2022-07-21,,,,H,EG03,PG03,101827.0,Operations
101701,2025-01-24,2025-01-24,A,RFT,F,1.0,21ENG4,ENGR,WSTMF,122,60,10,2021-10-22,2021-10-22,2025-01-24,,,,H,EG06,PG03,101827.0,Operations
101702,2021-10-22,2021-10-22,A,CON,F,1.0,71MKT2,MKTG,ALPNC,119,30,90,2021-10-22,2021-10-22,2021-10-22,,,,S,EG10,PG03,,Operations
101702,2022-08-14,2022-08-14,T,CON,F,1.0,71MKT2,MKTG,ALPNC,119,30,90,2021-10-22,2021-10-22,2021-10-22,2022-08-14,100,V,S,EG10,PG03,,Operations
101703,2021-10-22,2021-10-22,A,RFT,F,1.0,13CSR1,CSR,ALPNC,116,80,50,2021-10-22,2021-10-22,2021-10-22,,,,H,EG01,PG03,101349.0,Operations
101703,2021-11-01,2021-11-01,A,RFT,F,1.0,14CSR2,CSR,ALPNC,116,80,50,2021-10-22,2021-10-22,2021-11-01,,,,H,EG06,PG03,101349.0,Operations
101703,2021-12-09,2021-12-09,T,RFT,F,1.0,14CSR2,CSR,ALPNC,116,80,50,2021-10-22,2021-10-22,2021-11-01,2021-12-09,103,V,H,EG06,PG03,101349.0,Operations
101704,2021-10-22,2021-10-22,A,RFT,F,1.0,01ADM1,ADMIN,NRTHP,123,220,20,2021-10-22,2021-10-22,2021-10-22,,,,H,EG05,PG05,102187.0,Operations
101704,2023-07-18,2023-07-18,A,RFT,F,1.0,02ADM2,ADMIN,NRTHP,123,220,20,2021-10-22,2021-10-22,2023-07-18,,,,H,EG04,PG05,102187.0,Operations
101705,2021-10-22,2021-10-22,A,RPT,P,0.68,36IT3,IT,ALPNC,124,240,20,2021-10-22,2021-10-22,2021-10-22,,,,S,EG07,PG03,,Operations
101705,2022-04-27,2022-04-27,A,RPT,P,0.68,27HR3,HR,ALPNC,124,240,20,2021-10-22,2021-10-22,2022-04-27,,,,S,EG02,PG03,,Operations
101706,2021-10-27,2021-10-27,A,RFT,F,1.0,78ANL2,ANLYT,NRTHP,116,210,110,2021-10-27,2021-10-27,2021-10-27,,,,S,EG04,PG05,,Operations
101706,2023-12-24,2023-12-24,A,RFT,F,1.0,79ANL3,ANLYT,NRTHP,116,210,110,2021-10-27,2021-10-27,2023-12-24,,,,S,EG10,PG05,,Operations
101707,2021-10-28,2021-10-28,A,RFT,F,1.0,78ANL2,ANLYT,PRMRE,121,250,60,2021-10-28,2021-10-28,2021-10-28,,,,H,EG04,PG02,100240.0,Operations
101707,2022-08-05,2022-08-05,A,RFT,F,1.0,33IT2,IT,PRMRE,121,250,60,2021-10-28,2021-10-28,2022-08-05,,,,H,EG09,PG02,100240.0,Operations
101707,2025-10-15,2025-10-15,T,RFT,F,1.0,33IT2,IT,PRMRE,121,250,60,2021-10-28,2021-10-28,2022-08-05,2025-10-15,207,I,H,EG09,PG02,100240.0,Operations
101708,2021-11-01,2021-11-01,A,RPT,P,0.65,48OPS1,OPS,ALPNC,111,80,80,2021-11-01,2021-11-01,2021-11-01,,,,H,EG03,PG03,100773.0,Operations
101708,2024-05-19,2024-05-19,A,RPT,P,0.65,49OPS2,OPS,ALPNC,111,80,80,2021-11-01,2021-11-01,2024-05-19,,,,H,EG05,PG03,100773.0,Operations
101708,2025-06-22,2025-06-22,A,RPT,P,0.65,50OPS3,OPS,ALPNC,111,80,80,2021-11-01,2021-11-01,2025-06-22,,,,H,EG06,PG03,100773.0,Operations
101709,2021-11-02,2021-11-02,A,RPT,F,0.79,84SUP5,SUPV,NRTHP,112,120,50,2021-11-02,2021-11-02,2021-11-02,,,,S,EG07,PG05,,Operations
101709,2024-07-09,2024-07-09,T,RPT,F,0.79,84SUP5,SUPV,NRTHP,112,120,50,2021-11-02,2021-11-02,2021-11-02,2024-07-09,100,V,S,EG07,PG05,,Operations
101710,2021-11-02,2021-11-02,A,RFT,F,1.0,65TEC1,TECH,PRMRE,123,220,80,2021-11-02,2021-11-02,2021-11-02,,,,H,EG08,PG02,102187.0,Operations
101710,2023-08-28,2023-08-28,T,RFT,F,1.0,65TEC1,TECH,PRMRE,123,220,80,2021-11-02,2021-11-02,2021-11-02,2023-08-28,101,V,H,EG08,PG02,102187.0,Operations
101711,2021-11-03,2021-11-03,A,RFT,F,1.0,60WHS1,WHSE,NRTHP,121,70,60,2021-11-03,2021-11-03,2021-11-03,,,,H,EG06,PG05,100548.0,Operations
101711,2021-11-12,2021-11-12,A,RFT,F,1.0,18ENG1,ENGR,NRTHP,121,70,60,2021-11-03,2021-11-03,2021-11-12,,,,H,EG08,PG05,100548.0,Operations
101711,2021-12-09,2021-12-09,L,RFT,F,1.0,18ENG1,ENGR,NRTHP,121,70,60,2021-11-03,2021-11-03,2021-11-12,,,,H,EG08,PG05,100548.0,Operations
101711,2022-02-01,2022-02-01,A,RFT,F,1.0,18ENG1,ENGR,NRTHP,121,70,60,2021-11-03,2021-11-03,2021-11-12,,,,H,EG08,PG05,100548.0,Operations
101711,2023-07-13,2023-07-13,A,RFT,F,1.0,19ENG2,ENGR,NRTHP,121,70,60,2021-11-03,2021-11-03,2023-07-13,,,,H,EG01,PG05,100548.0,Operations
101712,2021-11-03,2021-11-03,A,RPT,P,0.68,02ADM2,ADMIN,ALPNC,115,250,100,2021-11-03,2021-11-03,2021-11-03,,,,H,EG04,PG03,100992.0,Operations
101712,2023-04-16,2023-04-16,T,RPT,P,0.68,02ADM2,ADMIN,ALPNC,115,250,100,2021-11-03,2021-11-03,2021-11-03,2023-04-16,202,V,H,EG04,PG03,100992.0,Operations
101713,2021-11-04,2021-11-04,A,RFT,F,1.0,26HR2,HR,NRTHP,115,90,50,2021-11-04,2021-11-04,2021-11-04,,,,H,EG03,PG05,102088.0,Operations
101713,2022-01-08,2022-01-08,A,RFT,F,1.0,27HR3,HR,NRTHP,115,90,50,2021-11-04,2021-11-04,2022-01-08,,,,H,EG02,PG05,102088.0,Operations
101713,2023-09-24,2023-09-24,T,RFT,F,1.0,27HR3,HR,NRTHP,115,90,50,2021-11-04,2021-11-04,2022-01-08,2023-09-24,102,V,H,EG02,PG05,102088.0,Operations
101714,2021-11-05,2021-11-05,A,RFT,F,1.0,07ACC2,ACCTG,WSTMF,108,30,120,2021-11-05,2021-11-05,2021-11-05,,,,S,EG03,PG03,,Operations
101714,2023-08-29,2023-08-29,T,RFT,F,1.0,07ACC2,ACCTG,WSTMF,108,30,120,2021-11-05,2021-11-05,2021-11-05,2023-08-29,202,V,S,EG03,PG03,,Operations
101715,2021-11-05,2021-11-05,A,RPT,P,0.57,03ADM3,ADMIN,NRTHP,100,30,90,2021-11-05,2021-11-05,2021-11-05,,,,S,EG07,PG05,101389.0,Operations
101715,2024-04-22,2024-04-22,T,RPT,P,0.57,03ADM3,ADMIN,NRTHP,100,30,90,2021-11-05,2021-11-05,2021-11-05,2024-04-22,101,V,S,EG07,PG05,101389.0,Operations
101716,2021-11-05,2021-11-05,A,CON,F,1.0,15CSR3,CSR,WSTMF,122,210,100,2021-11-05,2021-11-05,2021-11-05,,,,S,EG10,PG03,,Operations
101716,2024-12-12,2024-12-12,A,CON,F,1.0,67TEC3,TECH,WSTMF,122,210,100,2021-11-05,2021-11-05,2024-12-12,,,,S,EG10,PG03,,Operations
101717,2021-11-05,2021-11-05,A,RFT,F,1.0,65TEC1,TECH,PRMRE,102,240,90,2021-11-05,2021-11-05,2021-11-05,,,,H,EG08,PG02,101786.0,Operations
101718,2021-11-05,2021-11-05,A,RFT,F,1.0,05ACC1,ACCTG,WSTMF,105,120,120,2021-11-05,2021-11-05,2021-11-05,,,,H,EG05,PG03,100310.0,Operations
101718,2021-12-12,2021-12-12,T,RFT,F,1.0,05ACC1,ACCTG,WSTMF,105,120,120,2021-11-05,2021-11-05,2021-11-05,2021-12-12,207,I,H,EG05,PG03,100310.0,Operations
101719,2021-11-08,2021-11-08,A,RFT,F,1.0,57TRD3,TRD,NRTHP,109,50,20,2021-11-08,2021-11-08,2021-11-08,,,,S,EG02,PG05,,Operations
101719,2022-09-30,2022-09-30,L,RFT,F,1.0,57TRD3,TRD,NRTHP,109,50,20,2021-11-08,2021-11-08,2021-11-08,,,,S,EG02,PG05,,Operations
101719,2022-11-16,2022-11-16,A,RFT,F,1.0,57TRD3,TRD,NRTHP,109,50,20,2021-11-08,2021-11-08,2021-11-08,,,,S,EG02,PG05,,Operations
101720,2021-11-09,2021-11-09,A,RFT,F,1.0,91PRO4,PROJ,NRTHP,100,220,110,2021-11-09,2021-11-09,2021-11-09,,,,S,EG02,PG05,,Operations
101721,2021-11-11,2021-11-11,A,TAW,F,1.0,45SAL5,SALES,NRTHP,118,210,70,2021-11-11,2021-11-11,2021-11-11,,,,S,EG06,PG05,,Operations
101722,2021-11-12,2021-11-12,A,RFT,F,1.0,41SAL1,SALES,PRMRE,116,250,80,2021-11-12,2021-11-12,2021-11-12,,,,H,EG08,PG02,,Operations
101722,2022-11-03,2022-11-03,A,RFT,F,1.0,48OPS1,OPS,PRMRE,116,250,80,2021-11-12,2021-11-12,2022-11-03,,,,H,EG03,PG02,,Operations
101722,2024-02-02,2024-02-02,T,RFT,F,1.0,48OPS1,OPS,PRMRE,116,250,80,2021-11-12,2021-11-12,2022-11-03,2024-02-02,206,I,H,EG03,PG02,,Operations
101723,2021-11-12,2021-11-12,A,RPT,P,0.62,77ANL1,ANLYT,NRTHP,113,30,70,2021-11-12,2021-11-12,2021-11-12,,,,H,EG04,PG05,,Operations
101723,2024-03-09,2024-03-09,A,RPT,P,0.62,78ANL2,ANLYT,NRTHP,113,30,70,2021-11-12,2021-11-12,2024-03-09,,,,H,EG04,PG05,,Operations
101724,2021-11-15,2021-11-15,A,RPT,P,0.72,20ENG3,ENGR,NRTHP,116,220,50,2021-11-15,2021-11-15,2021-11-15,,,,S,EG03,PG05,,Operations
101724,2022-01-28,2022-01-28,A,RPT,P,0.72,21ENG4,ENGR,NRTHP,116,220,50,2021-11-15,2021-11-15,2022-01-28,,,,S,EG06,PG05,,Operations
101724,2022-04-26,2022-04-26,A,RPT,P,0.72,22ENG5,ENGR,NRTHP,116,220,50,2021-11-15,2021-11-15,2022-04-26,,,,S,EG08,PG05,,Operations
101725,2021-11-18,2021-11-18,A,RPT,P,0.72,25HR1,HR,NRTHP,124,70,50,2021-11-18,2021-11-18,2021-11-18,,,,H,EG10,PG05,102457.0,Operations
101725,2022-08-30,2022-08-30,L,RPT,P,0.72,25HR1,HR,NRTHP,124,70,50,2021-11-18,2021-11-18,2021-11-18,,,,H,EG10,PG05,102457.0,Operations
101725,2022-11-04,2022-11-04,A,RPT,P,0.72,25HR1,HR,NRTHP,124,70,50,2021-11-18,2021-11-18,2021-11-18,,,,H,EG10,PG05,102457.0,Operations
101726,2021-11-19,2021-11-19,A,RPT,P,0.49,60WHS1,WHSE,PRMRE,100,150,100,2021-11-19,2021-11-19,2021-11-19,,,,S,EG06,PG02,100702.0,Operations
101727,2021-11-19,2021-11-19,A,CON,F,1.0,89PRO2,PROJ,NRTHP,112,50,40,2021-11-19,2021-11-19,2021-11-19,,,,H,EG06,PG05,,Operations
101727,2022-08-25,2022-08-25,A,CON,F,1.0,90PRO3,PROJ,NRTHP,112,50,40,2021-11-19,2021-11-19,2022-08-25,,,,H,EG04,PG05,,Operations
101727,2022-12-28,2022-12-28,T,CON,F,1.0,90PRO3,PROJ,NRTHP,112,50,40,2021-11-19,2021-11-19,2022-08-25,2022-12-28,103,V,H,EG04,PG05,,Operations
101728,2021-11-19,2021-11-19,A,CON,F,1.0,49OPS2,OPS,ALPNC,119,150,90,2021-11-19,2021-11-19,2021-11-19,,,,H,EG05,PG03,101181.0,Operations
101728,2022-10-26,2022-10-26,A,CON,F,1.0,50OPS3,OPS,ALPNC,119,150,90,2021-11-19,2021-11-19,2022-10-26,,,,H,EG06,PG03,101181.0,Operations
101728,2022-11-29,2022-11-29,T,CON,F,1.0,50OPS3,OPS,ALPNC,119,150,90,2021-11-19,2021-11-19,2022-10-26,2022-11-29,100,V,H,EG06,PG03,101181.0,Operations
101729,2021-11-19,2021-11-19,A,TFT,F,1.0,79ANL3,ANLYT,PRMRE,105,160,110,2021-11-19,2021-11-19,2021-11-19,,,,S,EG10,PG02,,Operations
101729,2022-04-21,2022-04-21,A,TFT,F,1.0,15CSR3,CSR,PRMRE,105,160,110,2021-11-19,2021-11-19,2022-04-21,,,,S,EG10,PG02,,Operations
101729,2023-01-24,2023-01-24,T,TFT,F,1.0,15CSR3,CSR,PRMRE,105,160,110,2021-11-19,2021-11-19,2022-04-21,2023-01-24,102,V,S,EG10,PG02,,Operations
101730,2021-11-19,2021-11-19,A,RFT,F,1.0,19ENG2,ENGR,ALPNC,112,180,60,2021-11-19,2021-11-19,2021-11-19,,,,H,EG01,PG03,,Operations
101731,2021-11-22,2021-11-22,A,RPT,P,0.64,90PRO3,PROJ,NRTHP,118,140,80,2021-11-22,2021-11-22,2021-11-22,,,,S,EG04,PG05,,Operations
101731,2023-12-30,2023-12-30,A,RPT,P,0.64,72MKT3,MKTG,NRTHP,118,140,80,2021-11-22,2021-11-22,2023-12-30,,,,S,EG09,PG05,,Operations
101732,2021-11-25,2021-11-25,A,RFT,F,1.0,65TEC1,TECH,ALPNC,112,20,80,2021-11-25,2021-11-25,2021-11-25,,,,S,EG08,PG03,101852.0,Operations
101732,2024-11-29,2024-11-29,A,RFT,F,1.0,66TEC2,TECH,ALPNC,112,20,80,2021-11-25,2021-11-25,2024-11-29,,,,S,EG04,PG03,101852.0,Operations
101732,2025-04-19,2025-04-19,L,RFT,F,1.0,66TEC2,TECH,ALPNC,112,20,80,2021-11-25,2021-11-25,2024-11-29,,,,S,EG04,PG03,101852.0,Operations
101732,2025-09-29,2025-09-29,A,RFT,F,1.0,66TEC2,TECH,ALPNC,112,20,80,2021-11-25,2021-11-25,2024-11-29,,,,S,EG04,PG03,101852.0,Operations
101732,2025-08-03,2025-08-03,T,RFT,F,1.0,66TEC2,TECH,ALPNC,112,20,80,2021-11-25,2021-11-25,2024-11-29,2025-08-03,102,V,S,EG04,PG03,101852.0,Operations
101733,2021-11-26,2021-11-26,A,RPT,P,0.41,26HR2,HR,WSTMF,110,150,120,2021-11-26,2021-11-26,2021-11-26,,,,S,EG03,PG03,100466.0,Operations
101733,2024-10-05,2024-10-05,A,RPT,P,0.41,34IT2,IT,WSTMF,110,150,120,2021-11-26,2021-11-26,2024-10-05,,,,S,EG08,PG03,100466.0,Operations
101734,2021-11-26,2021-11-26,A,RFT,F,1.0,35IT3,IT,ALPNC,112,150,40,2021-11-26,2021-11-26,2021-11-26,,,,S,EG08,PG03,,Operations
101734,2021-11-27,2021-11-27,T,RFT,F,1.0,35IT3,IT,ALPNC,112,150,40,2021-11-26,2021-11-26,2021-11-26,2021-11-27,101,V,S,EG08,PG03,,Operations
101735,2021-11-26,2021-11-26,A,CON,F,1.0,72MKT3,MKTG,PRMRE,122,20,90,2021-11-26,2021-11-26,2021-11-26,,,,S,EG09,PG02,102879.0,Operations
101735,2024-05-31,2024-05-31,A,CON,F,1.0,73MKT4,MKTG,PRMRE,122,20,90,2021-11-26,2021-11-26,2024-05-31,,,,S,EG01,PG02,102879.0,Operations
101735,2024-12-15,2024-12-15,A,CON,F,1.0,74MKT5,MKTG,PRMRE,122,20,90,2021-11-26,2021-11-26,2024-12-15,,,,S,EG01,PG02,102879.0,Operations
101736,2021-11-26,2021-11-26,A,RFT,F,1.0,49OPS2,OPS,PRMRE,122,100,100,2021-11-26,2021-11-26,2021-11-26,,,,H,EG05,PG02,101678.0,Operations
101737,2021-11-26,2021-11-26,A,RFT,F,1.0,35IT3,IT,WSTMF,108,130,100,2021-11-26,2021-11-26,2021-11-26,,,,S,EG08,PG03,,Operations
101737,2024-04-06,2024-04-06,T,RFT,F,1.0,35IT3,IT,WSTMF,108,130,100,2021-11-26,2021-11-26,2021-11-26,2024-04-06,101,V,S,EG08,PG03,,Operations
101738,2021-12-01,2021-12-01,A,RFT,F,1.0,62WHS3,WHSE,WSTMF,107,60,10,2021-12-01,2021-12-01,2021-12-01,,,,S,EG01,PG03,100988.0,Operations
101739,2021-12-03,2021-12-03,A,RPT,P,0.64,34IT2,IT,PRMRE,116,180,50,2021-12-03,2021-12-03,2021-12-03,,,,H,EG08,PG02,101899.0,Operations
101739,2022-08-25,2022-08-25,L,RPT,P,0.64,34IT2,IT,PRMRE,116,180,50,2021-12-03,2021-12-03,2021-12-03,,,,H,EG08,PG02,101899.0,Operations
101739,2022-10-27,2022-10-27,A,RPT,P,0.64,34IT2,IT,PRMRE,116,180,50,2021-12-03,2021-12-03,2021-12-03,,,,H,EG08,PG02,101899.0,Operations
101740,2021-12-03,2021-12-03,A,TAW,F,1.0,34IT2,IT,WSTMF,106,150,60,2021-12-03,2021-12-03,2021-12-03,,,,H,EG08,PG03,,Operations
101740,2022-11-26,2022-11-26,T,TAW,F,1.0,34IT2,IT,WSTMF,106,150,60,2021-12-03,2021-12-03,2021-12-03,2022-11-26,202,V,H,EG08,PG03,,Operations
101741,2021-12-03,2021-12-03,A,RFT,F,1.0,25HR1,HR,PRMRE,122,60,60,2021-12-03,2021-12-03,2021-12-03,,,,H,EG10,PG02,101827.0,Operations
101741,2022-04-24,2022-04-24,T,RFT,F,1.0,25HR1,HR,PRMRE,122,60,60,2021-12-03,2021-12-03,2021-12-03,2022-04-24,206,I,H,EG10,PG02,101827.0,Operations
101742,2021-12-08,2021-12-08,A,RFT,F,1.0,07ACC2,ACCTG,WSTMF,124,50,30,2021-12-08,2021-12-08,2021-12-08,,,,S,EG03,PG03,101154.0,Operations
101742,2023-04-12,2023-04-12,T,RFT,F,1.0,07ACC2,ACCTG,WSTMF,124,50,30,2021-12-08,2021-12-08,2021-12-08,2023-04-12,202,V,S,EG03,PG03,101154.0,Operations
101743,2021-12-09,2021-12-09,A,RFT,F,1.0,36IT3,IT,WSTMF,122,120,30,2021-12-09,2021-12-09,2021-12-09,,,,S,EG07,PG03,,Operations
101743,2022-04-10,2022-04-10,T,RFT,F,1.0,36IT3,IT,WSTMF,122,120,30,2021-12-09,2021-12-09,2021-12-09,2022-04-10,100,V,S,EG07,PG03,,Operations
101744,2021-12-10,2021-12-10,A,RFT,F,1.0,70MKT1,MKTG,ALPNC,116,80,20,2021-12-10,2021-12-10,2021-12-10,,,,H,EG04,PG03,101349.0,Operations
101744,2025-05-12,2025-05-12,A,RFT,F,1.0,71MKT2,MKTG,ALPNC,116,80,20,2021-12-10,2021-12-10,2025-05-12,,,,H,EG10,PG03,101349.0,Operations
101744,2025-12-07,2025-12-07,A,RFT,F,1.0,72MKT3,MKTG,ALPNC,116,80,20,2021-12-10,2021-12-10,2025-12-07,,,,H,EG09,PG03,101349.0,Operations
101745,2021-12-17,2021-12-17,A,RFT,F,1.0,66TEC2,TECH,NRTHP,124,10,40,2021-12-17,2021-12-17,2021-12-17,,,,H,EG04,PG05,100895.0,Operations
101745,2022-01-04,2022-01-04,T,RFT,F,1.0,66TEC2,TECH,NRTHP,124,10,40,2021-12-17,2021-12-17,2021-12-17,2022-01-04,102,V,H,EG04,PG05,100895.0,Operations
101746,2021-12-20,2021-12-20,A,RFT,F,1.0,68TEC4,TECH,ALPNC,121,220,120,2021-12-20,2021-12-20,2021-12-20,,,,S,EG06,PG03,,Operations
101746,2022-06-20,2022-06-20,T,RFT,F,1.0,68TEC4,TECH,ALPNC,121,220,120,2021-12-20,2021-12-20,2021-12-20,2022-06-20,100,V,S,EG06,PG03,,Operations
101747,2021-12-24,2021-12-24,A,RFT,F,1.0,61WHS2,WHSE,WSTMF,110,160,20,2021-12-24,2021-12-24,2021-12-24,,,,H,EG01,PG03,,Operations
101747,2022-12-20,2022-12-20,A,RFT,F,1.0,62WHS3,WHSE,WSTMF,110,160,20,2021-12-24,2021-12-24,2022-12-20,,,,H,EG01,PG03,,Operations
101747,2024-12-04,2024-12-04,A,RFT,F,1.0,63WHS4,WHSE,WSTMF,110,160,20,2021-12-24,2021-12-24,2024-12-04,,,,H,EG10,PG03,,Operations
101748,2021-12-24,2021-12-24,A,RFT,F,1.0,35IT3,IT,NRTHP,120,180,20,2021-12-24,2021-12-24,2021-12-24,,,,S,EG08,PG05,,Operations
101749,2021-12-27,2021-12-27,A,RFT,F,1.0,75MKT6,MKTG,WSTMF,102,170,60,2021-12-27,2021-12-27,2021-12-27,,,,S,EG02,PG03,,Operations
101749,2023-09-10,2023-09-10,T,RFT,F,1.0,75MKT6,MKTG,WSTMF,102,170,60,2021-12-27,2021-12-27,2021-12-27,2023-09-10,202,V,S,EG02,PG03,,Operations
101750,2021-12-28,2021-12-28,A,CON,F,1.0,18ENG1,ENGR,ALPNC,112,50,100,2021-12-28,2021-12-28,2021-12-28,,,,H,EG08,PG03,,Operations
101750,2022-07-16,2022-07-16,T,CON,F,1.0,18ENG1,ENGR,ALPNC,112,50,100,2021-12-28,2021-12-28,2021-12-28,2022-07-16,100,V,H,EG08,PG03,,Operations
101751,2021-12-28,2021-12-28,A,RFT,F,1.0,25HR1,HR,NRTHP,118,180,60,2021-12-28,2021-12-28,2021-12-28,,,,H,EG10,PG05,101922.0,Operations
101751,2023-08-25,2023-08-25,A,RFT,F,1.0,26HR2,HR,NRTHP,118,180,60,2021-12-28,2021-12-28,2023-08-25,,,,H,EG03,PG05,101922.0,Operations
101751,2023-09-28,2023-09-28,A,RFT,F,1.0,27HR3,HR,NRTHP,118,180,60,2021-12-28,2021-12-28,2023-09-28,,,,H,EG02,PG05,101922.0,Operations
101752,2021-12-31,2021-12-31,A,RFT,F,1.0,32IT1,IT,WSTMF,107,120,20,2021-12-31,2021-12-31,2021-12-31,,,,S,EG03,PG03,,Operations
101752,2024-06-18,2024-06-18,A,RFT,F,1.0,60WHS1,WHSE,WSTMF,107,120,20,2021-12-31,2021-12-31,2024-06-18,,,,S,EG06,PG03,,Operations
101752,2024-11-28,2024-11-28,T,RFT,F,1.0,60WHS1,WHSE,WSTMF,107,120,20,2021-12-31,2021-12-31,2024-06-18,2024-11-28,202,V,S,EG06,PG03,,Operations
101753,2021-12-31,2021-12-31,A,RPT,F,0.75,89PRO2,PROJ,NRTHP,114,160,110,2021-12-31,2021-12-31,2021-12-31,,,,H,EG06,PG05,102948.0,Operations
101754,2021-12-31,2021-12-31,A,RPT,F,0.79,42SAL2,SALES,ALPNC,124,210,10,2021-12-31,2021-12-31,2021-12-31,,,,S,EG10,PG03,102698.0,Operations
101754,2022-09-13,2022-09-13,L,RPT,F,0.79,42SAL2,SALES,ALPNC,124,210,10,2021-12-31,2021-12-31,2021-12-31,,,,S,EG10,PG03,102698.0,Operations
101754,2022-09-30,2022-09-30,A,RPT,F,0.79,42SAL2,SALES,ALPNC,124,210,10,2021-12-31,2021-12-31,2021-12-31,,,,S,EG10,PG03,102698.0,Operations
101754,2022-10-10,2022-10-10,T,RPT,F,0.79,42SAL2,SALES,ALPNC,124,210,10,2021-12-31,2021-12-31,2021-12-31,2022-10-10,201,I,S,EG10,PG03,102698.0,Operations
101755,2021-12-31,2021-12-31,A,RPT,P,0.61,13CSR1,CSR,NRTHP,114,180,70,2021-12-31,2021-12-31,2021-12-31,,,,H,EG01,PG05,102185.0,Operations
101756,2022-01-03,2022-01-03,A,RFT,F,1.0,06ACC1,ACCTG,NRTHP,112,180,40,2022-01-03,2022-01-03,2022-01-03,,,,H,EG09,PG05,101730.0,Operations
101756,2024-10-20,2024-10-20,T,RFT,F,1.0,06ACC1,ACCTG,NRTHP,112,180,40,2022-01-03,2022-01-03,2022-01-03,2024-10-20,207,I,H,EG09,PG05,101730.0,Operations
101757,2022-01-04,2022-01-04,A,RPT,P,0.55,56TRD2,TRD,NRTHP,109,240,110,2022-01-04,2022-01-04,2022-01-04,,,,H,EG02,PG05,,Operations
101757,2022-09-13,2022-09-13,A,RPT,P,0.55,66TEC2,TECH,NRTHP,109,240,110,2022-01-04,2022-01-04,2022-09-13,,,,H,EG04,PG05,,Operations
101757,2023-02-22,2023-02-22,T,RPT,P,0.55,66TEC2,TECH,NRTHP,109,240,110,2022-01-04,2022-01-04,2022-09-13,2023-02-22,100,V,H,EG04,PG05,,Operations
101758,2022-01-04,2022-01-04,A,RFT,F,1.0,55TRD1,TRD,PRMRE,105,10,10,2022-01-04,2022-01-04,2022-01-04,,,,H,EG04,PG02,101036.0,Operations
101758,2025-12-19,2025-12-19,T,RFT,F,1.0,55TRD1,TRD,PRMRE,105,10,10,2022-01-04,2022-01-04,2022-01-04,2025-12-19,100,V,H,EG04,PG02,101036.0,Operations
101759,2022-01-05,2022-01-05,A,RFT,F,1.0,27HR3,HR,NRTHP,124,170,90,2022-01-05,2022-01-05,2022-01-05,,,,S,EG02,PG05,102836.0,Operations
101759,2024-10-09,2024-10-09,T,RFT,F,1.0,27HR3,HR,NRTHP,124,170,90,2022-01-05,2022-01-05,2022-01-05,2024-10-09,207,I,S,EG02,PG05,102836.0,Operations
101760,2022-01-05,2022-01-05,A,RFT,F,1.0,65TEC1,TECH,NRTHP,112,10,110,2022-01-05,2022-01-05,2022-01-05,,,,S,EG08,PG05,102001.0,Operations
101760,2023-06-22,2023-06-22,T,RFT,F,1.0,65TEC1,TECH,NRTHP,112,10,110,2022-01-05,2022-01-05,2022-01-05,2023-06-22,200,I,S,EG08,PG05,102001.0,Operations
101761,2022-01-06,2022-01-06,A,TFT,F,1.0,33IT2,IT,NRTHP,120,110,40,2022-01-06,2022-01-06,2022-01-06,,,,S,EG09,PG05,,Operations
101761,2023-04-12,2023-04-12,A,TFT,F,1.0,35IT3,IT,NRTHP,120,110,40,2022-01-06,2022-01-06,2023-04-12,,,,S,EG08,PG05,,Operations
101761,2025-12-03,2025-12-03,A,TFT,F,1.0,15CSR3,CSR,NRTHP,120,110,40,2022-01-06,2022-01-06,2025-12-03,,,,S,EG10,PG05,,Operations
101762,2022-01-06,2022-01-06,A,RFT,F,1.0,51OPS4,OPS,ALPNC,100,160,120,2022-01-06,2022-01-06,2022-01-06,,,,S,EG07,PG03,,Operations
101762,2022-03-05,2022-03-05,A,RFT,F,1.0,52OPS5,OPS,ALPNC,100,160,120,2022-01-06,2022-01-06,2022-03-05,,,,S,EG09,PG03,,Operations
101762,2024-01-09,2024-01-09,T,RFT,F,1.0,52OPS5,OPS,ALPNC,100,160,120,2022-01-06,2022-01-06,2022-03-05,2024-01-09,100,V,S,EG09,PG03,,Operations
101763,2022-01-07,2022-01-07,A,RFT,F,1.0,32IT1,IT,WSTMF,104,80,90,2022-01-07,2022-01-07,2022-01-07,,,,H,EG03,PG03,100073.0,Operations
101763,2025-01-27,2025-01-27,T,RFT,F,1.0,32IT1,IT,WSTMF,104,80,90,2022-01-07,2022-01-07,2022-01-07,2025-01-27,103,V,H,EG03,PG03,100073.0,Operations
101764,2022-01-07,2022-01-07,A,RFT,F,1.0,61WHS2,WHSE,NRTHP,116,100,10,2022-01-07,2022-01-07,2022-01-07,,,,H,EG01,PG05,102766.0,Operations
101765,2022-01-11,2022-01-11,A,RFT,F,1.0,56TRD2,TRD,NRTHP,122,60,20,2022-01-11,2022-01-11,2022-01-11,,,,H,EG02,PG05,101827.0,Operations
101765,2023-09-21,2023-09-21,A,RFT,F,1.0,57TRD3,TRD,NRTHP,122,60,20,2022-01-11,2022-01-11,2023-09-21,,,,H,EG02,PG05,101827.0,Operations
101766,2022-01-12,2022-01-12,A,RPT,P,0.57,51OPS4,OPS,WSTMF,107,20,40,2022-01-12,2022-01-12,2022-01-12,,,,S,EG07,PG03,,Operations
101766,2022-09-06,2022-09-06,T,RPT,P,0.57,51OPS4,OPS,WSTMF,107,20,40,2022-01-12,2022-01-12,2022-01-12,2022-09-06,206,I,S,EG07,PG03,,Operations
101767,2022-01-12,2022-01-12,A,RFT,F,1.0,18ENG1,ENGR,PRMRE,117,120,40,2022-01-12,2022-01-12,2022-01-12,,,,H,EG08,PG02,,Operations
101767,2024-01-14,2024-01-14,L,RFT,F,1.0,18ENG1,ENGR,PRMRE,117,120,40,2022-01-12,2022-01-12,2022-01-12,,,,H,EG08,PG02,,Operations
101767,2024-06-07,2024-06-07,A,RFT,F,1.0,18ENG1,ENGR,PRMRE,117,120,40,2022-01-12,2022-01-12,2022-01-12,,,,H,EG08,PG02,,Operations
101768,2022-01-14,2022-01-14,A,RFT,F,1.0,78ANL2,ANLYT,PRMRE,122,80,20,2022-01-14,2022-01-14,2022-01-14,,,,H,EG04,PG02,,Operations
101769,2022-01-14,2022-01-14,A,CON,F,1.0,20ENG3,ENGR,NRTHP,118,240,100,2022-01-14,2022-01-14,2022-01-14,,,,S,EG03,PG05,102039.0,Operations
101769,2023-06-09,2023-06-09,A,CON,F,1.0,67TEC3,TECH,NRTHP,118,240,100,2022-01-14,2022-01-14,2023-06-09,,,,S,EG10,PG05,102039.0,Operations
101769,2025-05-24,2025-05-24,A,CON,F,1.0,68TEC4,TECH,NRTHP,118,240,100,2022-01-14,2022-01-14,2025-05-24,,,,S,EG06,PG05,102039.0,Operations
101770,2022-01-14,2022-01-14,A,RPT,P,0.61,25HR1,HR,ALPNC,119,130,100,2022-01-14,2022-01-14,2022-01-14,,,,H,EG10,PG03,,Operations
101770,2025-06-23,2025-06-23,A,RPT,P,0.61,26HR2,HR,ALPNC,119,130,100,2022-01-14,2022-01-14,2025-06-23,,,,H,EG03,PG03,,Operations
101771,2022-01-17,2022-01-17,A,RFT,F,1.0,01ADM1,ADMIN,NRTHP,115,220,100,2022-01-17,2022-01-17,2022-01-17,,,,H,EG05,PG05,102648.0,Operations
101771,2023-06-20,2023-06-20,A,RFT,F,1.0,02ADM2,ADMIN,NRTHP,115,220,100,2022-01-17,2022-01-17,2023-06-20,,,,H,EG04,PG05,102648.0,Operations
101771,2023-11-29,2023-11-29,A,RFT,F,1.0,89PRO2,PROJ,NRTHP,115,220,100,2022-01-17,2022-01-17,2023-11-29,,,,H,EG06,PG05,102648.0,Operations
101772,2022-01-17,2022-01-17,A,RFT,F,1.0,89PRO2,PROJ,NRTHP,113,40,110,2022-01-17,2022-01-17,2022-01-17,,,,H,EG06,PG05,,Operations
101773,2022-01-19,2022-01-19,A,RFT,F,1.0,62WHS3,WHSE,NRTHP,109,180,50,2022-01-19,2022-01-19,2022-01-19,,,,S,EG01,PG05,,Operations
101773,2025-09-20,2025-09-20,T,RFT,F,1.0,62WHS3,WHSE,NRTHP,109,180,50,2022-01-19,2022-01-19,2022-01-19,2025-09-20,101,V,S,EG01,PG05,,Operations
101774,2022-01-19,2022-01-19,A,RFT,F,1.0,89PRO2,PROJ,WSTMF,115,130,110,2022-01-19,2022-01-19,2022-01-19,,,,H,EG06,PG03,101190.0,Operations
101774,2022-05-25,2022-05-25,A,RFT,F,1.0,90PRO3,PROJ,WSTMF,115,130,110,2022-01-19,2022-01-19,2022-05-25,,,,H,EG04,PG03,101190.0,Operations
101775,2022-01-21,2022-01-21,A,RFT,F,1.0,49OPS2,OPS,WSTMF,124,130,80,2022-01-21,2022-01-21,2022-01-21,,,,H,EG05,PG03,102158.0,Operations
101775,2022-09-10,2022-09-10,T,RFT,F,1.0,49OPS2,OPS,WSTMF,124,130,80,2022-01-21,2022-01-21,2022-01-21,2022-09-10,101,V,H,EG05,PG03,102158.0,Operations
101776,2022-01-24,2022-01-24,A,RFT,F,1.0,71MKT2,MKTG,ALPNC,121,110,10,2022-01-24,2022-01-24,2022-01-24,,,,H,EG10,PG03,100624.0,Operations
101776,2022-02-03,2022-02-03,A,RFT,F,1.0,07ACC2,ACCTG,ALPNC,121,110,10,2022-01-24,2022-01-24,2022-02-03,,,,H,EG03,PG03,100624.0,Operations
101776,2025-01-25,2025-01-25,T,RFT,F,1.0,07ACC2,ACCTG,ALPNC,121,110,10,2022-01-24,2022-01-24,2022-02-03,2025-01-25,205,I,H,EG03,PG03,100624.0,Operations
101777,2022-01-24,2022-01-24,A,RFT,F,1.0,68TEC4,TECH,ALPNC,102,160,80,2022-01-24,2022-01-24,2022-01-24,,,,S,EG06,PG03,,Operations
101778,2022-01-25,2022-01-25,A,RPT,P,0.71,14CSR2,CSR,ALPNC,100,160,50,2022-01-25,2022-01-25,2022-01-25,,,,H,EG06,PG03,102626.0,Operations
101778,2023-08-05,2023-08-05,A,RPT,P,0.71,15CSR3,CSR,ALPNC,100,160,50,2022-01-25,2022-01-25,2023-08-05,,,,H,EG10,PG03,102626.0,Operations
101779,2022-01-26,2022-01-26,A,RFT,F,1.0,08ACC3,ACCTG,NRTHP,118,150,40,2022-01-26,2022-01-26,2022-01-26,,,,S,EG01,PG05,,Operations
101779,2023-09-10,2023-09-10,T,RFT,F,1.0,08ACC3,ACCTG,NRTHP,118,150,40,2022-01-26,2022-01-26,2022-01-26,2023-09-10,100,V,S,EG01,PG05,,Operations
101780,2022-01-26,2022-01-26,A,CON,F,1.0,16CSR4,CSR,WSTMF,111,120,90,2022-01-26,2022-01-26,2022-01-26,,,,S,EG10,PG03,,Operations
101781,2022-01-26,2022-01-26,A,RFT,F,1.0,13CSR1,CSR,PRMRE,116,120,120,2022-01-26,2022-01-26,2022-01-26,,,,H,EG01,PG02,101531.0,Operations
101781,2022-02-09,2022-02-09,L,RFT,F,1.0,13CSR1,CSR,PRMRE,116,120,120,2022-01-26,2022-01-26,2022-01-26,,,,H,EG01,PG02,101531.0,Operations
101781,2022-06-27,2022-06-27,A,RFT,F,1.0,13CSR1,CSR,PRMRE,116,120,120,2022-01-26,2022-01-26,2022-01-26,,,,H,EG01,PG02,101531.0,Operations
101781,2022-06-21,2022-06-21,T,RFT,F,1.0,13CSR1,CSR,PRMRE,116,120,120,2022-01-26,2022-01-26,2022-01-26,2022-06-21,207,I,H,EG01,PG02,101531.0,Operations
101782,2022-01-28,2022-01-28,A,RFT,F,1.0,78ANL2,ANLYT,PRMRE,118,120,120,2022-01-28,2022-01-28,2022-01-28,,,,H,EG04,PG02,102476.0,Operations
101783,2022-02-01,2022-02-01,A,RPT,P,0.55,65TEC1,TECH,WSTMF,107,180,20,2022-02-01,2022-02-01,2022-02-01,,,,S,EG08,PG03,100161.0,Operations
101784,2022-02-02,2022-02-02,A,RFT,F,1.0,13CSR1,CSR,WSTMF,124,100,30,2022-02-02,2022-02-02,2022-02-02,,,,H,EG01,PG03,102781.0,Operations
101784,2022-02-04,2022-02-04,A,RFT,F,1.0,14CSR2,CSR,WSTMF,124,100,30,2022-02-02,2022-02-02,2022-02-04,,,,H,EG06,PG03,102781.0,Operations
101784,2022-06-27,2022-06-27,L,RFT,F,1.0,14CSR2,CSR,WSTMF,124,100,30,2022-02-02,2022-02-02,2022-02-04,,,,H,EG06,PG03,102781.0,Operations
101784,2022-12-06,2022-12-06,A,RFT,F,1.0,14CSR2,CSR,WSTMF,124,100,30,2022-02-02,2022-02-02,2022-02-04,,,,H,EG06,PG03,102781.0,Operations
101785,2022-02-02,2022-02-02,A,RFT,F,1.0,13CSR1,CSR,PRMRE,118,150,60,2022-02-02,2022-02-02,2022-02-02,,,,S,EG01,PG02,102348.0,Operations
101785,2022-03-03,2022-03-03,T,RFT,F,1.0,13CSR1,CSR,PRMRE,118,150,60,2022-02-02,2022-02-02,2022-02-02,2022-03-03,100,V,S,EG01,PG02,102348.0,Operations
101786,2022-02-03,2022-02-03,A,CON,F,1.0,73MKT4,MKTG,ALPNC,102,240,60,2022-02-03,2022-02-03,2022-02-03,,,,S,EG01,PG03,,Operations
101787,2022-02-04,2022-02-04,A,CON,F,1.0,01ADM1,ADMIN,NRTHP,122,220,70,2022-02-04,2022-02-04,2022-02-04,,,,S,EG05,PG05,,Operations
101787,2024-01-15,2024-01-15,A,CON,F,1.0,02ADM2,ADMIN,NRTHP,122,220,70,2022-02-04,2022-02-04,2024-01-15,,,,S,EG04,PG05,,Operations
101787,2024-05-07,2024-05-07,L,CON,F,1.0,02ADM2,ADMIN,NRTHP,122,220,70,2022-02-04,2022-02-04,2024-01-15,,,,S,EG04,PG05,,Operations
101787,2024-10-25,2024-10-25,A,CON,F,1.0,02ADM2,ADMIN,NRTHP,122,220,70,2022-02-04,2022-02-04,2024-01-15,,,,S,EG04,PG05,,Operations
101787,2025-04-15,2025-04-15,T,CON,F,1.0,02ADM2,ADMIN,NRTHP,122,220,70,2022-02-04,2022-02-04,2024-01-15,2025-04-15,100,V,S,EG04,PG05,,Operations
101788,2022-02-08,2022-02-08,A,RFT,F,1.0,18ENG1,ENGR,PRMRE,118,250,70,2022-02-08,2022-02-08,2022-02-08,,,,H,EG08,PG02,102494.0,Operations
101789,2022-02-10,2022-02-10,A,RFT,F,1.0,19ENG2,ENGR,NRTHP,100,220,120,2022-02-10,2022-02-10,2022-02-10,,,,H,EG01,PG05,100923.0,Operations
101790,2022-02-11,2022-02-11,A,RFT,F,1.0,72MKT3,MKTG,NRTHP,118,100,80,2022-02-11,2022-02-11,2022-02-11,,,,S,EG09,PG05,,Operations
101790,2023-08-19,2023-08-19,T,RFT,F,1.0,72MKT3,MKTG,NRTHP,118,100,80,2022-02-11,2022-02-11,2022-02-11,2023-08-19,207,I,S,EG09,PG05,,Operations
101791,2022-02-14,2022-02-14,A,RFT,F,1.0,62WHS3,WHSE,NRTHP,121,110,70,2022-02-14,2022-02-14,2022-02-14,,,,S,EG01,PG05,100624.0,Operations
101791,2022-05-02,2022-05-02,T,RFT,F,1.0,62WHS3,WHSE,NRTHP,121,110,70,2022-02-14,2022-02-14,2022-02-14,2022-05-02,103,V,S,EG01,PG05,100624.0,Operations
101792,2022-02-15,2022-02-15,A,RFT,F,1.0,34IT2,IT,WSTMF,122,220,50,2022-02-15,2022-02-15,2022-02-15,,,,H,EG08,PG03,,Operations
101792,2024-03-27,2024-03-27,T,RFT,F,1.0,34IT2,IT,WSTMF,122,220,50,2022-02-15,2022-02-15,2022-02-15,2024-03-27,101,V,H,EG08,PG03,,Operations
101793,2022-02-15,2022-02-15,A,CON,F,1.0,18ENG1,ENGR,PRMRE,100,10,80,2022-02-15,2022-02-15,2022-02-15,,,,S,EG08,PG02,102752.0,Operations
101793,2022-12-20,2022-12-20,T,CON,F,1.0,18ENG1,ENGR,PRMRE,100,10,80,2022-02-15,2022-02-15,2022-02-15,2022-12-20,100,V,S,EG08,PG02,102752.0,Operations
101794,2022-02-15,2022-02-15,A,RPT,P,0.59,72MKT3,MKTG,NRTHP,120,230,30,2022-02-15,2022-02-15,2022-02-15,,,,S,EG09,PG05,,Operations
101794,2022-10-11,2022-10-11,T,RPT,P,0.59,72MKT3,MKTG,NRTHP,120,230,30,2022-02-15,2022-02-15,2022-02-15,2022-10-11,103,V,S,EG09,PG05,,Operations
101795,2022-02-16,2022-02-16,A,RFT,F,1.0,06ACC1,ACCTG,PRMRE,122,180,40,2022-02-16,2022-02-16,2022-02-16,,,,H,EG09,PG02,101289.0,Operations
101796,2022-02-16,2022-02-16,A,RFT,F,1.0,32IT1,IT,PRMRE,123,190,120,2022-02-16,2022-02-16,2022-02-16,,,,H,EG03,PG02,102767.0,Operations
101796,2024-10-08,2024-10-08,A,RFT,F,1.0,33IT2,IT,PRMRE,123,190,120,2022-02-16,2022-02-16,2024-10-08,,,,H,EG09,PG02,102767.0,Operations
101797,2022-02-17,2022-02-17,A,RFT,F,1.0,57TRD3,TRD,PRMRE,123,50,120,2022-02-17,2022-02-17,2022-02-17,,,,S,EG02,PG02,100075.0,Operations
101797,2023-02-14,2023-02-14,A,RFT,F,1.0,58TRD4,TRD,PRMRE,123,50,120,2022-02-17,2022-02-17,2023-02-14,,,,S,EG05,PG02,100075.0,Operations
101798,2022-02-17,2022-02-17,A,TAW,F,1.0,94LEG2,LEGAL,WSTMF,100,150,40,2022-02-17,2022-02-17,2022-02-17,,,,S,EG02,PG03,,Operations
101798,2022-04-05,2022-04-05,T,TAW,F,1.0,94LEG2,LEGAL,WSTMF,100,150,40,2022-02-17,2022-02-17,2022-02-17,2022-04-05,201,I,S,EG02,PG03,,Operations
101799,2022-02-18,2022-02-18,A,RFT,F,1.0,49OPS2,OPS,PRMRE,115,130,70,2022-02-18,2022-02-18,2022-02-18,,,,H,EG05,PG02,101190.0,Operations
101799,2024-07-09,2024-07-09,A,RFT,F,1.0,66TEC2,TECH,PRMRE,115,130,70,2022-02-18,2022-02-18,2024-07-09,,,,H,EG04,PG02,101190.0,Operations
101800,2022-02-21,2022-02-21,A,RFT,F,1.0,08ACC3,ACCTG,WSTMF,110,250,70,2022-02-21,2022-02-21,2022-02-21,,,,S,EG01,PG03,102925.0,Operations
101801,2022-02-22,2022-02-22,A,RPT,P,0.65,55TRD1,TRD,PRMRE,118,140,100,2022-02-22,2022-02-22,2022-02-22,,,,H,EG04,PG02,101731.0,Operations
101801,2023-12-23,2023-12-23,A,RPT,P,0.65,56TRD2,TRD,PRMRE,118,140,100,2022-02-22,2022-02-22,2023-12-23,,,,H,EG02,PG02,101731.0,Operations
101801,2024-07-30,2024-07-30,T,RPT,P,0.65,56TRD2,TRD,PRMRE,118,140,100,2022-02-22,2022-02-22,2023-12-23,2024-07-30,202,V,H,EG02,PG02,101731.0,Operations
101802,2022-02-22,2022-02-22,A,RFT,F,1.0,06ACC1,ACCTG,NRTHP,108,230,50,2022-02-22,2022-02-22,2022-02-22,,,,H,EG09,PG05,101351.0,Operations
101803,2022-02-23,2022-02-23,A,RFT,F,1.0,33IT2,IT,PRMRE,102,210,40,2022-02-23,2022-02-23,2022-02-23,,,,H,EG09,PG02,101824.0,Operations
101803,2025-10-02,2025-10-02,A,RFT,F,1.0,35IT3,IT,PRMRE,102,210,40,2022-02-23,2022-02-23,2025-10-02,,,,H,EG08,PG02,101824.0,Operations
101803,2025-11-10,2025-11-10,A,RFT,F,1.0,20ENG3,ENGR,PRMRE,102,210,40,2022-02-23,2022-02-23,2025-11-10,,,,H,EG03,PG02,101824.0,Operations
101804,2022-02-24,2022-02-24,A,RFT,F,1.0,79ANL3,ANLYT,PRMRE,121,30,70,2022-02-24,2022-02-24,2022-02-24,,,,S,EG10,PG02,,Operations
101804,2022-11-25,2022-11-25,A,RFT,F,1.0,90PRO3,PROJ,PRMRE,121,30,70,2022-02-24,2022-02-24,2022-11-25,,,,S,EG04,PG02,,Operations
101804,2024-10-01,2024-10-01,T,RFT,F,1.0,90PRO3,PROJ,PRMRE,121,30,70,2022-02-24,2022-02-24,2022-11-25,2024-10-01,207,I,S,EG04,PG02,,Operations
101805,2022-02-25,2022-02-25,A,RFT,F,1.0,61WHS2,WHSE,WSTMF,107,200,30,2022-02-25,2022-02-25,2022-02-25,,,,H,EG01,PG03,,Operations
101806,2022-02-28,2022-02-28,A,RFT,F,1.0,07ACC2,ACCTG,ALPNC,124,120,90,2022-02-28,2022-02-28,2022-02-28,,,,H,EG03,PG03,,Operations
101806,2022-12-07,2022-12-07,A,RFT,F,1.0,08ACC3,ACCTG,ALPNC,124,120,90,2022-02-28,2022-02-28,2022-12-07,,,,H,EG01,PG03,,Operations
101807,2022-02-28,2022-02-28,A,RFT,F,1.0,56TRD2,TRD,PRMRE,124,130,90,2022-02-28,2022-02-28,2022-02-28,,,,S,EG02,PG02,102158.0,Operations
101807,2022-09-13,2022-09-13,A,RFT,F,1.0,57TRD3,TRD,PRMRE,124,130,90,2022-02-28,2022-02-28,2022-09-13,,,,S,EG02,PG02,102158.0,Operations
101808,2022-03-03,2022-03-03,A,CON,F,1.0,71MKT2,MKTG,ALPNC,102,220,120,2022-03-03,2022-03-03,2022-03-03,,,,H,EG10,PG03,102813.0,Operations
101808,2022-05-12,2022-05-12,L,CON,F,1.0,71MKT2,MKTG,ALPNC,102,220,120,2022-03-03,2022-03-03,2022-03-03,,,,H,EG10,PG03,102813.0,Operations
101808,2022-09-08,2022-09-08,A,CON,F,1.0,71MKT2,MKTG,ALPNC,102,220,120,2022-03-03,2022-03-03,2022-03-03,,,,H,EG10,PG03,102813.0,Operations
101808,2023-12-14,2023-12-14,T,CON,F,1.0,71MKT2,MKTG,ALPNC,102,220,120,2022-03-03,2022-03-03,2022-03-03,2023-12-14,100,V,H,EG10,PG03,102813.0,Operations
101809,2022-03-04,2022-03-04,A,RFT,F,1.0,71MKT2,MKTG,ALPNC,102,160,120,2022-03-04,2022-03-04,2022-03-04,,,,H,EG10,PG03,101777.0,Operations
101809,2022-11-11,2022-11-11,A,RFT,F,1.0,72MKT3,MKTG,ALPNC,102,160,120,2022-03-04,2022-03-04,2022-11-11,,,,H,EG09,PG03,101777.0,Operations
101810,2022-03-04,2022-03-04,A,RFT,F,1.0,18ENG1,ENGR,WSTMF,105,140,20,2022-03-04,2022-03-04,2022-03-04,,,,H,EG08,PG03,101279.0,Operations
101811,2022-03-04,2022-03-04,A,RFT,F,1.0,06ACC1,ACCTG,NRTHP,101,250,80,2022-03-04,2022-03-04,2022-03-04,,,,H,EG09,PG05,,Operations
101811,2025-11-11,2025-11-11,L,RFT,F,1.0,06ACC1,ACCTG,NRTHP,101,250,80,2022-03-04,2022-03-04,2022-03-04,,,,H,EG09,PG05,,Operations
101812,2022-03-04,2022-03-04,A,RPT,P,0.67,66TEC2,TECH,ALPNC,112,80,110,2022-03-04,2022-03-04,2022-03-04,,,,H,EG04,PG03,100948.0,Operations
101812,2022-12-22,2022-12-22,T,RPT,P,0.67,66TEC2,TECH,ALPNC,112,80,110,2022-03-04,2022-03-04,2022-03-04,2022-12-22,102,V,H,EG04,PG03,100948.0,Operations
101813,2022-03-07,2022-03-07,A,CON,F,1.0,70MKT1,MKTG,WSTMF,106,200,30,2022-03-07,2022-03-07,2022-03-07,,,,H,EG04,PG03,,Operations
101813,2022-10-30,2022-10-30,T,CON,F,1.0,70MKT1,MKTG,WSTMF,106,200,30,2022-03-07,2022-03-07,2022-03-07,2022-10-30,100,V,H,EG04,PG03,,Operations
101814,2022-03-08,2022-03-08,A,RFT,F,1.0,14CSR2,CSR,PRMRE,102,60,40,2022-03-08,2022-03-08,2022-03-08,,,,H,EG06,PG02,101520.0,Operations
101815,2022-03-09,2022-03-09,A,RFT,F,1.0,14CSR2,CSR,PRMRE,121,220,20,2022-03-09,2022-03-09,2022-03-09,,,,H,EG06,PG02,,Operations
101815,2022-11-14,2022-11-14,T,RFT,F,1.0,14CSR2,CSR,PRMRE,121,220,20,2022-03-09,2022-03-09,2022-03-09,2022-11-14,100,V,H,EG06,PG02,,Operations
101816,2022-03-10,2022-03-10,A,RFT,F,1.0,77ANL1,ANLYT,NRTHP,103,140,20,2022-03-10,2022-03-10,2022-03-10,,,,H,EG04,PG05,,Operations
101816,2025-05-13,2025-05-13,T,RFT,F,1.0,77ANL1,ANLYT,NRTHP,103,140,20,2022-03-10,2022-03-10,2022-03-10,2025-05-13,101,V,H,EG04,PG05,,Operations
101817,2022-03-11,2022-03-11,A,CON,F,1.0,34IT2,IT,NRTHP,123,20,60,2022-03-11,2022-03-11,2022-03-11,,,,S,EG08,PG05,,Operations
101817,2022-03-20,2022-03-20,A,CON,F,1.0,36IT3,IT,NRTHP,123,20,60,2022-03-11,2022-03-11,2022-03-20,,,,S,EG07,PG05,,Operations
101818,2022-03-11,2022-03-11,A,RPT,P,0.41,32IT1,IT,ALPNC,111,230,10,2022-03-11,2022-03-11,2022-03-11,,,,H,EG03,PG03,102364.0,Operations
101818,2022-06-14,2022-06-14,L,RPT,P,0.41,32IT1,IT,ALPNC,111,230,10,2022-03-11,2022-03-11,2022-03-11,,,,H,EG03,PG03,102364.0,Operations
101818,2022-11-02,2022-11-02,A,RPT,P,0.41,32IT1,IT,ALPNC,111,230,10,2022-03-11,2022-03-11,2022-03-11,,,,H,EG03,PG03,102364.0,Operations
101818,2024-08-17,2024-08-17,A,RPT,P,0.41,33IT2,IT,ALPNC,111,230,10,2022-03-11,2022-03-11,2024-08-17,,,,H,EG09,PG03,102364.0,Operations
101819,2022-03-11,2022-03-11,A,RFT,F,1.0,70MKT1,MKTG,WSTMF,118,250,100,2022-03-11,2022-03-11,2022-03-11,,,,H,EG04,PG03,102494.0,Operations
101819,2025-06-29,2025-06-29,A,RFT,F,1.0,65TEC1,TECH,WSTMF,118,250,100,2022-03-11,2022-03-11,2025-06-29,,,,H,EG08,PG03,102494.0,Operations
101820,2022-03-11,2022-03-11,A,RFT,F,1.0,07ACC2,ACCTG,PRMRE,123,100,90,2022-03-11,2022-03-11,2022-03-11,,,,H,EG03,PG02,,Operations
101821,2022-03-14,2022-03-14,A,RPT,F,0.79,71MKT2,MKTG,ALPNC,111,150,120,2022-03-14,2022-03-14,2022-03-14,,,,H,EG10,PG03,,Operations
101821,2025-07-03,2025-07-03,A,RPT,F,0.79,94LEG2,LEGAL,ALPNC,111,150,120,2022-03-14,2022-03-14,2025-07-03,,,,H,EG02,PG03,,Operations
101821,2025-07-19,2025-07-19,L,RPT,F,0.79,94LEG2,LEGAL,ALPNC,111,150,120,2022-03-14,2022-03-14,2025-07-03,,,,H,EG02,PG03,,Operations
101821,2025-11-05,2025-11-05,A,RPT,F,0.79,94LEG2,LEGAL,ALPNC,111,150,120,2022-03-14,2022-03-14,2025-07-03,,,,H,EG02,PG03,,Operations
101822,2022-03-14,2022-03-14,A,RFT,F,1.0,95LEG3,LEGAL,ALPNC,102,180,100,2022-03-14,2022-03-14,2022-03-14,,,,S,EG05,PG03,,Operations
101823,2022-03-14,2022-03-14,A,CON,F,1.0,66TEC2,TECH,ALPNC,119,80,80,2022-03-14,2022-03-14,2022-03-14,,,,H,EG04,PG03,,Operations
101823,2022-05-26,2022-05-26,T,CON,F,1.0,66TEC2,TECH,ALPNC,119,80,80,2022-03-14,2022-03-14,2022-03-14,2022-05-26,100,V,H,EG04,PG03,,Operations
101824,2022-03-15,2022-03-15,A,RFT,F,1.0,36IT3,IT,PRMRE,102,210,20,2022-03-15,2022-03-15,2022-03-15,,,,S,EG07,PG02,,Operations
101825,2022-03-15,2022-03-15,A,RFT,F,1.0,72MKT3,MKTG,WSTMF,118,240,40,2022-03-15,2022-03-15,2022-03-15,,,,S,EG09,PG03,102039.0,Operations
101825,2024-12-21,2024-12-21,T,RFT,F,1.0,72MKT3,MKTG,WSTMF,118,240,40,2022-03-15,2022-03-15,2022-03-15,2024-12-21,205,I,S,EG09,PG03,102039.0,Operations
101826,2022-03-17,2022-03-17,A,RFT,F,1.0,73MKT4,MKTG,ALPNC,102,100,100,2022-03-17,2022-03-17,2022-03-17,,,,S,EG01,PG03,,Operations
101826,2022-06-30,2022-06-30,T,RFT,F,1.0,73MKT4,MKTG,ALPNC,102,100,100,2022-03-17,2022-03-17,2022-03-17,2022-06-30,101,V,S,EG01,PG03,,Operations
101827,2022-03-17,2022-03-17,A,RPT,F,0.79,09ACC4,ACCTG,PRMRE,122,60,50,2022-03-17,2022-03-17,2022-03-17,,,,S,EG05,PG02,,Operations
101827,2025-11-17,2025-11-17,A,RPT,F,0.79,10ACC5,ACCTG,PRMRE,122,60,50,2022-03-17,2022-03-17,2025-11-17,,,,S,EG09,PG02,,Operations
101828,2022-03-18,2022-03-18,A,CON,F,1.0,78ANL2,ANLYT,NRTHP,114,180,110,2022-03-18,2022-03-18,2022-03-18,,,,H,EG04,PG05,102185.0,Operations
101828,2025-09-21,2025-09-21,T,CON,F,1.0,78ANL2,ANLYT,NRTHP,114,180,110,2022-03-18,2022-03-18,2022-03-18,2025-09-21,100,V,H,EG04,PG05,102185.0,Operations
101829,2022-03-18,2022-03-18,A,RFT,F,1.0,21ENG4,ENGR,NRTHP,114,70,60,2022-03-18,2022-03-18,2022-03-18,,,,S,EG06,PG05,,Operations
101829,2022-04-15,2022-04-15,A,RFT,F,1.0,22ENG5,ENGR,NRTHP,114,70,60,2022-03-18,2022-03-18,2022-04-15,,,,S,EG08,PG05,,Operations
101829,2024-04-05,2024-04-05,T,RFT,F,1.0,22ENG5,ENGR,NRTHP,114,70,60,2022-03-18,2022-03-18,2022-04-15,2024-04-05,200,I,S,EG08,PG05,,Operations
101830,2022-03-18,2022-03-18,A,RFT,F,1.0,92PRO5,PROJ,WSTMF,107,40,20,2022-03-18,2022-03-18,2022-03-18,,,,S,EG07,PG03,,Operations
101830,2025-12-25,2025-12-25,A,RFT,F,1.0,93PRO6,PROJ,WSTMF,107,40,20,2022-03-18,2022-03-18,2025-12-25,,,,S,EG09,PG03,,Operations
101831,2022-03-18,2022-03-18,A,RFT,F,1.0,06ACC1,ACCTG,NRTHP,117,60,20,2022-03-18,2022-03-18,2022-03-18,,,,S,EG09,PG05,,Operations
101831,2024-04-13,2024-04-13,A,RFT,F,1.0,07ACC2,ACCTG,NRTHP,117,60,20,2022-03-18,2022-03-18,2024-04-13,,,,S,EG03,PG05,,Operations
101832,2022-03-18,2022-03-18,A,RFT,F,1.0,55TRD1,TRD,WSTMF,104,90,100,2022-03-18,2022-03-18,2022-03-18,,,,H,EG04,PG03,102432.0,Operations
101832,2025-06-25,2025-06-25,A,RFT,F,1.0,56TRD2,TRD,WSTMF,104,90,100,2022-03-18,2022-03-18,2025-06-25,,,,H,EG02,PG03,102432.0,Operations
101833,2022-03-18,2022-03-18,A,RFT,F,1.0,90PRO3,PROJ,PRMRE,121,30,10,2022-03-18,2022-03-18,2022-03-18,,,,S,EG04,PG02,,Operations
101833,2023-04-27,2023-04-27,T,RFT,F,1.0,90PRO3,PROJ,PRMRE,121,30,10,2022-03-18,2022-03-18,2022-03-18,2023-04-27,205,I,S,EG04,PG02,,Operations
101834,2022-03-18,2022-03-18,A,RFT,F,1.0,79ANL3,ANLYT,ALPNC,116,60,110,2022-03-18,2022-03-18,2022-03-18,,,,S,EG10,PG03,102529.0,Operations
101834,2024-12-09,2024-12-09,A,RFT,F,1.0,08ACC3,ACCTG,ALPNC,116,60,110,2022-03-18,2022-03-18,2024-12-09,,,,S,EG01,PG03,102529.0,Operations
101834,2025-02-11,2025-02-11,A,RFT,F,1.0,09ACC4,ACCTG,ALPNC,116,60,110,2022-03-18,2022-03-18,2025-02-11,,,,S,EG05,PG03,102529.0,Operations
101835,2022-03-21,2022-03-21,A,RPT,P,0.54,35IT3,IT,ALPNC,121,20,50,2022-03-21,2022-03-21,2022-03-21,,,,S,EG08,PG03,100758.0,Operations
101835,2022-05-21,2022-05-21,T,RPT,P,0.54,35IT3,IT,ALPNC,121,20,50,2022-03-21,2022-03-21,2022-03-21,2022-05-21,201,I,S,EG08,PG03,100758.0,Operations
101836,2022-03-21,2022-03-21,A,TFT,F,1.0,90PRO3,PROJ,PRMRE,102,110,10,2022-03-21,2022-03-21,2022-03-21,,,,S,EG04,PG02,100283.0,Operations
101836,2022-10-15,2022-10-15,T,TFT,F,1.0,90PRO3,PROJ,PRMRE,102,110,10,2022-03-21,2022-03-21,2022-03-21,2022-10-15,201,I,S,EG04,PG02,100283.0,Operations
101837,2022-03-21,2022-03-21,A,RFT,F,1.0,36IT3,IT,NRTHP,113,180,50,2022-03-21,2022-03-21,2022-03-21,,,,S,EG07,PG05,,Operations
101837,2024-02-03,2024-02-03,A,RFT,F,1.0,37IT4,IT,NRTHP,113,180,50,2022-03-21,2022-03-21,2024-02-03,,,,S,EG04,PG05,,Operations
101837,2025-01-25,2025-01-25,A,RFT,F,1.0,38IT5,IT,NRTHP,113,180,50,2022-03-21,2022-03-21,2025-01-25,,,,S,EG02,PG05,,Operations
101837,2025-03-22,2025-03-22,T,RFT,F,1.0,38IT5,IT,NRTHP,113,180,50,2022-03-21,2022-03-21,2025-01-25,2025-03-22,202,V,S,EG02,PG05,,Operations
101838,2022-03-23,2022-03-23,A,RPT,P,0.41,94LEG2,LEGAL,NRTHP,122,250,40,2022-03-23,2022-03-23,2022-03-23,,,,S,EG02,PG05,102017.0,Operations
101838,2025-01-28,2025-01-28,T,RPT,P,0.41,94LEG2,LEGAL,NRTHP,122,250,40,2022-03-23,2022-03-23,2022-03-23,2025-01-28,100,V,S,EG02,PG05,102017.0,Operations
101839,2022-03-23,2022-03-23,A,RFT,F,1.0,65TEC1,TECH,WSTMF,111,40,40,2022-03-23,2022-03-23,2022-03-23,,,,H,EG08,PG03,101448.0,Operations
101840,2022-03-24,2022-03-24,A,TFT,F,1.0,27HR3,HR,ALPNC,124,170,90,2022-03-24,2022-03-24,2022-03-24,,,,S,EG02,PG03,102836.0,Operations
101840,2024-11-22,2024-11-22,A,TFT,F,1.0,28HR4,HR,ALPNC,124,170,90,2022-03-24,2022-03-24,2024-11-22,,,,S,EG08,PG03,102836.0,Operations
101841,2022-03-25,2022-03-25,A,RFT,F,1.0,13CSR1,CSR,WSTMF,115,50,120,2022-03-25,2022-03-25,2022-03-25,,,,H,EG01,PG03,100721.0,Operations
101841,2024-08-13,2024-08-13,A,RFT,F,1.0,14CSR2,CSR,WSTMF,115,50,120,2022-03-25,2022-03-25,2024-08-13,,,,H,EG06,PG03,100721.0,Operations
101842,2022-03-25,2022-03-25,A,RFT,F,1.0,03ADM3,ADMIN,WSTMF,106,40,70,2022-03-25,2022-03-25,2022-03-25,,,,S,EG07,PG03,,Operations
101843,2022-03-28,2022-03-28,A,RFT,F,1.0,61WHS2,WHSE,NRTHP,102,110,120,2022-03-28,2022-03-28,2022-03-28,,,,H,EG01,PG05,100283.0,Operations
101843,2022-11-25,2022-11-25,T,RFT,F,1.0,61WHS2,WHSE,NRTHP,102,110,120,2022-03-28,2022-03-28,2022-03-28,2022-11-25,100,V,H,EG01,PG05,100283.0,Operations
101844,2022-03-28,2022-03-28,A,RFT,F,1.0,04ADM4,ADMIN,ALPNC,111,200,80,2022-03-28,2022-03-28,2022-03-28,,,,S,EG06,PG03,,Operations
101845,2022-04-01,2022-04-01,A,RFT,F,1.0,65TEC1,TECH,ALPNC,115,160,80,2022-04-01,2022-04-01,2022-04-01,,,,H,EG08,PG03,102695.0,Operations
101846,2022-04-01,2022-04-01,A,RPT,P,0.49,04ADM4,ADMIN,PRMRE,122,40,10,2022-04-01,2022-04-01,2022-04-01,,,,S,EG06,PG02,,Operations
101846,2024-05-13,2024-05-13,L,RPT,P,0.49,04ADM4,ADMIN,PRMRE,122,40,10,2022-04-01,2022-04-01,2022-04-01,,,,S,EG06,PG02,,Operations
101846,2024-09-14,2024-09-14,A,RPT,P,0.49,04ADM4,ADMIN,PRMRE,122,40,10,2022-04-01,2022-04-01,2022-04-01,,,,S,EG06,PG02,,Operations
101846,2025-12-11,2025-12-11,T,RPT,P,0.49,04ADM4,ADMIN,PRMRE,122,40,10,2022-04-01,2022-04-01,2022-04-01,2025-12-11,101,V,S,EG06,PG02,,Operations
101847,2022-04-01,2022-04-01,A,RFT,F,1.0,77ANL1,ANLYT,ALPNC,100,70,70,2022-04-01,2022-04-01,2022-04-01,,,,S,EG04,PG03,100900.0,Operations
101848,2022-04-01,2022-04-01,A,RFT,F,1.0,57TRD3,TRD,NRTHP,114,100,10,2022-04-01,2022-04-01,2022-04-01,,,,S,EG02,PG05,,Operations
101848,2025-04-30,2025-04-30,T,RFT,F,1.0,57TRD3,TRD,NRTHP,114,100,10,2022-04-01,2022-04-01,2022-04-01,2025-04-30,202,V,S,EG02,PG05,,Operations
101849,2022-04-01,2022-04-01,A,RFT,F,1.0,96LEG4,LEGAL,NRTHP,100,190,50,2022-04-01,2022-04-01,2022-04-01,,,,S,EG10,PG05,102532.0,Operations
101850,2022-04-01,2022-04-01,A,RFT,F,1.0,32IT1,IT,WSTMF,110,190,100,2022-04-01,2022-04-01,2022-04-01,,,,H,EG03,PG03,,Operations
101850,2023-06-03,2023-06-03,T,RFT,F,1.0,32IT1,IT,WSTMF,110,190,100,2022-04-01,2022-04-01,2022-04-01,2023-06-03,101,V,H,EG03,PG03,,Operations
101851,2022-04-04,2022-04-04,A,RFT,F,1.0,15CSR3,CSR,PRMRE,115,110,60,2022-04-04,2022-04-04,2022-04-04,,,,S,EG10,PG02,102872.0,Operations
101851,2023-10-06,2023-10-06,T,RFT,F,1.0,15CSR3,CSR,PRMRE,115,110,60,2022-04-04,2022-04-04,2022-04-04,2023-10-06,100,V,S,EG10,PG02,102872.0,Operations
101852,2022-04-04,2022-04-04,A,RFT,F,1.0,57TRD3,TRD,NRTHP,112,20,110,2022-04-04,2022-04-04,2022-04-04,,,,S,EG02,PG05,,Operations
101853,2022-04-04,2022-04-04,A,RFT,F,1.0,34IT2,IT,NRTHP,124,10,10,2022-04-04,2022-04-04,2022-04-04,,,,H,EG08,PG05,100895.0,Operations
101854,2022-04-05,2022-04-05,A,RFT,F,1.0,26HR2,HR,NRTHP,102,230,20,2022-04-05,2022-04-05,2022-04-05,,,,H,EG03,PG05,102105.0,Operations
101854,2023-12-09,2023-12-09,A,RFT,F,1.0,27HR3,HR,NRTHP,102,230,20,2022-04-05,2022-04-05,2023-12-09,,,,H,EG02,PG05,102105.0,Operations
101854,2025-09-23,2025-09-23,L,RFT,F,1.0,27HR3,HR,NRTHP,102,230,20,2022-04-05,2022-04-05,2023-12-09,,,,H,EG02,PG05,102105.0,Operations
101854,2026-01-17,2026-01-17,A,RFT,F,1.0,27HR3,HR,NRTHP,102,230,20,2022-04-05,2022-04-05,2023-12-09,,,,H,EG02,PG05,102105.0,Operations
101855,2022-04-05,2022-04-05,A,RPT,P,0.6,03ADM3,ADMIN,NRTHP,115,220,70,2022-04-05,2022-04-05,2022-04-05,,,,S,EG07,PG05,,Operations
101856,2022-04-08,2022-04-08,A,RFT,F,1.0,55TRD1,TRD,ALPNC,124,190,20,2022-04-08,2022-04-08,2022-04-08,,,,H,EG04,PG03,,Operations
101856,2022-06-16,2022-06-16,L,RFT,F,1.0,55TRD1,TRD,ALPNC,124,190,20,2022-04-08,2022-04-08,2022-04-08,,,,H,EG04,PG03,,Operations
101856,2022-11-09,2022-11-09,A,RFT,F,1.0,55TRD1,TRD,ALPNC,124,190,20,2022-04-08,2022-04-08,2022-04-08,,,,H,EG04,PG03,,Operations
101857,2022-04-08,2022-04-08,A,RPT,P,0.59,41SAL1,SALES,WSTMF,104,110,100,2022-04-08,2022-04-08,2022-04-08,,,,H,EG08,PG03,102499.0,Operations
101857,2023-12-10,2023-12-10,T,RPT,P,0.59,41SAL1,SALES,WSTMF,104,110,100,2022-04-08,2022-04-08,2022-04-08,2023-12-10,100,V,H,EG08,PG03,102499.0,Operations
101858,2022-04-08,2022-04-08,A,RPT,P,0.58,77ANL1,ANLYT,NRTHP,120,30,60,2022-04-08,2022-04-08,2022-04-08,,,,H,EG04,PG05,101432.0,Operations
101858,2025-01-07,2025-01-07,A,RPT,P,0.58,78ANL2,ANLYT,NRTHP,120,30,60,2022-04-08,2022-04-08,2025-01-07,,,,H,EG04,PG05,101432.0,Operations
101859,2022-04-11,2022-04-11,A,RFT,F,1.0,90PRO3,PROJ,NRTHP,122,80,40,2022-04-11,2022-04-11,2022-04-11,,,,S,EG04,PG05,,Operations
101859,2022-05-22,2022-05-22,T,RFT,F,1.0,90PRO3,PROJ,NRTHP,122,80,40,2022-04-11,2022-04-11,2022-04-11,2022-05-22,103,V,S,EG04,PG05,,Operations
101860,2022-04-11,2022-04-11,A,RFT,F,1.0,58TRD4,TRD,PRMRE,100,50,50,2022-04-11,2022-04-11,2022-04-11,,,,S,EG05,PG02,,Operations
101860,2023-04-02,2023-04-02,T,RFT,F,1.0,58TRD4,TRD,PRMRE,100,50,50,2022-04-11,2022-04-11,2022-04-11,2023-04-02,205,I,S,EG05,PG02,,Operations
101861,2022-04-11,2022-04-11,A,RFT,F,1.0,41SAL1,SALES,WSTMF,105,130,100,2022-04-11,2022-04-11,2022-04-11,,,,H,EG08,PG03,102465.0,Operations
101861,2025-11-07,2025-11-07,A,RFT,F,1.0,42SAL2,SALES,WSTMF,105,130,100,2022-04-11,2022-04-11,2025-11-07,,,,H,EG10,PG03,102465.0,Operations
101862,2022-04-12,2022-04-12,A,RFT,F,1.0,18ENG1,ENGR,NRTHP,109,230,80,2022-04-12,2022-04-12,2022-04-12,,,,S,EG08,PG05,,Operations
101862,2024-12-12,2024-12-12,T,RFT,F,1.0,18ENG1,ENGR,NRTHP,109,230,80,2022-04-12,2022-04-12,2022-04-12,2024-12-12,100,V,S,EG08,PG05,,Operations
101863,2022-04-12,2022-04-12,A,RFT,F,1.0,59TRD5,TRD,ALPNC,116,60,40,2022-04-12,2022-04-12,2022-04-12,,,,S,EG10,PG03,,Operations
101863,2022-10-02,2022-10-02,A,RFT,F,1.0,81ANL5,ANLYT,ALPNC,116,60,40,2022-04-12,2022-04-12,2022-10-02,,,,S,EG01,PG03,,Operations
101863,2023-02-20,2023-02-20,A,RFT,F,1.0,82ANL6,ANLYT,ALPNC,116,60,40,2022-04-12,2022-04-12,2023-02-20,,,,S,EG10,PG03,,Operations
101863,2023-08-30,2023-08-30,T,RFT,F,1.0,82ANL6,ANLYT,ALPNC,116,60,40,2022-04-12,2022-04-12,2023-02-20,2023-08-30,202,V,S,EG10,PG03,,Operations
101864,2022-04-12,2022-04-12,A,RPT,P,0.62,41SAL1,SALES,WSTMF,102,240,90,2022-04-12,2022-04-12,2022-04-12,,,,H,EG08,PG03,101786.0,Operations
101864,2023-09-25,2023-09-25,A,RPT,P,0.62,55TRD1,TRD,WSTMF,102,240,90,2022-04-12,2022-04-12,2023-09-25,,,,H,EG04,PG03,101786.0,Operations
101865,2022-04-12,2022-04-12,A,TFT,F,1.0,72MKT3,MKTG,ALPNC,102,130,60,2022-04-12,2022-04-12,2022-04-12,,,,S,EG09,PG03,102468.0,Operations
101865,2022-08-30,2022-08-30,T,TFT,F,1.0,72MKT3,MKTG,ALPNC,102,130,60,2022-04-12,2022-04-12,2022-04-12,2022-08-30,201,I,S,EG09,PG03,102468.0,Operations
101866,2022-04-13,2022-04-13,A,RFT,F,1.0,04ADM4,ADMIN,WSTMF,108,60,90,2022-04-13,2022-04-13,2022-04-13,,,,S,EG06,PG03,,Operations
101866,2025-03-07,2025-03-07,L,RFT,F,1.0,04ADM4,ADMIN,WSTMF,108,60,90,2022-04-13,2022-04-13,2022-04-13,,,,S,EG06,PG03,,Operations
101866,2025-04-06,2025-04-06,A,RFT,F,1.0,04ADM4,ADMIN,WSTMF,108,60,90,2022-04-13,2022-04-13,2022-04-13,,,,S,EG06,PG03,,Operations
101867,2022-04-14,2022-04-14,A,RFT,F,1.0,04ADM4,ADMIN,PRMRE,116,150,20,2022-04-14,2022-04-14,2022-04-14,,,,S,EG06,PG02,,Operations
101867,2022-10-11,2022-10-11,T,RFT,F,1.0,04ADM4,ADMIN,PRMRE,116,150,20,2022-04-14,2022-04-14,2022-04-14,2022-10-11,205,I,S,EG06,PG02,,Operations
101868,2022-04-14,2022-04-14,A,RFT,F,1.0,79ANL3,ANLYT,WSTMF,108,240,10,2022-04-14,2022-04-14,2022-04-14,,,,S,EG10,PG03,100447.0,Operations
101868,2023-03-11,2023-03-11,T,RFT,F,1.0,79ANL3,ANLYT,WSTMF,108,240,10,2022-04-14,2022-04-14,2022-04-14,2023-03-11,200,I,S,EG10,PG03,100447.0,Operations
101869,2022-04-14,2022-04-14,A,RPT,P,0.47,62WHS3,WHSE,NRTHP,103,230,80,2022-04-14,2022-04-14,2022-04-14,,,,S,EG01,PG05,102481.0,Operations
101869,2023-02-05,2023-02-05,A,RPT,P,0.47,63WHS4,WHSE,NRTHP,103,230,80,2022-04-14,2022-04-14,2023-02-05,,,,S,EG10,PG05,102481.0,Operations
101869,2023-07-12,2023-07-12,T,RPT,P,0.47,63WHS4,WHSE,NRTHP,103,230,80,2022-04-14,2022-04-14,2023-02-05,2023-07-12,205,I,S,EG10,PG05,102481.0,Operations
101870,2022-04-14,2022-04-14,A,RFT,F,1.0,78ANL2,ANLYT,NRTHP,119,170,10,2022-04-14,2022-04-14,2022-04-14,,,,H,EG04,PG05,101534.0,Operations
101870,2022-12-10,2022-12-10,A,RFT,F,1.0,79ANL3,ANLYT,NRTHP,119,170,10,2022-04-14,2022-04-14,2022-12-10,,,,H,EG10,PG05,101534.0,Operations
101871,2022-04-14,2022-04-14,A,RFT,F,1.0,67TEC3,TECH,ALPNC,102,170,40,2022-04-14,2022-04-14,2022-04-14,,,,S,EG10,PG03,,Operations
101871,2022-10-14,2022-10-14,A,RFT,F,1.0,68TEC4,TECH,ALPNC,102,170,40,2022-04-14,2022-04-14,2022-10-14,,,,S,EG06,PG03,,Operations
101871,2023-01-05,2023-01-05,L,RFT,F,1.0,68TEC4,TECH,ALPNC,102,170,40,2022-04-14,2022-04-14,2022-10-14,,,,S,EG06,PG03,,Operations
101871,2023-05-22,2023-05-22,A,RFT,F,1.0,68TEC4,TECH,ALPNC,102,170,40,2022-04-14,2022-04-14,2022-10-14,,,,S,EG06,PG03,,Operations
101871,2024-03-28,2024-03-28,A,RFT,F,1.0,37IT4,IT,ALPNC,102,170,40,2022-04-14,2022-04-14,2024-03-28,,,,S,EG04,PG03,,Operations
101872,2022-04-15,2022-04-15,A,RPT,P,0.5,66TEC2,TECH,NRTHP,119,210,90,2022-04-15,2022-04-15,2022-04-15,,,,S,EG04,PG05,,Operations
101872,2025-12-17,2025-12-17,L,RPT,P,0.5,66TEC2,TECH,NRTHP,119,210,90,2022-04-15,2022-04-15,2022-04-15,,,,S,EG04,PG05,,Operations
101873,2022-04-15,2022-04-15,A,RFT,F,1.0,18ENG1,ENGR,WSTMF,110,130,10,2022-04-15,2022-04-15,2022-04-15,,,,H,EG08,PG03,,Operations
101873,2024-04-25,2024-04-25,L,RFT,F,1.0,18ENG1,ENGR,WSTMF,110,130,10,2022-04-15,2022-04-15,2022-04-15,,,,H,EG08,PG03,,Operations
101873,2024-08-25,2024-08-25,A,RFT,F,1.0,18ENG1,ENGR,WSTMF,110,130,10,2022-04-15,2022-04-15,2022-04-15,,,,H,EG08,PG03,,Operations
101874,2022-04-18,2022-04-18,A,RFT,F,1.0,77ANL1,ANLYT,NRTHP,117,30,50,2022-04-18,2022-04-18,2022-04-18,,,,H,EG04,PG05,102438.0,Operations
101874,2023-03-07,2023-03-07,A,RFT,F,1.0,78ANL2,ANLYT,NRTHP,117,30,50,2022-04-18,2022-04-18,2023-03-07,,,,H,EG04,PG05,102438.0,Operations
101875,2022-04-18,2022-04-18,A,RFT,F,1.0,61WHS2,WHSE,WSTMF,122,70,70,2022-04-18,2022-04-18,2022-04-18,,,,H,EG01,PG03,101370.0,Operations
101875,2022-10-02,2022-10-02,A,RFT,F,1.0,62WHS3,WHSE,WSTMF,122,70,70,2022-04-18,2022-04-18,2022-10-02,,,,H,EG01,PG03,101370.0,Operations
101875,2023-02-25,2023-02-25,T,RFT,F,1.0,62WHS3,WHSE,WSTMF,122,70,70,2022-04-18,2022-04-18,2022-10-02,2023-02-25,201,I,H,EG01,PG03,101370.0,Operations
101876,2022-04-18,2022-04-18,A,TAW,F,1.0,62WHS3,WHSE,ALPNC,115,90,50,2022-04-18,2022-04-18,2022-04-18,,,,S,EG01,PG03,102088.0,Operations
101876,2025-04-19,2025-04-19,T,TAW,F,1.0,62WHS3,WHSE,ALPNC,115,90,50,2022-04-18,2022-04-18,2022-04-18,2025-04-19,201,I,S,EG01,PG03,102088.0,Operations
101877,2022-04-19,2022-04-19,A,RFT,F,1.0,06ACC1,ACCTG,PRMRE,115,200,80,2022-04-19,2022-04-19,2022-04-19,,,,S,EG09,PG02,102397.0,Operations
101877,2024-03-02,2024-03-02,A,RFT,F,1.0,07ACC2,ACCTG,PRMRE,115,200,80,2022-04-19,2022-04-19,2024-03-02,,,,S,EG03,PG02,102397.0,Operations
101878,2022-04-20,2022-04-20,A,RPT,P,0.47,42SAL2,SALES,PRMRE,105,80,80,2022-04-20,2022-04-20,2022-04-20,,,,S,EG10,PG02,101419.0,Operations
101879,2022-04-22,2022-04-22,A,RFT,F,1.0,26HR2,HR,NRTHP,121,200,20,2022-04-22,2022-04-22,2022-04-22,,,,S,EG03,PG05,102280.0,Operations
101879,2023-03-21,2023-03-21,A,RFT,F,1.0,27HR3,HR,NRTHP,121,200,20,2022-04-22,2022-04-22,2023-03-21,,,,S,EG02,PG05,102280.0,Operations
101879,2023-09-17,2023-09-17,T,RFT,F,1.0,27HR3,HR,NRTHP,121,200,20,2022-04-22,2022-04-22,2023-03-21,2023-09-17,206,I,S,EG02,PG05,102280.0,Operations
101880,2022-04-22,2022-04-22,A,RFT,F,1.0,67TEC3,TECH,WSTMF,122,40,80,2022-04-22,2022-04-22,2022-04-22,,,,S,EG10,PG03,,Operations
101880,2024-08-06,2024-08-06,A,RFT,F,1.0,03ADM3,ADMIN,WSTMF,122,40,80,2022-04-22,2022-04-22,2024-08-06,,,,S,EG07,PG03,,Operations
101881,2022-04-22,2022-04-22,A,RFT,F,1.0,69TEC5,TECH,PRMRE,115,190,90,2022-04-22,2022-04-22,2022-04-22,,,,S,EG02,PG02,,Operations
101881,2022-11-29,2022-11-29,T,RFT,F,1.0,69TEC5,TECH,PRMRE,115,190,90,2022-04-22,2022-04-22,2022-04-22,2022-11-29,101,V,S,EG02,PG02,,Operations
101882,2022-04-22,2022-04-22,A,RFT,F,1.0,65TEC1,TECH,NRTHP,117,160,60,2022-04-22,2022-04-22,2022-04-22,,,,H,EG08,PG05,,Operations
101883,2022-04-22,2022-04-22,A,RFT,F,1.0,69TEC5,TECH,WSTMF,105,200,20,2022-04-22,2022-04-22,2022-04-22,,,,S,EG02,PG03,,Operations
101883,2024-06-13,2024-06-13,A,RFT,F,1.0,39IT6,IT,WSTMF,105,200,20,2022-04-22,2022-04-22,2024-06-13,,,,S,EG03,PG03,,Operations
101883,2025-06-21,2025-06-21,T,RFT,F,1.0,39IT6,IT,WSTMF,105,200,20,2022-04-22,2022-04-22,2024-06-13,2025-06-21,100,V,S,EG03,PG03,,Operations
101884,2022-04-22,2022-04-22,A,RFT,F,1.0,67TEC3,TECH,WSTMF,118,100,110,2022-04-22,2022-04-22,2022-04-22,,,,S,EG10,PG03,,Operations
101884,2022-07-03,2022-07-03,T,RFT,F,1.0,67TEC3,TECH,WSTMF,118,100,110,2022-04-22,2022-04-22,2022-04-22,2022-07-03,200,I,S,EG10,PG03,,Operations
101885,2022-04-22,2022-04-22,A,RPT,P,0.6,90PRO3,PROJ,ALPNC,124,110,30,2022-04-22,2022-04-22,2022-04-22,,,,S,EG04,PG03,102338.0,Operations
101886,2022-04-22,2022-04-22,A,RFT,F,1.0,48OPS1,OPS,PRMRE,115,50,40,2022-04-22,2022-04-22,2022-04-22,,,,H,EG03,PG02,100721.0,Operations
101886,2022-11-06,2022-11-06,T,RFT,F,1.0,48OPS1,OPS,PRMRE,115,50,40,2022-04-22,2022-04-22,2022-04-22,2022-11-06,202,V,H,EG03,PG02,100721.0,Operations
101887,2022-04-25,2022-04-25,A,RFT,F,1.0,79ANL3,ANLYT,WSTMF,108,240,120,2022-04-25,2022-04-25,2022-04-25,,,,S,EG10,PG03,100447.0,Operations
101887,2023-10-11,2023-10-11,A,RFT,F,1.0,80ANL4,ANLYT,WSTMF,108,240,120,2022-04-25,2022-04-25,2023-10-11,,,,S,EG05,PG03,100447.0,Operations
101887,2025-10-15,2025-10-15,T,RFT,F,1.0,80ANL4,ANLYT,WSTMF,108,240,120,2022-04-25,2022-04-25,2023-10-11,2025-10-15,205,I,S,EG05,PG03,100447.0,Operations
101888,2022-04-26,2022-04-26,A,RFT,F,1.0,35IT3,IT,PRMRE,105,40,40,2022-04-26,2022-04-26,2022-04-26,,,,S,EG08,PG02,,Operations
101888,2022-05-06,2022-05-06,A,RFT,F,1.0,37IT4,IT,PRMRE,105,40,40,2022-04-26,2022-04-26,2022-05-06,,,,S,EG04,PG02,,Operations
101888,2022-06-21,2022-06-21,A,RFT,F,1.0,38IT5,IT,PRMRE,105,40,40,2022-04-26,2022-04-26,2022-06-21,,,,S,EG02,PG02,,Operations
101889,2022-04-27,2022-04-27,A,RPT,P,0.63,13CSR1,CSR,PRMRE,115,190,30,2022-04-27,2022-04-27,2022-04-27,,,,H,EG01,PG02,100276.0,Operations
101889,2025-12-27,2025-12-27,A,RPT,P,0.63,14CSR2,CSR,PRMRE,115,190,30,2022-04-27,2022-04-27,2025-12-27,,,,H,EG06,PG02,100276.0,Operations
101890,2022-04-28,2022-04-28,A,TAW,F,1.0,05ACC1,ACCTG,WSTMF,113,200,30,2022-04-28,2022-04-28,2022-04-28,,,,S,EG05,PG03,101114.0,Operations
101890,2024-08-24,2024-08-24,A,TAW,F,1.0,65TEC1,TECH,WSTMF,113,200,30,2022-04-28,2022-04-28,2024-08-24,,,,S,EG08,PG03,101114.0,Operations
101891,2022-04-28,2022-04-28,A,RFT,F,1.0,18ENG1,ENGR,NRTHP,123,180,80,2022-04-28,2022-04-28,2022-04-28,,,,H,EG08,PG05,,Operations
101892,2022-04-29,2022-04-29,A,RFT,F,1.0,08ACC3,ACCTG,NRTHP,102,120,110,2022-04-29,2022-04-29,2022-04-29,,,,S,EG01,PG05,100740.0,Operations
101892,2023-11-26,2023-11-26,A,RFT,F,1.0,09ACC4,ACCTG,NRTHP,102,120,110,2022-04-29,2022-04-29,2023-11-26,,,,S,EG05,PG05,100740.0,Operations
101892,2024-06-19,2024-06-19,A,RFT,F,1.0,10ACC5,ACCTG,NRTHP,102,120,110,2022-04-29,2022-04-29,2024-06-19,,,,S,EG09,PG05,100740.0,Operations
101893,2022-04-29,2022-04-29,A,RFT,F,1.0,13CSR1,CSR,PRMRE,121,230,110,2022-04-29,2022-04-29,2022-04-29,,,,S,EG01,PG02,102034.0,Operations
101893,2023-09-22,2023-09-22,A,RFT,F,1.0,14CSR2,CSR,PRMRE,121,230,110,2022-04-29,2022-04-29,2023-09-22,,,,S,EG06,PG02,102034.0,Operations
101893,2025-12-06,2025-12-06,A,RFT,F,1.0,15CSR3,CSR,PRMRE,121,230,110,2022-04-29,2022-04-29,2025-12-06,,,,S,EG10,PG02,102034.0,Operations
101894,2022-04-29,2022-04-29,A,RPT,P,0.54,83SUP4,SUPV,PRMRE,123,200,90,2022-04-29,2022-04-29,2022-04-29,,,,S,EG01,PG02,101298.0,Operations
101894,2023-01-17,2023-01-17,L,RPT,P,0.54,83SUP4,SUPV,PRMRE,123,200,90,2022-04-29,2022-04-29,2022-04-29,,,,S,EG01,PG02,101298.0,Operations
101894,2023-04-29,2023-04-29,A,RPT,P,0.54,83SUP4,SUPV,PRMRE,123,200,90,2022-04-29,2022-04-29,2022-04-29,,,,S,EG01,PG02,101298.0,Operations
101895,2022-05-04,2022-05-04,A,RFT,F,1.0,03ADM3,ADMIN,PRMRE,102,190,20,2022-05-04,2022-05-04,2022-05-04,,,,S,EG07,PG02,,Operations
101896,2022-05-04,2022-05-04,A,RPT,P,0.51,95LEG3,LEGAL,PRMRE,100,50,20,2022-05-04,2022-05-04,2022-05-04,,,,S,EG05,PG02,101996.0,Operations
101896,2024-10-20,2024-10-20,T,RPT,P,0.51,95LEG3,LEGAL,PRMRE,100,50,20,2022-05-04,2022-05-04,2022-05-04,2024-10-20,205,I,S,EG05,PG02,101996.0,Operations
101897,2022-05-05,2022-05-05,A,RPT,P,0.59,89PRO2,PROJ,NRTHP,101,160,20,2022-05-05,2022-05-05,2022-05-05,,,,H,EG06,PG05,,Operations
101897,2023-12-16,2023-12-16,A,RPT,P,0.59,90PRO3,PROJ,NRTHP,101,160,20,2022-05-05,2022-05-05,2023-12-16,,,,H,EG04,PG05,,Operations
101897,2025-01-03,2025-01-03,A,RPT,P,0.59,91PRO4,PROJ,NRTHP,101,160,20,2022-05-05,2022-05-05,2025-01-03,,,,H,EG02,PG05,,Operations
101898,2022-05-06,2022-05-06,A,RFT,F,1.0,17CSR5,CSR,WSTMF,124,230,10,2022-05-06,2022-05-06,2022-05-06,,,,S,EG07,PG03,,Operations
101898,2022-11-11,2022-11-11,T,RFT,F,1.0,17CSR5,CSR,WSTMF,124,230,10,2022-05-06,2022-05-06,2022-05-06,2022-11-11,102,V,S,EG07,PG03,,Operations
101899,2022-05-06,2022-05-06,A,CON,F,1.0,58TRD4,TRD,NRTHP,116,180,40,2022-05-06,2022-05-06,2022-05-06,,,,S,EG05,PG05,,Operations
101899,2024-12-16,2024-12-16,L,CON,F,1.0,58TRD4,TRD,NRTHP,116,180,40,2022-05-06,2022-05-06,2022-05-06,,,,S,EG05,PG05,,Operations
101899,2025-01-11,2025-01-11,A,CON,F,1.0,58TRD4,TRD,NRTHP,116,180,40,2022-05-06,2022-05-06,2022-05-06,,,,S,EG05,PG05,,Operations
101900,2022-05-06,2022-05-06,A,CON,F,1.0,71MKT2,MKTG,ALPNC,114,70,120,2022-05-06,2022-05-06,2022-05-06,,,,H,EG10,PG03,,Operations
101900,2024-02-13,2024-02-13,T,CON,F,1.0,71MKT2,MKTG,ALPNC,114,70,120,2022-05-06,2022-05-06,2022-05-06,2024-02-13,100,V,H,EG10,PG03,,Operations
101901,2022-05-06,2022-05-06,A,RFT,F,1.0,36IT3,IT,WSTMF,124,90,70,2022-05-06,2022-05-06,2022-05-06,,,,S,EG07,PG03,100652.0,Operations
101901,2023-06-18,2023-06-18,A,RFT,F,1.0,72MKT3,MKTG,WSTMF,124,90,70,2022-05-06,2022-05-06,2023-06-18,,,,S,EG09,PG03,100652.0,Operations
101902,2022-05-06,2022-05-06,A,CON,F,1.0,28HR4,HR,NRTHP,100,110,10,2022-05-06,2022-05-06,2022-05-06,,,,S,EG08,PG05,101160.0,Operations
101902,2024-12-07,2024-12-07,T,CON,F,1.0,28HR4,HR,NRTHP,100,110,10,2022-05-06,2022-05-06,2022-05-06,2024-12-07,200,I,S,EG08,PG05,101160.0,Operations
101903,2022-05-09,2022-05-09,A,RFT,F,1.0,27HR3,HR,WSTMF,118,60,70,2022-05-09,2022-05-09,2022-05-09,,,,S,EG02,PG03,102844.0,Operations
101903,2022-08-01,2022-08-01,T,RFT,F,1.0,27HR3,HR,WSTMF,118,60,70,2022-05-09,2022-05-09,2022-05-09,2022-08-01,100,V,S,EG02,PG03,102844.0,Operations
101904,2022-05-09,2022-05-09,A,TFT,F,1.0,57TRD3,TRD,ALPNC,100,120,110,2022-05-09,2022-05-09,2022-05-09,,,,S,EG02,PG03,102980.0,Operations
101904,2024-09-16,2024-09-16,A,TFT,F,1.0,43SAL3,SALES,ALPNC,100,120,110,2022-05-09,2022-05-09,2024-09-16,,,,S,EG10,PG03,102980.0,Operations
101905,2022-05-09,2022-05-09,A,RPT,P,0.63,05ACC1,ACCTG,WSTMF,100,250,110,2022-05-09,2022-05-09,2022-05-09,,,,H,EG05,PG03,102201.0,Operations
101906,2022-05-10,2022-05-10,A,RFT,F,1.0,14CSR2,CSR,WSTMF,107,210,80,2022-05-10,2022-05-10,2022-05-10,,,,S,EG06,PG03,,Operations
101906,2023-10-22,2023-10-22,T,RFT,F,1.0,14CSR2,CSR,WSTMF,107,210,80,2022-05-10,2022-05-10,2022-05-10,2023-10-22,100,V,S,EG06,PG03,,Operations
101907,2022-05-11,2022-05-11,A,RPT,P,0.61,32IT1,IT,PRMRE,124,40,40,2022-05-11,2022-05-11,2022-05-11,,,,H,EG03,PG02,,Operations
101907,2025-02-01,2025-02-01,T,RPT,P,0.61,32IT1,IT,PRMRE,124,40,40,2022-05-11,2022-05-11,2022-05-11,2025-02-01,205,I,H,EG03,PG02,,Operations
101908,2022-05-12,2022-05-12,A,RFT,F,1.0,14CSR2,CSR,WSTMF,113,150,20,2022-05-12,2022-05-12,2022-05-12,,,,H,EG06,PG03,,Operations
101909,2022-05-12,2022-05-12,A,RPT,F,0.75,72MKT3,MKTG,PRMRE,121,110,30,2022-05-12,2022-05-12,2022-05-12,,,,S,EG09,PG02,100624.0,Operations
101909,2023-09-29,2023-09-29,A,RPT,F,0.75,73MKT4,MKTG,PRMRE,121,110,30,2022-05-12,2022-05-12,2023-09-29,,,,S,EG01,PG02,100624.0,Operations
101910,2022-05-12,2022-05-12,A,RFT,F,1.0,15CSR3,CSR,ALPNC,102,240,60,2022-05-12,2022-05-12,2022-05-12,,,,S,EG10,PG03,101786.0,Operations
101911,2022-05-13,2022-05-13,A,RFT,F,1.0,66TEC2,TECH,NRTHP,101,200,70,2022-05-13,2022-05-13,2022-05-13,,,,S,EG04,PG05,,Operations
101911,2025-07-11,2025-07-11,A,RFT,F,1.0,26HR2,HR,NRTHP,101,200,70,2022-05-13,2022-05-13,2025-07-11,,,,S,EG03,PG05,,Operations
101912,2022-05-16,2022-05-16,A,RFT,F,1.0,18ENG1,ENGR,WSTMF,105,160,50,2022-05-16,2022-05-16,2022-05-16,,,,H,EG08,PG03,102319.0,Operations
101912,2024-04-13,2024-04-13,T,RFT,F,1.0,18ENG1,ENGR,WSTMF,105,160,50,2022-05-16,2022-05-16,2022-05-16,2024-04-13,101,V,H,EG08,PG03,102319.0,Operations
101913,2022-05-17,2022-05-17,A,CON,F,1.0,08ACC3,ACCTG,PRMRE,116,190,100,2022-05-17,2022-05-17,2022-05-17,,,,S,EG01,PG02,102863.0,Operations
101914,2022-05-18,2022-05-18,A,RFT,F,1.0,08ACC3,ACCTG,PRMRE,105,30,90,2022-05-18,2022-05-18,2022-05-18,,,,S,EG01,PG02,,Operations
101914,2024-07-14,2024-07-14,A,RFT,F,1.0,09ACC4,ACCTG,PRMRE,105,30,90,2022-05-18,2022-05-18,2024-07-14,,,,S,EG05,PG02,,Operations
101915,2022-05-18,2022-05-18,A,RFT,F,1.0,62WHS3,WHSE,NRTHP,120,160,50,2022-05-18,2022-05-18,2022-05-18,,,,S,EG01,PG05,100346.0,Operations
101915,2023-08-02,2023-08-02,T,RFT,F,1.0,62WHS3,WHSE,NRTHP,120,160,50,2022-05-18,2022-05-18,2022-05-18,2023-08-02,100,V,S,EG01,PG05,100346.0,Operations
101916,2022-05-18,2022-05-18,A,RFT,F,1.0,13CSR1,CSR,WSTMF,105,140,40,2022-05-18,2022-05-18,2022-05-18,,,,H,EG01,PG03,101279.0,Operations
101916,2023-09-09,2023-09-09,A,RFT,F,1.0,14CSR2,CSR,WSTMF,105,140,40,2022-05-18,2022-05-18,2023-09-09,,,,H,EG06,PG03,101279.0,Operations
101916,2025-03-03,2025-03-03,A,RFT,F,1.0,94LEG2,LEGAL,WSTMF,105,140,40,2022-05-18,2022-05-18,2025-03-03,,,,H,EG02,PG03,101279.0,Operations
101916,2025-03-11,2025-03-11,T,RFT,F,1.0,94LEG2,LEGAL,WSTMF,105,140,40,2022-05-18,2022-05-18,2025-03-03,2025-03-11,202,V,H,EG02,PG03,101279.0,Operations
101917,2022-05-19,2022-05-19,A,RFT,F,1.0,01ADM1,ADMIN,ALPNC,104,10,80,2022-05-19,2022-05-19,2022-05-19,,,,S,EG05,PG03,,Operations
101917,2023-10-30,2023-10-30,A,RFT,F,1.0,02ADM2,ADMIN,ALPNC,104,10,80,2022-05-19,2022-05-19,2023-10-30,,,,S,EG04,PG03,,Operations
101918,2022-05-19,2022-05-19,A,RFT,F,1.0,15CSR3,CSR,PRMRE,117,100,120,2022-05-19,2022-05-19,2022-05-19,,,,S,EG10,PG02,101032.0,Operations
101918,2022-09-07,2022-09-07,A,RFT,F,1.0,16CSR4,CSR,PRMRE,117,100,120,2022-05-19,2022-05-19,2022-09-07,,,,S,EG10,PG02,101032.0,Operations
101918,2023-11-19,2023-11-19,A,RFT,F,1.0,17CSR5,CSR,PRMRE,117,100,120,2022-05-19,2022-05-19,2023-11-19,,,,S,EG07,PG02,101032.0,Operations
101918,2024-11-12,2024-11-12,T,RFT,F,1.0,17CSR5,CSR,PRMRE,117,100,120,2022-05-19,2022-05-19,2023-11-19,2024-11-12,202,V,S,EG07,PG02,101032.0,Operations
101919,2022-05-20,2022-05-20,A,RFT,F,1.0,42SAL2,SALES,NRTHP,118,140,120,2022-05-20,2022-05-20,2022-05-20,,,,H,EG10,PG05,101731.0,Operations
101919,2023-03-16,2023-03-16,T,RFT,F,1.0,42SAL2,SALES,NRTHP,118,140,120,2022-05-20,2022-05-20,2022-05-20,2023-03-16,207,I,H,EG10,PG05,101731.0,Operations
101920,2022-05-20,2022-05-20,A,RPT,P,0.44,34IT2,IT,PRMRE,102,20,120,2022-05-20,2022-05-20,2022-05-20,,,,H,EG08,PG02,102972.0,Operations
101920,2022-11-21,2022-11-21,A,RPT,P,0.44,35IT3,IT,PRMRE,102,20,120,2022-05-20,2022-05-20,2022-11-21,,,,H,EG08,PG02,102972.0,Operations
101921,2022-05-20,2022-05-20,A,CON,F,1.0,41SAL1,SALES,NRTHP,117,100,120,2022-05-20,2022-05-20,2022-05-20,,,,H,EG08,PG05,101032.0,Operations
101921,2022-07-21,2022-07-21,A,CON,F,1.0,42SAL2,SALES,NRTHP,117,100,120,2022-05-20,2022-05-20,2022-07-21,,,,H,EG10,PG05,101032.0,Operations
101922,2022-05-20,2022-05-20,A,CON,F,1.0,36IT3,IT,NRTHP,118,180,10,2022-05-20,2022-05-20,2022-05-20,,,,S,EG07,PG05,,Operations
101923,2022-05-20,2022-05-20,A,RFT,F,1.0,14CSR2,CSR,WSTMF,118,170,60,2022-05-20,2022-05-20,2022-05-20,,,,S,EG06,PG03,,Operations
101923,2024-03-19,2024-03-19,T,RFT,F,1.0,14CSR2,CSR,WSTMF,118,170,60,2022-05-20,2022-05-20,2022-05-20,2024-03-19,101,V,S,EG06,PG03,,Operations
101924,2022-05-20,2022-05-20,A,RFT,F,1.0,55TRD1,TRD,WSTMF,106,90,70,2022-05-20,2022-05-20,2022-05-20,,,,S,EG04,PG03,101941.0,Operations
101924,2022-08-03,2022-08-03,T,RFT,F,1.0,55TRD1,TRD,WSTMF,106,90,70,2022-05-20,2022-05-20,2022-05-20,2022-08-03,101,V,S,EG04,PG03,101941.0,Operations
101925,2022-05-20,2022-05-20,A,RFT,F,1.0,95LEG3,LEGAL,WSTMF,102,50,70,2022-05-20,2022-05-20,2022-05-20,,,,S,EG05,PG03,102746.0,Operations
101925,2025-11-15,2025-11-15,T,RFT,F,1.0,95LEG3,LEGAL,WSTMF,102,50,70,2022-05-20,2022-05-20,2022-05-20,2025-11-15,101,V,S,EG05,PG03,102746.0,Operations
101926,2022-05-23,2022-05-23,A,RPT,F,0.8,48OPS1,OPS,WSTMF,113,130,110,2022-05-23,2022-05-23,2022-05-23,,,,H,EG03,PG03,102623.0,Operations
101926,2022-11-23,2022-11-23,T,RPT,F,0.8,48OPS1,OPS,WSTMF,113,130,110,2022-05-23,2022-05-23,2022-05-23,2022-11-23,101,V,H,EG03,PG03,102623.0,Operations
101927,2022-05-23,2022-05-23,A,RFT,F,1.0,78ANL2,ANLYT,ALPNC,116,110,70,2022-05-23,2022-05-23,2022-05-23,,,,H,EG04,PG03,,Operations
101928,2022-05-25,2022-05-25,A,RPT,P,0.57,35IT3,IT,NRTHP,117,50,90,2022-05-25,2022-05-25,2022-05-25,,,,S,EG08,PG05,,Operations
101928,2023-02-25,2023-02-25,T,RPT,P,0.57,35IT3,IT,NRTHP,117,50,90,2022-05-25,2022-05-25,2022-05-25,2023-02-25,102,V,S,EG08,PG05,,Operations
101929,2022-05-25,2022-05-25,A,RFT,F,1.0,13CSR1,CSR,PRMRE,105,30,50,2022-05-25,2022-05-25,2022-05-25,,,,H,EG01,PG02,101914.0,Operations
101929,2023-12-30,2023-12-30,A,RFT,F,1.0,01ADM1,ADMIN,PRMRE,105,30,50,2022-05-25,2022-05-25,2023-12-30,,,,H,EG05,PG02,101914.0,Operations
101929,2024-02-25,2024-02-25,T,RFT,F,1.0,01ADM1,ADMIN,PRMRE,105,30,50,2022-05-25,2022-05-25,2023-12-30,2024-02-25,200,I,H,EG05,PG02,101914.0,Operations
101930,2022-05-25,2022-05-25,A,RFT,F,1.0,36IT3,IT,NRTHP,109,20,10,2022-05-25,2022-05-25,2022-05-25,,,,S,EG07,PG05,,Operations
101931,2022-05-26,2022-05-26,A,RPT,P,0.64,07ACC2,ACCTG,NRTHP,104,60,80,2022-05-26,2022-05-26,2022-05-26,,,,S,EG03,PG05,101066.0,Operations
101932,2022-05-27,2022-05-27,A,RFT,F,1.0,05ACC1,ACCTG,PRMRE,105,10,50,2022-05-27,2022-05-27,2022-05-27,,,,H,EG05,PG02,101036.0,Operations
101933,2022-05-27,2022-05-27,A,RFT,F,1.0,60WHS1,WHSE,ALPNC,121,80,10,2022-05-27,2022-05-27,2022-05-27,,,,H,EG06,PG03,,Operations
101933,2023-05-29,2023-05-29,T,RFT,F,1.0,60WHS1,WHSE,ALPNC,121,80,10,2022-05-27,2022-05-27,2022-05-27,2023-05-29,101,V,H,EG06,PG03,,Operations
101934,2022-05-27,2022-05-27,A,CON,F,1.0,05ACC1,ACCTG,NRTHP,121,160,70,2022-05-27,2022-05-27,2022-05-27,,,,S,EG05,PG05,101494.0,Operations
101934,2023-10-24,2023-10-24,T,CON,F,1.0,05ACC1,ACCTG,NRTHP,121,160,70,2022-05-27,2022-05-27,2022-05-27,2023-10-24,100,V,S,EG05,PG05,101494.0,Operations
101935,2022-05-27,2022-05-27,A,RFT,F,1.0,13CSR1,CSR,NRTHP,100,230,30,2022-05-27,2022-05-27,2022-05-27,,,,H,EG01,PG05,102585.0,Operations
101936,2022-05-27,2022-05-27,A,RFT,F,1.0,42SAL2,SALES,PRMRE,102,10,50,2022-05-27,2022-05-27,2022-05-27,,,,S,EG10,PG02,102485.0,Operations
101936,2024-01-07,2024-01-07,T,RFT,F,1.0,42SAL2,SALES,PRMRE,102,10,50,2022-05-27,2022-05-27,2022-05-27,2024-01-07,201,I,S,EG10,PG02,102485.0,Operations
101937,2022-06-01,2022-06-01,A,RFT,F,1.0,55TRD1,TRD,NRTHP,113,130,50,2022-06-01,2022-06-01,2022-06-01,,,,H,EG04,PG05,102623.0,Operations
101938,2022-06-02,2022-06-02,A,CON,F,1.0,02ADM2,ADMIN,ALPNC,121,140,70,2022-06-02,2022-06-02,2022-06-02,,,,S,EG04,PG03,,Operations
101938,2022-10-23,2022-10-23,T,CON,F,1.0,02ADM2,ADMIN,ALPNC,121,140,70,2022-06-02,2022-06-02,2022-06-02,2022-10-23,202,V,S,EG04,PG03,,Operations
101939,2022-06-02,2022-06-02,A,RPT,P,0.47,07ACC2,ACCTG,NRTHP,103,50,50,2022-06-02,2022-06-02,2022-06-02,,,,H,EG03,PG05,,Operations
101939,2024-02-25,2024-02-25,T,RPT,P,0.47,07ACC2,ACCTG,NRTHP,103,50,50,2022-06-02,2022-06-02,2022-06-02,2024-02-25,101,V,H,EG03,PG05,,Operations
101940,2022-06-03,2022-06-03,A,RFT,F,1.0,05ACC1,ACCTG,WSTMF,115,110,80,2022-06-03,2022-06-03,2022-06-03,,,,H,EG05,PG03,102872.0,Operations
101940,2024-05-21,2024-05-21,A,RFT,F,1.0,07ACC2,ACCTG,WSTMF,115,110,80,2022-06-03,2022-06-03,2024-05-21,,,,H,EG03,PG03,102872.0,Operations
101940,2024-11-14,2024-11-14,A,RFT,F,1.0,33IT2,IT,WSTMF,115,110,80,2022-06-03,2022-06-03,2024-11-14,,,,H,EG09,PG03,102872.0,Operations
101940,2025-07-28,2025-07-28,T,RFT,F,1.0,33IT2,IT,WSTMF,115,110,80,2022-06-03,2022-06-03,2024-11-14,2025-07-28,101,V,H,EG09,PG03,102872.0,Operations
101941,2022-06-03,2022-06-03,A,RFT,F,1.0,15CSR3,CSR,WSTMF,106,90,120,2022-06-03,2022-06-03,2022-06-03,,,,S,EG10,PG03,,Operations
101941,2024-10-07,2024-10-07,A,RFT,F,1.0,90PRO3,PROJ,WSTMF,106,90,120,2022-06-03,2022-06-03,2024-10-07,,,,S,EG04,PG03,,Operations
101942,2022-06-03,2022-06-03,A,RFT,F,1.0,01ADM1,ADMIN,WSTMF,102,30,60,2022-06-03,2022-06-03,2022-06-03,,,,H,EG05,PG03,100967.0,Operations
101943,2022-06-03,2022-06-03,A,RFT,F,1.0,89PRO2,PROJ,WSTMF,111,200,70,2022-06-03,2022-06-03,2022-06-03,,,,S,EG06,PG03,101844.0,Operations
101943,2024-03-15,2024-03-15,A,RFT,F,1.0,90PRO3,PROJ,WSTMF,111,200,70,2022-06-03,2022-06-03,2024-03-15,,,,S,EG04,PG03,101844.0,Operations
101944,2022-06-03,2022-06-03,A,RFT,F,1.0,94LEG2,LEGAL,PRMRE,123,50,10,2022-06-03,2022-06-03,2022-06-03,,,,H,EG02,PG02,100075.0,Operations
101945,2022-06-03,2022-06-03,A,RFT,F,1.0,55TRD1,TRD,ALPNC,104,70,110,2022-06-03,2022-06-03,2022-06-03,,,,H,EG04,PG03,100847.0,Operations
101946,2022-06-03,2022-06-03,A,CON,F,1.0,71MKT2,MKTG,WSTMF,104,10,30,2022-06-03,2022-06-03,2022-06-03,,,,H,EG10,PG03,,Operations
101946,2022-06-08,2022-06-08,T,CON,F,1.0,71MKT2,MKTG,WSTMF,104,10,30,2022-06-03,2022-06-03,2022-06-03,2022-06-08,100,V,H,EG10,PG03,,Operations
101947,2022-06-06,2022-06-06,A,RFT,F,1.0,71MKT2,MKTG,PRMRE,123,160,110,2022-06-06,2022-06-06,2022-06-06,,,,H,EG10,PG02,100953.0,Operations
101947,2023-07-31,2023-07-31,T,RFT,F,1.0,71MKT2,MKTG,PRMRE,123,160,110,2022-06-06,2022-06-06,2022-06-06,2023-07-31,200,I,H,EG10,PG02,100953.0,Operations
101948,2022-06-06,2022-06-06,A,RFT,F,1.0,07ACC2,ACCTG,WSTMF,100,110,80,2022-06-06,2022-06-06,2022-06-06,,,,H,EG03,PG03,101160.0,Operations
101948,2023-11-13,2023-11-13,T,RFT,F,1.0,07ACC2,ACCTG,WSTMF,100,110,80,2022-06-06,2022-06-06,2022-06-06,2023-11-13,102,V,H,EG03,PG03,101160.0,Operations
101949,2022-06-07,2022-06-07,A,RFT,F,1.0,18ENG1,ENGR,NRTHP,116,160,80,2022-06-07,2022-06-07,2022-06-07,,,,H,EG08,PG05,100217.0,Operations
101949,2023-10-16,2023-10-16,T,RFT,F,1.0,18ENG1,ENGR,NRTHP,116,160,80,2022-06-07,2022-06-07,2022-06-07,2023-10-16,205,I,H,EG08,PG05,100217.0,Operations
101950,2022-06-09,2022-06-09,A,TAW,F,1.0,01ADM1,ADMIN,PRMRE,105,110,70,2022-06-09,2022-06-09,2022-06-09,,,,H,EG05,PG02,102811.0,Operations
101950,2023-10-04,2023-10-04,A,TAW,F,1.0,02ADM2,ADMIN,PRMRE,105,110,70,2022-06-09,2022-06-09,2023-10-04,,,,H,EG04,PG02,102811.0,Operations
101951,2022-06-09,2022-06-09,A,RFT,F,1.0,95LEG3,LEGAL,NRTHP,113,220,20,2022-06-09,2022-06-09,2022-06-09,,,,S,EG05,PG05,102968.0,Operations
101951,2022-08-09,2022-08-09,T,RFT,F,1.0,95LEG3,LEGAL,NRTHP,113,220,20,2022-06-09,2022-06-09,2022-06-09,2022-08-09,100,V,S,EG05,PG05,102968.0,Operations
101952,2022-06-10,2022-06-10,A,RFT,F,1.0,03ADM3,ADMIN,WSTMF,104,230,80,2022-06-10,2022-06-10,2022-06-10,,,,S,EG07,PG03,,Operations
101953,2022-06-10,2022-06-10,A,RFT,F,1.0,25HR1,HR,ALPNC,119,230,50,2022-06-10,2022-06-10,2022-06-10,,,,H,EG10,PG03,100659.0,Operations
101953,2023-01-15,2023-01-15,T,RFT,F,1.0,25HR1,HR,ALPNC,119,230,50,2022-06-10,2022-06-10,2022-06-10,2023-01-15,102,V,H,EG10,PG03,100659.0,Operations
101954,2022-06-10,2022-06-10,A,RFT,F,1.0,71MKT2,MKTG,NRTHP,104,140,80,2022-06-10,2022-06-10,2022-06-10,,,,H,EG10,PG05,,Operations
101954,2023-03-02,2023-03-02,A,RFT,F,1.0,72MKT3,MKTG,NRTHP,104,140,80,2022-06-10,2022-06-10,2023-03-02,,,,H,EG09,PG05,,Operations
101954,2024-01-29,2024-01-29,A,RFT,F,1.0,73MKT4,MKTG,NRTHP,104,140,80,2022-06-10,2022-06-10,2024-01-29,,,,H,EG01,PG05,,Operations
101955,2022-06-10,2022-06-10,A,RFT,F,1.0,60WHS1,WHSE,WSTMF,118,120,30,2022-06-10,2022-06-10,2022-06-10,,,,H,EG06,PG03,102476.0,Operations
101955,2022-07-21,2022-07-21,A,RFT,F,1.0,61WHS2,WHSE,WSTMF,118,120,30,2022-06-10,2022-06-10,2022-07-21,,,,H,EG01,PG03,102476.0,Operations
101955,2022-11-26,2022-11-26,T,RFT,F,1.0,61WHS2,WHSE,WSTMF,118,120,30,2022-06-10,2022-06-10,2022-07-21,2022-11-26,100,V,H,EG01,PG03,102476.0,Operations
101956,2022-06-13,2022-06-13,A,RFT,F,1.0,80ANL4,ANLYT,NRTHP,100,50,60,2022-06-13,2022-06-13,2022-06-13,,,,S,EG05,PG05,,Operations
101956,2024-09-29,2024-09-29,T,RFT,F,1.0,80ANL4,ANLYT,NRTHP,100,50,60,2022-06-13,2022-06-13,2022-06-13,2024-09-29,101,V,S,EG05,PG05,,Operations
101957,2022-06-13,2022-06-13,A,TAW,F,1.0,14CSR2,CSR,ALPNC,119,170,90,2022-06-13,2022-06-13,2022-06-13,,,,H,EG06,PG03,101534.0,Operations
101957,2024-01-23,2024-01-23,T,TAW,F,1.0,14CSR2,CSR,ALPNC,119,170,90,2022-06-13,2022-06-13,2022-06-13,2024-01-23,201,I,H,EG06,PG03,101534.0,Operations
101958,2022-06-14,2022-06-14,A,TFT,F,1.0,60WHS1,WHSE,NRTHP,114,20,50,2022-06-14,2022-06-14,2022-06-14,,,,H,EG06,PG05,,Operations
101958,2022-12-12,2022-12-12,T,TFT,F,1.0,60WHS1,WHSE,NRTHP,114,20,50,2022-06-14,2022-06-14,2022-06-14,2022-12-12,201,I,H,EG06,PG05,,Operations
101959,2022-06-14,2022-06-14,A,RFT,F,1.0,14CSR2,CSR,PRMRE,115,110,120,2022-06-14,2022-06-14,2022-06-14,,,,H,EG06,PG02,102872.0,Operations
101959,2023-06-16,2023-06-16,A,RFT,F,1.0,15CSR3,CSR,PRMRE,115,110,120,2022-06-14,2022-06-14,2023-06-16,,,,H,EG10,PG02,102872.0,Operations
101959,2025-07-06,2025-07-06,T,RFT,F,1.0,15CSR3,CSR,PRMRE,115,110,120,2022-06-14,2022-06-14,2023-06-16,2025-07-06,200,I,H,EG10,PG02,102872.0,Operations
101960,2022-06-14,2022-06-14,A,CON,F,1.0,05ACC1,ACCTG,WSTMF,105,30,90,2022-06-14,2022-06-14,2022-06-14,,,,H,EG05,PG03,101914.0,Operations
101961,2022-06-15,2022-06-15,A,RFT,F,1.0,18ENG1,ENGR,WSTMF,100,140,50,2022-06-15,2022-06-15,2022-06-15,,,,H,EG08,PG03,101268.0,Operations
101962,2022-06-15,2022-06-15,A,RFT,F,1.0,18ENG1,ENGR,WSTMF,111,160,30,2022-06-15,2022-06-15,2022-06-15,,,,S,EG08,PG03,100449.0,Operations
101962,2022-10-23,2022-10-23,A,RFT,F,1.0,19ENG2,ENGR,WSTMF,111,160,30,2022-06-15,2022-06-15,2022-10-23,,,,S,EG01,PG03,100449.0,Operations
101962,2023-10-29,2023-10-29,T,RFT,F,1.0,19ENG2,ENGR,WSTMF,111,160,30,2022-06-15,2022-06-15,2022-10-23,2023-10-29,200,I,S,EG01,PG03,100449.0,Operations
101963,2022-06-15,2022-06-15,A,RPT,P,0.44,35IT3,IT,PRMRE,116,90,100,2022-06-15,2022-06-15,2022-06-15,,,,S,EG08,PG02,102267.0,Operations
101963,2023-07-09,2023-07-09,T,RPT,P,0.44,35IT3,IT,PRMRE,116,90,100,2022-06-15,2022-06-15,2022-06-15,2023-07-09,102,V,S,EG08,PG02,102267.0,Operations
101964,2022-06-16,2022-06-16,A,RFT,F,1.0,01ADM1,ADMIN,PRMRE,118,170,30,2022-06-16,2022-06-16,2022-06-16,,,,H,EG05,PG02,,Operations
101965,2022-06-17,2022-06-17,A,RFT,F,1.0,01ADM1,ADMIN,NRTHP,100,30,80,2022-06-17,2022-06-17,2022-06-17,,,,H,EG05,PG05,101389.0,Operations
101966,2022-06-17,2022-06-17,A,RFT,F,1.0,60WHS1,WHSE,ALPNC,124,40,100,2022-06-17,2022-06-17,2022-06-17,,,,S,EG06,PG03,,Operations
101966,2023-04-21,2023-04-21,A,RFT,F,1.0,61WHS2,WHSE,ALPNC,124,40,100,2022-06-17,2022-06-17,2023-04-21,,,,S,EG01,PG03,,Operations
101967,2022-06-17,2022-06-17,A,RPT,F,0.79,79ANL3,ANLYT,PRMRE,122,30,50,2022-06-17,2022-06-17,2022-06-17,,,,S,EG10,PG02,,Operations
101968,2022-06-20,2022-06-20,A,RFT,F,1.0,42SAL2,SALES,ALPNC,114,180,70,2022-06-20,2022-06-20,2022-06-20,,,,S,EG10,PG03,102185.0,Operations
101968,2023-06-22,2023-06-22,T,RFT,F,1.0,42SAL2,SALES,ALPNC,114,180,70,2022-06-20,2022-06-20,2022-06-20,2023-06-22,206,I,S,EG10,PG03,102185.0,Operations
101969,2022-06-20,2022-06-20,A,RPT,P,0.64,18ENG1,ENGR,ALPNC,116,120,90,2022-06-20,2022-06-20,2022-06-20,,,,H,EG08,PG03,101531.0,Operations
101969,2024-06-20,2024-06-20,T,RPT,P,0.64,18ENG1,ENGR,ALPNC,116,120,90,2022-06-20,2022-06-20,2022-06-20,2024-06-20,101,V,H,EG08,PG03,101531.0,Operations
101970,2022-06-20,2022-06-20,A,RFT,F,1.0,26HR2,HR,ALPNC,115,70,80,2022-06-20,2022-06-20,2022-06-20,,,,H,EG03,PG03,,Operations
101970,2022-08-18,2022-08-18,T,RFT,F,1.0,26HR2,HR,ALPNC,115,70,80,2022-06-20,2022-06-20,2022-06-20,2022-08-18,100,V,H,EG03,PG03,,Operations
101971,2022-06-21,2022-06-21,A,RFT,F,1.0,92PRO5,PROJ,WSTMF,110,40,120,2022-06-21,2022-06-21,2022-06-21,,,,S,EG07,PG03,,Operations
101971,2023-10-27,2023-10-27,T,RFT,F,1.0,92PRO5,PROJ,WSTMF,110,40,120,2022-06-21,2022-06-21,2022-06-21,2023-10-27,102,V,S,EG07,PG03,,Operations
101972,2022-06-22,2022-06-22,A,RPT,P,0.62,36IT3,IT,WSTMF,118,100,60,2022-06-22,2022-06-22,2022-06-22,,,,S,EG07,PG03,,Operations
101972,2023-02-05,2023-02-05,A,RPT,P,0.62,27HR3,HR,WSTMF,118,100,60,2022-06-22,2022-06-22,2023-02-05,,,,S,EG02,PG03,,Operations
101972,2025-01-02,2025-01-02,T,RPT,P,0.62,27HR3,HR,WSTMF,118,100,60,2022-06-22,2022-06-22,2023-02-05,2025-01-02,207,I,S,EG02,PG03,,Operations
101973,2022-06-22,2022-06-22,A,RFT,F,1.0,15CSR3,CSR,WSTMF,108,180,90,2022-06-22,2022-06-22,2022-06-22,,,,S,EG10,PG03,100320.0,Operations
101973,2025-10-23,2025-10-23,A,RFT,F,1.0,08ACC3,ACCTG,WSTMF,108,180,90,2022-06-22,2022-06-22,2025-10-23,,,,S,EG01,PG03,100320.0,Operations
101974,2022-06-22,2022-06-22,A,RFT,F,1.0,89PRO2,PROJ,NRTHP,109,200,70,2022-06-22,2022-06-22,2022-06-22,,,,H,EG06,PG05,,Operations
101974,2023-02-17,2023-02-17,T,RFT,F,1.0,89PRO2,PROJ,NRTHP,109,200,70,2022-06-22,2022-06-22,2022-06-22,2023-02-17,101,V,H,EG06,PG05,,Operations
101975,2022-06-24,2022-06-24,A,TFT,F,1.0,60WHS1,WHSE,ALPNC,102,40,80,2022-06-24,2022-06-24,2022-06-24,,,,H,EG06,PG03,102262.0,Operations
101975,2022-10-30,2022-10-30,A,TFT,F,1.0,48OPS1,OPS,ALPNC,102,40,80,2022-06-24,2022-06-24,2022-10-30,,,,H,EG03,PG03,102262.0,Operations
101975,2022-11-26,2022-11-26,T,TFT,F,1.0,48OPS1,OPS,ALPNC,102,40,80,2022-06-24,2022-06-24,2022-10-30,2022-11-26,201,I,H,EG03,PG03,102262.0,Operations
101976,2022-06-24,2022-06-24,A,RFT,F,1.0,61WHS2,WHSE,WSTMF,108,190,30,2022-06-24,2022-06-24,2022-06-24,,,,S,EG01,PG03,100313.0,Operations
101976,2023-06-23,2023-06-23,T,RFT,F,1.0,61WHS2,WHSE,WSTMF,108,190,30,2022-06-24,2022-06-24,2022-06-24,2023-06-23,210,I,S,EG01,PG03,100313.0,Operations
101977,2022-06-24,2022-06-24,A,RPT,P,0.61,67TEC3,TECH,WSTMF,104,80,70,2022-06-24,2022-06-24,2022-06-24,,,,S,EG10,PG03,,Operations
101977,2022-10-22,2022-10-22,A,RPT,P,0.61,68TEC4,TECH,WSTMF,104,80,70,2022-06-24,2022-06-24,2022-10-22,,,,S,EG06,PG03,,Operations
101977,2024-02-10,2024-02-10,T,RPT,P,0.61,68TEC4,TECH,WSTMF,104,80,70,2022-06-24,2022-06-24,2022-10-22,2024-02-10,207,I,S,EG06,PG03,,Operations
101978,2022-06-24,2022-06-24,A,RFT,F,1.0,77ANL1,ANLYT,PRMRE,124,90,30,2022-06-24,2022-06-24,2022-06-24,,,,H,EG04,PG02,100652.0,Operations
101978,2026-01-30,2026-01-30,T,RFT,F,1.0,77ANL1,ANLYT,PRMRE,124,90,30,2022-06-24,2022-06-24,2022-06-24,2026-01-30,101,V,H,EG04,PG02,100652.0,Operations
101979,2022-06-24,2022-06-24,A,RFT,F,1.0,35IT3,IT,NRTHP,116,240,80,2022-06-24,2022-06-24,2022-06-24,,,,S,EG08,PG05,,Operations
101979,2023-08-05,2023-08-05,T,RFT,F,1.0,35IT3,IT,NRTHP,116,240,80,2022-06-24,2022-06-24,2022-06-24,2023-08-05,100,V,S,EG08,PG05,,Operations
101980,2022-07-01,2022-07-01,A,RFT,F,1.0,29HR5,HR,NRTHP,123,250,60,2022-07-01,2022-07-01,2022-07-01,,,,S,EG07,PG05,,Operations
101980,2022-08-12,2022-08-12,A,RFT,F,1.0,30HR6,HR,NRTHP,123,250,60,2022-07-01,2022-07-01,2022-08-12,,,,S,EG04,PG05,,Operations
101980,2023-10-03,2023-10-03,A,RFT,F,1.0,23ENG6,ENGR,NRTHP,123,250,60,2022-07-01,2022-07-01,2023-10-03,,,,S,EG07,PG05,,Operations
101980,2024-09-04,2024-09-04,A,RFT,F,1.0,46SAL6,SALES,NRTHP,123,250,60,2022-07-01,2022-07-01,2024-09-04,,,,S,EG05,PG05,,Operations
101981,2022-07-01,2022-07-01,A,RFT,F,1.0,26HR2,HR,WSTMF,124,160,50,2022-07-01,2022-07-01,2022-07-01,,,,S,EG03,PG03,100599.0,Operations
101982,2022-07-01,2022-07-01,A,RFT,F,1.0,26HR2,HR,WSTMF,118,60,10,2022-07-01,2022-07-01,2022-07-01,,,,S,EG03,PG03,102844.0,Operations
101982,2023-08-07,2023-08-07,A,RFT,F,1.0,27HR3,HR,WSTMF,118,60,10,2022-07-01,2022-07-01,2023-08-07,,,,S,EG02,PG03,102844.0,Operations
101983,2022-07-01,2022-07-01,A,RFT,F,1.0,67TEC3,TECH,NRTHP,124,200,20,2022-07-01,2022-07-01,2022-07-01,,,,S,EG10,PG05,,Operations
101984,2022-07-04,2022-07-04,A,RFT,F,1.0,20ENG3,ENGR,NRTHP,113,220,50,2022-07-04,2022-07-04,2022-07-04,,,,S,EG03,PG05,102968.0,Operations
101985,2022-07-04,2022-07-04,A,RPT,P,0.53,91PRO4,PROJ,ALPNC,112,220,70,2022-07-04,2022-07-04,2022-07-04,,,,S,EG02,PG03,,Operations
101985,2022-09-22,2022-09-22,T,RPT,P,0.53,91PRO4,PROJ,ALPNC,112,220,70,2022-07-04,2022-07-04,2022-07-04,2022-09-22,206,I,S,EG02,PG03,,Operations
101986,2022-07-04,2022-07-04,A,RFT,F,1.0,55TRD1,TRD,NRTHP,114,130,10,2022-07-04,2022-07-04,2022-07-04,,,,H,EG04,PG05,102882.0,Operations
101986,2023-11-07,2023-11-07,L,RFT,F,1.0,55TRD1,TRD,NRTHP,114,130,10,2022-07-04,2022-07-04,2022-07-04,,,,H,EG04,PG05,102882.0,Operations
101986,2024-03-12,2024-03-12,A,RFT,F,1.0,55TRD1,TRD,NRTHP,114,130,10,2022-07-04,2022-07-04,2022-07-04,,,,H,EG04,PG05,102882.0,Operations
101986,2024-09-14,2024-09-14,A,RFT,F,1.0,56TRD2,TRD,NRTHP,114,130,10,2022-07-04,2022-07-04,2024-09-14,,,,H,EG02,PG05,102882.0,Operations
101987,2022-07-05,2022-07-05,A,RFT,F,1.0,67TEC3,TECH,WSTMF,115,230,90,2022-07-05,2022-07-05,2022-07-05,,,,S,EG10,PG03,,Operations
101987,2025-03-07,2025-03-07,A,RFT,F,1.0,68TEC4,TECH,WSTMF,115,230,90,2022-07-05,2022-07-05,2025-03-07,,,,S,EG06,PG03,,Operations
101988,2022-07-07,2022-07-07,A,RFT,F,1.0,18ENG1,ENGR,ALPNC,124,30,80,2022-07-07,2022-07-07,2022-07-07,,,,S,EG08,PG03,101397.0,Operations
101988,2023-03-04,2023-03-04,T,RFT,F,1.0,18ENG1,ENGR,ALPNC,124,30,80,2022-07-07,2022-07-07,2022-07-07,2023-03-04,100,V,S,EG08,PG03,101397.0,Operations
101989,2022-07-07,2022-07-07,A,RFT,F,1.0,01ADM1,ADMIN,NRTHP,123,250,90,2022-07-07,2022-07-07,2022-07-07,,,,H,EG05,PG05,101980.0,Operations
101989,2025-03-24,2025-03-24,A,RFT,F,1.0,02ADM2,ADMIN,NRTHP,123,250,90,2022-07-07,2022-07-07,2025-03-24,,,,H,EG04,PG05,101980.0,Operations
101990,2022-07-08,2022-07-08,A,RFT,F,1.0,80ANL4,ANLYT,WSTMF,100,110,100,2022-07-08,2022-07-08,2022-07-08,,,,S,EG05,PG03,101160.0,Operations
101990,2022-10-19,2022-10-19,T,RFT,F,1.0,80ANL4,ANLYT,WSTMF,100,110,100,2022-07-08,2022-07-08,2022-07-08,2022-10-19,100,V,S,EG05,PG03,101160.0,Operations
101991,2022-07-08,2022-07-08,A,RFT,F,1.0,27HR3,HR,PRMRE,121,200,40,2022-07-08,2022-07-08,2022-07-08,,,,S,EG02,PG02,,Operations
101991,2022-11-20,2022-11-20,T,RFT,F,1.0,27HR3,HR,PRMRE,121,200,40,2022-07-08,2022-07-08,2022-07-08,2022-11-20,100,V,S,EG02,PG02,,Operations
101992,2022-07-08,2022-07-08,A,RPT,P,0.47,69TEC5,TECH,NRTHP,108,140,40,2022-07-08,2022-07-08,2022-07-08,,,,S,EG02,PG05,,Operations
101992,2023-08-15,2023-08-15,A,RPT,P,0.47,39IT6,IT,NRTHP,108,140,40,2022-07-08,2022-07-08,2023-08-15,,,,S,EG03,PG05,,Operations
101992,2024-11-23,2024-11-23,L,RPT,P,0.47,39IT6,IT,NRTHP,108,140,40,2022-07-08,2022-07-08,2023-08-15,,,,S,EG03,PG05,,Operations
101992,2025-01-20,2025-01-20,A,RPT,P,0.47,39IT6,IT,NRTHP,108,140,40,2022-07-08,2022-07-08,2023-08-15,,,,S,EG03,PG05,,Operations
101992,2025-01-10,2025-01-10,A,RPT,P,0.47,40IT7,IT,NRTHP,108,140,40,2022-07-08,2022-07-08,2025-01-10,,,,S,EG05,PG05,,Operations
101992,2025-07-22,2025-07-22,T,RPT,P,0.47,40IT7,IT,NRTHP,108,140,40,2022-07-08,2022-07-08,2025-01-10,2025-07-22,200,I,S,EG05,PG05,,Operations
101993,2022-07-08,2022-07-08,A,RFT,F,1.0,18ENG1,ENGR,ALPNC,121,80,70,2022-07-08,2022-07-08,2022-07-08,,,,S,EG08,PG03,,Operations
101993,2022-12-07,2022-12-07,T,RFT,F,1.0,18ENG1,ENGR,ALPNC,121,80,70,2022-07-08,2022-07-08,2022-07-08,2022-12-07,205,I,S,EG08,PG03,,Operations
101994,2022-07-08,2022-07-08,A,RFT,F,1.0,61WHS2,WHSE,ALPNC,124,20,100,2022-07-08,2022-07-08,2022-07-08,,,,S,EG01,PG03,,Operations
101994,2024-12-19,2024-12-19,T,RFT,F,1.0,61WHS2,WHSE,ALPNC,124,20,100,2022-07-08,2022-07-08,2022-07-08,2024-12-19,207,I,S,EG01,PG03,,Operations
101995,2022-07-08,2022-07-08,A,RFT,F,1.0,18ENG1,ENGR,PRMRE,122,120,80,2022-07-08,2022-07-08,2022-07-08,,,,H,EG08,PG02,100170.0,Operations
101996,2022-07-11,2022-07-11,A,RFT,F,1.0,16CSR4,CSR,PRMRE,100,50,10,2022-07-11,2022-07-11,2022-07-11,,,,S,EG10,PG02,,Operations
101997,2022-07-12,2022-07-12,A,RFT,F,1.0,41SAL1,SALES,PRMRE,116,140,10,2022-07-12,2022-07-12,2022-07-12,,,,H,EG08,PG02,101433.0,Operations
101997,2022-11-15,2022-11-15,T,RFT,F,1.0,41SAL1,SALES,PRMRE,116,140,10,2022-07-12,2022-07-12,2022-07-12,2022-11-15,205,I,H,EG08,PG02,101433.0,Operations
101998,2022-07-13,2022-07-13,A,RFT,F,1.0,34IT2,IT,NRTHP,111,120,90,2022-07-13,2022-07-13,2022-07-13,,,,H,EG08,PG05,101780.0,Operations
101999,2022-07-14,2022-07-14,A,RPT,P,0.45,32IT1,IT,NRTHP,119,130,120,2022-07-14,2022-07-14,2022-07-14,,,,H,EG03,PG05,,Operations
101999,2025-03-19,2025-03-19,T,RPT,P,0.45,32IT1,IT,NRTHP,119,130,120,2022-07-14,2022-07-14,2022-07-14,2025-03-19,102,V,H,EG03,PG05,,Operations
102000,2022-07-14,2022-07-14,A,RFT,F,1.0,26HR2,HR,ALPNC,112,130,70,2022-07-14,2022-07-14,2022-07-14,,,,H,EG03,PG03,,Operations
102001,2022-07-15,2022-07-15,A,RFT,F,1.0,37IT4,IT,NRTHP,112,10,100,2022-07-15,2022-07-15,2022-07-15,,,,S,EG04,PG05,,Operations
102001,2025-10-13,2025-10-13,A,RFT,F,1.0,38IT5,IT,NRTHP,112,10,100,2022-07-15,2022-07-15,2025-10-13,,,,S,EG02,PG05,,Operations
102002,2022-07-15,2022-07-15,A,RFT,F,1.0,54OPS7,OPS,NRTHP,108,10,80,2022-07-15,2022-07-15,2022-07-15,,,,S,EG02,PG05,,Operations
102002,2024-01-07,2024-01-07,T,RFT,F,1.0,54OPS7,OPS,NRTHP,108,10,80,2022-07-15,2022-07-15,2022-07-15,2024-01-07,101,V,S,EG02,PG05,,Operations
102003,2022-07-15,2022-07-15,A,RFT,F,1.0,60WHS1,WHSE,WSTMF,110,150,60,2022-07-15,2022-07-15,2022-07-15,,,,H,EG06,PG03,100466.0,Operations
102004,2022-07-15,2022-07-15,A,RFT,F,1.0,37IT4,IT,NRTHP,100,20,90,2022-07-15,2022-07-15,2022-07-15,,,,S,EG04,PG05,,Operations
102005,2022-07-19,2022-07-19,A,RFT,F,1.0,78ANL2,ANLYT,ALPNC,119,240,10,2022-07-19,2022-07-19,2022-07-19,,,,S,EG04,PG03,100179.0,Operations
102006,2022-07-20,2022-07-20,A,RFT,F,1.0,35IT3,IT,WSTMF,115,90,70,2022-07-20,2022-07-20,2022-07-20,,,,S,EG08,PG03,102088.0,Operations
102007,2022-07-22,2022-07-22,A,RFT,F,1.0,55TRD1,TRD,WSTMF,104,170,70,2022-07-22,2022-07-22,2022-07-22,,,,H,EG04,PG03,102275.0,Operations
102007,2024-03-03,2024-03-03,T,RFT,F,1.0,55TRD1,TRD,WSTMF,104,170,70,2022-07-22,2022-07-22,2022-07-22,2024-03-03,100,V,H,EG04,PG03,102275.0,Operations
102008,2022-07-22,2022-07-22,A,RFT,F,1.0,25HR1,HR,WSTMF,104,190,60,2022-07-22,2022-07-22,2022-07-22,,,,H,EG10,PG03,100361.0,Operations
102008,2022-08-18,2022-08-18,A,RFT,F,1.0,26HR2,HR,WSTMF,104,190,60,2022-07-22,2022-07-22,2022-08-18,,,,H,EG03,PG03,100361.0,Operations
102008,2023-06-21,2023-06-21,T,RFT,F,1.0,26HR2,HR,WSTMF,104,190,60,2022-07-22,2022-07-22,2022-08-18,2023-06-21,200,I,H,EG03,PG03,100361.0,Operations
102009,2022-07-22,2022-07-22,A,RFT,F,1.0,70MKT1,MKTG,PRMRE,115,180,90,2022-07-22,2022-07-22,2022-07-22,,,,H,EG04,PG02,100860.0,Operations
102010,2022-07-22,2022-07-22,A,CON,F,1.0,34IT2,IT,WSTMF,124,250,60,2022-07-22,2022-07-22,2022-07-22,,,,H,EG08,PG03,,Operations
102010,2022-10-28,2022-10-28,T,CON,F,1.0,34IT2,IT,WSTMF,124,250,60,2022-07-22,2022-07-22,2022-07-22,2022-10-28,100,V,H,EG08,PG03,,Operations
102011,2022-07-25,2022-07-25,A,RFT,F,1.0,73MKT4,MKTG,ALPNC,121,110,110,2022-07-25,2022-07-25,2022-07-25,,,,S,EG01,PG03,100624.0,Operations
102011,2023-12-26,2023-12-26,T,RFT,F,1.0,73MKT4,MKTG,ALPNC,121,110,110,2022-07-25,2022-07-25,2022-07-25,2023-12-26,103,V,S,EG01,PG03,100624.0,Operations
102012,2022-07-25,2022-07-25,A,RFT,F,1.0,14CSR2,CSR,PRMRE,105,220,20,2022-07-25,2022-07-25,2022-07-25,,,,H,EG06,PG02,,Operations
102012,2023-05-16,2023-05-16,T,RFT,F,1.0,14CSR2,CSR,PRMRE,105,220,20,2022-07-25,2022-07-25,2022-07-25,2023-05-16,100,V,H,EG06,PG02,,Operations
102013,2022-07-25,2022-07-25,A,RFT,F,1.0,42SAL2,SALES,NRTHP,122,160,20,2022-07-25,2022-07-25,2022-07-25,,,,H,EG10,PG05,100003.0,Operations
102013,2023-03-02,2023-03-02,T,RFT,F,1.0,42SAL2,SALES,NRTHP,122,160,20,2022-07-25,2022-07-25,2022-07-25,2023-03-02,207,I,H,EG10,PG05,100003.0,Operations
102014,2022-08-01,2022-08-01,A,RFT,F,1.0,56TRD2,TRD,ALPNC,100,40,50,2022-08-01,2022-08-01,2022-08-01,,,,H,EG02,PG03,102372.0,Operations
102014,2024-03-01,2024-03-01,A,RFT,F,1.0,07ACC2,ACCTG,ALPNC,100,40,50,2022-08-01,2022-08-01,2024-03-01,,,,H,EG03,PG03,102372.0,Operations
102014,2025-04-28,2025-04-28,T,RFT,F,1.0,07ACC2,ACCTG,ALPNC,100,40,50,2022-08-01,2022-08-01,2024-03-01,2025-04-28,102,V,H,EG03,PG03,102372.0,Operations
102015,2022-08-02,2022-08-02,A,RFT,F,1.0,94LEG2,LEGAL,WSTMF,108,40,100,2022-08-02,2022-08-02,2022-08-02,,,,H,EG02,PG03,102445.0,Operations
102015,2022-10-19,2022-10-19,A,RFT,F,1.0,95LEG3,LEGAL,WSTMF,108,40,100,2022-08-02,2022-08-02,2022-10-19,,,,H,EG05,PG03,102445.0,Operations
102015,2025-06-05,2025-06-05,A,RFT,F,1.0,27HR3,HR,WSTMF,108,40,100,2022-08-02,2022-08-02,2025-06-05,,,,H,EG02,PG03,102445.0,Operations
102015,2025-09-10,2025-09-10,T,RFT,F,1.0,27HR3,HR,WSTMF,108,40,100,2022-08-02,2022-08-02,2025-06-05,2025-09-10,102,V,H,EG02,PG03,102445.0,Operations
102016,2022-08-03,2022-08-03,A,RFT,F,1.0,28HR4,HR,WSTMF,113,210,80,2022-08-03,2022-08-03,2022-08-03,,,,S,EG08,PG03,,Operations
102016,2026-01-28,2026-01-28,A,RFT,F,1.0,63WHS4,WHSE,WSTMF,113,210,80,2022-08-03,2022-08-03,2026-01-28,,,,S,EG10,PG03,,Operations
102017,2022-08-03,2022-08-03,A,RFT,F,1.0,08ACC3,ACCTG,NRTHP,122,250,60,2022-08-03,2022-08-03,2022-08-03,,,,S,EG01,PG05,,Operations
102017,2023-11-04,2023-11-04,A,RFT,F,1.0,09ACC4,ACCTG,NRTHP,122,250,60,2022-08-03,2022-08-03,2023-11-04,,,,S,EG05,PG05,,Operations
102018,2022-08-05,2022-08-05,A,RPT,P,0.55,77ANL1,ANLYT,WSTMF,111,100,20,2022-08-05,2022-08-05,2022-08-05,,,,H,EG04,PG03,100663.0,Operations
102018,2025-04-25,2025-04-25,A,RPT,P,0.55,70MKT1,MKTG,WSTMF,111,100,20,2022-08-05,2022-08-05,2025-04-25,,,,H,EG04,PG03,100663.0,Operations
102019,2022-08-08,2022-08-08,A,RFT,F,1.0,95LEG3,LEGAL,PRMRE,117,220,90,2022-08-08,2022-08-08,2022-08-08,,,,S,EG05,PG02,101599.0,Operations
102019,2023-12-15,2023-12-15,T,RFT,F,1.0,95LEG3,LEGAL,PRMRE,117,220,90,2022-08-08,2022-08-08,2022-08-08,2023-12-15,200,I,S,EG05,PG02,101599.0,Operations
102020,2022-08-10,2022-08-10,A,RFT,F,1.0,06ACC1,ACCTG,NRTHP,108,140,30,2022-08-10,2022-08-10,2022-08-10,,,,H,EG09,PG05,,Operations
102020,2023-09-22,2023-09-22,T,RFT,F,1.0,06ACC1,ACCTG,NRTHP,108,140,30,2022-08-10,2022-08-10,2022-08-10,2023-09-22,200,I,H,EG09,PG05,,Operations
102021,2022-08-11,2022-08-11,A,RFT,F,1.0,26HR2,HR,ALPNC,104,140,110,2022-08-11,2022-08-11,2022-08-11,,,,H,EG03,PG03,,Operations
102021,2025-09-05,2025-09-05,L,RFT,F,1.0,26HR2,HR,ALPNC,104,140,110,2022-08-11,2022-08-11,2022-08-11,,,,H,EG03,PG03,,Operations
102022,2022-08-12,2022-08-12,A,RFT,F,1.0,21ENG4,ENGR,ALPNC,111,230,10,2022-08-12,2022-08-12,2022-08-12,,,,S,EG06,PG03,,Operations
102022,2024-04-11,2024-04-11,A,RFT,F,1.0,22ENG5,ENGR,ALPNC,111,230,10,2022-08-12,2022-08-12,2024-04-11,,,,S,EG08,PG03,,Operations
102022,2024-12-19,2024-12-19,T,RFT,F,1.0,22ENG5,ENGR,ALPNC,111,230,10,2022-08-12,2022-08-12,2024-04-11,2024-12-19,207,I,S,EG08,PG03,,Operations
102023,2022-08-12,2022-08-12,A,RFT,F,1.0,66TEC2,TECH,PRMRE,117,100,80,2022-08-12,2022-08-12,2022-08-12,,,,S,EG04,PG02,101032.0,Operations
102024,2022-08-12,2022-08-12,A,RFT,F,1.0,48OPS1,OPS,WSTMF,118,190,120,2022-08-12,2022-08-12,2022-08-12,,,,H,EG03,PG03,102992.0,Operations
102025,2022-08-12,2022-08-12,A,RFT,F,1.0,41SAL1,SALES,WSTMF,115,30,100,2022-08-12,2022-08-12,2022-08-12,,,,H,EG08,PG03,102360.0,Operations
102026,2022-08-12,2022-08-12,A,RFT,F,1.0,33IT2,IT,PRMRE,118,150,80,2022-08-12,2022-08-12,2022-08-12,,,,H,EG09,PG02,,Operations
102027,2022-08-12,2022-08-12,A,RPT,P,0.6,66TEC2,TECH,NRTHP,114,10,120,2022-08-12,2022-08-12,2022-08-12,,,,H,EG04,PG05,,Operations
102027,2025-11-24,2025-11-24,A,RPT,P,0.6,67TEC3,TECH,NRTHP,114,10,120,2022-08-12,2022-08-12,2025-11-24,,,,H,EG10,PG05,,Operations
102028,2022-08-12,2022-08-12,A,RFT,F,1.0,16CSR4,CSR,PRMRE,117,20,120,2022-08-12,2022-08-12,2022-08-12,,,,S,EG10,PG02,,Operations
102029,2022-08-15,2022-08-15,A,RFT,F,1.0,80ANL4,ANLYT,NRTHP,103,10,90,2022-08-15,2022-08-15,2022-08-15,,,,S,EG05,PG05,,Operations
102029,2024-05-02,2024-05-02,A,RFT,F,1.0,81ANL5,ANLYT,NRTHP,103,10,90,2022-08-15,2022-08-15,2024-05-02,,,,S,EG01,PG05,,Operations
102030,2022-08-17,2022-08-17,A,RPT,P,0.49,70MKT1,MKTG,ALPNC,121,200,90,2022-08-17,2022-08-17,2022-08-17,,,,H,EG04,PG03,102280.0,Operations
102030,2023-03-03,2023-03-03,T,RPT,P,0.49,70MKT1,MKTG,ALPNC,121,200,90,2022-08-17,2022-08-17,2022-08-17,2023-03-03,205,I,H,EG04,PG03,102280.0,Operations
102031,2022-08-18,2022-08-18,A,RPT,F,0.78,06ACC1,ACCTG,PRMRE,123,120,110,2022-08-18,2022-08-18,2022-08-18,,,,H,EG09,PG02,102934.0,Operations
102031,2023-09-12,2023-09-12,A,RPT,F,0.78,65TEC1,TECH,PRMRE,123,120,110,2022-08-18,2022-08-18,2023-09-12,,,,H,EG08,PG02,102934.0,Operations
102032,2022-08-18,2022-08-18,A,RFT,F,1.0,56TRD2,TRD,ALPNC,100,170,10,2022-08-18,2022-08-18,2022-08-18,,,,H,EG02,PG03,,Operations
102033,2022-08-19,2022-08-19,A,RFT,F,1.0,04ADM4,ADMIN,ALPNC,124,60,110,2022-08-19,2022-08-19,2022-08-19,,,,S,EG06,PG03,,Operations
102033,2025-05-05,2025-05-05,A,RFT,F,1.0,84SUP5,SUPV,ALPNC,124,60,110,2022-08-19,2022-08-19,2025-05-05,,,,S,EG07,PG03,,Operations
102034,2022-08-19,2022-08-19,A,RFT,F,1.0,37IT4,IT,ALPNC,121,230,10,2022-08-19,2022-08-19,2022-08-19,,,,S,EG04,PG03,,Operations
102034,2025-09-04,2025-09-04,A,RFT,F,1.0,09ACC4,ACCTG,ALPNC,121,230,10,2022-08-19,2022-08-19,2025-09-04,,,,S,EG05,PG03,,Operations
102035,2022-08-19,2022-08-19,A,RFT,F,1.0,13CSR1,CSR,PRMRE,118,30,20,2022-08-19,2022-08-19,2022-08-19,,,,H,EG01,PG02,,Operations
102036,2022-08-22,2022-08-22,A,RFT,F,1.0,19ENG2,ENGR,WSTMF,104,240,110,2022-08-22,2022-08-22,2022-08-22,,,,H,EG01,PG03,,Operations
102036,2024-05-21,2024-05-21,T,RFT,F,1.0,19ENG2,ENGR,WSTMF,104,240,110,2022-08-22,2022-08-22,2022-08-22,2024-05-21,201,I,H,EG01,PG03,,Operations
102037,2022-08-23,2022-08-23,A,RFT,F,1.0,62WHS3,WHSE,NRTHP,118,250,110,2022-08-23,2022-08-23,2022-08-23,,,,S,EG01,PG05,102494.0,Operations
102037,2023-12-17,2023-12-17,T,RFT,F,1.0,62WHS3,WHSE,NRTHP,118,250,110,2022-08-23,2022-08-23,2022-08-23,2023-12-17,100,V,S,EG01,PG05,102494.0,Operations
102038,2022-08-23,2022-08-23,A,RFT,F,1.0,13CSR1,CSR,WSTMF,122,240,70,2022-08-23,2022-08-23,2022-08-23,,,,H,EG01,PG03,102139.0,Operations
102038,2024-05-27,2024-05-27,A,RFT,F,1.0,14CSR2,CSR,WSTMF,122,240,70,2022-08-23,2022-08-23,2024-05-27,,,,H,EG06,PG03,102139.0,Operations
102039,2022-08-24,2022-08-24,A,RFT,F,1.0,74MKT5,MKTG,PRMRE,118,240,110,2022-08-24,2022-08-24,2022-08-24,,,,S,EG01,PG02,,Operations
102039,2022-10-09,2022-10-09,A,RFT,F,1.0,75MKT6,MKTG,PRMRE,118,240,110,2022-08-24,2022-08-24,2022-10-09,,,,S,EG02,PG02,,Operations
102039,2024-10-30,2024-10-30,A,RFT,F,1.0,76MKT7,MKTG,PRMRE,118,240,110,2022-08-24,2022-08-24,2024-10-30,,,,S,EG04,PG02,,Operations
102040,2022-08-26,2022-08-26,A,RFT,F,1.0,32IT1,IT,NRTHP,118,100,100,2022-08-26,2022-08-26,2022-08-26,,,,H,EG03,PG05,101234.0,Operations
102041,2022-08-26,2022-08-26,A,RFT,F,1.0,77ANL1,ANLYT,WSTMF,124,170,70,2022-08-26,2022-08-26,2022-08-26,,,,H,EG04,PG03,102836.0,Operations
102041,2023-01-27,2023-01-27,A,RFT,F,1.0,60WHS1,WHSE,WSTMF,124,170,70,2022-08-26,2022-08-26,2023-01-27,,,,H,EG06,PG03,102836.0,Operations
102041,2025-04-05,2025-04-05,T,RFT,F,1.0,60WHS1,WHSE,WSTMF,124,170,70,2022-08-26,2022-08-26,2023-01-27,2025-04-05,103,V,H,EG06,PG03,102836.0,Operations
102042,2022-08-26,2022-08-26,A,RFT,F,1.0,16CSR4,CSR,WSTMF,124,180,60,2022-08-26,2022-08-26,2022-08-26,,,,S,EG10,PG03,,Operations
102042,2024-07-31,2024-07-31,T,RFT,F,1.0,16CSR4,CSR,WSTMF,124,180,60,2022-08-26,2022-08-26,2022-08-26,2024-07-31,100,V,S,EG10,PG03,,Operations
102043,2022-08-26,2022-08-26,A,RFT,F,1.0,70MKT1,MKTG,WSTMF,108,20,10,2022-08-26,2022-08-26,2022-08-26,,,,S,EG04,PG03,,Operations
102044,2022-09-01,2022-09-01,A,RFT,F,1.0,26HR2,HR,NRTHP,109,120,80,2022-09-01,2022-09-01,2022-09-01,,,,S,EG03,PG05,,Operations
102044,2024-07-22,2024-07-22,A,RFT,F,1.0,27HR3,HR,NRTHP,109,120,80,2022-09-01,2022-09-01,2024-07-22,,,,S,EG02,PG05,,Operations
102044,2024-07-28,2024-07-28,L,RFT,F,1.0,27HR3,HR,NRTHP,109,120,80,2022-09-01,2022-09-01,2024-07-22,,,,S,EG02,PG05,,Operations
102044,2024-08-14,2024-08-14,A,RFT,F,1.0,27HR3,HR,NRTHP,109,120,80,2022-09-01,2022-09-01,2024-07-22,,,,S,EG02,PG05,,Operations
102044,2025-03-02,2025-03-02,T,RFT,F,1.0,27HR3,HR,NRTHP,109,120,80,2022-09-01,2022-09-01,2024-07-22,2025-03-02,101,V,S,EG02,PG05,,Operations
102045,2022-09-02,2022-09-02,A,RFT,F,1.0,07ACC2,ACCTG,WSTMF,113,250,30,2022-09-02,2022-09-02,2022-09-02,,,,S,EG03,PG03,,Operations
102045,2023-03-07,2023-03-07,T,RFT,F,1.0,07ACC2,ACCTG,WSTMF,113,250,30,2022-09-02,2022-09-02,2022-09-02,2023-03-07,100,V,S,EG03,PG03,,Operations
102046,2022-09-02,2022-09-02,A,RFT,F,1.0,91PRO4,PROJ,NRTHP,108,80,20,2022-09-02,2022-09-02,2022-09-02,,,,S,EG02,PG05,,Operations
102046,2025-02-24,2025-02-24,A,RFT,F,1.0,92PRO5,PROJ,NRTHP,108,80,20,2022-09-02,2022-09-02,2025-02-24,,,,S,EG07,PG05,,Operations
102047,2022-09-02,2022-09-02,A,CON,F,1.0,60WHS1,WHSE,PRMRE,121,180,90,2022-09-02,2022-09-02,2022-09-02,,,,H,EG06,PG02,,Operations
102047,2024-04-02,2024-04-02,A,CON,F,1.0,01ADM1,ADMIN,PRMRE,121,180,90,2022-09-02,2022-09-02,2024-04-02,,,,H,EG05,PG02,,Operations
102047,2025-06-14,2025-06-14,L,CON,F,1.0,01ADM1,ADMIN,PRMRE,121,180,90,2022-09-02,2022-09-02,2024-04-02,,,,H,EG05,PG02,,Operations
102047,2025-08-28,2025-08-28,A,CON,F,1.0,01ADM1,ADMIN,PRMRE,121,180,90,2022-09-02,2022-09-02,2024-04-02,,,,H,EG05,PG02,,Operations
102048,2022-09-02,2022-09-02,A,RPT,P,0.65,58TRD4,TRD,NRTHP,112,220,90,2022-09-02,2022-09-02,2022-09-02,,,,S,EG05,PG05,,Operations
102049,2022-09-02,2022-09-02,A,RFT,F,1.0,25HR1,HR,PRMRE,116,190,20,2022-09-02,2022-09-02,2022-09-02,,,,S,EG10,PG02,102863.0,Operations
102049,2023-03-11,2023-03-11,A,RFT,F,1.0,26HR2,HR,PRMRE,116,190,20,2022-09-02,2022-09-02,2023-03-11,,,,S,EG03,PG02,102863.0,Operations
102050,2022-09-02,2022-09-02,A,RPT,F,0.75,32IT1,IT,WSTMF,122,210,90,2022-09-02,2022-09-02,2022-09-02,,,,S,EG03,PG03,101716.0,Operations
102050,2024-01-25,2024-01-25,A,RPT,F,0.75,77ANL1,ANLYT,WSTMF,122,210,90,2022-09-02,2022-09-02,2024-01-25,,,,S,EG04,PG03,101716.0,Operations
102050,2025-01-02,2025-01-02,A,RPT,F,0.75,78ANL2,ANLYT,WSTMF,122,210,90,2022-09-02,2022-09-02,2025-01-02,,,,S,EG04,PG03,101716.0,Operations
102051,2022-09-05,2022-09-05,A,RFT,F,1.0,34IT2,IT,ALPNC,114,50,70,2022-09-05,2022-09-05,2022-09-05,,,,H,EG08,PG03,,Operations
102051,2025-09-16,2025-09-16,L,RFT,F,1.0,34IT2,IT,ALPNC,114,50,70,2022-09-05,2022-09-05,2022-09-05,,,,H,EG08,PG03,,Operations
102051,2025-12-11,2025-12-11,A,RFT,F,1.0,34IT2,IT,ALPNC,114,50,70,2022-09-05,2022-09-05,2022-09-05,,,,H,EG08,PG03,,Operations
102052,2022-09-05,2022-09-05,A,RFT,F,1.0,55TRD1,TRD,ALPNC,121,20,80,2022-09-05,2022-09-05,2022-09-05,,,,H,EG04,PG03,100758.0,Operations
102052,2024-09-21,2024-09-21,L,RFT,F,1.0,55TRD1,TRD,ALPNC,121,20,80,2022-09-05,2022-09-05,2022-09-05,,,,H,EG04,PG03,100758.0,Operations
102052,2024-12-11,2024-12-11,A,RFT,F,1.0,55TRD1,TRD,ALPNC,121,20,80,2022-09-05,2022-09-05,2022-09-05,,,,H,EG04,PG03,100758.0,Operations
102053,2022-09-06,2022-09-06,A,RFT,F,1.0,33IT2,IT,WSTMF,122,170,120,2022-09-06,2022-09-06,2022-09-06,,,,H,EG09,PG03,100623.0,Operations
102054,2022-09-06,2022-09-06,A,RFT,F,1.0,05ACC1,ACCTG,ALPNC,119,40,60,2022-09-06,2022-09-06,2022-09-06,,,,S,EG05,PG03,,Operations
102054,2023-04-20,2023-04-20,T,RFT,F,1.0,05ACC1,ACCTG,ALPNC,119,40,60,2022-09-06,2022-09-06,2022-09-06,2023-04-20,101,V,S,EG05,PG03,,Operations
102055,2022-09-07,2022-09-07,A,RFT,F,1.0,94LEG2,LEGAL,NRTHP,109,50,120,2022-09-07,2022-09-07,2022-09-07,,,,S,EG02,PG05,101719.0,Operations
102056,2022-09-07,2022-09-07,A,RPT,P,0.62,20ENG3,ENGR,NRTHP,123,210,50,2022-09-07,2022-09-07,2022-09-07,,,,S,EG03,PG05,,Operations
102056,2024-07-28,2024-07-28,A,RPT,P,0.62,21ENG4,ENGR,NRTHP,123,210,50,2022-09-07,2022-09-07,2024-07-28,,,,S,EG06,PG05,,Operations
102056,2025-03-20,2025-03-20,T,RPT,P,0.62,21ENG4,ENGR,NRTHP,123,210,50,2022-09-07,2022-09-07,2024-07-28,2025-03-20,210,I,S,EG06,PG05,,Operations
102057,2022-09-08,2022-09-08,A,RFT,F,1.0,13CSR1,CSR,PRMRE,100,240,90,2022-09-08,2022-09-08,2022-09-08,,,,H,EG01,PG02,102150.0,Operations
102058,2022-09-08,2022-09-08,A,RFT,F,1.0,19ENG2,ENGR,WSTMF,102,150,70,2022-09-08,2022-09-08,2022-09-08,,,,S,EG01,PG03,100842.0,Operations
102058,2022-11-18,2022-11-18,T,RFT,F,1.0,19ENG2,ENGR,WSTMF,102,150,70,2022-09-08,2022-09-08,2022-09-08,2022-11-18,103,V,S,EG01,PG03,100842.0,Operations
102059,2022-09-08,2022-09-08,A,RFT,F,1.0,42SAL2,SALES,PRMRE,117,40,100,2022-09-08,2022-09-08,2022-09-08,,,,S,EG10,PG02,100480.0,Operations
102059,2024-10-22,2024-10-22,T,RFT,F,1.0,42SAL2,SALES,PRMRE,117,40,100,2022-09-08,2022-09-08,2022-09-08,2024-10-22,101,V,S,EG10,PG02,100480.0,Operations
102060,2022-09-09,2022-09-09,A,RFT,F,1.0,18ENG1,ENGR,NRTHP,111,130,120,2022-09-09,2022-09-09,2022-09-09,,,,H,EG08,PG05,100890.0,Operations
102060,2023-09-17,2023-09-17,T,RFT,F,1.0,18ENG1,ENGR,NRTHP,111,130,120,2022-09-09,2022-09-09,2022-09-09,2023-09-17,100,V,H,EG08,PG05,100890.0,Operations
102061,2022-09-09,2022-09-09,A,RFT,F,1.0,25HR1,HR,PRMRE,121,50,20,2022-09-09,2022-09-09,2022-09-09,,,,H,EG10,PG02,101661.0,Operations
102061,2023-10-12,2023-10-12,T,RFT,F,1.0,25HR1,HR,PRMRE,121,50,20,2022-09-09,2022-09-09,2022-09-09,2023-10-12,200,I,H,EG10,PG02,101661.0,Operations
102062,2022-09-09,2022-09-09,A,RFT,F,1.0,41SAL1,SALES,NRTHP,119,10,80,2022-09-09,2022-09-09,2022-09-09,,,,S,EG08,PG05,100932.0,Operations
102062,2025-04-18,2025-04-18,A,RFT,F,1.0,42SAL2,SALES,NRTHP,119,10,80,2022-09-09,2022-09-09,2025-04-18,,,,S,EG10,PG05,100932.0,Operations
102063,2022-09-09,2022-09-09,A,RFT,F,1.0,48OPS1,OPS,ALPNC,121,170,70,2022-09-09,2022-09-09,2022-09-09,,,,S,EG03,PG03,100093.0,Operations
102063,2025-05-26,2025-05-26,A,RFT,F,1.0,49OPS2,OPS,ALPNC,121,170,70,2022-09-09,2022-09-09,2025-05-26,,,,S,EG05,PG03,100093.0,Operations
102064,2022-09-09,2022-09-09,A,RFT,F,1.0,62WHS3,WHSE,WSTMF,115,200,20,2022-09-09,2022-09-09,2022-09-09,,,,S,EG01,PG03,102397.0,Operations
102065,2022-09-12,2022-09-12,A,RPT,P,0.48,25HR1,HR,PRMRE,121,10,40,2022-09-12,2022-09-12,2022-09-12,,,,H,EG10,PG02,100233.0,Operations
102065,2022-10-07,2022-10-07,T,RPT,P,0.48,25HR1,HR,PRMRE,121,10,40,2022-09-12,2022-09-12,2022-09-12,2022-10-07,205,I,H,EG10,PG02,100233.0,Operations
102066,2022-09-12,2022-09-12,A,RFT,F,1.0,55TRD1,TRD,WSTMF,100,20,70,2022-09-12,2022-09-12,2022-09-12,,,,S,EG04,PG03,102004.0,Operations
102066,2025-07-31,2025-07-31,A,RFT,F,1.0,06ACC1,ACCTG,WSTMF,100,20,70,2022-09-12,2022-09-12,2025-07-31,,,,S,EG09,PG03,102004.0,Operations
102067,2022-09-12,2022-09-12,A,RFT,F,1.0,60WHS1,WHSE,ALPNC,100,100,110,2022-09-12,2022-09-12,2022-09-12,,,,H,EG06,PG03,100277.0,Operations
102067,2025-03-11,2025-03-11,A,RFT,F,1.0,61WHS2,WHSE,ALPNC,100,100,110,2022-09-12,2022-09-12,2025-03-11,,,,H,EG01,PG03,100277.0,Operations
102068,2022-09-13,2022-09-13,A,RFT,F,1.0,70MKT1,MKTG,NRTHP,114,220,50,2022-09-13,2022-09-13,2022-09-13,,,,H,EG04,PG05,,Operations
102068,2025-10-17,2025-10-17,A,RFT,F,1.0,71MKT2,MKTG,NRTHP,114,220,50,2022-09-13,2022-09-13,2025-10-17,,,,H,EG10,PG05,,Operations
102069,2022-09-13,2022-09-13,A,CON,F,1.0,60WHS1,WHSE,PRMRE,105,110,120,2022-09-13,2022-09-13,2022-09-13,,,,H,EG06,PG02,102811.0,Operations
102069,2023-03-25,2023-03-25,T,CON,F,1.0,60WHS1,WHSE,PRMRE,105,110,120,2022-09-13,2022-09-13,2022-09-13,2023-03-25,100,V,H,EG06,PG02,102811.0,Operations
102070,2022-09-13,2022-09-13,A,RFT,F,1.0,05ACC1,ACCTG,PRMRE,123,20,90,2022-09-13,2022-09-13,2022-09-13,,,,H,EG05,PG02,101817.0,Operations
102070,2025-01-25,2025-01-25,L,RFT,F,1.0,05ACC1,ACCTG,PRMRE,123,20,90,2022-09-13,2022-09-13,2022-09-13,,,,H,EG05,PG02,101817.0,Operations
102070,2025-03-24,2025-03-24,A,RFT,F,1.0,05ACC1,ACCTG,PRMRE,123,20,90,2022-09-13,2022-09-13,2022-09-13,,,,H,EG05,PG02,101817.0,Operations
102071,2022-09-14,2022-09-14,A,RFT,F,1.0,91PRO4,PROJ,PRMRE,118,160,100,2022-09-14,2022-09-14,2022-09-14,,,,S,EG02,PG02,,Operations
102071,2023-06-06,2023-06-06,A,RFT,F,1.0,92PRO5,PROJ,PRMRE,118,160,100,2022-09-14,2022-09-14,2023-06-06,,,,S,EG07,PG02,,Operations
102071,2024-10-14,2024-10-14,T,RFT,F,1.0,92PRO5,PROJ,PRMRE,118,160,100,2022-09-14,2022-09-14,2023-06-06,2024-10-14,101,V,S,EG07,PG02,,Operations
102072,2022-09-14,2022-09-14,A,RPT,P,0.62,01ADM1,ADMIN,WSTMF,113,210,30,2022-09-14,2022-09-14,2022-09-14,,,,H,EG05,PG03,102016.0,Operations
102072,2025-03-11,2025-03-11,T,RPT,P,0.62,01ADM1,ADMIN,WSTMF,113,210,30,2022-09-14,2022-09-14,2022-09-14,2025-03-11,101,V,H,EG05,PG03,102016.0,Operations
102073,2022-09-15,2022-09-15,A,RFT,F,1.0,68TEC4,TECH,WSTMF,118,250,20,2022-09-15,2022-09-15,2022-09-15,,,,S,EG06,PG03,,Operations
102074,2022-09-16,2022-09-16,A,RFT,F,1.0,66TEC2,TECH,NRTHP,120,60,70,2022-09-16,2022-09-16,2022-09-16,,,,H,EG04,PG05,,Operations
102075,2022-09-16,2022-09-16,A,RFT,F,1.0,01ADM1,ADMIN,PRMRE,124,160,30,2022-09-16,2022-09-16,2022-09-16,,,,S,EG05,PG02,100599.0,Operations
102075,2023-03-20,2023-03-20,T,RFT,F,1.0,01ADM1,ADMIN,PRMRE,124,160,30,2022-09-16,2022-09-16,2022-09-16,2023-03-20,202,V,S,EG05,PG02,100599.0,Operations
102076,2022-09-16,2022-09-16,A,TFT,F,1.0,35IT3,IT,ALPNC,111,40,70,2022-09-16,2022-09-16,2022-09-16,,,,S,EG08,PG03,101448.0,Operations
102076,2022-10-12,2022-10-12,A,TFT,F,1.0,37IT4,IT,ALPNC,111,40,70,2022-09-16,2022-09-16,2022-10-12,,,,S,EG04,PG03,101448.0,Operations
102076,2022-11-04,2022-11-04,T,TFT,F,1.0,37IT4,IT,ALPNC,111,40,70,2022-09-16,2022-09-16,2022-10-12,2022-11-04,201,I,S,EG04,PG03,101448.0,Operations
102077,2022-09-16,2022-09-16,A,RFT,F,1.0,07ACC2,ACCTG,PRMRE,115,180,20,2022-09-16,2022-09-16,2022-09-16,,,,H,EG03,PG02,100860.0,Operations
102078,2022-09-19,2022-09-19,A,RFT,F,1.0,07ACC2,ACCTG,NRTHP,102,210,80,2022-09-19,2022-09-19,2022-09-19,,,,H,EG03,PG05,101824.0,Operations
102079,2022-09-20,2022-09-20,A,CON,F,1.0,13CSR1,CSR,WSTMF,110,110,70,2022-09-20,2022-09-20,2022-09-20,,,,H,EG01,PG03,100373.0,Operations
102079,2023-09-05,2023-09-05,T,CON,F,1.0,13CSR1,CSR,WSTMF,110,110,70,2022-09-20,2022-09-20,2022-09-20,2023-09-05,101,V,H,EG01,PG03,100373.0,Operations
102080,2022-09-21,2022-09-21,A,RFT,F,1.0,65TEC1,TECH,WSTMF,100,80,10,2022-09-21,2022-09-21,2022-09-21,,,,H,EG08,PG03,100205.0,Operations
102081,2022-09-21,2022-09-21,A,RFT,F,1.0,19ENG2,ENGR,NRTHP,120,140,70,2022-09-21,2022-09-21,2022-09-21,,,,S,EG01,PG05,,Operations
102081,2024-12-15,2024-12-15,T,RFT,F,1.0,19ENG2,ENGR,NRTHP,120,140,70,2022-09-21,2022-09-21,2022-09-21,2024-12-15,201,I,S,EG01,PG05,,Operations
102082,2022-09-23,2022-09-23,A,RFT,F,1.0,55TRD1,TRD,ALPNC,119,130,80,2022-09-23,2022-09-23,2022-09-23,,,,H,EG04,PG03,,Operations
102082,2023-03-30,2023-03-30,A,RFT,F,1.0,56TRD2,TRD,ALPNC,119,130,80,2022-09-23,2022-09-23,2023-03-30,,,,H,EG02,PG03,,Operations
102082,2023-08-22,2023-08-22,T,RFT,F,1.0,56TRD2,TRD,ALPNC,119,130,80,2022-09-23,2022-09-23,2023-03-30,2023-08-22,200,I,H,EG02,PG03,,Operations
102083,2022-09-23,2022-09-23,A,RFT,F,1.0,94LEG2,LEGAL,WSTMF,106,220,20,2022-09-23,2022-09-23,2022-09-23,,,,H,EG02,PG03,,Operations
102083,2025-01-24,2025-01-24,A,RFT,F,1.0,78ANL2,ANLYT,WSTMF,106,220,20,2022-09-23,2022-09-23,2025-01-24,,,,H,EG04,PG03,,Operations
102083,2025-06-11,2025-06-11,A,RFT,F,1.0,79ANL3,ANLYT,WSTMF,106,220,20,2022-09-23,2022-09-23,2025-06-11,,,,H,EG10,PG03,,Operations
102084,2022-09-23,2022-09-23,A,RFT,F,1.0,19ENG2,ENGR,NRTHP,122,30,70,2022-09-23,2022-09-23,2022-09-23,,,,S,EG01,PG05,101967.0,Operations
102084,2022-12-12,2022-12-12,A,RFT,F,1.0,20ENG3,ENGR,NRTHP,122,30,70,2022-09-23,2022-09-23,2022-12-12,,,,S,EG03,PG05,101967.0,Operations
102084,2025-05-05,2025-05-05,T,RFT,F,1.0,20ENG3,ENGR,NRTHP,122,30,70,2022-09-23,2022-09-23,2022-12-12,2025-05-05,101,V,S,EG03,PG05,101967.0,Operations
102085,2022-09-23,2022-09-23,A,TFT,F,1.0,09ACC4,ACCTG,PRMRE,124,250,100,2022-09-23,2022-09-23,2022-09-23,,,,S,EG05,PG02,,Operations
102085,2023-09-25,2023-09-25,T,TFT,F,1.0,09ACC4,ACCTG,PRMRE,124,250,100,2022-09-23,2022-09-23,2022-09-23,2023-09-25,201,I,S,EG05,PG02,,Operations
102086,2022-09-23,2022-09-23,A,RFT,F,1.0,19ENG2,ENGR,ALPNC,100,130,10,2022-09-23,2022-09-23,2022-09-23,,,,S,EG01,PG03,101590.0,Operations
102086,2023-04-29,2023-04-29,A,RFT,F,1.0,20ENG3,ENGR,ALPNC,100,130,10,2022-09-23,2022-09-23,2023-04-29,,,,S,EG03,PG03,101590.0,Operations
102087,2022-09-26,2022-09-26,A,RFT,F,1.0,05ACC1,ACCTG,NRTHP,114,90,70,2022-09-26,2022-09-26,2022-09-26,,,,H,EG05,PG05,101275.0,Operations
102088,2022-09-27,2022-09-27,A,RPT,P,0.43,09ACC4,ACCTG,WSTMF,115,90,10,2022-09-27,2022-09-27,2022-09-27,,,,S,EG05,PG03,,Operations
102089,2022-09-27,2022-09-27,A,RPT,P,0.51,25HR1,HR,PRMRE,115,150,70,2022-09-27,2022-09-27,2022-09-27,,,,H,EG10,PG02,102289.0,Operations
102089,2024-09-24,2024-09-24,T,RPT,P,0.51,25HR1,HR,PRMRE,115,150,70,2022-09-27,2022-09-27,2022-09-27,2024-09-24,101,V,H,EG10,PG02,102289.0,Operations
102090,2022-09-27,2022-09-27,A,RPT,P,0.65,05ACC1,ACCTG,NRTHP,101,100,120,2022-09-27,2022-09-27,2022-09-27,,,,H,EG05,PG05,100126.0,Operations
102090,2023-07-12,2023-07-12,T,RPT,P,0.65,05ACC1,ACCTG,NRTHP,101,100,120,2022-09-27,2022-09-27,2022-09-27,2023-07-12,100,V,H,EG05,PG05,100126.0,Operations
102091,2022-09-28,2022-09-28,A,RFT,F,1.0,32IT1,IT,ALPNC,114,120,20,2022-09-28,2022-09-28,2022-09-28,,,,H,EG03,PG03,102960.0,Operations
102091,2023-02-18,2023-02-18,T,RFT,F,1.0,32IT1,IT,ALPNC,114,120,20,2022-09-28,2022-09-28,2022-09-28,2023-02-18,202,V,H,EG03,PG03,102960.0,Operations
102092,2022-09-28,2022-09-28,A,RPT,P,0.45,65TEC1,TECH,WSTMF,110,190,120,2022-09-28,2022-09-28,2022-09-28,,,,H,EG08,PG03,,Operations
102092,2025-02-28,2025-02-28,T,RPT,P,0.45,65TEC1,TECH,WSTMF,110,190,120,2022-09-28,2022-09-28,2022-09-28,2025-02-28,100,V,H,EG08,PG03,,Operations
102093,2022-09-30,2022-09-30,A,RFT,F,1.0,78ANL2,ANLYT,PRMRE,118,160,30,2022-09-30,2022-09-30,2022-09-30,,,,H,EG04,PG02,100692.0,Operations
102093,2022-11-29,2022-11-29,T,RFT,F,1.0,78ANL2,ANLYT,PRMRE,118,160,30,2022-09-30,2022-09-30,2022-09-30,2022-11-29,103,V,H,EG04,PG02,100692.0,Operations
102094,2022-10-03,2022-10-03,A,RFT,F,1.0,41SAL1,SALES,ALPNC,114,80,50,2022-10-03,2022-10-03,2022-10-03,,,,S,EG08,PG03,,Operations
102094,2025-03-15,2025-03-15,A,RFT,F,1.0,42SAL2,SALES,ALPNC,114,80,50,2022-10-03,2022-10-03,2025-03-15,,,,S,EG10,PG03,,Operations
102095,2022-10-03,2022-10-03,A,RFT,F,1.0,83SUP4,SUPV,NRTHP,111,190,20,2022-10-03,2022-10-03,2022-10-03,,,,S,EG01,PG05,101390.0,Operations
102096,2022-10-03,2022-10-03,A,RFT,F,1.0,89PRO2,PROJ,WSTMF,108,140,110,2022-10-03,2022-10-03,2022-10-03,,,,H,EG06,PG03,,Operations
102096,2023-02-04,2023-02-04,T,RFT,F,1.0,89PRO2,PROJ,WSTMF,108,140,110,2022-10-03,2022-10-03,2022-10-03,2023-02-04,100,V,H,EG06,PG03,,Operations
102097,2022-10-05,2022-10-05,A,RFT,F,1.0,71MKT2,MKTG,NRTHP,101,70,40,2022-10-05,2022-10-05,2022-10-05,,,,S,EG10,PG05,,Operations
102098,2022-10-05,2022-10-05,A,RPT,P,0.57,56TRD2,TRD,PRMRE,105,40,100,2022-10-05,2022-10-05,2022-10-05,,,,S,EG02,PG02,101888.0,Operations
102099,2022-10-06,2022-10-06,A,RFT,F,1.0,13CSR1,CSR,NRTHP,123,140,50,2022-10-06,2022-10-06,2022-10-06,,,,H,EG01,PG05,102554.0,Operations
102099,2023-05-12,2023-05-12,A,RFT,F,1.0,60WHS1,WHSE,NRTHP,123,140,50,2022-10-06,2022-10-06,2023-05-12,,,,H,EG06,PG05,102554.0,Operations
102100,2022-10-07,2022-10-07,A,CON,F,1.0,02ADM2,ADMIN,NRTHP,124,140,110,2022-10-07,2022-10-07,2022-10-07,,,,S,EG04,PG05,100787.0,Operations
102100,2024-01-29,2024-01-29,T,CON,F,1.0,02ADM2,ADMIN,NRTHP,124,140,110,2022-10-07,2022-10-07,2022-10-07,2024-01-29,101,V,S,EG04,PG05,100787.0,Operations
102101,2022-10-10,2022-10-10,A,RFT,F,1.0,65TEC1,TECH,NRTHP,117,180,110,2022-10-10,2022-10-10,2022-10-10,,,,H,EG08,PG05,,Operations
102101,2024-01-14,2024-01-14,A,RFT,F,1.0,18ENG1,ENGR,NRTHP,117,180,110,2022-10-10,2022-10-10,2024-01-14,,,,H,EG08,PG05,,Operations
102102,2022-10-10,2022-10-10,A,RFT,F,1.0,02ADM2,ADMIN,ALPNC,115,20,20,2022-10-10,2022-10-10,2022-10-10,,,,H,EG04,PG03,101427.0,Operations
102102,2026-01-23,2026-01-23,A,RFT,F,1.0,03ADM3,ADMIN,ALPNC,115,20,20,2022-10-10,2022-10-10,2026-01-23,,,,H,EG07,PG03,101427.0,Operations
102103,2022-10-11,2022-10-11,A,RFT,F,1.0,05ACC1,ACCTG,WSTMF,124,30,120,2022-10-11,2022-10-11,2022-10-11,,,,H,EG05,PG03,101397.0,Operations
102104,2022-10-11,2022-10-11,A,RPT,P,0.5,32IT1,IT,NRTHP,108,100,30,2022-10-11,2022-10-11,2022-10-11,,,,H,EG03,PG05,100625.0,Operations
102105,2022-10-12,2022-10-12,A,RFT,F,1.0,62WHS3,WHSE,PRMRE,102,230,110,2022-10-12,2022-10-12,2022-10-12,,,,S,EG01,PG02,,Operations
102105,2023-04-11,2023-04-11,A,RFT,F,1.0,63WHS4,WHSE,PRMRE,102,230,110,2022-10-12,2022-10-12,2023-04-11,,,,S,EG10,PG02,,Operations
102105,2023-10-06,2023-10-06,A,RFT,F,1.0,64WHS5,WHSE,PRMRE,102,230,110,2022-10-12,2022-10-12,2023-10-06,,,,S,EG03,PG02,,Operations
102105,2024-09-13,2024-09-13,A,RFT,F,1.0,69TEC5,TECH,PRMRE,102,230,110,2022-10-12,2022-10-12,2024-09-13,,,,S,EG02,PG02,,Operations
102105,2025-03-27,2025-03-27,A,RFT,F,1.0,82ANL6,ANLYT,PRMRE,102,230,110,2022-10-12,2022-10-12,2025-03-27,,,,S,EG10,PG02,,Operations
102106,2022-10-14,2022-10-14,A,RPT,P,0.7,01ADM1,ADMIN,ALPNC,112,60,80,2022-10-14,2022-10-14,2022-10-14,,,,H,EG05,PG03,,Operations
102107,2022-10-14,2022-10-14,A,RFT,F,1.0,33IT2,IT,WSTMF,118,100,110,2022-10-14,2022-10-14,2022-10-14,,,,S,EG09,PG03,,Operations
102107,2023-04-18,2023-04-18,T,RFT,F,1.0,33IT2,IT,WSTMF,118,100,110,2022-10-14,2022-10-14,2022-10-14,2023-04-18,100,V,S,EG09,PG03,,Operations
102108,2022-10-14,2022-10-14,A,RPT,F,0.75,60WHS1,WHSE,PRMRE,115,130,10,2022-10-14,2022-10-14,2022-10-14,,,,H,EG06,PG02,101190.0,Operations
102109,2022-10-14,2022-10-14,A,RFT,F,1.0,50OPS3,OPS,PRMRE,115,250,10,2022-10-14,2022-10-14,2022-10-14,,,,S,EG06,PG02,100992.0,Operations
102109,2023-09-11,2023-09-11,A,RFT,F,1.0,51OPS4,OPS,PRMRE,115,250,10,2022-10-14,2022-10-14,2023-09-11,,,,S,EG07,PG02,100992.0,Operations
102110,2022-10-14,2022-10-14,A,RPT,P,0.67,09ACC4,ACCTG,NRTHP,118,120,120,2022-10-14,2022-10-14,2022-10-14,,,,S,EG05,PG05,,Operations
102110,2023-12-30,2023-12-30,T,RPT,P,0.67,09ACC4,ACCTG,NRTHP,118,120,120,2022-10-14,2022-10-14,2022-10-14,2023-12-30,101,V,S,EG05,PG05,,Operations
102111,2022-10-14,2022-10-14,A,RFT,F,1.0,61WHS2,WHSE,ALPNC,121,240,40,2022-10-14,2022-10-14,2022-10-14,,,,H,EG01,PG03,,Operations
102112,2022-10-14,2022-10-14,A,RFT,F,1.0,03ADM3,ADMIN,PRMRE,118,250,100,2022-10-14,2022-10-14,2022-10-14,,,,S,EG07,PG02,102494.0,Operations
102112,2024-01-07,2024-01-07,T,RFT,F,1.0,03ADM3,ADMIN,PRMRE,118,250,100,2022-10-14,2022-10-14,2022-10-14,2024-01-07,200,I,S,EG07,PG02,102494.0,Operations
102113,2022-10-14,2022-10-14,A,RFT,F,1.0,19ENG2,ENGR,WSTMF,111,160,70,2022-10-14,2022-10-14,2022-10-14,,,,S,EG01,PG03,100449.0,Operations
102113,2024-05-08,2024-05-08,A,RFT,F,1.0,20ENG3,ENGR,WSTMF,111,160,70,2022-10-14,2022-10-14,2024-05-08,,,,S,EG03,PG03,100449.0,Operations
102114,2022-10-17,2022-10-17,A,RFT,F,1.0,10ACC5,ACCTG,WSTMF,111,50,90,2022-10-17,2022-10-17,2022-10-17,,,,S,EG09,PG03,,Operations
102114,2024-10-21,2024-10-21,A,RFT,F,1.0,11ACC6,ACCTG,WSTMF,111,50,90,2022-10-17,2022-10-17,2024-10-21,,,,S,EG08,PG03,,Operations
102115,2022-10-19,2022-10-19,A,RPT,P,0.58,65TEC1,TECH,PRMRE,124,170,40,2022-10-19,2022-10-19,2022-10-19,,,,S,EG08,PG02,102836.0,Operations
102115,2024-06-11,2024-06-11,T,RPT,P,0.58,65TEC1,TECH,PRMRE,124,170,40,2022-10-19,2022-10-19,2022-10-19,2024-06-11,101,V,S,EG08,PG02,102836.0,Operations
102116,2022-10-19,2022-10-19,A,RPT,P,0.57,08ACC3,ACCTG,WSTMF,110,230,70,2022-10-19,2022-10-19,2022-10-19,,,,S,EG01,PG03,,Operations
102116,2022-11-02,2022-11-02,A,RPT,P,0.57,95LEG3,LEGAL,WSTMF,110,230,70,2022-10-19,2022-10-19,2022-11-02,,,,S,EG05,PG03,,Operations
102116,2023-08-19,2023-08-19,A,RPT,P,0.57,96LEG4,LEGAL,WSTMF,110,230,70,2022-10-19,2022-10-19,2023-08-19,,,,S,EG10,PG03,,Operations
102117,2022-10-19,2022-10-19,A,RPT,P,0.68,71MKT2,MKTG,WSTMF,107,110,40,2022-10-19,2022-10-19,2022-10-19,,,,H,EG10,PG03,101573.0,Operations
102117,2025-04-30,2025-04-30,T,RPT,P,0.68,71MKT2,MKTG,WSTMF,107,110,40,2022-10-19,2022-10-19,2022-10-19,2025-04-30,205,I,H,EG10,PG03,101573.0,Operations
102118,2022-10-19,2022-10-19,A,RPT,P,0.63,07ACC2,ACCTG,NRTHP,104,80,90,2022-10-19,2022-10-19,2022-10-19,,,,H,EG03,PG05,,Operations
102118,2023-01-09,2023-01-09,T,RPT,P,0.63,07ACC2,ACCTG,NRTHP,104,80,90,2022-10-19,2022-10-19,2022-10-19,2023-01-09,100,V,H,EG03,PG05,,Operations
102119,2022-10-20,2022-10-20,A,RFT,F,1.0,66TEC2,TECH,NRTHP,120,220,30,2022-10-20,2022-10-20,2022-10-20,,,,H,EG04,PG05,,Operations
102119,2024-10-11,2024-10-11,T,RFT,F,1.0,66TEC2,TECH,NRTHP,120,220,30,2022-10-20,2022-10-20,2022-10-20,2024-10-11,100,V,H,EG04,PG05,,Operations
102120,2022-10-20,2022-10-20,A,RFT,F,1.0,41SAL1,SALES,WSTMF,122,250,70,2022-10-20,2022-10-20,2022-10-20,,,,H,EG08,PG03,102017.0,Operations
102120,2023-08-02,2023-08-02,T,RFT,F,1.0,41SAL1,SALES,WSTMF,122,250,70,2022-10-20,2022-10-20,2022-10-20,2023-08-02,205,I,H,EG08,PG03,102017.0,Operations
102121,2022-10-21,2022-10-21,A,CON,F,1.0,34IT2,IT,WSTMF,108,180,80,2022-10-21,2022-10-21,2022-10-21,,,,H,EG08,PG03,100320.0,Operations
102122,2022-10-21,2022-10-21,A,RFT,F,1.0,01ADM1,ADMIN,ALPNC,100,40,60,2022-10-21,2022-10-21,2022-10-21,,,,H,EG05,PG03,102372.0,Operations
102123,2022-10-21,2022-10-21,A,RFT,F,1.0,49OPS2,OPS,NRTHP,112,60,50,2022-10-21,2022-10-21,2022-10-21,,,,H,EG05,PG05,,Operations
102123,2023-06-27,2023-06-27,T,RFT,F,1.0,49OPS2,OPS,NRTHP,112,60,50,2022-10-21,2022-10-21,2022-10-21,2023-06-27,201,I,H,EG05,PG05,,Operations
102124,2022-10-21,2022-10-21,A,RFT,F,1.0,89PRO2,PROJ,NRTHP,120,150,110,2022-10-21,2022-10-21,2022-10-21,,,,H,EG06,PG05,,Operations
102124,2023-04-29,2023-04-29,L,RFT,F,1.0,89PRO2,PROJ,NRTHP,120,150,110,2022-10-21,2022-10-21,2022-10-21,,,,H,EG06,PG05,,Operations
102124,2023-08-24,2023-08-24,A,RFT,F,1.0,89PRO2,PROJ,NRTHP,120,150,110,2022-10-21,2022-10-21,2022-10-21,,,,H,EG06,PG05,,Operations
102125,2022-10-21,2022-10-21,A,RFT,F,1.0,70MKT1,MKTG,PRMRE,102,210,20,2022-10-21,2022-10-21,2022-10-21,,,,H,EG04,PG02,101824.0,Operations
102125,2024-06-23,2024-06-23,T,RFT,F,1.0,70MKT1,MKTG,PRMRE,102,210,20,2022-10-21,2022-10-21,2022-10-21,2024-06-23,102,V,H,EG04,PG02,101824.0,Operations
102126,2022-10-21,2022-10-21,A,RFT,F,1.0,34IT2,IT,NRTHP,118,50,20,2022-10-21,2022-10-21,2022-10-21,,,,S,EG08,PG05,,Operations
102127,2022-10-21,2022-10-21,A,RFT,F,1.0,60WHS1,WHSE,WSTMF,113,170,90,2022-10-21,2022-10-21,2022-10-21,,,,H,EG06,PG03,100750.0,Operations
102128,2022-10-25,2022-10-25,A,RFT,F,1.0,57TRD3,TRD,NRTHP,114,180,60,2022-10-25,2022-10-25,2022-10-25,,,,S,EG02,PG05,,Operations
102129,2022-10-25,2022-10-25,A,RFT,F,1.0,21ENG4,ENGR,NRTHP,101,190,100,2022-10-25,2022-10-25,2022-10-25,,,,S,EG06,PG05,,Operations
102129,2024-06-02,2024-06-02,A,RFT,F,1.0,80ANL4,ANLYT,NRTHP,101,190,100,2022-10-25,2022-10-25,2024-06-02,,,,S,EG05,PG05,,Operations
102130,2022-10-25,2022-10-25,A,RFT,F,1.0,27HR3,HR,WSTMF,100,160,20,2022-10-25,2022-10-25,2022-10-25,,,,S,EG02,PG03,102626.0,Operations
102130,2024-11-27,2024-11-27,A,RFT,F,1.0,28HR4,HR,WSTMF,100,160,20,2022-10-25,2022-10-25,2024-11-27,,,,S,EG08,PG03,102626.0,Operations
102131,2022-10-25,2022-10-25,A,RFT,F,1.0,70MKT1,MKTG,NRTHP,113,50,120,2022-10-25,2022-10-25,2022-10-25,,,,H,EG04,PG05,101008.0,Operations
102131,2024-03-06,2024-03-06,A,RFT,F,1.0,71MKT2,MKTG,NRTHP,113,50,120,2022-10-25,2022-10-25,2024-03-06,,,,H,EG10,PG05,101008.0,Operations
102131,2024-05-08,2024-05-08,A,RFT,F,1.0,26HR2,HR,NRTHP,113,50,120,2022-10-25,2022-10-25,2024-05-08,,,,H,EG03,PG05,101008.0,Operations
102132,2022-10-25,2022-10-25,A,RFT,F,1.0,26HR2,HR,ALPNC,102,20,40,2022-10-25,2022-10-25,2022-10-25,,,,H,EG03,PG03,102972.0,Operations
102132,2024-04-02,2024-04-02,T,RFT,F,1.0,26HR2,HR,ALPNC,102,20,40,2022-10-25,2022-10-25,2022-10-25,2024-04-02,102,V,H,EG03,PG03,102972.0,Operations
102133,2022-10-26,2022-10-26,A,RPT,P,0.47,19ENG2,ENGR,PRMRE,118,120,20,2022-10-26,2022-10-26,2022-10-26,,,,H,EG01,PG02,102476.0,Operations
102133,2023-07-14,2023-07-14,A,RPT,P,0.47,20ENG3,ENGR,PRMRE,118,120,20,2022-10-26,2022-10-26,2023-07-14,,,,H,EG03,PG02,102476.0,Operations
102134,2022-10-28,2022-10-28,A,RFT,F,1.0,95LEG3,LEGAL,NRTHP,117,210,30,2022-10-28,2022-10-28,2022-10-28,,,,S,EG05,PG05,,Operations
102134,2024-03-16,2024-03-16,T,RFT,F,1.0,95LEG3,LEGAL,NRTHP,117,210,30,2022-10-28,2022-10-28,2022-10-28,2024-03-16,202,V,S,EG05,PG05,,Operations
102135,2022-11-02,2022-11-02,A,TAW,F,1.0,08ACC3,ACCTG,NRTHP,124,230,30,2022-11-02,2022-11-02,2022-11-02,,,,S,EG01,PG05,,Operations
102135,2023-05-20,2023-05-20,T,TAW,F,1.0,08ACC3,ACCTG,NRTHP,124,230,30,2022-11-02,2022-11-02,2022-11-02,2023-05-20,201,I,S,EG01,PG05,,Operations
102136,2022-11-02,2022-11-02,A,RFT,F,1.0,62WHS3,WHSE,NRTHP,116,30,40,2022-11-02,2022-11-02,2022-11-02,,,,S,EG01,PG05,,Operations
102137,2022-11-03,2022-11-03,A,RFT,F,1.0,57TRD3,TRD,WSTMF,106,190,120,2022-11-03,2022-11-03,2022-11-03,,,,S,EG02,PG03,,Operations
102137,2023-01-16,2023-01-16,A,RFT,F,1.0,79ANL3,ANLYT,WSTMF,106,190,120,2022-11-03,2022-11-03,2023-01-16,,,,S,EG10,PG03,,Operations
102138,2022-11-03,2022-11-03,A,RFT,F,1.0,34IT2,IT,WSTMF,102,130,110,2022-11-03,2022-11-03,2022-11-03,,,,H,EG08,PG03,102468.0,Operations
102138,2024-02-20,2024-02-20,T,RFT,F,1.0,34IT2,IT,WSTMF,102,130,110,2022-11-03,2022-11-03,2022-11-03,2024-02-20,100,V,H,EG08,PG03,102468.0,Operations
102139,2022-11-07,2022-11-07,A,RFT,F,1.0,28HR4,HR,WSTMF,122,240,90,2022-11-07,2022-11-07,2022-11-07,,,,S,EG08,PG03,,Operations
102139,2024-03-02,2024-03-02,A,RFT,F,1.0,37IT4,IT,WSTMF,122,240,90,2022-11-07,2022-11-07,2024-03-02,,,,S,EG04,PG03,,Operations
102140,2022-11-10,2022-11-10,A,RFT,F,1.0,78ANL2,ANLYT,PRMRE,122,50,90,2022-11-10,2022-11-10,2022-11-10,,,,H,EG04,PG02,101619.0,Operations
102140,2023-10-28,2023-10-28,T,RFT,F,1.0,78ANL2,ANLYT,PRMRE,122,50,90,2022-11-10,2022-11-10,2022-11-10,2023-10-28,101,V,H,EG04,PG02,101619.0,Operations
102141,2022-11-11,2022-11-11,A,RFT,F,1.0,65TEC1,TECH,PRMRE,100,120,120,2022-11-11,2022-11-11,2022-11-11,,,,H,EG08,PG02,102980.0,Operations
102141,2023-11-26,2023-11-26,T,RFT,F,1.0,65TEC1,TECH,PRMRE,100,120,120,2022-11-11,2022-11-11,2022-11-11,2023-11-26,100,V,H,EG08,PG02,102980.0,Operations
102142,2022-11-11,2022-11-11,A,CON,F,1.0,94LEG2,LEGAL,ALPNC,100,30,80,2022-11-11,2022-11-11,2022-11-11,,,,H,EG02,PG03,101389.0,Operations
102142,2024-06-20,2024-06-20,A,CON,F,1.0,89PRO2,PROJ,ALPNC,100,30,80,2022-11-11,2022-11-11,2024-06-20,,,,H,EG06,PG03,101389.0,Operations
102143,2022-11-11,2022-11-11,A,RFT,F,1.0,70MKT1,MKTG,NRTHP,120,180,70,2022-11-11,2022-11-11,2022-11-11,,,,H,EG04,PG05,101748.0,Operations
102143,2023-02-08,2023-02-08,A,RFT,F,1.0,71MKT2,MKTG,NRTHP,120,180,70,2022-11-11,2022-11-11,2023-02-08,,,,H,EG10,PG05,101748.0,Operations
102144,2022-11-15,2022-11-15,A,RFT,F,1.0,89PRO2,PROJ,WSTMF,107,70,110,2022-11-15,2022-11-15,2022-11-15,,,,H,EG06,PG03,,Operations
102144,2024-12-05,2024-12-05,T,RFT,F,1.0,89PRO2,PROJ,WSTMF,107,70,110,2022-11-15,2022-11-15,2022-11-15,2024-12-05,210,I,H,EG06,PG03,,Operations
102145,2022-11-15,2022-11-15,A,RFT,F,1.0,56TRD2,TRD,NRTHP,121,250,110,2022-11-15,2022-11-15,2022-11-15,,,,S,EG02,PG05,100240.0,Operations
102145,2026-01-08,2026-01-08,A,RFT,F,1.0,33IT2,IT,NRTHP,121,250,110,2022-11-15,2022-11-15,2026-01-08,,,,S,EG09,PG05,100240.0,Operations
102146,2022-11-17,2022-11-17,A,RFT,F,1.0,65TEC1,TECH,PRMRE,118,180,90,2022-11-17,2022-11-17,2022-11-17,,,,H,EG08,PG02,101922.0,Operations
102147,2022-11-18,2022-11-18,A,RFT,F,1.0,65TEC1,TECH,NRTHP,122,240,20,2022-11-18,2022-11-18,2022-11-18,,,,S,EG08,PG05,102139.0,Operations
102147,2023-12-12,2023-12-12,T,RFT,F,1.0,65TEC1,TECH,NRTHP,122,240,20,2022-11-18,2022-11-18,2022-11-18,2023-12-12,100,V,S,EG08,PG05,102139.0,Operations
102148,2022-11-18,2022-11-18,A,RPT,P,0.47,25HR1,HR,ALPNC,104,60,100,2022-11-18,2022-11-18,2022-11-18,,,,H,EG10,PG03,101066.0,Operations
102148,2024-02-19,2024-02-19,T,RPT,P,0.47,25HR1,HR,ALPNC,104,60,100,2022-11-18,2022-11-18,2022-11-18,2024-02-19,102,V,H,EG10,PG03,101066.0,Operations
102149,2022-11-18,2022-11-18,A,RFT,F,1.0,94LEG2,LEGAL,NRTHP,102,60,90,2022-11-18,2022-11-18,2022-11-18,,,,S,EG02,PG05,101520.0,Operations
102149,2025-07-25,2025-07-25,T,RFT,F,1.0,94LEG2,LEGAL,NRTHP,102,60,90,2022-11-18,2022-11-18,2022-11-18,2025-07-25,205,I,S,EG02,PG05,101520.0,Operations
102150,2022-11-18,2022-11-18,A,RFT,F,1.0,27HR3,HR,WSTMF,100,240,60,2022-11-18,2022-11-18,2022-11-18,,,,S,EG02,PG03,,Operations
102151,2022-11-18,2022-11-18,A,TAW,F,1.0,03ADM3,ADMIN,WSTMF,102,170,90,2022-11-18,2022-11-18,2022-11-18,,,,S,EG07,PG03,,Operations
102151,2023-05-05,2023-05-05,A,TAW,F,1.0,04ADM4,ADMIN,WSTMF,102,170,90,2022-11-18,2022-11-18,2023-05-05,,,,S,EG06,PG03,,Operations
102151,2023-10-08,2023-10-08,T,TAW,F,1.0,04ADM4,ADMIN,WSTMF,102,170,90,2022-11-18,2022-11-18,2023-05-05,2023-10-08,201,I,S,EG06,PG03,,Operations
102152,2022-11-21,2022-11-21,A,RFT,F,1.0,70MKT1,MKTG,NRTHP,124,50,20,2022-11-21,2022-11-21,2022-11-21,,,,H,EG04,PG05,101154.0,Operations
102152,2024-07-27,2024-07-27,T,RFT,F,1.0,70MKT1,MKTG,NRTHP,124,50,20,2022-11-21,2022-11-21,2022-11-21,2024-07-27,202,V,H,EG04,PG05,101154.0,Operations
102153,2022-11-21,2022-11-21,A,RFT,F,1.0,71MKT2,MKTG,PRMRE,121,180,80,2022-11-21,2022-11-21,2022-11-21,,,,S,EG10,PG02,,Operations
102153,2025-03-08,2025-03-08,T,RFT,F,1.0,71MKT2,MKTG,PRMRE,121,180,80,2022-11-21,2022-11-21,2022-11-21,2025-03-08,100,V,S,EG10,PG02,,Operations
102154,2022-11-24,2022-11-24,A,RFT,F,1.0,02ADM2,ADMIN,ALPNC,116,140,100,2022-11-24,2022-11-24,2022-11-24,,,,S,EG04,PG03,101433.0,Operations
102154,2024-02-29,2024-02-29,A,RFT,F,1.0,03ADM3,ADMIN,ALPNC,116,140,100,2022-11-24,2022-11-24,2024-02-29,,,,S,EG07,PG03,101433.0,Operations
102155,2022-11-25,2022-11-25,A,RFT,F,1.0,63WHS4,WHSE,NRTHP,114,200,120,2022-11-25,2022-11-25,2022-11-25,,,,S,EG10,PG05,,Operations
102155,2024-07-16,2024-07-16,A,RFT,F,1.0,68TEC4,TECH,NRTHP,114,200,120,2022-11-25,2022-11-25,2024-07-16,,,,S,EG06,PG05,,Operations
102156,2022-11-25,2022-11-25,A,RFT,F,1.0,32IT1,IT,PRMRE,123,60,20,2022-11-25,2022-11-25,2022-11-25,,,,H,EG03,PG02,101098.0,Operations
102156,2024-05-05,2024-05-05,A,RFT,F,1.0,33IT2,IT,PRMRE,123,60,20,2022-11-25,2022-11-25,2024-05-05,,,,H,EG09,PG02,101098.0,Operations
102157,2022-11-25,2022-11-25,A,RFT,F,1.0,01ADM1,ADMIN,ALPNC,112,220,90,2022-11-25,2022-11-25,2022-11-25,,,,H,EG05,PG03,102048.0,Operations
102157,2025-06-10,2025-06-10,L,RFT,F,1.0,01ADM1,ADMIN,ALPNC,112,220,90,2022-11-25,2022-11-25,2022-11-25,,,,H,EG05,PG03,102048.0,Operations
102157,2025-06-25,2025-06-25,A,RFT,F,1.0,01ADM1,ADMIN,ALPNC,112,220,90,2022-11-25,2022-11-25,2022-11-25,,,,H,EG05,PG03,102048.0,Operations
102158,2022-11-28,2022-11-28,A,RFT,F,1.0,16CSR4,CSR,PRMRE,124,130,90,2022-11-28,2022-11-28,2022-11-28,,,,S,EG10,PG02,,Operations
102159,2022-11-28,2022-11-28,A,RPT,P,0.65,79ANL3,ANLYT,NRTHP,111,70,10,2022-11-28,2022-11-28,2022-11-28,,,,S,EG10,PG05,100206.0,Operations
102159,2023-07-06,2023-07-06,L,RPT,P,0.65,79ANL3,ANLYT,NRTHP,111,70,10,2022-11-28,2022-11-28,2022-11-28,,,,S,EG10,PG05,100206.0,Operations
102159,2023-12-17,2023-12-17,A,RPT,P,0.65,79ANL3,ANLYT,NRTHP,111,70,10,2022-11-28,2022-11-28,2022-11-28,,,,S,EG10,PG05,100206.0,Operations
102159,2023-10-23,2023-10-23,T,RPT,P,0.65,79ANL3,ANLYT,NRTHP,111,70,10,2022-11-28,2022-11-28,2022-11-28,2023-10-23,202,V,S,EG10,PG05,100206.0,Operations
102160,2022-12-02,2022-12-02,A,RPT,P,0.58,18ENG1,ENGR,ALPNC,119,90,20,2022-12-02,2022-12-02,2022-12-02,,,,S,EG08,PG03,101592.0,Operations
102160,2023-10-15,2023-10-15,T,RPT,P,0.58,18ENG1,ENGR,ALPNC,119,90,20,2022-12-02,2022-12-02,2022-12-02,2023-10-15,103,V,S,EG08,PG03,101592.0,Operations
102161,2022-12-02,2022-12-02,A,RFT,F,1.0,95LEG3,LEGAL,ALPNC,115,180,100,2022-12-02,2022-12-02,2022-12-02,,,,S,EG05,PG03,100860.0,Operations
102162,2022-12-02,2022-12-02,A,RPT,P,0.49,19ENG2,ENGR,WSTMF,100,240,100,2022-12-02,2022-12-02,2022-12-02,,,,H,EG01,PG03,102150.0,Operations
102163,2022-12-02,2022-12-02,A,CON,F,1.0,72MKT3,MKTG,ALPNC,124,50,80,2022-12-02,2022-12-02,2022-12-02,,,,S,EG09,PG03,101154.0,Operations
102164,2022-12-05,2022-12-05,A,RFT,F,1.0,01ADM1,ADMIN,WSTMF,105,170,80,2022-12-05,2022-12-05,2022-12-05,,,,S,EG05,PG03,,Operations
102165,2022-12-06,2022-12-06,A,RFT,F,1.0,41SAL1,SALES,PRMRE,115,10,100,2022-12-06,2022-12-06,2022-12-06,,,,H,EG08,PG02,102784.0,Operations
102166,2022-12-08,2022-12-08,A,RPT,P,0.69,58TRD4,TRD,WSTMF,115,120,20,2022-12-08,2022-12-08,2022-12-08,,,,S,EG05,PG03,,Operations
102167,2022-12-09,2022-12-09,A,RFT,F,1.0,61WHS2,WHSE,ALPNC,112,170,90,2022-12-09,2022-12-09,2022-12-09,,,,H,EG01,PG03,,Operations
102167,2023-07-04,2023-07-04,T,RFT,F,1.0,61WHS2,WHSE,ALPNC,112,170,90,2022-12-09,2022-12-09,2022-12-09,2023-07-04,102,V,H,EG01,PG03,,Operations
102168,2022-12-15,2022-12-15,A,RFT,F,1.0,89PRO2,PROJ,NRTHP,111,140,50,2022-12-15,2022-12-15,2022-12-15,,,,H,EG06,PG05,,Operations
102169,2022-12-16,2022-12-16,A,RFT,F,1.0,41SAL1,SALES,WSTMF,124,100,100,2022-12-16,2022-12-16,2022-12-16,,,,H,EG08,PG03,102781.0,Operations
102169,2024-08-26,2024-08-26,A,RFT,F,1.0,42SAL2,SALES,WSTMF,124,100,100,2022-12-16,2022-12-16,2024-08-26,,,,H,EG10,PG03,102781.0,Operations
102170,2022-12-16,2022-12-16,A,RFT,F,1.0,06ACC1,ACCTG,NRTHP,120,250,10,2022-12-16,2022-12-16,2022-12-16,,,,S,EG09,PG05,,Operations
102170,2024-08-23,2024-08-23,A,RFT,F,1.0,07ACC2,ACCTG,NRTHP,120,250,10,2022-12-16,2022-12-16,2024-08-23,,,,S,EG03,PG05,,Operations
102170,2025-05-27,2025-05-27,T,RFT,F,1.0,07ACC2,ACCTG,NRTHP,120,250,10,2022-12-16,2022-12-16,2024-08-23,2025-05-27,100,V,S,EG03,PG05,,Operations
102171,2022-12-16,2022-12-16,A,RFT,F,1.0,41SAL1,SALES,ALPNC,119,40,30,2022-12-16,2022-12-16,2022-12-16,,,,H,EG08,PG03,,Operations
102171,2024-10-17,2024-10-17,T,RFT,F,1.0,41SAL1,SALES,ALPNC,119,40,30,2022-12-16,2022-12-16,2022-12-16,2024-10-17,100,V,H,EG08,PG03,,Operations
102172,2022-12-21,2022-12-21,A,RPT,P,0.68,37IT4,IT,NRTHP,116,20,80,2022-12-21,2022-12-21,2022-12-21,,,,S,EG04,PG05,,Operations
102172,2026-01-23,2026-01-23,A,RPT,P,0.68,44SAL4,SALES,NRTHP,116,20,80,2022-12-21,2022-12-21,2026-01-23,,,,S,EG09,PG05,,Operations
102173,2022-12-23,2022-12-23,A,RFT,F,1.0,13CSR1,CSR,NRTHP,103,240,70,2022-12-23,2022-12-23,2022-12-23,,,,H,EG01,PG05,,Operations
102173,2023-09-19,2023-09-19,T,RFT,F,1.0,13CSR1,CSR,NRTHP,103,240,70,2022-12-23,2022-12-23,2022-12-23,2023-09-19,100,V,H,EG01,PG05,,Operations
102174,2022-12-23,2022-12-23,A,RFT,F,1.0,33IT2,IT,PRMRE,117,230,90,2022-12-23,2022-12-23,2022-12-23,,,,S,EG09,PG02,,Operations
102174,2023-10-14,2023-10-14,T,RFT,F,1.0,33IT2,IT,PRMRE,117,230,90,2022-12-23,2022-12-23,2022-12-23,2023-10-14,100,V,S,EG09,PG02,,Operations
102175,2022-12-26,2022-12-26,A,RPT,P,0.59,42SAL2,SALES,WSTMF,107,110,70,2022-12-26,2022-12-26,2022-12-26,,,,H,EG10,PG03,101573.0,Operations
102175,2025-08-16,2025-08-16,T,RPT,P,0.59,42SAL2,SALES,WSTMF,107,110,70,2022-12-26,2022-12-26,2022-12-26,2025-08-16,202,V,H,EG10,PG03,101573.0,Operations
102176,2022-12-27,2022-12-27,A,RFT,F,1.0,70MKT1,MKTG,WSTMF,110,60,30,2022-12-27,2022-12-27,2022-12-27,,,,H,EG04,PG03,,Operations
102176,2024-11-20,2024-11-20,T,RFT,F,1.0,70MKT1,MKTG,WSTMF,110,60,30,2022-12-27,2022-12-27,2022-12-27,2024-11-20,103,V,H,EG04,PG03,,Operations
102177,2023-01-02,2023-01-02,A,RFT,F,1.0,57TRD3,TRD,PRMRE,105,210,10,2023-01-02,2023-01-02,2023-01-02,,,,S,EG02,PG02,,Operations
102178,2023-01-03,2023-01-03,A,RFT,F,1.0,77ANL1,ANLYT,ALPNC,124,210,60,2023-01-03,2023-01-03,2023-01-03,,,,H,EG04,PG03,102698.0,Operations
102178,2023-11-09,2023-11-09,A,RFT,F,1.0,06ACC1,ACCTG,ALPNC,124,210,60,2023-01-03,2023-01-03,2023-11-09,,,,H,EG09,PG03,102698.0,Operations
102179,2023-01-04,2023-01-04,A,RFT,F,1.0,01ADM1,ADMIN,ALPNC,115,100,80,2023-01-04,2023-01-04,2023-01-04,,,,H,EG05,PG03,102590.0,Operations
102179,2025-11-28,2025-11-28,A,RFT,F,1.0,60WHS1,WHSE,ALPNC,115,100,80,2023-01-04,2023-01-04,2025-11-28,,,,H,EG06,PG03,102590.0,Operations
102179,2025-12-04,2025-12-04,A,RFT,F,1.0,77ANL1,ANLYT,ALPNC,115,100,80,2023-01-04,2023-01-04,2025-12-04,,,,H,EG04,PG03,102590.0,Operations
102180,2023-01-06,2023-01-06,A,RFT,F,1.0,77ANL1,ANLYT,NRTHP,123,80,10,2023-01-06,2023-01-06,2023-01-06,,,,S,EG04,PG05,,Operations
102181,2023-01-09,2023-01-09,A,RFT,F,1.0,48OPS1,OPS,NRTHP,117,50,60,2023-01-09,2023-01-09,2023-01-09,,,,H,EG03,PG05,,Operations
102182,2023-01-10,2023-01-10,A,RFT,F,1.0,57TRD3,TRD,ALPNC,121,60,120,2023-01-10,2023-01-10,2023-01-10,,,,S,EG02,PG03,102633.0,Operations
102182,2023-04-12,2023-04-12,A,RFT,F,1.0,58TRD4,TRD,ALPNC,121,60,120,2023-01-10,2023-01-10,2023-04-12,,,,S,EG05,PG03,102633.0,Operations
102182,2023-06-15,2023-06-15,L,RFT,F,1.0,58TRD4,TRD,ALPNC,121,60,120,2023-01-10,2023-01-10,2023-04-12,,,,S,EG05,PG03,102633.0,Operations
102182,2023-09-14,2023-09-14,A,RFT,F,1.0,58TRD4,TRD,ALPNC,121,60,120,2023-01-10,2023-01-10,2023-04-12,,,,S,EG05,PG03,102633.0,Operations
102182,2023-12-02,2023-12-02,A,RFT,F,1.0,37IT4,IT,ALPNC,121,60,120,2023-01-10,2023-01-10,2023-12-02,,,,S,EG04,PG03,102633.0,Operations
102183,2023-01-10,2023-01-10,A,RFT,F,1.0,15CSR3,CSR,PRMRE,105,250,50,2023-01-10,2023-01-10,2023-01-10,,,,S,EG10,PG02,,Operations
102183,2024-06-02,2024-06-02,A,RFT,F,1.0,16CSR4,CSR,PRMRE,105,250,50,2023-01-10,2023-01-10,2024-06-02,,,,S,EG10,PG02,,Operations
102184,2023-01-11,2023-01-11,A,RPT,F,0.76,56TRD2,TRD,ALPNC,114,50,40,2023-01-11,2023-01-11,2023-01-11,,,,S,EG02,PG03,,Operations
102184,2023-11-18,2023-11-18,T,RPT,F,0.76,56TRD2,TRD,ALPNC,114,50,40,2023-01-11,2023-01-11,2023-01-11,2023-11-18,202,V,S,EG02,PG03,,Operations
102185,2023-01-11,2023-01-11,A,CON,F,1.0,67TEC3,TECH,NRTHP,114,180,70,2023-01-11,2023-01-11,2023-01-11,,,,S,EG10,PG05,,Operations
102186,2023-01-11,2023-01-11,A,TAW,F,1.0,08ACC3,ACCTG,WSTMF,104,250,40,2023-01-11,2023-01-11,2023-01-11,,,,S,EG01,PG03,,Operations
102186,2024-02-14,2024-02-14,T,TAW,F,1.0,08ACC3,ACCTG,WSTMF,104,250,40,2023-01-11,2023-01-11,2023-01-11,2024-02-14,100,V,S,EG01,PG03,,Operations
102187,2023-01-12,2023-01-12,A,RFT,F,1.0,29HR5,HR,PRMRE,123,220,30,2023-01-12,2023-01-12,2023-01-12,,,,S,EG07,PG02,,Operations
102188,2023-01-12,2023-01-12,A,RPT,P,0.73,67TEC3,TECH,PRMRE,105,170,120,2023-01-12,2023-01-12,2023-01-12,,,,S,EG10,PG02,,Operations
102188,2023-10-22,2023-10-22,T,RPT,P,0.73,67TEC3,TECH,PRMRE,105,170,120,2023-01-12,2023-01-12,2023-01-12,2023-10-22,102,V,S,EG10,PG02,,Operations
102189,2023-01-13,2023-01-13,A,RFT,F,1.0,07ACC2,ACCTG,PRMRE,102,230,100,2023-01-13,2023-01-13,2023-01-13,,,,S,EG03,PG02,102105.0,Operations
102189,2023-02-22,2023-02-22,T,RFT,F,1.0,07ACC2,ACCTG,PRMRE,102,230,100,2023-01-13,2023-01-13,2023-01-13,2023-02-22,100,V,S,EG03,PG02,102105.0,Operations
102190,2023-01-13,2023-01-13,A,RFT,F,1.0,34IT2,IT,WSTMF,106,190,100,2023-01-13,2023-01-13,2023-01-13,,,,S,EG08,PG03,102137.0,Operations
102190,2023-03-31,2023-03-31,T,RFT,F,1.0,34IT2,IT,WSTMF,106,190,100,2023-01-13,2023-01-13,2023-01-13,2023-03-31,202,V,S,EG08,PG03,102137.0,Operations
102191,2023-01-13,2023-01-13,A,RFT,F,1.0,72MKT3,MKTG,ALPNC,111,250,30,2023-01-13,2023-01-13,2023-01-13,,,,S,EG09,PG03,,Operations
102192,2023-01-13,2023-01-13,A,RFT,F,1.0,13CSR1,CSR,ALPNC,102,230,120,2023-01-13,2023-01-13,2023-01-13,,,,H,EG01,PG03,102105.0,Operations
102192,2023-02-18,2023-02-18,A,RFT,F,1.0,14CSR2,CSR,ALPNC,102,230,120,2023-01-13,2023-01-13,2023-02-18,,,,H,EG06,PG03,102105.0,Operations
102192,2024-09-14,2024-09-14,A,RFT,F,1.0,49OPS2,OPS,ALPNC,102,230,120,2023-01-13,2023-01-13,2024-09-14,,,,H,EG05,PG03,102105.0,Operations
102192,2025-02-04,2025-02-04,T,RFT,F,1.0,49OPS2,OPS,ALPNC,102,230,120,2023-01-13,2023-01-13,2024-09-14,2025-02-04,100,V,H,EG05,PG03,102105.0,Operations
102193,2023-01-17,2023-01-17,A,RFT,F,1.0,06ACC1,ACCTG,WSTMF,106,230,120,2023-01-17,2023-01-17,2023-01-17,,,,H,EG09,PG03,102452.0,Operations
102194,2023-01-17,2023-01-17,A,RFT,F,1.0,77ANL1,ANLYT,NRTHP,114,100,10,2023-01-17,2023-01-17,2023-01-17,,,,H,EG04,PG05,100841.0,Operations
102195,2023-01-18,2023-01-18,A,CON,F,1.0,49OPS2,OPS,WSTMF,104,180,120,2023-01-18,2023-01-18,2023-01-18,,,,H,EG05,PG03,102929.0,Operations
102195,2023-07-31,2023-07-31,A,CON,F,1.0,07ACC2,ACCTG,WSTMF,104,180,120,2023-01-18,2023-01-18,2023-07-31,,,,H,EG03,PG03,102929.0,Operations
102195,2024-11-13,2024-11-13,A,CON,F,1.0,66TEC2,TECH,WSTMF,104,180,120,2023-01-18,2023-01-18,2024-11-13,,,,H,EG04,PG03,102929.0,Operations
102196,2023-01-20,2023-01-20,A,RPT,P,0.44,36IT3,IT,PRMRE,102,10,110,2023-01-20,2023-01-20,2023-01-20,,,,S,EG07,PG02,102485.0,Operations
102196,2023-05-05,2023-05-05,A,RPT,P,0.44,37IT4,IT,PRMRE,102,10,110,2023-01-20,2023-01-20,2023-05-05,,,,S,EG04,PG02,102485.0,Operations
102197,2023-01-20,2023-01-20,A,RFT,F,1.0,48OPS1,OPS,PRMRE,121,170,60,2023-01-20,2023-01-20,2023-01-20,,,,H,EG03,PG02,100093.0,Operations
102197,2025-08-24,2025-08-24,A,RFT,F,1.0,49OPS2,OPS,PRMRE,121,170,60,2023-01-20,2023-01-20,2025-08-24,,,,H,EG05,PG02,100093.0,Operations
102198,2023-01-20,2023-01-20,A,RFT,F,1.0,32IT1,IT,PRMRE,121,20,30,2023-01-20,2023-01-20,2023-01-20,,,,H,EG03,PG02,100758.0,Operations
102198,2023-02-16,2023-02-16,A,RFT,F,1.0,34IT2,IT,PRMRE,121,20,30,2023-01-20,2023-01-20,2023-02-16,,,,H,EG08,PG02,100758.0,Operations
102198,2025-10-23,2025-10-23,A,RFT,F,1.0,94LEG2,LEGAL,PRMRE,121,20,30,2023-01-20,2023-01-20,2025-10-23,,,,H,EG02,PG02,100758.0,Operations
102199,2023-01-20,2023-01-20,A,CON,F,1.0,59TRD5,TRD,PRMRE,100,80,40,2023-01-20,2023-01-20,2023-01-20,,,,S,EG10,PG02,,Operations
102199,2025-10-05,2025-10-05,T,CON,F,1.0,59TRD5,TRD,PRMRE,100,80,40,2023-01-20,2023-01-20,2023-01-20,2025-10-05,100,V,S,EG10,PG02,,Operations
102200,2023-01-20,2023-01-20,A,RFT,F,1.0,48OPS1,OPS,ALPNC,119,90,100,2023-01-20,2023-01-20,2023-01-20,,,,S,EG03,PG03,101592.0,Operations
102200,2023-07-03,2023-07-03,T,RFT,F,1.0,48OPS1,OPS,ALPNC,119,90,100,2023-01-20,2023-01-20,2023-01-20,2023-07-03,100,V,S,EG03,PG03,101592.0,Operations
102201,2023-01-20,2023-01-20,A,RFT,F,1.0,69TEC5,TECH,WSTMF,100,250,110,2023-01-20,2023-01-20,2023-01-20,,,,S,EG02,PG03,,Operations
102201,2023-02-15,2023-02-15,A,RFT,F,1.0,39IT6,IT,WSTMF,100,250,110,2023-01-20,2023-01-20,2023-02-15,,,,S,EG03,PG03,,Operations
102201,2025-05-15,2025-05-15,A,RFT,F,1.0,11ACC6,ACCTG,WSTMF,100,250,110,2023-01-20,2023-01-20,2025-05-15,,,,S,EG08,PG03,,Operations
102202,2023-01-20,2023-01-20,A,RFT,F,1.0,06ACC1,ACCTG,ALPNC,121,160,30,2023-01-20,2023-01-20,2023-01-20,,,,H,EG09,PG03,101494.0,Operations
102202,2023-09-16,2023-09-16,T,RFT,F,1.0,06ACC1,ACCTG,ALPNC,121,160,30,2023-01-20,2023-01-20,2023-01-20,2023-09-16,101,V,H,EG09,PG03,101494.0,Operations
102203,2023-01-20,2023-01-20,A,RPT,P,0.69,36IT3,IT,NRTHP,119,140,70,2023-01-20,2023-01-20,2023-01-20,,,,S,EG07,PG05,102516.0,Operations
102203,2025-06-18,2025-06-18,T,RPT,P,0.69,36IT3,IT,NRTHP,119,140,70,2023-01-20,2023-01-20,2023-01-20,2025-06-18,102,V,S,EG07,PG05,102516.0,Operations
102204,2023-01-24,2023-01-24,A,RFT,F,1.0,56TRD2,TRD,PRMRE,100,230,90,2023-01-24,2023-01-24,2023-01-24,,,,H,EG02,PG02,102585.0,Operations
102205,2023-01-25,2023-01-25,A,RPT,P,0.51,67TEC3,TECH,NRTHP,113,240,60,2023-01-25,2023-01-25,2023-01-25,,,,S,EG10,PG05,,Operations
102205,2023-07-07,2023-07-07,L,RPT,P,0.51,67TEC3,TECH,NRTHP,113,240,60,2023-01-25,2023-01-25,2023-01-25,,,,S,EG10,PG05,,Operations
102205,2023-10-20,2023-10-20,A,RPT,P,0.51,67TEC3,TECH,NRTHP,113,240,60,2023-01-25,2023-01-25,2023-01-25,,,,S,EG10,PG05,,Operations
102206,2023-01-26,2023-01-26,A,RFT,F,1.0,70MKT1,MKTG,WSTMF,113,240,120,2023-01-26,2023-01-26,2023-01-26,,,,H,EG04,PG03,102205.0,Operations
102206,2023-10-17,2023-10-17,T,RFT,F,1.0,70MKT1,MKTG,WSTMF,113,240,120,2023-01-26,2023-01-26,2023-01-26,2023-10-17,202,V,H,EG04,PG03,102205.0,Operations
102207,2023-01-27,2023-01-27,A,RPT,F,0.75,60WHS1,WHSE,WSTMF,110,60,50,2023-01-27,2023-01-27,2023-01-27,,,,S,EG06,PG03,,Operations
102207,2023-06-30,2023-06-30,A,RPT,F,0.75,77ANL1,ANLYT,WSTMF,110,60,50,2023-01-27,2023-01-27,2023-06-30,,,,S,EG04,PG03,,Operations
102207,2024-01-07,2024-01-07,T,RPT,F,0.75,77ANL1,ANLYT,WSTMF,110,60,50,2023-01-27,2023-01-27,2023-06-30,2024-01-07,100,V,S,EG04,PG03,,Operations
102208,2023-01-27,2023-01-27,A,RFT,F,1.0,34IT2,IT,PRMRE,121,130,40,2023-01-27,2023-01-27,2023-01-27,,,,H,EG08,PG02,,Operations
102208,2024-01-05,2024-01-05,A,RFT,F,1.0,36IT3,IT,PRMRE,121,130,40,2023-01-27,2023-01-27,2024-01-05,,,,H,EG07,PG02,,Operations
102209,2023-02-03,2023-02-03,A,RFT,F,1.0,18ENG1,ENGR,WSTMF,111,220,120,2023-02-03,2023-02-03,2023-02-03,,,,H,EG08,PG03,101356.0,Operations
102209,2024-03-13,2024-03-13,T,RFT,F,1.0,18ENG1,ENGR,WSTMF,111,220,120,2023-02-03,2023-02-03,2023-02-03,2024-03-13,200,I,H,EG08,PG03,101356.0,Operations
102210,2023-02-03,2023-02-03,A,RFT,F,1.0,55TRD1,TRD,NRTHP,111,150,20,2023-02-03,2023-02-03,2023-02-03,,,,H,EG04,PG05,100071.0,Operations
102211,2023-02-03,2023-02-03,A,RFT,F,1.0,34IT2,IT,ALPNC,114,250,90,2023-02-03,2023-02-03,2023-02-03,,,,H,EG08,PG03,101474.0,Operations
102211,2023-08-13,2023-08-13,T,RFT,F,1.0,34IT2,IT,ALPNC,114,250,90,2023-02-03,2023-02-03,2023-02-03,2023-08-13,101,V,H,EG08,PG03,101474.0,Operations
102212,2023-02-03,2023-02-03,A,RFT,F,1.0,67TEC3,TECH,NRTHP,114,110,80,2023-02-03,2023-02-03,2023-02-03,,,,S,EG10,PG05,,Operations
102212,2025-05-11,2025-05-11,A,RFT,F,1.0,68TEC4,TECH,NRTHP,114,110,80,2023-02-03,2023-02-03,2025-05-11,,,,S,EG06,PG05,,Operations
102213,2023-02-03,2023-02-03,A,CON,F,1.0,89PRO2,PROJ,PRMRE,100,190,40,2023-02-03,2023-02-03,2023-02-03,,,,H,EG06,PG02,102532.0,Operations
102213,2025-08-12,2025-08-12,L,CON,F,1.0,89PRO2,PROJ,PRMRE,100,190,40,2023-02-03,2023-02-03,2023-02-03,,,,H,EG06,PG02,102532.0,Operations
102213,2025-12-12,2025-12-12,A,CON,F,1.0,89PRO2,PROJ,PRMRE,100,190,40,2023-02-03,2023-02-03,2023-02-03,,,,H,EG06,PG02,102532.0,Operations
102214,2023-02-10,2023-02-10,A,RPT,P,0.57,70MKT1,MKTG,ALPNC,100,120,70,2023-02-10,2023-02-10,2023-02-10,,,,S,EG04,PG03,102980.0,Operations
102214,2024-01-30,2024-01-30,A,RPT,P,0.57,71MKT2,MKTG,ALPNC,100,120,70,2023-02-10,2023-02-10,2024-01-30,,,,S,EG10,PG03,102980.0,Operations
102215,2023-02-10,2023-02-10,A,RFT,F,1.0,06ACC1,ACCTG,ALPNC,112,110,30,2023-02-10,2023-02-10,2023-02-10,,,,H,EG09,PG03,,Operations
102216,2023-02-10,2023-02-10,A,RFT,F,1.0,34IT2,IT,WSTMF,105,140,10,2023-02-10,2023-02-10,2023-02-10,,,,H,EG08,PG03,101279.0,Operations
102216,2023-04-16,2023-04-16,L,RFT,F,1.0,34IT2,IT,WSTMF,105,140,10,2023-02-10,2023-02-10,2023-02-10,,,,H,EG08,PG03,101279.0,Operations
102216,2023-06-06,2023-06-06,A,RFT,F,1.0,34IT2,IT,WSTMF,105,140,10,2023-02-10,2023-02-10,2023-02-10,,,,H,EG08,PG03,101279.0,Operations
102216,2025-01-17,2025-01-17,A,RFT,F,1.0,35IT3,IT,WSTMF,105,140,10,2023-02-10,2023-02-10,2025-01-17,,,,H,EG08,PG03,101279.0,Operations
102217,2023-02-10,2023-02-10,A,RFT,F,1.0,05ACC1,ACCTG,WSTMF,118,130,50,2023-02-10,2023-02-10,2023-02-10,,,,H,EG05,PG03,100080.0,Operations
102218,2023-02-10,2023-02-10,A,RPT,P,0.49,90PRO3,PROJ,PRMRE,122,140,10,2023-02-10,2023-02-10,2023-02-10,,,,S,EG04,PG02,,Operations
102219,2023-02-13,2023-02-13,A,RFT,F,1.0,01ADM1,ADMIN,NRTHP,102,110,10,2023-02-13,2023-02-13,2023-02-13,,,,H,EG05,PG05,100283.0,Operations
102220,2023-02-13,2023-02-13,A,RFT,F,1.0,35IT3,IT,WSTMF,122,30,40,2023-02-13,2023-02-13,2023-02-13,,,,S,EG08,PG03,,Operations
102220,2023-11-17,2023-11-17,A,RFT,F,1.0,37IT4,IT,WSTMF,122,30,40,2023-02-13,2023-02-13,2023-11-17,,,,S,EG04,PG03,,Operations
102221,2023-02-17,2023-02-17,A,RFT,F,1.0,01ADM1,ADMIN,WSTMF,102,70,30,2023-02-17,2023-02-17,2023-02-17,,,,S,EG05,PG03,102708.0,Operations
102221,2024-07-23,2024-07-23,A,RFT,F,1.0,02ADM2,ADMIN,WSTMF,102,70,30,2023-02-17,2023-02-17,2024-07-23,,,,S,EG04,PG03,102708.0,Operations
102221,2025-03-08,2025-03-08,T,RFT,F,1.0,02ADM2,ADMIN,WSTMF,102,70,30,2023-02-17,2023-02-17,2024-07-23,2025-03-08,202,V,S,EG04,PG03,102708.0,Operations
102222,2023-02-17,2023-02-17,A,RFT,F,1.0,44SAL4,SALES,NRTHP,112,90,10,2023-02-17,2023-02-17,2023-02-17,,,,S,EG09,PG05,100633.0,Operations
102223,2023-02-20,2023-02-20,A,RFT,F,1.0,78ANL2,ANLYT,NRTHP,111,10,120,2023-02-20,2023-02-20,2023-02-20,,,,H,EG04,PG05,101010.0,Operations
102223,2023-03-03,2023-03-03,A,RFT,F,1.0,79ANL3,ANLYT,NRTHP,111,10,120,2023-02-20,2023-02-20,2023-03-03,,,,H,EG10,PG05,101010.0,Operations
102223,2024-04-25,2024-04-25,T,RFT,F,1.0,79ANL3,ANLYT,NRTHP,111,10,120,2023-02-20,2023-02-20,2023-03-03,2024-04-25,210,I,H,EG10,PG05,101010.0,Operations
102224,2023-02-21,2023-02-21,A,RPT,P,0.66,05ACC1,ACCTG,NRTHP,111,170,10,2023-02-21,2023-02-21,2023-02-21,,,,H,EG05,PG05,100861.0,Operations
102225,2023-02-21,2023-02-21,A,RPT,F,0.75,56TRD2,TRD,ALPNC,115,90,30,2023-02-21,2023-02-21,2023-02-21,,,,S,EG02,PG03,102088.0,Operations
102225,2023-03-06,2023-03-06,A,RPT,F,0.75,57TRD3,TRD,ALPNC,115,90,30,2023-02-21,2023-02-21,2023-03-06,,,,S,EG02,PG03,102088.0,Operations
102225,2024-05-27,2024-05-27,L,RPT,F,0.75,57TRD3,TRD,ALPNC,115,90,30,2023-02-21,2023-02-21,2023-03-06,,,,S,EG02,PG03,102088.0,Operations
102225,2024-09-20,2024-09-20,A,RPT,F,0.75,57TRD3,TRD,ALPNC,115,90,30,2023-02-21,2023-02-21,2023-03-06,,,,S,EG02,PG03,102088.0,Operations
102225,2024-07-20,2024-07-20,A,RPT,F,0.75,58TRD4,TRD,ALPNC,115,90,30,2023-02-21,2023-02-21,2024-07-20,,,,S,EG05,PG03,102088.0,Operations
102226,2023-02-22,2023-02-22,A,RFT,F,1.0,71MKT2,MKTG,NRTHP,119,20,120,2023-02-22,2023-02-22,2023-02-22,,,,H,EG10,PG05,101102.0,Operations
102227,2023-02-22,2023-02-22,A,TAW,F,1.0,13CSR1,CSR,WSTMF,107,130,110,2023-02-22,2023-02-22,2023-02-22,,,,S,EG01,PG03,,Operations
102227,2024-09-05,2024-09-05,T,TAW,F,1.0,13CSR1,CSR,WSTMF,107,130,110,2023-02-22,2023-02-22,2023-02-22,2024-09-05,101,V,S,EG01,PG03,,Operations
102228,2023-02-22,2023-02-22,A,RFT,F,1.0,02ADM2,ADMIN,WSTMF,111,130,70,2023-02-22,2023-02-22,2023-02-22,,,,H,EG04,PG03,100890.0,Operations
102228,2023-05-23,2023-05-23,A,RFT,F,1.0,03ADM3,ADMIN,WSTMF,111,130,70,2023-02-22,2023-02-22,2023-05-23,,,,H,EG07,PG03,100890.0,Operations
102229,2023-02-23,2023-02-23,A,CON,F,1.0,71MKT2,MKTG,ALPNC,100,80,30,2023-02-23,2023-02-23,2023-02-23,,,,H,EG10,PG03,100205.0,Operations
102229,2023-09-24,2023-09-24,T,CON,F,1.0,71MKT2,MKTG,ALPNC,100,80,30,2023-02-23,2023-02-23,2023-02-23,2023-09-24,100,V,H,EG10,PG03,100205.0,Operations
102230,2023-02-23,2023-02-23,A,RFT,F,1.0,08ACC3,ACCTG,WSTMF,122,170,60,2023-02-23,2023-02-23,2023-02-23,,,,S,EG01,PG03,100623.0,Operations
102230,2023-08-20,2023-08-20,T,RFT,F,1.0,08ACC3,ACCTG,WSTMF,122,170,60,2023-02-23,2023-02-23,2023-02-23,2023-08-20,205,I,S,EG01,PG03,100623.0,Operations
102231,2023-02-23,2023-02-23,A,RFT,F,1.0,94LEG2,LEGAL,PRMRE,121,150,90,2023-02-23,2023-02-23,2023-02-23,,,,S,EG02,PG02,101583.0,Operations
102231,2024-12-09,2024-12-09,A,RFT,F,1.0,95LEG3,LEGAL,PRMRE,121,150,90,2023-02-23,2023-02-23,2024-12-09,,,,S,EG05,PG02,101583.0,Operations
102231,2025-03-29,2025-03-29,A,RFT,F,1.0,96LEG4,LEGAL,PRMRE,121,150,90,2023-02-23,2023-02-23,2025-03-29,,,,S,EG10,PG02,101583.0,Operations
102231,2025-06-03,2025-06-03,T,RFT,F,1.0,96LEG4,LEGAL,PRMRE,121,150,90,2023-02-23,2023-02-23,2025-03-29,2025-06-03,200,I,S,EG10,PG02,101583.0,Operations
102232,2023-02-24,2023-02-24,A,RFT,F,1.0,60WHS1,WHSE,NRTHP,101,140,50,2023-02-24,2023-02-24,2023-02-24,,,,H,EG06,PG05,,Operations
102232,2023-12-03,2023-12-03,T,RFT,F,1.0,60WHS1,WHSE,NRTHP,101,140,50,2023-02-24,2023-02-24,2023-02-24,2023-12-03,202,V,H,EG06,PG05,,Operations
102233,2023-02-27,2023-02-27,A,RPT,P,0.6,70MKT1,MKTG,NRTHP,111,30,100,2023-02-27,2023-02-27,2023-02-27,,,,H,EG04,PG05,101516.0,Operations
102234,2023-02-27,2023-02-27,A,RPT,P,0.43,41SAL1,SALES,WSTMF,107,50,90,2023-02-27,2023-02-27,2023-02-27,,,,H,EG08,PG03,,Operations
102235,2023-03-01,2023-03-01,A,RFT,F,1.0,49OPS2,OPS,NRTHP,120,170,90,2023-03-01,2023-03-01,2023-03-01,,,,H,EG05,PG05,101536.0,Operations
102235,2023-10-13,2023-10-13,L,RFT,F,1.0,49OPS2,OPS,NRTHP,120,170,90,2023-03-01,2023-03-01,2023-03-01,,,,H,EG05,PG05,101536.0,Operations
102235,2024-03-18,2024-03-18,A,RFT,F,1.0,49OPS2,OPS,NRTHP,120,170,90,2023-03-01,2023-03-01,2023-03-01,,,,H,EG05,PG05,101536.0,Operations
102236,2023-03-02,2023-03-02,A,RFT,F,1.0,48OPS1,OPS,NRTHP,103,30,70,2023-03-02,2023-03-02,2023-03-02,,,,S,EG03,PG05,100420.0,Operations
102236,2025-10-31,2025-10-31,T,RFT,F,1.0,48OPS1,OPS,NRTHP,103,30,70,2023-03-02,2023-03-02,2023-03-02,2025-10-31,100,V,S,EG03,PG05,100420.0,Operations
102237,2023-03-03,2023-03-03,A,RFT,F,1.0,34IT2,IT,NRTHP,112,170,40,2023-03-03,2023-03-03,2023-03-03,,,,H,EG08,PG05,,Operations
102238,2023-03-03,2023-03-03,A,RFT,F,1.0,70MKT1,MKTG,NRTHP,104,220,20,2023-03-03,2023-03-03,2023-03-03,,,,S,EG04,PG05,,Operations
102238,2024-02-14,2024-02-14,T,RFT,F,1.0,70MKT1,MKTG,NRTHP,104,220,20,2023-03-03,2023-03-03,2023-03-03,2024-02-14,206,I,S,EG04,PG05,,Operations
102239,2023-03-03,2023-03-03,A,RFT,F,1.0,27HR3,HR,NRTHP,104,230,70,2023-03-03,2023-03-03,2023-03-03,,,,S,EG02,PG05,,Operations
102239,2025-04-11,2025-04-11,T,RFT,F,1.0,27HR3,HR,NRTHP,104,230,70,2023-03-03,2023-03-03,2023-03-03,2025-04-11,100,V,S,EG02,PG05,,Operations
102240,2023-03-03,2023-03-03,A,RPT,P,0.54,81ANL5,ANLYT,WSTMF,106,240,40,2023-03-03,2023-03-03,2023-03-03,,,,S,EG01,PG03,,Operations
102240,2025-01-03,2025-01-03,A,RPT,P,0.54,82ANL6,ANLYT,WSTMF,106,240,40,2023-03-03,2023-03-03,2025-01-03,,,,S,EG10,PG03,,Operations
102241,2023-03-03,2023-03-03,A,RFT,F,1.0,72MKT3,MKTG,NRTHP,121,20,70,2023-03-03,2023-03-03,2023-03-03,,,,S,EG09,PG05,100758.0,Operations
102242,2023-03-03,2023-03-03,A,CON,F,1.0,67TEC3,TECH,ALPNC,119,110,20,2023-03-03,2023-03-03,2023-03-03,,,,S,EG10,PG03,100788.0,Operations
102243,2023-03-03,2023-03-03,A,RFT,F,1.0,70MKT1,MKTG,ALPNC,121,140,10,2023-03-03,2023-03-03,2023-03-03,,,,S,EG04,PG03,101613.0,Operations
102243,2023-10-18,2023-10-18,A,RFT,F,1.0,55TRD1,TRD,ALPNC,121,140,10,2023-03-03,2023-03-03,2023-10-18,,,,S,EG04,PG03,101613.0,Operations
102243,2025-03-15,2025-03-15,A,RFT,F,1.0,56TRD2,TRD,ALPNC,121,140,10,2023-03-03,2023-03-03,2025-03-15,,,,S,EG02,PG03,101613.0,Operations
102244,2023-03-06,2023-03-06,A,RFT,F,1.0,01ADM1,ADMIN,WSTMF,104,50,20,2023-03-06,2023-03-06,2023-03-06,,,,H,EG05,PG03,102316.0,Operations
102245,2023-03-06,2023-03-06,A,RFT,F,1.0,62WHS3,WHSE,PRMRE,117,140,120,2023-03-06,2023-03-06,2023-03-06,,,,S,EG01,PG02,,Operations
102245,2023-09-07,2023-09-07,A,RFT,F,1.0,57TRD3,TRD,PRMRE,117,140,120,2023-03-06,2023-03-06,2023-09-07,,,,S,EG02,PG02,,Operations
102246,2023-03-06,2023-03-06,A,RFT,F,1.0,13CSR1,CSR,ALPNC,124,150,60,2023-03-06,2023-03-06,2023-03-06,,,,H,EG01,PG03,,Operations
102246,2023-11-26,2023-11-26,T,RFT,F,1.0,13CSR1,CSR,ALPNC,124,150,60,2023-03-06,2023-03-06,2023-03-06,2023-11-26,210,I,H,EG01,PG03,,Operations
102247,2023-03-07,2023-03-07,A,RFT,F,1.0,55TRD1,TRD,NRTHP,101,80,20,2023-03-07,2023-03-07,2023-03-07,,,,H,EG04,PG05,,Operations
102247,2023-10-18,2023-10-18,A,RFT,F,1.0,01ADM1,ADMIN,NRTHP,101,80,20,2023-03-07,2023-03-07,2023-10-18,,,,H,EG05,PG05,,Operations
102247,2024-08-03,2024-08-03,T,RFT,F,1.0,01ADM1,ADMIN,NRTHP,101,80,20,2023-03-07,2023-03-07,2023-10-18,2024-08-03,100,V,H,EG05,PG05,,Operations
102248,2023-03-07,2023-03-07,A,RFT,F,1.0,06ACC1,ACCTG,WSTMF,111,130,110,2023-03-07,2023-03-07,2023-03-07,,,,H,EG09,PG03,100890.0,Operations
102249,2023-03-08,2023-03-08,A,RFT,F,1.0,49OPS2,OPS,WSTMF,100,230,120,2023-03-08,2023-03-08,2023-03-08,,,,H,EG05,PG03,102585.0,Operations
102249,2023-11-05,2023-11-05,A,RFT,F,1.0,50OPS3,OPS,WSTMF,100,230,120,2023-03-08,2023-03-08,2023-11-05,,,,H,EG06,PG03,102585.0,Operations
102249,2024-02-26,2024-02-26,T,RFT,F,1.0,50OPS3,OPS,WSTMF,100,230,120,2023-03-08,2023-03-08,2023-11-05,2024-02-26,103,V,H,EG06,PG03,102585.0,Operations
102250,2023-03-10,2023-03-10,A,TAW,F,1.0,55TRD1,TRD,PRMRE,123,190,30,2023-03-10,2023-03-10,2023-03-10,,,,H,EG04,PG02,102767.0,Operations
102250,2026-01-06,2026-01-06,T,TAW,F,1.0,55TRD1,TRD,PRMRE,123,190,30,2023-03-10,2023-03-10,2023-03-10,2026-01-06,201,I,H,EG04,PG02,102767.0,Operations
102251,2023-03-10,2023-03-10,A,RFT,F,1.0,48OPS1,OPS,PRMRE,115,240,40,2023-03-10,2023-03-10,2023-03-10,,,,H,EG03,PG02,102901.0,Operations
102252,2023-03-10,2023-03-10,A,CON,F,1.0,25HR1,HR,NRTHP,103,70,30,2023-03-10,2023-03-10,2023-03-10,,,,H,EG10,PG05,,Operations
102253,2023-03-10,2023-03-10,A,RFT,F,1.0,25HR1,HR,ALPNC,111,210,110,2023-03-10,2023-03-10,2023-03-10,,,,H,EG10,PG03,100142.0,Operations
102254,2023-03-10,2023-03-10,A,RFT,F,1.0,42SAL2,SALES,PRMRE,116,140,10,2023-03-10,2023-03-10,2023-03-10,,,,H,EG10,PG02,101433.0,Operations
102254,2024-10-09,2024-10-09,A,RFT,F,1.0,66TEC2,TECH,PRMRE,116,140,10,2023-03-10,2023-03-10,2024-10-09,,,,H,EG04,PG02,101433.0,Operations
102255,2023-03-10,2023-03-10,A,RFT,F,1.0,05ACC1,ACCTG,ALPNC,112,180,60,2023-03-10,2023-03-10,2023-03-10,,,,S,EG05,PG03,101730.0,Operations
102255,2024-01-03,2024-01-03,T,RFT,F,1.0,05ACC1,ACCTG,ALPNC,112,180,60,2023-03-10,2023-03-10,2023-03-10,2024-01-03,100,V,S,EG05,PG03,101730.0,Operations
102256,2023-03-13,2023-03-13,A,RFT,F,1.0,41SAL1,SALES,ALPNC,119,160,120,2023-03-13,2023-03-13,2023-03-13,,,,S,EG08,PG03,102515.0,Operations
102257,2023-03-14,2023-03-14,A,TFT,F,1.0,63WHS4,WHSE,NRTHP,119,70,70,2023-03-14,2023-03-14,2023-03-14,,,,S,EG10,PG05,,Operations
102257,2023-09-02,2023-09-02,L,TFT,F,1.0,63WHS4,WHSE,NRTHP,119,70,70,2023-03-14,2023-03-14,2023-03-14,,,,S,EG10,PG05,,Operations
102257,2023-10-24,2023-10-24,A,TFT,F,1.0,63WHS4,WHSE,NRTHP,119,70,70,2023-03-14,2023-03-14,2023-03-14,,,,S,EG10,PG05,,Operations
102258,2023-03-16,2023-03-16,A,RFT,F,1.0,65TEC1,TECH,ALPNC,119,140,40,2023-03-16,2023-03-16,2023-03-16,,,,S,EG08,PG03,102516.0,Operations
102258,2024-04-20,2024-04-20,T,RFT,F,1.0,65TEC1,TECH,ALPNC,119,140,40,2023-03-16,2023-03-16,2023-03-16,2024-04-20,101,V,S,EG08,PG03,102516.0,Operations
102259,2023-03-17,2023-03-17,A,RPT,P,0.54,95LEG3,LEGAL,ALPNC,121,40,20,2023-03-17,2023-03-17,2023-03-17,,,,S,EG05,PG03,,Operations
102260,2023-03-17,2023-03-17,A,CON,F,1.0,65TEC1,TECH,ALPNC,119,130,10,2023-03-17,2023-03-17,2023-03-17,,,,H,EG08,PG03,,Operations
102261,2023-03-17,2023-03-17,A,RFT,F,1.0,80ANL4,ANLYT,NRTHP,111,120,50,2023-03-17,2023-03-17,2023-03-17,,,,S,EG05,PG05,,Operations
102261,2024-03-07,2024-03-07,T,RFT,F,1.0,80ANL4,ANLYT,NRTHP,111,120,50,2023-03-17,2023-03-17,2023-03-17,2024-03-07,200,I,S,EG05,PG05,,Operations
102262,2023-03-17,2023-03-17,A,RPT,P,0.55,90PRO3,PROJ,ALPNC,102,40,70,2023-03-17,2023-03-17,2023-03-17,,,,S,EG04,PG03,,Operations
102263,2023-03-17,2023-03-17,A,CON,F,1.0,65TEC1,TECH,PRMRE,124,120,100,2023-03-17,2023-03-17,2023-03-17,,,,H,EG08,PG02,101806.0,Operations
102263,2025-08-10,2025-08-10,T,CON,F,1.0,65TEC1,TECH,PRMRE,124,120,100,2023-03-17,2023-03-17,2023-03-17,2025-08-10,100,V,H,EG08,PG02,101806.0,Operations
102264,2023-03-20,2023-03-20,A,RFT,F,1.0,72MKT3,MKTG,WSTMF,104,160,50,2023-03-20,2023-03-20,2023-03-20,,,,S,EG09,PG03,,Operations
102264,2025-01-29,2025-01-29,T,RFT,F,1.0,72MKT3,MKTG,WSTMF,104,160,50,2023-03-20,2023-03-20,2023-03-20,2025-01-29,102,V,S,EG09,PG03,,Operations
102265,2023-03-20,2023-03-20,A,RPT,F,0.8,94LEG2,LEGAL,NRTHP,102,100,30,2023-03-20,2023-03-20,2023-03-20,,,,S,EG02,PG05,100763.0,Operations
102266,2023-03-21,2023-03-21,A,RFT,F,1.0,90PRO3,PROJ,WSTMF,100,40,30,2023-03-21,2023-03-21,2023-03-21,,,,S,EG04,PG03,102372.0,Operations
102266,2026-01-06,2026-01-06,A,RFT,F,1.0,91PRO4,PROJ,WSTMF,100,40,30,2023-03-21,2023-03-21,2026-01-06,,,,S,EG02,PG03,102372.0,Operations
102267,2023-03-22,2023-03-22,A,RFT,F,1.0,21ENG4,ENGR,ALPNC,116,90,90,2023-03-22,2023-03-22,2023-03-22,,,,S,EG06,PG03,,Operations
102268,2023-03-22,2023-03-22,A,RPT,P,0.55,04ADM4,ADMIN,WSTMF,122,130,10,2023-03-22,2023-03-22,2023-03-22,,,,S,EG06,PG03,,Operations
102268,2024-10-15,2024-10-15,A,RPT,P,0.55,91PRO4,PROJ,WSTMF,122,130,10,2023-03-22,2023-03-22,2024-10-15,,,,S,EG02,PG03,,Operations
102269,2023-03-22,2023-03-22,A,RPT,P,0.71,85SUP5,SUPV,WSTMF,108,230,60,2023-03-22,2023-03-22,2023-03-22,,,,S,EG01,PG03,,Operations
102269,2023-07-09,2023-07-09,T,RPT,P,0.71,85SUP5,SUPV,WSTMF,108,230,60,2023-03-22,2023-03-22,2023-03-22,2023-07-09,201,I,S,EG01,PG03,,Operations
102270,2023-03-24,2023-03-24,A,RFT,F,1.0,67TEC3,TECH,PRMRE,116,200,30,2023-03-24,2023-03-24,2023-03-24,,,,S,EG10,PG02,,Operations
102271,2023-03-24,2023-03-24,A,RPT,P,0.55,32IT1,IT,PRMRE,117,210,40,2023-03-24,2023-03-24,2023-03-24,,,,H,EG03,PG02,100414.0,Operations
102271,2024-08-10,2024-08-10,A,RPT,P,0.55,06ACC1,ACCTG,PRMRE,117,210,40,2023-03-24,2023-03-24,2024-08-10,,,,H,EG09,PG02,100414.0,Operations
102271,2025-04-27,2025-04-27,A,RPT,P,0.55,07ACC2,ACCTG,PRMRE,117,210,40,2023-03-24,2023-03-24,2025-04-27,,,,H,EG03,PG02,100414.0,Operations
102272,2023-03-24,2023-03-24,A,RFT,F,1.0,05ACC1,ACCTG,NRTHP,103,30,50,2023-03-24,2023-03-24,2023-03-24,,,,H,EG05,PG05,100420.0,Operations
102272,2026-01-03,2026-01-03,T,RFT,F,1.0,05ACC1,ACCTG,NRTHP,103,30,50,2023-03-24,2023-03-24,2023-03-24,2026-01-03,100,V,H,EG05,PG05,100420.0,Operations
102273,2023-03-24,2023-03-24,A,RPT,P,0.73,60WHS1,WHSE,PRMRE,100,250,90,2023-03-24,2023-03-24,2023-03-24,,,,H,EG06,PG02,102201.0,Operations
102273,2023-05-19,2023-05-19,L,RPT,P,0.73,60WHS1,WHSE,PRMRE,100,250,90,2023-03-24,2023-03-24,2023-03-24,,,,H,EG06,PG02,102201.0,Operations
102273,2023-10-22,2023-10-22,A,RPT,P,0.73,60WHS1,WHSE,PRMRE,100,250,90,2023-03-24,2023-03-24,2023-03-24,,,,H,EG06,PG02,102201.0,Operations
102274,2023-03-24,2023-03-24,A,RFT,F,1.0,03ADM3,ADMIN,PRMRE,102,240,110,2023-03-24,2023-03-24,2023-03-24,,,,S,EG07,PG02,101786.0,Operations
102275,2023-03-27,2023-03-27,A,RFT,F,1.0,44SAL4,SALES,WSTMF,104,170,30,2023-03-27,2023-03-27,2023-03-27,,,,S,EG09,PG03,,Operations
102275,2023-10-02,2023-10-02,A,RFT,F,1.0,45SAL5,SALES,WSTMF,104,170,30,2023-03-27,2023-03-27,2023-10-02,,,,S,EG06,PG03,,Operations
102276,2023-03-28,2023-03-28,A,RFT,F,1.0,08ACC3,ACCTG,PRMRE,123,110,60,2023-03-28,2023-03-28,2023-03-28,,,,S,EG01,PG02,,Operations
102276,2023-07-10,2023-07-10,A,RFT,F,1.0,35IT3,IT,PRMRE,123,110,60,2023-03-28,2023-03-28,2023-07-10,,,,S,EG08,PG02,,Operations
102277,2023-03-31,2023-03-31,A,RPT,P,0.58,78ANL2,ANLYT,NRTHP,114,40,100,2023-03-31,2023-03-31,2023-03-31,,,,H,EG04,PG05,,Operations
102277,2024-08-30,2024-08-30,T,RPT,P,0.58,78ANL2,ANLYT,NRTHP,114,40,100,2023-03-31,2023-03-31,2023-03-31,2024-08-30,205,I,H,EG04,PG05,,Operations
102278,2023-04-05,2023-04-05,A,RFT,F,1.0,66TEC2,TECH,ALPNC,111,140,110,2023-04-05,2023-04-05,2023-04-05,,,,H,EG04,PG03,,Operations
102279,2023-04-06,2023-04-06,A,RFT,F,1.0,71MKT2,MKTG,PRMRE,100,180,80,2023-04-06,2023-04-06,2023-04-06,,,,S,EG10,PG02,,Operations
102279,2023-08-26,2023-08-26,L,RFT,F,1.0,71MKT2,MKTG,PRMRE,100,180,80,2023-04-06,2023-04-06,2023-04-06,,,,S,EG10,PG02,,Operations
102279,2023-10-17,2023-10-17,A,RFT,F,1.0,71MKT2,MKTG,PRMRE,100,180,80,2023-04-06,2023-04-06,2023-04-06,,,,S,EG10,PG02,,Operations
102280,2023-04-06,2023-04-06,A,RFT,F,1.0,20ENG3,ENGR,NRTHP,121,200,80,2023-04-06,2023-04-06,2023-04-06,,,,S,EG03,PG05,,Operations
102280,2025-03-27,2025-03-27,A,RFT,F,1.0,21ENG4,ENGR,NRTHP,121,200,80,2023-04-06,2023-04-06,2025-03-27,,,,S,EG06,PG05,,Operations
102281,2023-04-07,2023-04-07,A,RFT,F,1.0,14CSR2,CSR,NRTHP,121,60,10,2023-04-07,2023-04-07,2023-04-07,,,,S,EG06,PG05,102633.0,Operations
102281,2024-04-29,2024-04-29,L,RFT,F,1.0,14CSR2,CSR,NRTHP,121,60,10,2023-04-07,2023-04-07,2023-04-07,,,,S,EG06,PG05,102633.0,Operations
102281,2024-06-11,2024-06-11,A,RFT,F,1.0,14CSR2,CSR,NRTHP,121,60,10,2023-04-07,2023-04-07,2023-04-07,,,,S,EG06,PG05,102633.0,Operations
102281,2025-01-21,2025-01-21,A,RFT,F,1.0,15CSR3,CSR,NRTHP,121,60,10,2023-04-07,2023-04-07,2025-01-21,,,,S,EG10,PG05,102633.0,Operations
102281,2025-06-29,2025-06-29,A,RFT,F,1.0,16CSR4,CSR,NRTHP,121,60,10,2023-04-07,2023-04-07,2025-06-29,,,,S,EG10,PG05,102633.0,Operations
102282,2023-04-07,2023-04-07,A,RFT,F,1.0,65TEC1,TECH,WSTMF,107,200,100,2023-04-07,2023-04-07,2023-04-07,,,,H,EG08,PG03,101805.0,Operations
102282,2025-09-18,2025-09-18,T,RFT,F,1.0,65TEC1,TECH,WSTMF,107,200,100,2023-04-07,2023-04-07,2023-04-07,2025-09-18,202,V,H,EG08,PG03,101805.0,Operations
102283,2023-04-07,2023-04-07,A,RFT,F,1.0,55TRD1,TRD,ALPNC,115,50,40,2023-04-07,2023-04-07,2023-04-07,,,,S,EG04,PG03,100721.0,Operations
102283,2023-12-15,2023-12-15,L,RFT,F,1.0,55TRD1,TRD,ALPNC,115,50,40,2023-04-07,2023-04-07,2023-04-07,,,,S,EG04,PG03,100721.0,Operations
102283,2024-05-18,2024-05-18,A,RFT,F,1.0,55TRD1,TRD,ALPNC,115,50,40,2023-04-07,2023-04-07,2023-04-07,,,,S,EG04,PG03,100721.0,Operations
102284,2023-04-07,2023-04-07,A,RFT,F,1.0,78ANL2,ANLYT,PRMRE,100,100,80,2023-04-07,2023-04-07,2023-04-07,,,,H,EG04,PG02,100277.0,Operations
102285,2023-04-07,2023-04-07,A,RFT,F,1.0,60WHS1,WHSE,PRMRE,123,140,40,2023-04-07,2023-04-07,2023-04-07,,,,S,EG06,PG02,102554.0,Operations
102286,2023-04-10,2023-04-10,A,RFT,F,1.0,65TEC1,TECH,PRMRE,102,80,20,2023-04-10,2023-04-10,2023-04-10,,,,H,EG08,PG02,100620.0,Operations
102286,2025-03-06,2025-03-06,A,RFT,F,1.0,41SAL1,SALES,PRMRE,102,80,20,2023-04-10,2023-04-10,2025-03-06,,,,H,EG08,PG02,100620.0,Operations
102287,2023-04-10,2023-04-10,A,RFT,F,1.0,27HR3,HR,ALPNC,114,250,20,2023-04-10,2023-04-10,2023-04-10,,,,S,EG02,PG03,,Operations
102287,2024-09-13,2024-09-13,T,RFT,F,1.0,27HR3,HR,ALPNC,114,250,20,2023-04-10,2023-04-10,2023-04-10,2024-09-13,207,I,S,EG02,PG03,,Operations
102288,2023-04-10,2023-04-10,A,RPT,F,0.78,28HR4,HR,PRMRE,123,120,110,2023-04-10,2023-04-10,2023-04-10,,,,S,EG08,PG02,,Operations
102288,2023-04-27,2023-04-27,A,RPT,F,0.78,29HR5,HR,PRMRE,123,120,110,2023-04-10,2023-04-10,2023-04-27,,,,S,EG07,PG02,,Operations
102288,2024-01-12,2024-01-12,T,RPT,F,0.78,29HR5,HR,PRMRE,123,120,110,2023-04-10,2023-04-10,2023-04-27,2024-01-12,202,V,S,EG07,PG02,,Operations
102289,2023-04-12,2023-04-12,A,RFT,F,1.0,69TEC5,TECH,PRMRE,115,150,90,2023-04-12,2023-04-12,2023-04-12,,,,S,EG02,PG02,,Operations
102290,2023-04-12,2023-04-12,A,RFT,F,1.0,33IT2,IT,PRMRE,100,50,100,2023-04-12,2023-04-12,2023-04-12,,,,S,EG09,PG02,101996.0,Operations
102291,2023-04-13,2023-04-13,A,RFT,F,1.0,36IT3,IT,PRMRE,115,250,50,2023-04-13,2023-04-13,2023-04-13,,,,S,EG07,PG02,100992.0,Operations
102291,2023-06-07,2023-06-07,T,RFT,F,1.0,36IT3,IT,PRMRE,115,250,50,2023-04-13,2023-04-13,2023-04-13,2023-06-07,100,V,S,EG07,PG02,100992.0,Operations
102292,2023-04-14,2023-04-14,A,RFT,F,1.0,03ADM3,ADMIN,ALPNC,100,90,110,2023-04-14,2023-04-14,2023-04-14,,,,S,EG07,PG03,100821.0,Operations
102292,2023-05-04,2023-05-04,L,RFT,F,1.0,03ADM3,ADMIN,ALPNC,100,90,110,2023-04-14,2023-04-14,2023-04-14,,,,S,EG07,PG03,100821.0,Operations
102292,2023-10-16,2023-10-16,A,RFT,F,1.0,03ADM3,ADMIN,ALPNC,100,90,110,2023-04-14,2023-04-14,2023-04-14,,,,S,EG07,PG03,100821.0,Operations
102292,2023-06-17,2023-06-17,T,RFT,F,1.0,03ADM3,ADMIN,ALPNC,100,90,110,2023-04-14,2023-04-14,2023-04-14,2023-06-17,202,V,S,EG07,PG03,100821.0,Operations
102293,2023-04-14,2023-04-14,A,RFT,F,1.0,64WHS5,WHSE,WSTMF,106,240,30,2023-04-14,2023-04-14,2023-04-14,,,,S,EG03,PG03,,Operations
102293,2023-05-13,2023-05-13,T,RFT,F,1.0,64WHS5,WHSE,WSTMF,106,240,30,2023-04-14,2023-04-14,2023-04-14,2023-05-13,102,V,S,EG03,PG03,,Operations
102294,2023-04-14,2023-04-14,A,RFT,F,1.0,60WHS1,WHSE,NRTHP,122,100,10,2023-04-14,2023-04-14,2023-04-14,,,,H,EG06,PG05,101678.0,Operations
102294,2025-07-20,2025-07-20,T,RFT,F,1.0,60WHS1,WHSE,NRTHP,122,100,10,2023-04-14,2023-04-14,2023-04-14,2025-07-20,205,I,H,EG06,PG05,101678.0,Operations
102295,2023-04-14,2023-04-14,A,RFT,F,1.0,56TRD2,TRD,PRMRE,102,220,120,2023-04-14,2023-04-14,2023-04-14,,,,H,EG02,PG02,102813.0,Operations
102295,2024-06-28,2024-06-28,T,RFT,F,1.0,56TRD2,TRD,PRMRE,102,220,120,2023-04-14,2023-04-14,2023-04-14,2024-06-28,202,V,H,EG02,PG02,102813.0,Operations
102296,2023-04-14,2023-04-14,A,RFT,F,1.0,19ENG2,ENGR,WSTMF,111,50,90,2023-04-14,2023-04-14,2023-04-14,,,,S,EG01,PG03,102114.0,Operations
102296,2024-09-28,2024-09-28,T,RFT,F,1.0,19ENG2,ENGR,WSTMF,111,50,90,2023-04-14,2023-04-14,2023-04-14,2024-09-28,201,I,S,EG01,PG03,102114.0,Operations
102297,2023-04-14,2023-04-14,A,RFT,F,1.0,50OPS3,OPS,ALPNC,104,200,10,2023-04-14,2023-04-14,2023-04-14,,,,S,EG06,PG03,,Operations
102298,2023-04-14,2023-04-14,A,RFT,F,1.0,32IT1,IT,NRTHP,108,250,110,2023-04-14,2023-04-14,2023-04-14,,,,H,EG03,PG05,102717.0,Operations
102298,2023-05-29,2023-05-29,A,RFT,F,1.0,34IT2,IT,NRTHP,108,250,110,2023-04-14,2023-04-14,2023-05-29,,,,H,EG08,PG05,102717.0,Operations
102298,2024-02-19,2024-02-19,A,RFT,F,1.0,71MKT2,MKTG,NRTHP,108,250,110,2023-04-14,2023-04-14,2024-02-19,,,,H,EG10,PG05,102717.0,Operations
102299,2023-04-14,2023-04-14,A,RFT,F,1.0,20ENG3,ENGR,NRTHP,104,160,70,2023-04-14,2023-04-14,2023-04-14,,,,S,EG03,PG05,,Operations
102299,2024-01-21,2024-01-21,L,RFT,F,1.0,20ENG3,ENGR,NRTHP,104,160,70,2023-04-14,2023-04-14,2023-04-14,,,,S,EG03,PG05,,Operations
102299,2024-02-08,2024-02-08,A,RFT,F,1.0,20ENG3,ENGR,NRTHP,104,160,70,2023-04-14,2023-04-14,2023-04-14,,,,S,EG03,PG05,,Operations
102299,2025-03-03,2025-03-03,L,RFT,F,1.0,20ENG3,ENGR,NRTHP,104,160,70,2023-04-14,2023-04-14,2023-04-14,,,,S,EG03,PG05,,Operations
102299,2025-08-11,2025-08-11,A,RFT,F,1.0,20ENG3,ENGR,NRTHP,104,160,70,2023-04-14,2023-04-14,2023-04-14,,,,S,EG03,PG05,,Operations
102300,2023-04-17,2023-04-17,A,RFT,F,1.0,61WHS2,WHSE,ALPNC,116,60,60,2023-04-17,2023-04-17,2023-04-17,,,,S,EG01,PG03,102529.0,Operations
102300,2023-05-18,2023-05-18,A,RFT,F,1.0,62WHS3,WHSE,ALPNC,116,60,60,2023-04-17,2023-04-17,2023-05-18,,,,S,EG01,PG03,102529.0,Operations
102301,2023-04-17,2023-04-17,A,RFT,F,1.0,16CSR4,CSR,PRMRE,124,180,30,2023-04-17,2023-04-17,2023-04-17,,,,S,EG10,PG02,,Operations
102301,2023-11-06,2023-11-06,T,RFT,F,1.0,16CSR4,CSR,PRMRE,124,180,30,2023-04-17,2023-04-17,2023-04-17,2023-11-06,205,I,S,EG10,PG02,,Operations
102302,2023-04-18,2023-04-18,A,RFT,F,1.0,61WHS2,WHSE,WSTMF,111,30,20,2023-04-18,2023-04-18,2023-04-18,,,,H,EG01,PG03,101516.0,Operations
102303,2023-04-19,2023-04-19,A,RFT,F,1.0,70MKT1,MKTG,NRTHP,116,50,80,2023-04-19,2023-04-19,2023-04-19,,,,H,EG04,PG05,100007.0,Operations
102303,2024-02-25,2024-02-25,T,RFT,F,1.0,70MKT1,MKTG,NRTHP,116,50,80,2023-04-19,2023-04-19,2023-04-19,2024-02-25,103,V,H,EG04,PG05,100007.0,Operations
102304,2023-04-20,2023-04-20,A,RPT,F,0.79,20ENG3,ENGR,PRMRE,100,110,20,2023-04-20,2023-04-20,2023-04-20,,,,S,EG03,PG02,101160.0,Operations
102304,2023-11-28,2023-11-28,A,RPT,F,0.79,27HR3,HR,PRMRE,100,110,20,2023-04-20,2023-04-20,2023-11-28,,,,S,EG02,PG02,101160.0,Operations
102305,2023-04-20,2023-04-20,A,RFT,F,1.0,48OPS1,OPS,WSTMF,102,70,80,2023-04-20,2023-04-20,2023-04-20,,,,H,EG03,PG03,102708.0,Operations
102306,2023-04-20,2023-04-20,A,RFT,F,1.0,02ADM2,ADMIN,PRMRE,124,70,90,2023-04-20,2023-04-20,2023-04-20,,,,H,EG04,PG02,102457.0,Operations
102307,2023-04-21,2023-04-21,A,RFT,F,1.0,26HR2,HR,PRMRE,118,130,50,2023-04-21,2023-04-21,2023-04-21,,,,H,EG03,PG02,100080.0,Operations
102307,2023-09-02,2023-09-02,T,RFT,F,1.0,26HR2,HR,PRMRE,118,130,50,2023-04-21,2023-04-21,2023-04-21,2023-09-02,103,V,H,EG03,PG02,100080.0,Operations
102308,2023-04-21,2023-04-21,A,RFT,F,1.0,25HR1,HR,ALPNC,124,70,110,2023-04-21,2023-04-21,2023-04-21,,,,H,EG10,PG03,102457.0,Operations
102309,2023-04-21,2023-04-21,A,CON,F,1.0,70MKT1,MKTG,ALPNC,112,200,50,2023-04-21,2023-04-21,2023-04-21,,,,H,EG04,PG03,,Operations
102309,2024-06-30,2024-06-30,A,CON,F,1.0,71MKT2,MKTG,ALPNC,112,200,50,2023-04-21,2023-04-21,2024-06-30,,,,H,EG10,PG03,,Operations
102310,2023-04-24,2023-04-24,A,RFT,F,1.0,71MKT2,MKTG,PRMRE,100,240,20,2023-04-24,2023-04-24,2023-04-24,,,,H,EG10,PG02,102150.0,Operations
102310,2024-01-19,2024-01-19,T,RFT,F,1.0,71MKT2,MKTG,PRMRE,100,240,20,2023-04-24,2023-04-24,2023-04-24,2024-01-19,202,V,H,EG10,PG02,102150.0,Operations
102311,2023-04-24,2023-04-24,A,RFT,F,1.0,41SAL1,SALES,ALPNC,119,180,10,2023-04-24,2023-04-24,2023-04-24,,,,H,EG08,PG03,100529.0,Operations
102311,2024-11-18,2024-11-18,A,RFT,F,1.0,42SAL2,SALES,ALPNC,119,180,10,2023-04-24,2023-04-24,2024-11-18,,,,H,EG10,PG03,100529.0,Operations
102312,2023-04-24,2023-04-24,A,RFT,F,1.0,56TRD2,TRD,WSTMF,111,180,50,2023-04-24,2023-04-24,2023-04-24,,,,H,EG02,PG03,100076.0,Operations
102312,2024-02-24,2024-02-24,T,RFT,F,1.0,56TRD2,TRD,WSTMF,111,180,50,2023-04-24,2023-04-24,2023-04-24,2024-02-24,100,V,H,EG02,PG03,100076.0,Operations
102313,2023-04-25,2023-04-25,A,RFT,F,1.0,77ANL1,ANLYT,WSTMF,106,80,100,2023-04-25,2023-04-25,2023-04-25,,,,S,EG04,PG03,101286.0,Operations
102313,2024-12-09,2024-12-09,T,RFT,F,1.0,77ANL1,ANLYT,WSTMF,106,80,100,2023-04-25,2023-04-25,2023-04-25,2024-12-09,101,V,S,EG04,PG03,101286.0,Operations
102314,2023-04-25,2023-04-25,A,RFT,F,1.0,02ADM2,ADMIN,PRMRE,115,140,100,2023-04-25,2023-04-25,2023-04-25,,,,S,EG04,PG02,102983.0,Operations
102315,2023-04-25,2023-04-25,A,RFT,F,1.0,55TRD1,TRD,PRMRE,105,110,90,2023-04-25,2023-04-25,2023-04-25,,,,H,EG04,PG02,102811.0,Operations
102315,2023-10-09,2023-10-09,A,RFT,F,1.0,77ANL1,ANLYT,PRMRE,105,110,90,2023-04-25,2023-04-25,2023-10-09,,,,H,EG04,PG02,102811.0,Operations
102316,2023-04-25,2023-04-25,A,RFT,F,1.0,57TRD3,TRD,WSTMF,104,50,110,2023-04-25,2023-04-25,2023-04-25,,,,S,EG02,PG03,,Operations
102317,2023-04-26,2023-04-26,A,RFT,F,1.0,03ADM3,ADMIN,ALPNC,115,20,50,2023-04-26,2023-04-26,2023-04-26,,,,S,EG07,PG03,101427.0,Operations
102317,2024-03-18,2024-03-18,T,RFT,F,1.0,03ADM3,ADMIN,ALPNC,115,20,50,2023-04-26,2023-04-26,2023-04-26,2024-03-18,101,V,S,EG07,PG03,101427.0,Operations
102318,2023-04-26,2023-04-26,A,RFT,F,1.0,73MKT4,MKTG,NRTHP,100,70,50,2023-04-26,2023-04-26,2023-04-26,,,,S,EG01,PG05,,Operations
102318,2023-07-22,2023-07-22,A,RFT,F,1.0,74MKT5,MKTG,NRTHP,100,70,50,2023-04-26,2023-04-26,2023-07-22,,,,S,EG01,PG05,,Operations
102318,2024-06-06,2024-06-06,T,RFT,F,1.0,74MKT5,MKTG,NRTHP,100,70,50,2023-04-26,2023-04-26,2023-07-22,2024-06-06,100,V,S,EG01,PG05,,Operations
102319,2023-04-26,2023-04-26,A,CON,F,1.0,26HR2,HR,PRMRE,105,160,100,2023-04-26,2023-04-26,2023-04-26,,,,H,EG03,PG02,,Operations
102320,2023-04-26,2023-04-26,A,RFT,F,1.0,18ENG1,ENGR,ALPNC,111,40,100,2023-04-26,2023-04-26,2023-04-26,,,,S,EG08,PG03,101448.0,Operations
102320,2023-07-01,2023-07-01,T,RFT,F,1.0,18ENG1,ENGR,ALPNC,111,40,100,2023-04-26,2023-04-26,2023-04-26,2023-07-01,200,I,S,EG08,PG03,101448.0,Operations
102321,2023-04-26,2023-04-26,A,RFT,F,1.0,51OPS4,OPS,WSTMF,107,30,110,2023-04-26,2023-04-26,2023-04-26,,,,S,EG07,PG03,,Operations
102322,2023-04-27,2023-04-27,A,RPT,P,0.54,13CSR1,CSR,NRTHP,114,170,120,2023-04-27,2023-04-27,2023-04-27,,,,H,EG01,PG05,,Operations
102322,2024-03-21,2024-03-21,A,RPT,P,0.54,14CSR2,CSR,NRTHP,114,170,120,2023-04-27,2023-04-27,2024-03-21,,,,H,EG06,PG05,,Operations
102322,2024-07-29,2024-07-29,T,RPT,P,0.54,14CSR2,CSR,NRTHP,114,170,120,2023-04-27,2023-04-27,2024-03-21,2024-07-29,101,V,H,EG06,PG05,,Operations
102323,2023-04-27,2023-04-27,A,RFT,F,1.0,14CSR2,CSR,ALPNC,102,110,10,2023-04-27,2023-04-27,2023-04-27,,,,H,EG06,PG03,100283.0,Operations
102323,2025-01-10,2025-01-10,T,RFT,F,1.0,14CSR2,CSR,ALPNC,102,110,10,2023-04-27,2023-04-27,2023-04-27,2025-01-10,206,I,H,EG06,PG03,100283.0,Operations
102324,2023-05-01,2023-05-01,A,RFT,F,1.0,03ADM3,ADMIN,NRTHP,122,20,40,2023-05-01,2023-05-01,2023-05-01,,,,S,EG07,PG05,102879.0,Operations
102325,2023-05-01,2023-05-01,A,RFT,F,1.0,02ADM2,ADMIN,ALPNC,114,60,10,2023-05-01,2023-05-01,2023-05-01,,,,H,EG04,PG03,101378.0,Operations
102325,2023-12-19,2023-12-19,T,RFT,F,1.0,02ADM2,ADMIN,ALPNC,114,60,10,2023-05-01,2023-05-01,2023-05-01,2023-12-19,202,V,H,EG04,PG03,101378.0,Operations
102326,2023-05-02,2023-05-02,A,RFT,F,1.0,72MKT3,MKTG,ALPNC,121,200,40,2023-05-02,2023-05-02,2023-05-02,,,,S,EG09,PG03,,Operations
102326,2023-07-15,2023-07-15,A,RFT,F,1.0,73MKT4,MKTG,ALPNC,121,200,40,2023-05-02,2023-05-02,2023-07-15,,,,S,EG01,PG03,,Operations
102326,2024-02-20,2024-02-20,A,RFT,F,1.0,37IT4,IT,ALPNC,121,200,40,2023-05-02,2023-05-02,2024-02-20,,,,S,EG04,PG03,,Operations
102326,2025-05-26,2025-05-26,T,RFT,F,1.0,37IT4,IT,ALPNC,121,200,40,2023-05-02,2023-05-02,2024-02-20,2025-05-26,101,V,S,EG04,PG03,,Operations
102327,2023-05-02,2023-05-02,A,RFT,F,1.0,55TRD1,TRD,NRTHP,123,100,70,2023-05-02,2023-05-02,2023-05-02,,,,S,EG04,PG05,101820.0,Operations
102327,2024-05-04,2024-05-04,T,RFT,F,1.0,55TRD1,TRD,NRTHP,123,100,70,2023-05-02,2023-05-02,2023-05-02,2024-05-04,103,V,S,EG04,PG05,101820.0,Operations
102328,2023-05-02,2023-05-02,A,RFT,F,1.0,08ACC3,ACCTG,ALPNC,111,70,70,2023-05-02,2023-05-02,2023-05-02,,,,S,EG01,PG03,100206.0,Operations
102328,2024-03-07,2024-03-07,A,RFT,F,1.0,09ACC4,ACCTG,ALPNC,111,70,70,2023-05-02,2023-05-02,2024-03-07,,,,S,EG05,PG03,100206.0,Operations
102329,2023-05-03,2023-05-03,A,CON,F,1.0,71MKT2,MKTG,WSTMF,106,160,100,2023-05-03,2023-05-03,2023-05-03,,,,H,EG10,PG03,,Operations
102329,2024-09-25,2024-09-25,A,CON,F,1.0,72MKT3,MKTG,WSTMF,106,160,100,2023-05-03,2023-05-03,2024-09-25,,,,H,EG09,PG03,,Operations
102329,2025-04-01,2025-04-01,T,CON,F,1.0,72MKT3,MKTG,WSTMF,106,160,100,2023-05-03,2023-05-03,2024-09-25,2025-04-01,100,V,H,EG09,PG03,,Operations
102330,2023-05-03,2023-05-03,A,CON,F,1.0,71MKT2,MKTG,ALPNC,102,190,50,2023-05-03,2023-05-03,2023-05-03,,,,H,EG10,PG03,102877.0,Operations
102330,2024-02-16,2024-02-16,T,CON,F,1.0,71MKT2,MKTG,ALPNC,102,190,50,2023-05-03,2023-05-03,2023-05-03,2024-02-16,100,V,H,EG10,PG03,102877.0,Operations
102331,2023-05-03,2023-05-03,A,RFT,F,1.0,25HR1,HR,NRTHP,109,100,80,2023-05-03,2023-05-03,2023-05-03,,,,H,EG10,PG05,,Operations
102331,2024-05-20,2024-05-20,T,RFT,F,1.0,25HR1,HR,NRTHP,109,100,80,2023-05-03,2023-05-03,2023-05-03,2024-05-20,101,V,H,EG10,PG05,,Operations
102332,2023-05-04,2023-05-04,A,RFT,F,1.0,66TEC2,TECH,NRTHP,116,150,100,2023-05-04,2023-05-04,2023-05-04,,,,H,EG04,PG05,100258.0,Operations
102332,2025-05-16,2025-05-16,A,RFT,F,1.0,67TEC3,TECH,NRTHP,116,150,100,2023-05-04,2023-05-04,2025-05-16,,,,H,EG10,PG05,100258.0,Operations
102333,2023-05-04,2023-05-04,A,RFT,F,1.0,78ANL2,ANLYT,NRTHP,120,230,60,2023-05-04,2023-05-04,2023-05-04,,,,H,EG04,PG05,,Operations
102333,2024-05-29,2024-05-29,T,RFT,F,1.0,78ANL2,ANLYT,NRTHP,120,230,60,2023-05-04,2023-05-04,2023-05-04,2024-05-29,102,V,H,EG04,PG05,,Operations
102334,2023-05-04,2023-05-04,A,RFT,F,1.0,01ADM1,ADMIN,NRTHP,113,180,50,2023-05-04,2023-05-04,2023-05-04,,,,H,EG05,PG05,,Operations
102334,2024-03-25,2024-03-25,A,RFT,F,1.0,02ADM2,ADMIN,NRTHP,113,180,50,2023-05-04,2023-05-04,2024-03-25,,,,H,EG04,PG05,,Operations
102335,2023-05-05,2023-05-05,A,RPT,P,0.67,06ACC1,ACCTG,NRTHP,121,20,120,2023-05-05,2023-05-05,2023-05-05,,,,H,EG09,PG05,100758.0,Operations
102335,2025-07-21,2025-07-21,T,RPT,P,0.67,06ACC1,ACCTG,NRTHP,121,20,120,2023-05-05,2023-05-05,2023-05-05,2025-07-21,100,V,H,EG09,PG05,100758.0,Operations
102336,2023-05-05,2023-05-05,A,RFT,F,1.0,77ANL1,ANLYT,WSTMF,100,240,100,2023-05-05,2023-05-05,2023-05-05,,,,H,EG04,PG03,102150.0,Operations
102336,2025-02-25,2025-02-25,A,RFT,F,1.0,78ANL2,ANLYT,WSTMF,100,240,100,2023-05-05,2023-05-05,2025-02-25,,,,H,EG04,PG03,102150.0,Operations
102337,2023-05-05,2023-05-05,A,RFT,F,1.0,21ENG4,ENGR,NRTHP,121,240,110,2023-05-05,2023-05-05,2023-05-05,,,,S,EG06,PG05,,Operations
102337,2023-07-18,2023-07-18,A,RFT,F,1.0,22ENG5,ENGR,NRTHP,121,240,110,2023-05-05,2023-05-05,2023-07-18,,,,S,EG08,PG05,,Operations
102337,2023-08-28,2023-08-28,T,RFT,F,1.0,22ENG5,ENGR,NRTHP,121,240,110,2023-05-05,2023-05-05,2023-07-18,2023-08-28,201,I,S,EG08,PG05,,Operations
102338,2023-05-05,2023-05-05,A,RFT,F,1.0,73MKT4,MKTG,NRTHP,124,110,50,2023-05-05,2023-05-05,2023-05-05,,,,S,EG01,PG05,,Operations
102338,2023-05-31,2023-05-31,A,RFT,F,1.0,74MKT5,MKTG,NRTHP,124,110,50,2023-05-05,2023-05-05,2023-05-31,,,,S,EG01,PG05,,Operations
102339,2023-05-08,2023-05-08,A,TFT,F,1.0,58TRD4,TRD,NRTHP,114,70,20,2023-05-08,2023-05-08,2023-05-08,,,,S,EG05,PG05,,Operations
102339,2023-05-23,2023-05-23,T,TFT,F,1.0,58TRD4,TRD,NRTHP,114,70,20,2023-05-08,2023-05-08,2023-05-08,2023-05-23,201,I,S,EG05,PG05,,Operations
102340,2023-05-08,2023-05-08,A,RFT,F,1.0,49OPS2,OPS,PRMRE,124,160,90,2023-05-08,2023-05-08,2023-05-08,,,,S,EG05,PG02,100599.0,Operations
102340,2024-02-29,2024-02-29,A,RFT,F,1.0,50OPS3,OPS,PRMRE,124,160,90,2023-05-08,2023-05-08,2024-02-29,,,,S,EG06,PG02,100599.0,Operations
102341,2023-05-08,2023-05-08,A,RFT,F,1.0,77ANL1,ANLYT,ALPNC,124,120,50,2023-05-08,2023-05-08,2023-05-08,,,,S,EG04,PG03,101806.0,Operations
102341,2023-06-03,2023-06-03,T,RFT,F,1.0,77ANL1,ANLYT,ALPNC,124,120,50,2023-05-08,2023-05-08,2023-05-08,2023-06-03,100,V,S,EG04,PG03,101806.0,Operations
102342,2023-05-09,2023-05-09,A,RFT,F,1.0,06ACC1,ACCTG,PRMRE,117,20,100,2023-05-09,2023-05-09,2023-05-09,,,,S,EG09,PG02,102028.0,Operations
102342,2025-05-28,2025-05-28,L,RFT,F,1.0,06ACC1,ACCTG,PRMRE,117,20,100,2023-05-09,2023-05-09,2023-05-09,,,,S,EG09,PG02,102028.0,Operations
102342,2025-09-05,2025-09-05,A,RFT,F,1.0,06ACC1,ACCTG,PRMRE,117,20,100,2023-05-09,2023-05-09,2023-05-09,,,,S,EG09,PG02,102028.0,Operations
102343,2023-05-09,2023-05-09,A,CON,F,1.0,83SUP4,SUPV,ALPNC,119,250,10,2023-05-09,2023-05-09,2023-05-09,,,,S,EG01,PG03,,Operations
102343,2024-03-15,2024-03-15,T,CON,F,1.0,83SUP4,SUPV,ALPNC,119,250,10,2023-05-09,2023-05-09,2023-05-09,2024-03-15,102,V,S,EG01,PG03,,Operations
102344,2023-05-10,2023-05-10,A,TFT,F,1.0,13CSR1,CSR,WSTMF,108,90,70,2023-05-10,2023-05-10,2023-05-10,,,,H,EG01,PG03,100152.0,Operations
102344,2025-10-17,2025-10-17,T,TFT,F,1.0,13CSR1,CSR,WSTMF,108,90,70,2023-05-10,2023-05-10,2023-05-10,2025-10-17,201,I,H,EG01,PG03,100152.0,Operations
102345,2023-05-10,2023-05-10,A,RPT,P,0.43,25HR1,HR,WSTMF,118,250,90,2023-05-10,2023-05-10,2023-05-10,,,,H,EG10,PG03,102494.0,Operations
102345,2024-11-18,2024-11-18,A,RPT,P,0.43,26HR2,HR,WSTMF,118,250,90,2023-05-10,2023-05-10,2024-11-18,,,,H,EG03,PG03,102494.0,Operations
102346,2023-05-11,2023-05-11,A,RFT,F,1.0,71MKT2,MKTG,WSTMF,105,20,110,2023-05-11,2023-05-11,2023-05-11,,,,S,EG10,PG03,,Operations
102347,2023-05-11,2023-05-11,A,RFT,F,1.0,13CSR1,CSR,WSTMF,118,70,40,2023-05-11,2023-05-11,2023-05-11,,,,H,EG01,PG03,,Operations
102348,2023-05-12,2023-05-12,A,TAW,F,1.0,26HR2,HR,WSTMF,118,150,10,2023-05-12,2023-05-12,2023-05-12,,,,H,EG03,PG03,,Operations
102349,2023-05-12,2023-05-12,A,RPT,P,0.6,50OPS3,OPS,PRMRE,100,210,90,2023-05-12,2023-05-12,2023-05-12,,,,S,EG06,PG02,,Operations
102350,2023-05-12,2023-05-12,A,CON,F,1.0,06ACC1,ACCTG,PRMRE,118,150,60,2023-05-12,2023-05-12,2023-05-12,,,,S,EG09,PG02,102348.0,Operations
102350,2024-11-24,2024-11-24,T,CON,F,1.0,06ACC1,ACCTG,PRMRE,118,150,60,2023-05-12,2023-05-12,2023-05-12,2024-11-24,100,V,S,EG09,PG02,102348.0,Operations
102351,2023-05-12,2023-05-12,A,RPT,P,0.53,19ENG2,ENGR,PRMRE,100,110,110,2023-05-12,2023-05-12,2023-05-12,,,,H,EG01,PG02,101160.0,Operations
102351,2024-01-30,2024-01-30,T,RPT,P,0.53,19ENG2,ENGR,PRMRE,100,110,110,2023-05-12,2023-05-12,2023-05-12,2024-01-30,100,V,H,EG01,PG02,101160.0,Operations
102352,2023-05-12,2023-05-12,A,RFT,F,1.0,71MKT2,MKTG,WSTMF,124,90,90,2023-05-12,2023-05-12,2023-05-12,,,,H,EG10,PG03,100652.0,Operations
102352,2024-06-01,2024-06-01,T,RFT,F,1.0,71MKT2,MKTG,WSTMF,124,90,90,2023-05-12,2023-05-12,2023-05-12,2024-06-01,202,V,H,EG10,PG03,100652.0,Operations
102353,2023-05-12,2023-05-12,A,RFT,F,1.0,67TEC3,TECH,WSTMF,108,90,80,2023-05-12,2023-05-12,2023-05-12,,,,S,EG10,PG03,,Operations
102353,2024-10-18,2024-10-18,T,RFT,F,1.0,67TEC3,TECH,WSTMF,108,90,80,2023-05-12,2023-05-12,2023-05-12,2024-10-18,100,V,S,EG10,PG03,,Operations
102354,2023-05-12,2023-05-12,A,RFT,F,1.0,32IT1,IT,ALPNC,112,60,20,2023-05-12,2023-05-12,2023-05-12,,,,H,EG03,PG03,,Operations
102354,2023-07-17,2023-07-17,T,RFT,F,1.0,32IT1,IT,ALPNC,112,60,20,2023-05-12,2023-05-12,2023-05-12,2023-07-17,101,V,H,EG03,PG03,,Operations
102355,2023-05-12,2023-05-12,A,RFT,F,1.0,94LEG2,LEGAL,ALPNC,100,170,90,2023-05-12,2023-05-12,2023-05-12,,,,S,EG02,PG03,,Operations
102356,2023-05-15,2023-05-15,A,RPT,P,0.53,61WHS2,WHSE,ALPNC,102,60,50,2023-05-15,2023-05-15,2023-05-15,,,,H,EG01,PG03,101520.0,Operations
102357,2023-05-15,2023-05-15,A,RPT,P,0.57,90PRO3,PROJ,WSTMF,105,70,60,2023-05-15,2023-05-15,2023-05-15,,,,S,EG04,PG03,,Operations
102358,2023-05-16,2023-05-16,A,RFT,F,1.0,56TRD2,TRD,ALPNC,115,170,60,2023-05-16,2023-05-16,2023-05-16,,,,H,EG02,PG03,102467.0,Operations
102359,2023-05-17,2023-05-17,A,RFT,F,1.0,77ANL1,ANLYT,WSTMF,102,250,40,2023-05-17,2023-05-17,2023-05-17,,,,S,EG04,PG03,,Operations
102359,2023-09-12,2023-09-12,A,RFT,F,1.0,60WHS1,WHSE,WSTMF,102,250,40,2023-05-17,2023-05-17,2023-09-12,,,,S,EG06,PG03,,Operations
102360,2023-05-17,2023-05-17,A,RFT,F,1.0,04ADM4,ADMIN,WSTMF,115,30,90,2023-05-17,2023-05-17,2023-05-17,,,,S,EG06,PG03,,Operations
102360,2023-12-21,2023-12-21,A,RFT,F,1.0,81ANL5,ANLYT,WSTMF,115,30,90,2023-05-17,2023-05-17,2023-12-21,,,,S,EG01,PG03,,Operations
102361,2023-05-17,2023-05-17,A,RPT,P,0.51,25HR1,HR,NRTHP,104,160,50,2023-05-17,2023-05-17,2023-05-17,,,,H,EG10,PG05,102299.0,Operations
102361,2023-11-24,2023-11-24,A,RPT,P,0.51,26HR2,HR,NRTHP,104,160,50,2023-05-17,2023-05-17,2023-11-24,,,,H,EG03,PG05,102299.0,Operations
102361,2024-10-21,2024-10-21,A,RPT,P,0.51,42SAL2,SALES,NRTHP,104,160,50,2023-05-17,2023-05-17,2024-10-21,,,,H,EG10,PG05,102299.0,Operations
102362,2023-05-18,2023-05-18,A,RFT,F,1.0,65TEC1,TECH,PRMRE,118,140,40,2023-05-18,2023-05-18,2023-05-18,,,,H,EG08,PG02,101731.0,Operations
102363,2023-05-19,2023-05-19,A,RFT,F,1.0,42SAL2,SALES,ALPNC,100,30,90,2023-05-19,2023-05-19,2023-05-19,,,,H,EG10,PG03,101389.0,Operations
102363,2023-09-24,2023-09-24,T,RFT,F,1.0,42SAL2,SALES,ALPNC,100,30,90,2023-05-19,2023-05-19,2023-05-19,2023-09-24,101,V,H,EG10,PG03,101389.0,Operations
102364,2023-05-19,2023-05-19,A,RFT,F,1.0,33IT2,IT,ALPNC,111,230,60,2023-05-19,2023-05-19,2023-05-19,,,,H,EG09,PG03,,Operations
102365,2023-05-23,2023-05-23,A,CON,F,1.0,60WHS1,WHSE,NRTHP,114,200,70,2023-05-23,2023-05-23,2023-05-23,,,,S,EG06,PG05,102155.0,Operations
102365,2024-09-22,2024-09-22,T,CON,F,1.0,60WHS1,WHSE,NRTHP,114,200,70,2023-05-23,2023-05-23,2023-05-23,2024-09-22,100,V,S,EG06,PG05,102155.0,Operations
102366,2023-05-23,2023-05-23,A,RFT,F,1.0,28HR4,HR,ALPNC,111,180,110,2023-05-23,2023-05-23,2023-05-23,,,,S,EG08,PG03,,Operations
102366,2024-01-28,2024-01-28,T,RFT,F,1.0,28HR4,HR,ALPNC,111,180,110,2023-05-23,2023-05-23,2023-05-23,2024-01-28,100,V,S,EG08,PG03,,Operations
102367,2023-05-25,2023-05-25,A,RFT,F,1.0,48OPS1,OPS,WSTMF,115,110,20,2023-05-25,2023-05-25,2023-05-25,,,,H,EG03,PG03,102872.0,Operations
102367,2025-01-21,2025-01-21,A,RFT,F,1.0,49OPS2,OPS,WSTMF,115,110,20,2023-05-25,2023-05-25,2025-01-21,,,,H,EG05,PG03,102872.0,Operations
102367,2025-03-22,2025-03-22,T,RFT,F,1.0,49OPS2,OPS,WSTMF,115,110,20,2023-05-25,2023-05-25,2025-01-21,2025-03-22,102,V,H,EG05,PG03,102872.0,Operations
102368,2023-05-26,2023-05-26,A,RFT,F,1.0,72MKT3,MKTG,ALPNC,111,130,70,2023-05-26,2023-05-26,2023-05-26,,,,S,EG09,PG03,100890.0,Operations
102369,2023-05-26,2023-05-26,A,TFT,F,1.0,05ACC1,ACCTG,ALPNC,114,160,10,2023-05-26,2023-05-26,2023-05-26,,,,S,EG05,PG03,102948.0,Operations
102369,2023-06-21,2023-06-21,A,TFT,F,1.0,07ACC2,ACCTG,ALPNC,114,160,10,2023-05-26,2023-05-26,2023-06-21,,,,S,EG03,PG03,102948.0,Operations
102369,2024-04-12,2024-04-12,T,TFT,F,1.0,07ACC2,ACCTG,ALPNC,114,160,10,2023-05-26,2023-05-26,2023-06-21,2024-04-12,201,I,S,EG03,PG03,102948.0,Operations
102370,2023-05-26,2023-05-26,A,RFT,F,1.0,94LEG2,LEGAL,ALPNC,114,60,90,2023-05-26,2023-05-26,2023-05-26,,,,H,EG02,PG03,101378.0,Operations
102371,2023-05-26,2023-05-26,A,RFT,F,1.0,49OPS2,OPS,PRMRE,105,90,30,2023-05-26,2023-05-26,2023-05-26,,,,H,EG05,PG02,101404.0,Operations
102372,2023-05-26,2023-05-26,A,RFT,F,1.0,37IT4,IT,ALPNC,100,40,10,2023-05-26,2023-05-26,2023-05-26,,,,S,EG04,PG03,,Operations
102372,2023-06-06,2023-06-06,A,RFT,F,1.0,38IT5,IT,ALPNC,100,40,10,2023-05-26,2023-05-26,2023-06-06,,,,S,EG02,PG03,,Operations
102373,2023-05-26,2023-05-26,A,CON,F,1.0,48OPS1,OPS,PRMRE,118,190,20,2023-05-26,2023-05-26,2023-05-26,,,,H,EG03,PG02,102992.0,Operations
102373,2023-10-07,2023-10-07,T,CON,F,1.0,48OPS1,OPS,PRMRE,118,190,20,2023-05-26,2023-05-26,2023-05-26,2023-10-07,200,I,H,EG03,PG02,102992.0,Operations
102374,2023-05-26,2023-05-26,A,RFT,F,1.0,65TEC1,TECH,WSTMF,124,240,120,2023-05-26,2023-05-26,2023-05-26,,,,S,EG08,PG03,100234.0,Operations
102374,2024-07-08,2024-07-08,T,RFT,F,1.0,65TEC1,TECH,WSTMF,124,240,120,2023-05-26,2023-05-26,2023-05-26,2024-07-08,100,V,S,EG08,PG03,100234.0,Operations
102375,2023-06-01,2023-06-01,A,RFT,F,1.0,32IT1,IT,NRTHP,116,180,70,2023-06-01,2023-06-01,2023-06-01,,,,S,EG03,PG05,101899.0,Operations
102376,2023-06-01,2023-06-01,A,RFT,F,1.0,26HR2,HR,PRMRE,124,90,100,2023-06-01,2023-06-01,2023-06-01,,,,S,EG03,PG02,100652.0,Operations
102377,2023-06-01,2023-06-01,A,RPT,P,0.4,16CSR4,CSR,PRMRE,118,40,40,2023-06-01,2023-06-01,2023-06-01,,,,S,EG10,PG02,,Operations
102378,2023-06-02,2023-06-02,A,RFT,F,1.0,03ADM3,ADMIN,PRMRE,116,200,120,2023-06-02,2023-06-02,2023-06-02,,,,S,EG07,PG02,,Operations
102378,2024-03-08,2024-03-08,A,RFT,F,1.0,04ADM4,ADMIN,PRMRE,116,200,120,2023-06-02,2023-06-02,2024-03-08,,,,S,EG06,PG02,,Operations
102379,2023-06-02,2023-06-02,A,RPT,P,0.63,85SUP5,SUPV,PRMRE,105,110,80,2023-06-02,2023-06-02,2023-06-02,,,,S,EG01,PG02,,Operations
102379,2024-03-02,2024-03-02,T,RPT,P,0.63,85SUP5,SUPV,PRMRE,105,110,80,2023-06-02,2023-06-02,2023-06-02,2024-03-02,200,I,S,EG01,PG02,,Operations
102380,2023-06-02,2023-06-02,A,RFT,F,1.0,63WHS4,WHSE,PRMRE,105,150,90,2023-06-02,2023-06-02,2023-06-02,,,,S,EG10,PG02,,Operations
102380,2023-10-23,2023-10-23,T,RFT,F,1.0,63WHS4,WHSE,PRMRE,105,150,90,2023-06-02,2023-06-02,2023-06-02,2023-10-23,200,I,S,EG10,PG02,,Operations
102381,2023-06-02,2023-06-02,A,RFT,F,1.0,71MKT2,MKTG,ALPNC,100,170,100,2023-06-02,2023-06-02,2023-06-02,,,,H,EG10,PG03,,Operations
102382,2023-06-02,2023-06-02,A,RFT,F,1.0,44SAL4,SALES,PRMRE,117,240,70,2023-06-02,2023-06-02,2023-06-02,,,,S,EG09,PG02,,Operations
102382,2023-10-06,2023-10-06,T,RFT,F,1.0,44SAL4,SALES,PRMRE,117,240,70,2023-06-02,2023-06-02,2023-06-02,2023-10-06,100,V,S,EG09,PG02,,Operations
102383,2023-06-02,2023-06-02,A,TFT,F,1.0,01ADM1,ADMIN,PRMRE,100,210,80,2023-06-02,2023-06-02,2023-06-02,,,,H,EG05,PG02,101401.0,Operations
102383,2023-08-05,2023-08-05,T,TFT,F,1.0,01ADM1,ADMIN,PRMRE,100,210,80,2023-06-02,2023-06-02,2023-06-02,2023-08-05,201,I,H,EG05,PG02,101401.0,Operations
102384,2023-06-05,2023-06-05,A,RFT,F,1.0,44SAL4,SALES,PRMRE,121,150,10,2023-06-05,2023-06-05,2023-06-05,,,,S,EG09,PG02,,Operations
102384,2025-04-04,2025-04-04,T,RFT,F,1.0,44SAL4,SALES,PRMRE,121,150,10,2023-06-05,2023-06-05,2023-06-05,2025-04-04,205,I,S,EG09,PG02,,Operations
102385,2023-06-05,2023-06-05,A,RPT,P,0.56,37IT4,IT,NRTHP,108,120,20,2023-06-05,2023-06-05,2023-06-05,,,,S,EG04,PG05,,Operations
102385,2024-02-03,2024-02-03,A,RPT,P,0.56,38IT5,IT,NRTHP,108,120,20,2023-06-05,2023-06-05,2024-02-03,,,,S,EG02,PG05,,Operations
102386,2023-06-07,2023-06-07,A,RPT,P,0.49,65TEC1,TECH,NRTHP,117,160,40,2023-06-07,2023-06-07,2023-06-07,,,,H,EG08,PG05,,Operations
102387,2023-06-08,2023-06-08,A,TAW,F,1.0,19ENG2,ENGR,ALPNC,112,90,80,2023-06-08,2023-06-08,2023-06-08,,,,H,EG01,PG03,100633.0,Operations
102387,2023-08-17,2023-08-17,T,TAW,F,1.0,19ENG2,ENGR,ALPNC,112,90,80,2023-06-08,2023-06-08,2023-06-08,2023-08-17,202,V,H,EG01,PG03,100633.0,Operations
102388,2023-06-08,2023-06-08,A,RFT,F,1.0,77ANL1,ANLYT,NRTHP,109,200,90,2023-06-08,2023-06-08,2023-06-08,,,,H,EG04,PG05,,Operations
102388,2025-08-14,2025-08-14,T,RFT,F,1.0,77ANL1,ANLYT,NRTHP,109,200,90,2023-06-08,2023-06-08,2023-06-08,2025-08-14,103,V,H,EG04,PG05,,Operations
102389,2023-06-09,2023-06-09,A,RFT,F,1.0,90PRO3,PROJ,NRTHP,101,90,10,2023-06-09,2023-06-09,2023-06-09,,,,S,EG04,PG05,101169.0,Operations
102390,2023-06-09,2023-06-09,A,RPT,P,0.64,68TEC4,TECH,WSTMF,100,230,20,2023-06-09,2023-06-09,2023-06-09,,,,S,EG06,PG03,,Operations
102390,2025-04-12,2025-04-12,T,RPT,P,0.64,68TEC4,TECH,WSTMF,100,230,20,2023-06-09,2023-06-09,2023-06-09,2025-04-12,207,I,S,EG06,PG03,,Operations
102391,2023-06-09,2023-06-09,A,RFT,F,1.0,78ANL2,ANLYT,PRMRE,115,40,80,2023-06-09,2023-06-09,2023-06-09,,,,H,EG04,PG02,,Operations
102392,2023-06-14,2023-06-14,A,RFT,F,1.0,77ANL1,ANLYT,PRMRE,123,40,20,2023-06-14,2023-06-14,2023-06-14,,,,H,EG04,PG02,,Operations
102393,2023-06-14,2023-06-14,A,RFT,F,1.0,32IT1,IT,WSTMF,108,70,10,2023-06-14,2023-06-14,2023-06-14,,,,H,EG03,PG03,100772.0,Operations
102393,2026-01-10,2026-01-10,L,RFT,F,1.0,32IT1,IT,WSTMF,108,70,10,2023-06-14,2023-06-14,2023-06-14,,,,H,EG03,PG03,100772.0,Operations
102394,2023-06-15,2023-06-15,A,RPT,P,0.73,26HR2,HR,WSTMF,118,40,90,2023-06-15,2023-06-15,2023-06-15,,,,H,EG03,PG03,102377.0,Operations
102394,2023-10-25,2023-10-25,A,RPT,P,0.73,27HR3,HR,WSTMF,118,40,90,2023-06-15,2023-06-15,2023-10-25,,,,H,EG02,PG03,102377.0,Operations
102395,2023-06-15,2023-06-15,A,TAW,F,1.0,05ACC1,ACCTG,ALPNC,111,80,60,2023-06-15,2023-06-15,2023-06-15,,,,H,EG05,PG03,100773.0,Operations
102396,2023-06-16,2023-06-16,A,RPT,F,0.78,32IT1,IT,WSTMF,108,150,80,2023-06-16,2023-06-16,2023-06-16,,,,S,EG03,PG03,,Operations
102396,2024-03-27,2024-03-27,A,RPT,F,0.78,77ANL1,ANLYT,WSTMF,108,150,80,2023-06-16,2023-06-16,2024-03-27,,,,S,EG04,PG03,,Operations
102396,2024-05-03,2024-05-03,T,RPT,F,0.78,77ANL1,ANLYT,WSTMF,108,150,80,2023-06-16,2023-06-16,2024-03-27,2024-05-03,207,I,S,EG04,PG03,,Operations
102397,2023-06-16,2023-06-16,A,RPT,F,0.78,17CSR5,CSR,PRMRE,115,200,100,2023-06-16,2023-06-16,2023-06-16,,,,S,EG07,PG02,,Operations
102397,2025-12-06,2025-12-06,A,RPT,F,0.78,93PRO6,PROJ,PRMRE,115,200,100,2023-06-16,2023-06-16,2025-12-06,,,,S,EG09,PG02,,Operations
102398,2023-06-16,2023-06-16,A,RFT,F,1.0,18ENG1,ENGR,NRTHP,111,190,10,2023-06-16,2023-06-16,2023-06-16,,,,H,EG08,PG05,101390.0,Operations
102398,2023-12-25,2023-12-25,T,RFT,F,1.0,18ENG1,ENGR,NRTHP,111,190,10,2023-06-16,2023-06-16,2023-06-16,2023-12-25,102,V,H,EG08,PG05,101390.0,Operations
102399,2023-06-16,2023-06-16,A,RFT,F,1.0,60WHS1,WHSE,ALPNC,116,180,100,2023-06-16,2023-06-16,2023-06-16,,,,S,EG06,PG03,101899.0,Operations
102399,2023-12-21,2023-12-21,A,RFT,F,1.0,61WHS2,WHSE,ALPNC,116,180,100,2023-06-16,2023-06-16,2023-12-21,,,,S,EG01,PG03,101899.0,Operations
102400,2023-06-16,2023-06-16,A,RFT,F,1.0,14CSR2,CSR,ALPNC,100,10,100,2023-06-16,2023-06-16,2023-06-16,,,,H,EG06,PG03,102752.0,Operations
102400,2023-10-27,2023-10-27,A,RFT,F,1.0,15CSR3,CSR,ALPNC,100,10,100,2023-06-16,2023-06-16,2023-10-27,,,,H,EG10,PG03,102752.0,Operations
102400,2024-11-24,2024-11-24,A,RFT,F,1.0,16CSR4,CSR,ALPNC,100,10,100,2023-06-16,2023-06-16,2024-11-24,,,,H,EG10,PG03,102752.0,Operations
102400,2025-03-05,2025-03-05,A,RFT,F,1.0,51OPS4,OPS,ALPNC,100,10,100,2023-06-16,2023-06-16,2025-03-05,,,,H,EG07,PG03,102752.0,Operations
102401,2023-06-16,2023-06-16,A,RFT,F,1.0,17CSR5,CSR,NRTHP,123,10,20,2023-06-16,2023-06-16,2023-06-16,,,,S,EG07,PG05,,Operations
102402,2023-06-16,2023-06-16,A,TAW,F,1.0,01ADM1,ADMIN,WSTMF,111,200,60,2023-06-16,2023-06-16,2023-06-16,,,,H,EG05,PG03,101844.0,Operations
102402,2023-09-04,2023-09-04,T,TAW,F,1.0,01ADM1,ADMIN,WSTMF,111,200,60,2023-06-16,2023-06-16,2023-06-16,2023-09-04,102,V,H,EG05,PG03,101844.0,Operations
102403,2023-06-20,2023-06-20,A,RFT,F,1.0,33IT2,IT,PRMRE,124,80,60,2023-06-20,2023-06-20,2023-06-20,,,,H,EG09,PG02,101078.0,Operations
102403,2023-12-03,2023-12-03,T,RFT,F,1.0,33IT2,IT,PRMRE,124,80,60,2023-06-20,2023-06-20,2023-06-20,2023-12-03,102,V,H,EG09,PG02,101078.0,Operations
102404,2023-06-20,2023-06-20,A,RFT,F,1.0,15CSR3,CSR,ALPNC,112,150,40,2023-06-20,2023-06-20,2023-06-20,,,,S,EG10,PG03,,Operations
102404,2025-07-01,2025-07-01,A,RFT,F,1.0,16CSR4,CSR,ALPNC,112,150,40,2023-06-20,2023-06-20,2025-07-01,,,,S,EG10,PG03,,Operations
102404,2025-09-20,2025-09-20,A,RFT,F,1.0,17CSR5,CSR,ALPNC,112,150,40,2023-06-20,2023-06-20,2025-09-20,,,,S,EG07,PG03,,Operations
102405,2023-06-20,2023-06-20,A,RFT,F,1.0,25HR1,HR,WSTMF,102,30,20,2023-06-20,2023-06-20,2023-06-20,,,,H,EG10,PG03,100967.0,Operations
102405,2024-01-03,2024-01-03,A,RFT,F,1.0,70MKT1,MKTG,WSTMF,102,30,20,2023-06-20,2023-06-20,2024-01-03,,,,H,EG04,PG03,100967.0,Operations
102406,2023-06-20,2023-06-20,A,RFT,F,1.0,65TEC1,TECH,WSTMF,107,200,10,2023-06-20,2023-06-20,2023-06-20,,,,H,EG08,PG03,101805.0,Operations
102407,2023-06-21,2023-06-21,A,RFT,F,1.0,04ADM4,ADMIN,PRMRE,117,90,110,2023-06-21,2023-06-21,2023-06-21,,,,S,EG06,PG02,,Operations
102407,2024-05-31,2024-05-31,T,RFT,F,1.0,04ADM4,ADMIN,PRMRE,117,90,110,2023-06-21,2023-06-21,2023-06-21,2024-05-31,200,I,S,EG06,PG02,,Operations
102408,2023-06-21,2023-06-21,A,RFT,F,1.0,25HR1,HR,PRMRE,115,40,100,2023-06-21,2023-06-21,2023-06-21,,,,H,EG10,PG02,102391.0,Operations
102408,2023-06-29,2023-06-29,A,RFT,F,1.0,26HR2,HR,PRMRE,115,40,100,2023-06-21,2023-06-21,2023-06-29,,,,H,EG03,PG02,102391.0,Operations
102408,2024-01-19,2024-01-19,T,RFT,F,1.0,26HR2,HR,PRMRE,115,40,100,2023-06-21,2023-06-21,2023-06-29,2024-01-19,101,V,H,EG03,PG02,102391.0,Operations
102409,2023-06-23,2023-06-23,A,RFT,F,1.0,48OPS1,OPS,NRTHP,116,170,40,2023-06-23,2023-06-23,2023-06-23,,,,H,EG03,PG05,,Operations
102409,2024-01-30,2024-01-30,T,RFT,F,1.0,48OPS1,OPS,NRTHP,116,170,40,2023-06-23,2023-06-23,2023-06-23,2024-01-30,205,I,H,EG03,PG05,,Operations
102410,2023-06-23,2023-06-23,A,RFT,F,1.0,67TEC3,TECH,WSTMF,105,200,70,2023-06-23,2023-06-23,2023-06-23,,,,S,EG10,PG03,,Operations
102411,2023-06-23,2023-06-23,A,RFT,F,1.0,71MKT2,MKTG,WSTMF,110,170,40,2023-06-23,2023-06-23,2023-06-23,,,,S,EG10,PG03,,Operations
102411,2024-06-07,2024-06-07,A,RFT,F,1.0,72MKT3,MKTG,WSTMF,110,170,40,2023-06-23,2023-06-23,2024-06-07,,,,S,EG09,PG03,,Operations
102411,2025-10-24,2025-10-24,T,RFT,F,1.0,72MKT3,MKTG,WSTMF,110,170,40,2023-06-23,2023-06-23,2024-06-07,2025-10-24,100,V,S,EG09,PG03,,Operations
102412,2023-06-23,2023-06-23,A,CON,F,1.0,50OPS3,OPS,PRMRE,124,230,70,2023-06-23,2023-06-23,2023-06-23,,,,S,EG06,PG02,,Operations
102413,2023-06-23,2023-06-23,A,RPT,P,0.68,41SAL1,SALES,PRMRE,124,170,40,2023-06-23,2023-06-23,2023-06-23,,,,H,EG08,PG02,102836.0,Operations
102413,2023-09-18,2023-09-18,A,RPT,P,0.68,42SAL2,SALES,PRMRE,124,170,40,2023-06-23,2023-06-23,2023-09-18,,,,H,EG10,PG02,102836.0,Operations
102413,2024-10-26,2024-10-26,L,RPT,P,0.68,42SAL2,SALES,PRMRE,124,170,40,2023-06-23,2023-06-23,2023-09-18,,,,H,EG10,PG02,102836.0,Operations
102413,2025-03-09,2025-03-09,A,RPT,P,0.68,42SAL2,SALES,PRMRE,124,170,40,2023-06-23,2023-06-23,2023-09-18,,,,H,EG10,PG02,102836.0,Operations
102414,2023-06-26,2023-06-26,A,RFT,F,1.0,60WHS1,WHSE,WSTMF,113,110,120,2023-06-26,2023-06-26,2023-06-26,,,,H,EG06,PG03,100425.0,Operations
102414,2025-12-31,2025-12-31,T,RFT,F,1.0,60WHS1,WHSE,WSTMF,113,110,120,2023-06-26,2023-06-26,2023-06-26,2025-12-31,205,I,H,EG06,PG03,100425.0,Operations
102415,2023-06-27,2023-06-27,A,CON,F,1.0,25HR1,HR,NRTHP,113,250,30,2023-06-27,2023-06-27,2023-06-27,,,,H,EG10,PG05,101219.0,Operations
102416,2023-06-27,2023-06-27,A,RFT,F,1.0,95LEG3,LEGAL,NRTHP,103,90,50,2023-06-27,2023-06-27,2023-06-27,,,,S,EG05,PG05,,Operations
102417,2023-06-27,2023-06-27,A,RFT,F,1.0,08ACC3,ACCTG,PRMRE,115,210,20,2023-06-27,2023-06-27,2023-06-27,,,,S,EG01,PG02,100349.0,Operations
102417,2025-09-30,2025-09-30,A,RFT,F,1.0,09ACC4,ACCTG,PRMRE,115,210,20,2023-06-27,2023-06-27,2025-09-30,,,,S,EG05,PG02,100349.0,Operations
102418,2023-06-30,2023-06-30,A,RFT,F,1.0,41SAL1,SALES,WSTMF,105,50,60,2023-06-30,2023-06-30,2023-06-30,,,,S,EG08,PG03,100385.0,Operations
102418,2023-07-29,2023-07-29,A,RFT,F,1.0,65TEC1,TECH,WSTMF,105,50,60,2023-06-30,2023-06-30,2023-07-29,,,,S,EG08,PG03,100385.0,Operations
102418,2023-10-29,2023-10-29,T,RFT,F,1.0,65TEC1,TECH,WSTMF,105,50,60,2023-06-30,2023-06-30,2023-07-29,2023-10-29,100,V,S,EG08,PG03,100385.0,Operations
102419,2023-06-30,2023-06-30,A,RPT,P,0.54,35IT3,IT,NRTHP,112,10,70,2023-06-30,2023-06-30,2023-06-30,,,,S,EG08,PG05,102001.0,Operations
102419,2023-08-08,2023-08-08,A,RPT,P,0.54,37IT4,IT,NRTHP,112,10,70,2023-06-30,2023-06-30,2023-08-08,,,,S,EG04,PG05,102001.0,Operations
102419,2023-10-19,2023-10-19,T,RPT,P,0.54,37IT4,IT,NRTHP,112,10,70,2023-06-30,2023-06-30,2023-08-08,2023-10-19,207,I,S,EG04,PG05,102001.0,Operations
102420,2023-06-30,2023-06-30,A,RFT,F,1.0,07ACC2,ACCTG,PRMRE,122,90,80,2023-06-30,2023-06-30,2023-06-30,,,,S,EG03,PG02,,Operations
102421,2023-06-30,2023-06-30,A,CON,F,1.0,02ADM2,ADMIN,WSTMF,100,80,30,2023-06-30,2023-06-30,2023-06-30,,,,H,EG04,PG03,100205.0,Operations
102421,2023-09-10,2023-09-10,T,CON,F,1.0,02ADM2,ADMIN,WSTMF,100,80,30,2023-06-30,2023-06-30,2023-06-30,2023-09-10,100,V,H,EG04,PG03,100205.0,Operations
102422,2023-07-03,2023-07-03,A,RPT,P,0.4,90PRO3,PROJ,PRMRE,117,150,100,2023-07-03,2023-07-03,2023-07-03,,,,S,EG04,PG02,,Operations
102423,2023-07-03,2023-07-03,A,RFT,F,1.0,78ANL2,ANLYT,PRMRE,116,180,70,2023-07-03,2023-07-03,2023-07-03,,,,H,EG04,PG02,101899.0,Operations
102424,2023-07-05,2023-07-05,A,RFT,F,1.0,28HR4,HR,ALPNC,112,10,30,2023-07-05,2023-07-05,2023-07-05,,,,S,EG08,PG03,,Operations
102424,2025-02-27,2025-02-27,A,RFT,F,1.0,29HR5,HR,ALPNC,112,10,30,2023-07-05,2023-07-05,2025-02-27,,,,S,EG07,PG03,,Operations
102425,2023-07-06,2023-07-06,A,RFT,F,1.0,01ADM1,ADMIN,PRMRE,105,20,90,2023-07-06,2023-07-06,2023-07-06,,,,H,EG05,PG02,102730.0,Operations
102425,2023-12-05,2023-12-05,T,RFT,F,1.0,01ADM1,ADMIN,PRMRE,105,20,90,2023-07-06,2023-07-06,2023-07-06,2023-12-05,206,I,H,EG05,PG02,102730.0,Operations
102426,2023-07-07,2023-07-07,A,RFT,F,1.0,18ENG1,ENGR,PRMRE,102,50,110,2023-07-07,2023-07-07,2023-07-07,,,,S,EG08,PG02,102746.0,Operations
102426,2024-09-27,2024-09-27,A,RFT,F,1.0,13CSR1,CSR,PRMRE,102,50,110,2023-07-07,2023-07-07,2024-09-27,,,,S,EG01,PG02,102746.0,Operations
102427,2023-07-07,2023-07-07,A,RFT,F,1.0,81ANL5,ANLYT,WSTMF,106,160,110,2023-07-07,2023-07-07,2023-07-07,,,,S,EG01,PG03,,Operations
102427,2025-11-06,2025-11-06,T,RFT,F,1.0,81ANL5,ANLYT,WSTMF,106,160,110,2023-07-07,2023-07-07,2023-07-07,2025-11-06,207,I,S,EG01,PG03,,Operations
102428,2023-07-07,2023-07-07,A,RFT,F,1.0,02ADM2,ADMIN,PRMRE,123,30,40,2023-07-07,2023-07-07,2023-07-07,,,,H,EG04,PG02,,Operations
102428,2023-10-11,2023-10-11,L,RFT,F,1.0,02ADM2,ADMIN,PRMRE,123,30,40,2023-07-07,2023-07-07,2023-07-07,,,,H,EG04,PG02,,Operations
102428,2024-01-07,2024-01-07,A,RFT,F,1.0,02ADM2,ADMIN,PRMRE,123,30,40,2023-07-07,2023-07-07,2023-07-07,,,,H,EG04,PG02,,Operations
102428,2024-01-30,2024-01-30,T,RFT,F,1.0,02ADM2,ADMIN,PRMRE,123,30,40,2023-07-07,2023-07-07,2023-07-07,2024-01-30,100,V,H,EG04,PG02,,Operations
102429,2023-07-10,2023-07-10,A,RFT,F,1.0,34IT2,IT,NRTHP,123,130,50,2023-07-10,2023-07-10,2023-07-10,,,,H,EG08,PG05,100445.0,Operations
102429,2025-03-17,2025-03-17,A,RFT,F,1.0,35IT3,IT,NRTHP,123,130,50,2023-07-10,2023-07-10,2025-03-17,,,,H,EG08,PG05,100445.0,Operations
102430,2023-07-12,2023-07-12,A,RFT,F,1.0,33IT2,IT,WSTMF,124,250,50,2023-07-12,2023-07-12,2023-07-12,,,,H,EG09,PG03,,Operations
102430,2023-11-27,2023-11-27,T,RFT,F,1.0,33IT2,IT,WSTMF,124,250,50,2023-07-12,2023-07-12,2023-07-12,2023-11-27,100,V,H,EG09,PG03,,Operations
102431,2023-07-12,2023-07-12,A,RFT,F,1.0,41SAL1,SALES,ALPNC,104,40,80,2023-07-12,2023-07-12,2023-07-12,,,,H,EG08,PG03,100700.0,Operations
102431,2025-06-30,2025-06-30,L,RFT,F,1.0,41SAL1,SALES,ALPNC,104,40,80,2023-07-12,2023-07-12,2023-07-12,,,,H,EG08,PG03,100700.0,Operations
102431,2025-10-05,2025-10-05,A,RFT,F,1.0,41SAL1,SALES,ALPNC,104,40,80,2023-07-12,2023-07-12,2023-07-12,,,,H,EG08,PG03,100700.0,Operations
102432,2023-07-12,2023-07-12,A,RPT,P,0.74,45SAL5,SALES,NRTHP,104,90,30,2023-07-12,2023-07-12,2023-07-12,,,,S,EG06,PG05,,Operations
102432,2023-09-14,2023-09-14,A,RPT,P,0.74,46SAL6,SALES,NRTHP,104,90,30,2023-07-12,2023-07-12,2023-09-14,,,,S,EG05,PG05,,Operations
102433,2023-07-12,2023-07-12,A,RFT,F,1.0,06ACC1,ACCTG,PRMRE,102,120,90,2023-07-12,2023-07-12,2023-07-12,,,,S,EG09,PG02,100740.0,Operations
102433,2023-10-13,2023-10-13,T,RFT,F,1.0,06ACC1,ACCTG,PRMRE,102,120,90,2023-07-12,2023-07-12,2023-07-12,2023-10-13,210,I,S,EG09,PG02,100740.0,Operations
102434,2023-07-13,2023-07-13,A,RFT,F,1.0,55TRD1,TRD,PRMRE,100,210,30,2023-07-13,2023-07-13,2023-07-13,,,,S,EG04,PG02,101401.0,Operations
102434,2023-07-14,2023-07-14,T,RFT,F,1.0,55TRD1,TRD,PRMRE,100,210,30,2023-07-13,2023-07-13,2023-07-13,2023-07-14,202,V,S,EG04,PG02,101401.0,Operations
102435,2023-07-13,2023-07-13,A,RFT,F,1.0,78ANL2,ANLYT,PRMRE,123,120,20,2023-07-13,2023-07-13,2023-07-13,,,,H,EG04,PG02,,Operations
102436,2023-07-14,2023-07-14,A,RFT,F,1.0,04ADM4,ADMIN,WSTMF,111,120,80,2023-07-14,2023-07-14,2023-07-14,,,,S,EG06,PG03,,Operations
102437,2023-07-14,2023-07-14,A,RFT,F,1.0,56TRD2,TRD,WSTMF,111,250,60,2023-07-14,2023-07-14,2023-07-14,,,,S,EG02,PG03,102191.0,Operations
102437,2025-08-13,2025-08-13,T,RFT,F,1.0,56TRD2,TRD,WSTMF,111,250,60,2023-07-14,2023-07-14,2023-07-14,2025-08-13,100,V,S,EG02,PG03,102191.0,Operations
102438,2023-07-14,2023-07-14,A,RFT,F,1.0,42SAL2,SALES,NRTHP,117,30,10,2023-07-14,2023-07-14,2023-07-14,,,,H,EG10,PG05,,Operations
102439,2023-07-17,2023-07-17,A,RFT,F,1.0,55TRD1,TRD,NRTHP,103,100,120,2023-07-17,2023-07-17,2023-07-17,,,,H,EG04,PG05,102842.0,Operations
102439,2025-10-28,2025-10-28,T,RFT,F,1.0,55TRD1,TRD,NRTHP,103,100,120,2023-07-17,2023-07-17,2023-07-17,2025-10-28,200,I,H,EG04,PG05,102842.0,Operations
102440,2023-07-17,2023-07-17,A,RFT,F,1.0,91PRO4,PROJ,ALPNC,111,70,20,2023-07-17,2023-07-17,2023-07-17,,,,S,EG02,PG03,,Operations
102440,2024-04-08,2024-04-08,A,RFT,F,1.0,92PRO5,PROJ,ALPNC,111,70,20,2023-07-17,2023-07-17,2024-04-08,,,,S,EG07,PG03,,Operations
102441,2023-07-17,2023-07-17,A,RFT,F,1.0,78ANL2,ANLYT,PRMRE,124,220,90,2023-07-17,2023-07-17,2023-07-17,,,,H,EG04,PG02,100427.0,Operations
102442,2023-07-17,2023-07-17,A,RFT,F,1.0,34IT2,IT,ALPNC,100,180,10,2023-07-17,2023-07-17,2023-07-17,,,,H,EG08,PG03,,Operations
102442,2025-04-10,2025-04-10,T,RFT,F,1.0,34IT2,IT,ALPNC,100,180,10,2023-07-17,2023-07-17,2023-07-17,2025-04-10,202,V,H,EG08,PG03,,Operations
102443,2023-07-18,2023-07-18,A,CON,F,1.0,07ACC2,ACCTG,PRMRE,105,220,40,2023-07-18,2023-07-18,2023-07-18,,,,H,EG03,PG02,,Operations
102443,2025-02-28,2025-02-28,A,CON,F,1.0,33IT2,IT,PRMRE,105,220,40,2023-07-18,2023-07-18,2025-02-28,,,,H,EG09,PG02,,Operations
102443,2025-03-27,2025-03-27,A,CON,F,1.0,36IT3,IT,PRMRE,105,220,40,2023-07-18,2023-07-18,2025-03-27,,,,H,EG07,PG02,,Operations
102444,2023-07-18,2023-07-18,A,RFT,F,1.0,70MKT1,MKTG,ALPNC,100,90,20,2023-07-18,2023-07-18,2023-07-18,,,,H,EG04,PG03,100821.0,Operations
102445,2023-07-19,2023-07-19,A,RFT,F,1.0,73MKT4,MKTG,NRTHP,108,40,50,2023-07-19,2023-07-19,2023-07-19,,,,S,EG01,PG05,,Operations
102446,2023-07-20,2023-07-20,A,RFT,F,1.0,22ENG5,ENGR,PRMRE,116,220,30,2023-07-20,2023-07-20,2023-07-20,,,,S,EG08,PG02,,Operations
102446,2023-11-13,2023-11-13,T,RFT,F,1.0,22ENG5,ENGR,PRMRE,116,220,30,2023-07-20,2023-07-20,2023-07-20,2023-11-13,100,V,S,EG08,PG02,,Operations
102447,2023-07-21,2023-07-21,A,RFT,F,1.0,28HR4,HR,NRTHP,118,170,50,2023-07-21,2023-07-21,2023-07-21,,,,S,EG08,PG05,,Operations
102447,2024-06-05,2024-06-05,A,RFT,F,1.0,58TRD4,TRD,NRTHP,118,170,50,2023-07-21,2023-07-21,2024-06-05,,,,S,EG05,PG05,,Operations
102447,2025-09-19,2025-09-19,T,RFT,F,1.0,58TRD4,TRD,NRTHP,118,170,50,2023-07-21,2023-07-21,2024-06-05,2025-09-19,206,I,S,EG05,PG05,,Operations
102448,2023-07-21,2023-07-21,A,RFT,F,1.0,20ENG3,ENGR,ALPNC,112,90,90,2023-07-21,2023-07-21,2023-07-21,,,,S,EG03,PG03,100633.0,Operations
102448,2024-01-16,2024-01-16,T,RFT,F,1.0,20ENG3,ENGR,ALPNC,112,90,90,2023-07-21,2023-07-21,2023-07-21,2024-01-16,100,V,S,EG03,PG03,100633.0,Operations
102449,2023-07-21,2023-07-21,A,RPT,P,0.62,18ENG1,ENGR,NRTHP,115,130,100,2023-07-21,2023-07-21,2023-07-21,,,,H,EG08,PG05,101190.0,Operations
102449,2024-01-25,2024-01-25,A,RPT,P,0.62,19ENG2,ENGR,NRTHP,115,130,100,2023-07-21,2023-07-21,2024-01-25,,,,H,EG01,PG05,101190.0,Operations
102449,2024-10-31,2024-10-31,A,RPT,P,0.62,20ENG3,ENGR,NRTHP,115,130,100,2023-07-21,2023-07-21,2024-10-31,,,,H,EG03,PG05,101190.0,Operations
102449,2025-05-26,2025-05-26,A,RPT,P,0.62,21ENG4,ENGR,NRTHP,115,130,100,2023-07-21,2023-07-21,2025-05-26,,,,H,EG06,PG05,101190.0,Operations
102450,2023-07-21,2023-07-21,A,RPT,P,0.66,07ACC2,ACCTG,ALPNC,100,50,30,2023-07-21,2023-07-21,2023-07-21,,,,H,EG03,PG03,101996.0,Operations
102450,2024-10-27,2024-10-27,T,RPT,P,0.66,07ACC2,ACCTG,ALPNC,100,50,30,2023-07-21,2023-07-21,2023-07-21,2024-10-27,100,V,H,EG03,PG03,101996.0,Operations
102451,2023-07-24,2023-07-24,A,RFT,F,1.0,05ACC1,ACCTG,NRTHP,124,160,120,2023-07-24,2023-07-24,2023-07-24,,,,H,EG05,PG05,100599.0,Operations
102452,2023-07-26,2023-07-26,A,RFT,F,1.0,57TRD3,TRD,WSTMF,106,230,30,2023-07-26,2023-07-26,2023-07-26,,,,S,EG02,PG03,,Operations
102452,2024-05-31,2024-05-31,A,RFT,F,1.0,67TEC3,TECH,WSTMF,106,230,30,2023-07-26,2023-07-26,2024-05-31,,,,S,EG10,PG03,,Operations
102453,2023-07-26,2023-07-26,A,RFT,F,1.0,43SAL3,SALES,PRMRE,105,10,30,2023-07-26,2023-07-26,2023-07-26,,,,S,EG10,PG02,,Operations
102453,2024-07-02,2024-07-02,T,RFT,F,1.0,43SAL3,SALES,PRMRE,105,10,30,2023-07-26,2023-07-26,2023-07-26,2024-07-02,103,V,S,EG10,PG02,,Operations
102454,2023-07-28,2023-07-28,A,RFT,F,1.0,77ANL1,ANLYT,PRMRE,124,90,110,2023-07-28,2023-07-28,2023-07-28,,,,H,EG04,PG02,100652.0,Operations
102455,2023-08-02,2023-08-02,A,RFT,F,1.0,36IT3,IT,ALPNC,115,180,120,2023-08-02,2023-08-02,2023-08-02,,,,S,EG07,PG03,100860.0,Operations
102455,2023-11-16,2023-11-16,L,RFT,F,1.0,36IT3,IT,ALPNC,115,180,120,2023-08-02,2023-08-02,2023-08-02,,,,S,EG07,PG03,100860.0,Operations
102455,2024-05-03,2024-05-03,A,RFT,F,1.0,36IT3,IT,ALPNC,115,180,120,2023-08-02,2023-08-02,2023-08-02,,,,S,EG07,PG03,100860.0,Operations
102456,2023-08-04,2023-08-04,A,TAW,F,1.0,49OPS2,OPS,PRMRE,123,10,40,2023-08-04,2023-08-04,2023-08-04,,,,H,EG05,PG02,102401.0,Operations
102456,2023-12-27,2023-12-27,T,TAW,F,1.0,49OPS2,OPS,PRMRE,123,10,40,2023-08-04,2023-08-04,2023-08-04,2023-12-27,103,V,H,EG05,PG02,102401.0,Operations
102457,2023-08-04,2023-08-04,A,RFT,F,1.0,29HR5,HR,WSTMF,124,70,100,2023-08-04,2023-08-04,2023-08-04,,,,S,EG07,PG03,,Operations
102458,2023-08-04,2023-08-04,A,RFT,F,1.0,66TEC2,TECH,NRTHP,102,30,40,2023-08-04,2023-08-04,2023-08-04,,,,H,EG04,PG05,100967.0,Operations
102458,2024-03-14,2024-03-14,T,RFT,F,1.0,66TEC2,TECH,NRTHP,102,30,40,2023-08-04,2023-08-04,2023-08-04,2024-03-14,101,V,H,EG04,PG05,100967.0,Operations
102459,2023-08-04,2023-08-04,A,RFT,F,1.0,25HR1,HR,WSTMF,105,90,50,2023-08-04,2023-08-04,2023-08-04,,,,H,EG10,PG03,101404.0,Operations
102459,2024-08-11,2024-08-11,T,RFT,F,1.0,25HR1,HR,WSTMF,105,90,50,2023-08-04,2023-08-04,2023-08-04,2024-08-11,206,I,H,EG10,PG03,101404.0,Operations
102460,2023-08-04,2023-08-04,A,CON,F,1.0,05ACC1,ACCTG,PRMRE,121,20,50,2023-08-04,2023-08-04,2023-08-04,,,,H,EG05,PG02,100758.0,Operations
102461,2023-08-08,2023-08-08,A,RFT,F,1.0,20ENG3,ENGR,NRTHP,116,10,110,2023-08-08,2023-08-08,2023-08-08,,,,S,EG03,PG05,,Operations
102461,2025-04-08,2025-04-08,A,RFT,F,1.0,95LEG3,LEGAL,NRTHP,116,10,110,2023-08-08,2023-08-08,2025-04-08,,,,S,EG05,PG05,,Operations
102462,2023-08-11,2023-08-11,A,RFT,F,1.0,71MKT2,MKTG,NRTHP,111,60,30,2023-08-11,2023-08-11,2023-08-11,,,,S,EG10,PG05,,Operations
102462,2024-09-28,2024-09-28,T,RFT,F,1.0,71MKT2,MKTG,NRTHP,111,60,30,2023-08-11,2023-08-11,2023-08-11,2024-09-28,100,V,S,EG10,PG05,,Operations
102463,2023-08-11,2023-08-11,A,RFT,F,1.0,51OPS4,OPS,NRTHP,123,180,70,2023-08-11,2023-08-11,2023-08-11,,,,S,EG07,PG05,,Operations
102463,2025-02-20,2025-02-20,T,RFT,F,1.0,51OPS4,OPS,NRTHP,123,180,70,2023-08-11,2023-08-11,2023-08-11,2025-02-20,200,I,S,EG07,PG05,,Operations
102464,2023-08-11,2023-08-11,A,RFT,F,1.0,13CSR1,CSR,NRTHP,102,110,40,2023-08-11,2023-08-11,2023-08-11,,,,H,EG01,PG05,100283.0,Operations
102464,2024-04-04,2024-04-04,T,RFT,F,1.0,13CSR1,CSR,NRTHP,102,110,40,2023-08-11,2023-08-11,2023-08-11,2024-04-04,103,V,H,EG01,PG05,100283.0,Operations
102465,2023-08-11,2023-08-11,A,RFT,F,1.0,27HR3,HR,WSTMF,105,130,30,2023-08-11,2023-08-11,2023-08-11,,,,S,EG02,PG03,,Operations
102466,2023-08-15,2023-08-15,A,RPT,P,0.71,34IT2,IT,PRMRE,100,50,120,2023-08-15,2023-08-15,2023-08-15,,,,H,EG08,PG02,101996.0,Operations
102467,2023-08-16,2023-08-16,A,RFT,F,1.0,22ENG5,ENGR,WSTMF,115,170,40,2023-08-16,2023-08-16,2023-08-16,,,,S,EG08,PG03,,Operations
102468,2023-08-18,2023-08-18,A,RFT,F,1.0,91PRO4,PROJ,PRMRE,102,130,60,2023-08-18,2023-08-18,2023-08-18,,,,S,EG02,PG02,,Operations
102469,2023-08-18,2023-08-18,A,RPT,P,0.58,62WHS3,WHSE,ALPNC,115,90,100,2023-08-18,2023-08-18,2023-08-18,,,,S,EG01,PG03,102088.0,Operations
102470,2023-08-21,2023-08-21,A,RFT,F,1.0,66TEC2,TECH,PRMRE,118,40,110,2023-08-21,2023-08-21,2023-08-21,,,,H,EG04,PG02,102377.0,Operations
102470,2024-03-24,2024-03-24,T,RFT,F,1.0,66TEC2,TECH,PRMRE,118,40,110,2023-08-21,2023-08-21,2023-08-21,2024-03-24,100,V,H,EG04,PG02,102377.0,Operations
102471,2023-08-21,2023-08-21,A,RPT,P,0.63,70MKT1,MKTG,ALPNC,115,130,20,2023-08-21,2023-08-21,2023-08-21,,,,S,EG04,PG03,101190.0,Operations
102471,2023-10-30,2023-10-30,T,RPT,P,0.63,70MKT1,MKTG,ALPNC,115,130,20,2023-08-21,2023-08-21,2023-08-21,2023-10-30,202,V,S,EG04,PG03,101190.0,Operations
102472,2023-08-21,2023-08-21,A,CON,F,1.0,33IT2,IT,PRMRE,121,70,10,2023-08-21,2023-08-21,2023-08-21,,,,H,EG09,PG02,,Operations
102473,2023-08-22,2023-08-22,A,RFT,F,1.0,67TEC3,TECH,ALPNC,104,80,70,2023-08-22,2023-08-22,2023-08-22,,,,S,EG10,PG03,,Operations
102473,2023-09-06,2023-09-06,T,RFT,F,1.0,67TEC3,TECH,ALPNC,104,80,70,2023-08-22,2023-08-22,2023-08-22,2023-09-06,100,V,S,EG10,PG03,,Operations
102474,2023-08-22,2023-08-22,A,RFT,F,1.0,25HR1,HR,WSTMF,124,50,110,2023-08-22,2023-08-22,2023-08-22,,,,H,EG10,PG03,101154.0,Operations
102474,2023-10-16,2023-10-16,T,RFT,F,1.0,25HR1,HR,WSTMF,124,50,110,2023-08-22,2023-08-22,2023-08-22,2023-10-16,205,I,H,EG10,PG03,101154.0,Operations
102475,2023-08-23,2023-08-23,A,TAW,F,1.0,90PRO3,PROJ,PRMRE,118,100,10,2023-08-23,2023-08-23,2023-08-23,,,,S,EG04,PG02,,Operations
102475,2024-02-27,2024-02-27,T,TAW,F,1.0,90PRO3,PROJ,PRMRE,118,100,10,2023-08-23,2023-08-23,2023-08-23,2024-02-27,100,V,S,EG04,PG02,,Operations
102476,2023-08-24,2023-08-24,A,RFT,F,1.0,03ADM3,ADMIN,WSTMF,118,120,20,2023-08-24,2023-08-24,2023-08-24,,,,S,EG07,PG03,,Operations
102477,2023-08-24,2023-08-24,A,RFT,F,1.0,34IT2,IT,WSTMF,106,40,10,2023-08-24,2023-08-24,2023-08-24,,,,H,EG08,PG03,101842.0,Operations
102477,2023-11-14,2023-11-14,A,RFT,F,1.0,36IT3,IT,WSTMF,106,40,10,2023-08-24,2023-08-24,2023-11-14,,,,H,EG07,PG03,101842.0,Operations
102477,2024-08-02,2024-08-02,T,RFT,F,1.0,36IT3,IT,WSTMF,106,40,10,2023-08-24,2023-08-24,2023-11-14,2024-08-02,200,I,H,EG07,PG03,101842.0,Operations
102478,2023-08-25,2023-08-25,A,RFT,F,1.0,90PRO3,PROJ,NRTHP,113,10,30,2023-08-25,2023-08-25,2023-08-25,,,,S,EG04,PG05,,Operations
102478,2023-10-06,2023-10-06,T,RFT,F,1.0,90PRO3,PROJ,NRTHP,113,10,30,2023-08-25,2023-08-25,2023-08-25,2023-10-06,101,V,S,EG04,PG05,,Operations
102479,2023-08-25,2023-08-25,A,CON,F,1.0,60WHS1,WHSE,WSTMF,115,210,70,2023-08-25,2023-08-25,2023-08-25,,,,H,EG06,PG03,100349.0,Operations
102480,2023-08-25,2023-08-25,A,RFT,F,1.0,57TRD3,TRD,PRMRE,115,20,110,2023-08-25,2023-08-25,2023-08-25,,,,S,EG02,PG02,101427.0,Operations
102481,2023-08-25,2023-08-25,A,CON,F,1.0,97LEG6,LEGAL,NRTHP,103,230,110,2023-08-25,2023-08-25,2023-08-25,,,,S,EG07,PG05,,Operations
102481,2025-07-01,2025-07-01,A,CON,F,1.0,54OPS7,OPS,NRTHP,103,230,110,2023-08-25,2023-08-25,2025-07-01,,,,S,EG02,PG05,,Operations
102481,2025-09-17,2025-09-17,L,CON,F,1.0,54OPS7,OPS,NRTHP,103,230,110,2023-08-25,2023-08-25,2025-07-01,,,,S,EG02,PG05,,Operations
102481,2025-10-04,2025-10-04,A,CON,F,1.0,54OPS7,OPS,NRTHP,103,230,110,2023-08-25,2023-08-25,2025-07-01,,,,S,EG02,PG05,,Operations
102482,2023-08-25,2023-08-25,A,RFT,F,1.0,57TRD3,TRD,PRMRE,124,200,50,2023-08-25,2023-08-25,2023-08-25,,,,S,EG02,PG02,,Operations
102482,2025-12-06,2025-12-06,T,RFT,F,1.0,57TRD3,TRD,PRMRE,124,200,50,2023-08-25,2023-08-25,2023-08-25,2025-12-06,102,V,S,EG02,PG02,,Operations
102483,2023-08-25,2023-08-25,A,RFT,F,1.0,89PRO2,PROJ,ALPNC,115,60,120,2023-08-25,2023-08-25,2023-08-25,,,,S,EG06,PG03,100038.0,Operations
102484,2023-09-01,2023-09-01,A,RFT,F,1.0,61WHS2,WHSE,WSTMF,110,180,50,2023-09-01,2023-09-01,2023-09-01,,,,H,EG01,PG03,,Operations
102484,2025-01-28,2025-01-28,T,RFT,F,1.0,61WHS2,WHSE,WSTMF,110,180,50,2023-09-01,2023-09-01,2023-09-01,2025-01-28,207,I,H,EG01,PG03,,Operations
102485,2023-09-01,2023-09-01,A,RFT,F,1.0,28HR4,HR,ALPNC,102,10,20,2023-09-01,2023-09-01,2023-09-01,,,,S,EG08,PG03,,Operations
102485,2026-01-26,2026-01-26,A,RFT,F,1.0,29HR5,HR,ALPNC,102,10,20,2023-09-01,2023-09-01,2026-01-26,,,,S,EG07,PG03,,Operations
102486,2023-09-01,2023-09-01,A,RPT,P,0.65,29HR5,HR,NRTHP,115,130,40,2023-09-01,2023-09-01,2023-09-01,,,,S,EG07,PG05,,Operations
102486,2024-10-25,2024-10-25,T,RPT,P,0.65,29HR5,HR,NRTHP,115,130,40,2023-09-01,2023-09-01,2023-09-01,2024-10-25,100,V,S,EG07,PG05,,Operations
102487,2023-09-01,2023-09-01,A,RFT,F,1.0,25HR1,HR,PRMRE,123,90,70,2023-09-01,2023-09-01,2023-09-01,,,,H,EG10,PG02,,Operations
102487,2024-10-10,2024-10-10,A,RFT,F,1.0,26HR2,HR,PRMRE,123,90,70,2023-09-01,2023-09-01,2024-10-10,,,,H,EG03,PG02,,Operations
102488,2023-09-01,2023-09-01,A,RFT,F,1.0,61WHS2,WHSE,WSTMF,124,230,30,2023-09-01,2023-09-01,2023-09-01,,,,H,EG01,PG03,102542.0,Operations
102489,2023-09-04,2023-09-04,A,RFT,F,1.0,15CSR3,CSR,PRMRE,102,20,60,2023-09-04,2023-09-04,2023-09-04,,,,S,EG10,PG02,102972.0,Operations
102489,2025-06-08,2025-06-08,L,RFT,F,1.0,15CSR3,CSR,PRMRE,102,20,60,2023-09-04,2023-09-04,2023-09-04,,,,S,EG10,PG02,102972.0,Operations
102489,2025-08-22,2025-08-22,A,RFT,F,1.0,15CSR3,CSR,PRMRE,102,20,60,2023-09-04,2023-09-04,2023-09-04,,,,S,EG10,PG02,102972.0,Operations
102490,2023-09-06,2023-09-06,A,RFT,F,1.0,72MKT3,MKTG,ALPNC,116,140,110,2023-09-06,2023-09-06,2023-09-06,,,,S,EG09,PG03,,Operations
102490,2025-04-15,2025-04-15,T,RFT,F,1.0,72MKT3,MKTG,ALPNC,116,140,110,2023-09-06,2023-09-06,2023-09-06,2025-04-15,100,V,S,EG09,PG03,,Operations
102491,2023-09-07,2023-09-07,A,RFT,F,1.0,94LEG2,LEGAL,NRTHP,103,40,10,2023-09-07,2023-09-07,2023-09-07,,,,S,EG02,PG05,100952.0,Operations
102491,2024-07-18,2024-07-18,L,RFT,F,1.0,94LEG2,LEGAL,NRTHP,103,40,10,2023-09-07,2023-09-07,2023-09-07,,,,S,EG02,PG05,100952.0,Operations
102491,2024-10-24,2024-10-24,A,RFT,F,1.0,94LEG2,LEGAL,NRTHP,103,40,10,2023-09-07,2023-09-07,2023-09-07,,,,S,EG02,PG05,100952.0,Operations
102492,2023-09-07,2023-09-07,A,RFT,F,1.0,07ACC2,ACCTG,ALPNC,104,20,40,2023-09-07,2023-09-07,2023-09-07,,,,S,EG03,PG03,,Operations
102492,2024-10-18,2024-10-18,L,RFT,F,1.0,07ACC2,ACCTG,ALPNC,104,20,40,2023-09-07,2023-09-07,2023-09-07,,,,S,EG03,PG03,,Operations
102492,2025-01-05,2025-01-05,A,RFT,F,1.0,07ACC2,ACCTG,ALPNC,104,20,40,2023-09-07,2023-09-07,2023-09-07,,,,S,EG03,PG03,,Operations
102493,2023-09-07,2023-09-07,A,RFT,F,1.0,78ANL2,ANLYT,WSTMF,113,130,60,2023-09-07,2023-09-07,2023-09-07,,,,S,EG04,PG03,102623.0,Operations
102493,2024-09-17,2024-09-17,T,RFT,F,1.0,78ANL2,ANLYT,WSTMF,113,130,60,2023-09-07,2023-09-07,2023-09-07,2024-09-17,201,I,S,EG04,PG03,102623.0,Operations
102494,2023-09-08,2023-09-08,A,RFT,F,1.0,51OPS4,OPS,WSTMF,118,250,10,2023-09-08,2023-09-08,2023-09-08,,,,S,EG07,PG03,,Operations
102495,2023-09-08,2023-09-08,A,RFT,F,1.0,66TEC2,TECH,NRTHP,114,60,110,2023-09-08,2023-09-08,2023-09-08,,,,H,EG04,PG05,101378.0,Operations
102495,2024-06-26,2024-06-26,T,RFT,F,1.0,66TEC2,TECH,NRTHP,114,60,110,2023-09-08,2023-09-08,2023-09-08,2024-06-26,101,V,H,EG04,PG05,101378.0,Operations
102496,2023-09-08,2023-09-08,A,RFT,F,1.0,94LEG2,LEGAL,ALPNC,121,60,100,2023-09-08,2023-09-08,2023-09-08,,,,H,EG02,PG03,102633.0,Operations
102496,2024-06-27,2024-06-27,T,RFT,F,1.0,94LEG2,LEGAL,ALPNC,121,60,100,2023-09-08,2023-09-08,2023-09-08,2024-06-27,100,V,H,EG02,PG03,102633.0,Operations
102497,2023-09-08,2023-09-08,A,RFT,F,1.0,66TEC2,TECH,NRTHP,119,30,120,2023-09-08,2023-09-08,2023-09-08,,,,H,EG04,PG05,,Operations
102497,2024-04-16,2024-04-16,T,RFT,F,1.0,66TEC2,TECH,NRTHP,119,30,120,2023-09-08,2023-09-08,2023-09-08,2024-04-16,207,I,H,EG04,PG05,,Operations
102498,2023-09-08,2023-09-08,A,RFT,F,1.0,32IT1,IT,NRTHP,111,140,120,2023-09-08,2023-09-08,2023-09-08,,,,S,EG03,PG05,100755.0,Operations
102499,2023-09-08,2023-09-08,A,RFT,F,1.0,08ACC3,ACCTG,NRTHP,104,110,20,2023-09-08,2023-09-08,2023-09-08,,,,S,EG01,PG05,,Operations
102500,2023-09-11,2023-09-11,A,RFT,F,1.0,77ANL1,ANLYT,WSTMF,115,50,120,2023-09-11,2023-09-11,2023-09-11,,,,H,EG04,PG03,100721.0,Operations
102500,2025-04-09,2025-04-09,A,RFT,F,1.0,78ANL2,ANLYT,WSTMF,115,50,120,2023-09-11,2023-09-11,2025-04-09,,,,H,EG04,PG03,100721.0,Operations
102500,2026-01-28,2026-01-28,A,RFT,F,1.0,34IT2,IT,WSTMF,115,50,120,2023-09-11,2023-09-11,2026-01-28,,,,H,EG08,PG03,100721.0,Operations
102501,2023-09-11,2023-09-11,A,RFT,F,1.0,94LEG2,LEGAL,WSTMF,124,210,20,2023-09-11,2023-09-11,2023-09-11,,,,H,EG02,PG03,102698.0,Operations
102502,2023-09-11,2023-09-11,A,RPT,P,0.72,07ACC2,ACCTG,ALPNC,112,190,40,2023-09-11,2023-09-11,2023-09-11,,,,H,EG03,PG03,100738.0,Operations
102503,2023-09-12,2023-09-12,A,RPT,P,0.4,16CSR4,CSR,WSTMF,115,230,120,2023-09-12,2023-09-12,2023-09-12,,,,S,EG10,PG03,,Operations
102503,2024-03-04,2024-03-04,T,RPT,P,0.4,16CSR4,CSR,WSTMF,115,230,120,2023-09-12,2023-09-12,2023-09-12,2024-03-04,205,I,S,EG10,PG03,,Operations
102504,2023-09-12,2023-09-12,A,RFT,F,1.0,25HR1,HR,PRMRE,105,250,70,2023-09-12,2023-09-12,2023-09-12,,,,S,EG10,PG02,102183.0,Operations
102504,2025-06-11,2025-06-11,T,RFT,F,1.0,25HR1,HR,PRMRE,105,250,70,2023-09-12,2023-09-12,2023-09-12,2025-06-11,102,V,S,EG10,PG02,102183.0,Operations
102505,2023-09-12,2023-09-12,A,RPT,F,0.79,62WHS3,WHSE,WSTMF,118,60,110,2023-09-12,2023-09-12,2023-09-12,,,,S,EG01,PG03,102844.0,Operations
102506,2023-09-13,2023-09-13,A,RFT,F,1.0,14CSR2,CSR,WSTMF,105,180,100,2023-09-13,2023-09-13,2023-09-13,,,,H,EG06,PG03,100839.0,Operations
102507,2023-09-13,2023-09-13,A,RFT,F,1.0,13CSR1,CSR,WSTMF,124,230,70,2023-09-13,2023-09-13,2023-09-13,,,,H,EG01,PG03,102542.0,Operations
102507,2025-10-22,2025-10-22,T,RFT,F,1.0,13CSR1,CSR,WSTMF,124,230,70,2023-09-13,2023-09-13,2023-09-13,2025-10-22,207,I,H,EG01,PG03,102542.0,Operations
102508,2023-09-13,2023-09-13,A,RPT,P,0.44,50OPS3,OPS,NRTHP,113,160,80,2023-09-13,2023-09-13,2023-09-13,,,,S,EG06,PG05,,Operations
102509,2023-09-14,2023-09-14,A,RFT,F,1.0,27HR3,HR,WSTMF,122,20,90,2023-09-14,2023-09-14,2023-09-14,,,,S,EG02,PG03,102879.0,Operations
102509,2024-10-03,2024-10-03,T,RFT,F,1.0,27HR3,HR,WSTMF,122,20,90,2023-09-14,2023-09-14,2023-09-14,2024-10-03,100,V,S,EG02,PG03,102879.0,Operations
102510,2023-09-15,2023-09-15,A,TAW,F,1.0,07ACC2,ACCTG,WSTMF,113,200,40,2023-09-15,2023-09-15,2023-09-15,,,,H,EG03,PG03,101114.0,Operations
102511,2023-09-15,2023-09-15,A,RFT,F,1.0,94LEG2,LEGAL,WSTMF,124,160,100,2023-09-15,2023-09-15,2023-09-15,,,,H,EG02,PG03,100599.0,Operations
102512,2023-09-15,2023-09-15,A,RPT,P,0.49,32IT1,IT,WSTMF,104,150,10,2023-09-15,2023-09-15,2023-09-15,,,,H,EG03,PG03,,Operations
102513,2023-09-15,2023-09-15,A,RPT,P,0.59,49OPS2,OPS,NRTHP,116,210,120,2023-09-15,2023-09-15,2023-09-15,,,,H,EG05,PG05,,Operations
102513,2025-04-21,2025-04-21,T,RPT,P,0.59,49OPS2,OPS,NRTHP,116,210,120,2023-09-15,2023-09-15,2023-09-15,2025-04-21,100,V,H,EG05,PG05,,Operations
102514,2023-09-15,2023-09-15,A,RPT,P,0.44,33IT2,IT,PRMRE,124,210,70,2023-09-15,2023-09-15,2023-09-15,,,,H,EG09,PG02,102698.0,Operations
102515,2023-09-15,2023-09-15,A,RPT,P,0.55,79ANL3,ANLYT,NRTHP,119,160,80,2023-09-15,2023-09-15,2023-09-15,,,,S,EG10,PG05,,Operations
102516,2023-09-15,2023-09-15,A,RFT,F,1.0,46SAL6,SALES,ALPNC,119,140,100,2023-09-15,2023-09-15,2023-09-15,,,,S,EG05,PG03,,Operations
102517,2023-09-18,2023-09-18,A,RPT,P,0.72,42SAL2,SALES,NRTHP,123,140,30,2023-09-18,2023-09-18,2023-09-18,,,,H,EG10,PG05,102554.0,Operations
102517,2025-02-23,2025-02-23,T,RPT,P,0.72,42SAL2,SALES,NRTHP,123,140,30,2023-09-18,2023-09-18,2023-09-18,2025-02-23,101,V,H,EG10,PG05,102554.0,Operations
102518,2023-09-21,2023-09-21,A,RFT,F,1.0,60WHS1,WHSE,NRTHP,118,250,90,2023-09-21,2023-09-21,2023-09-21,,,,H,EG06,PG05,102494.0,Operations
102518,2023-12-01,2023-12-01,A,RFT,F,1.0,61WHS2,WHSE,NRTHP,118,250,90,2023-09-21,2023-09-21,2023-12-01,,,,H,EG01,PG05,102494.0,Operations
102519,2023-09-21,2023-09-21,A,RPT,P,0.65,19ENG2,ENGR,WSTMF,100,160,110,2023-09-21,2023-09-21,2023-09-21,,,,H,EG01,PG03,102626.0,Operations
102519,2023-11-15,2023-11-15,A,RPT,P,0.65,49OPS2,OPS,WSTMF,100,160,110,2023-09-21,2023-09-21,2023-11-15,,,,H,EG05,PG03,102626.0,Operations
102519,2025-08-31,2025-08-31,A,RPT,P,0.65,78ANL2,ANLYT,WSTMF,100,160,110,2023-09-21,2023-09-21,2025-08-31,,,,H,EG04,PG03,102626.0,Operations
102520,2023-09-22,2023-09-22,A,RFT,F,1.0,95LEG3,LEGAL,NRTHP,104,30,10,2023-09-22,2023-09-22,2023-09-22,,,,S,EG05,PG05,102699.0,Operations
102520,2025-11-10,2025-11-10,T,RFT,F,1.0,95LEG3,LEGAL,NRTHP,104,30,10,2023-09-22,2023-09-22,2023-09-22,2025-11-10,100,V,S,EG05,PG05,102699.0,Operations
102521,2023-09-22,2023-09-22,A,RFT,F,1.0,62WHS3,WHSE,PRMRE,121,10,40,2023-09-22,2023-09-22,2023-09-22,,,,S,EG01,PG02,,Operations
102522,2023-09-22,2023-09-22,A,RFT,F,1.0,01ADM1,ADMIN,ALPNC,124,40,110,2023-09-22,2023-09-22,2023-09-22,,,,H,EG05,PG03,,Operations
102523,2023-09-25,2023-09-25,A,RFT,F,1.0,77ANL1,ANLYT,PRMRE,116,200,10,2023-09-25,2023-09-25,2023-09-25,,,,H,EG04,PG02,102378.0,Operations
102523,2023-12-15,2023-12-15,T,RFT,F,1.0,77ANL1,ANLYT,PRMRE,116,200,10,2023-09-25,2023-09-25,2023-09-25,2023-12-15,100,V,H,EG04,PG02,102378.0,Operations
102524,2023-09-25,2023-09-25,A,RFT,F,1.0,29HR5,HR,WSTMF,118,10,10,2023-09-25,2023-09-25,2023-09-25,,,,S,EG07,PG03,,Operations
102524,2024-09-13,2024-09-13,L,RFT,F,1.0,29HR5,HR,WSTMF,118,10,10,2023-09-25,2023-09-25,2023-09-25,,,,S,EG07,PG03,,Operations
102524,2025-02-01,2025-02-01,A,RFT,F,1.0,29HR5,HR,WSTMF,118,10,10,2023-09-25,2023-09-25,2023-09-25,,,,S,EG07,PG03,,Operations
102525,2023-09-25,2023-09-25,A,RFT,F,1.0,48OPS1,OPS,NRTHP,112,170,20,2023-09-25,2023-09-25,2023-09-25,,,,H,EG03,PG05,102237.0,Operations
102525,2024-11-10,2024-11-10,A,RFT,F,1.0,49OPS2,OPS,NRTHP,112,170,20,2023-09-25,2023-09-25,2024-11-10,,,,H,EG05,PG05,102237.0,Operations
102525,2025-04-08,2025-04-08,A,RFT,F,1.0,50OPS3,OPS,NRTHP,112,170,20,2023-09-25,2023-09-25,2025-04-08,,,,H,EG06,PG05,102237.0,Operations
102526,2023-09-26,2023-09-26,A,RFT,F,1.0,42SAL2,SALES,NRTHP,116,60,20,2023-09-26,2023-09-26,2023-09-26,,,,H,EG10,PG05,102529.0,Operations
102526,2025-04-30,2025-04-30,T,RFT,F,1.0,42SAL2,SALES,NRTHP,116,60,20,2023-09-26,2023-09-26,2023-09-26,2025-04-30,100,V,H,EG10,PG05,102529.0,Operations
102527,2023-09-26,2023-09-26,A,RFT,F,1.0,70MKT1,MKTG,NRTHP,102,70,20,2023-09-26,2023-09-26,2023-09-26,,,,H,EG04,PG05,102708.0,Operations
102527,2023-11-21,2023-11-21,T,RFT,F,1.0,70MKT1,MKTG,NRTHP,102,70,20,2023-09-26,2023-09-26,2023-09-26,2023-11-21,102,V,H,EG04,PG05,102708.0,Operations
102528,2023-09-26,2023-09-26,A,CON,F,1.0,06ACC1,ACCTG,NRTHP,124,210,50,2023-09-26,2023-09-26,2023-09-26,,,,H,EG09,PG05,102698.0,Operations
102529,2023-09-26,2023-09-26,A,RPT,P,0.56,68TEC4,TECH,PRMRE,116,60,80,2023-09-26,2023-09-26,2023-09-26,,,,S,EG06,PG02,,Operations
102530,2023-09-27,2023-09-27,A,RFT,F,1.0,34IT2,IT,ALPNC,104,140,100,2023-09-27,2023-09-27,2023-09-27,,,,H,EG08,PG03,,Operations
102531,2023-09-28,2023-09-28,A,TFT,F,1.0,32IT1,IT,NRTHP,116,100,10,2023-09-28,2023-09-28,2023-09-28,,,,H,EG03,PG05,102766.0,Operations
102531,2023-12-10,2023-12-10,T,TFT,F,1.0,32IT1,IT,NRTHP,116,100,10,2023-09-28,2023-09-28,2023-09-28,2023-12-10,100,V,H,EG03,PG05,102766.0,Operations
102532,2023-09-28,2023-09-28,A,RPT,P,0.46,74MKT5,MKTG,WSTMF,100,190,20,2023-09-28,2023-09-28,2023-09-28,,,,S,EG01,PG03,,Operations
102532,2025-11-19,2025-11-19,A,RPT,P,0.46,75MKT6,MKTG,WSTMF,100,190,20,2023-09-28,2023-09-28,2025-11-19,,,,S,EG02,PG03,,Operations
102533,2023-10-02,2023-10-02,A,RFT,F,1.0,13CSR1,CSR,WSTMF,107,190,20,2023-10-02,2023-10-02,2023-10-02,,,,S,EG01,PG03,,Operations
102533,2024-01-11,2024-01-11,T,RFT,F,1.0,13CSR1,CSR,WSTMF,107,190,20,2023-10-02,2023-10-02,2023-10-02,2024-01-11,200,I,S,EG01,PG03,,Operations
102534,2023-10-02,2023-10-02,A,RPT,P,0.41,41SAL1,SALES,ALPNC,124,80,90,2023-10-02,2023-10-02,2023-10-02,,,,S,EG08,PG03,101078.0,Operations
102534,2023-11-15,2023-11-15,T,RPT,P,0.41,41SAL1,SALES,ALPNC,124,80,90,2023-10-02,2023-10-02,2023-10-02,2023-11-15,102,V,S,EG08,PG03,101078.0,Operations
102535,2023-10-03,2023-10-03,A,CON,F,1.0,60WHS1,WHSE,NRTHP,102,40,80,2023-10-03,2023-10-03,2023-10-03,,,,H,EG06,PG05,102262.0,Operations
102535,2024-09-19,2024-09-19,T,CON,F,1.0,60WHS1,WHSE,NRTHP,102,40,80,2023-10-03,2023-10-03,2023-10-03,2024-09-19,100,V,H,EG06,PG05,102262.0,Operations
102536,2023-10-03,2023-10-03,A,RFT,F,1.0,13CSR1,CSR,ALPNC,119,80,110,2023-10-03,2023-10-03,2023-10-03,,,,S,EG01,PG03,102762.0,Operations
102537,2023-10-03,2023-10-03,A,CON,F,1.0,18ENG1,ENGR,WSTMF,118,40,60,2023-10-03,2023-10-03,2023-10-03,,,,H,EG08,PG03,102377.0,Operations
102538,2023-10-04,2023-10-04,A,RFT,F,1.0,14CSR2,CSR,WSTMF,122,140,30,2023-10-04,2023-10-04,2023-10-04,,,,S,EG06,PG03,102218.0,Operations
102538,2025-01-21,2025-01-21,A,RFT,F,1.0,15CSR3,CSR,WSTMF,122,140,30,2023-10-04,2023-10-04,2025-01-21,,,,S,EG10,PG03,102218.0,Operations
102538,2025-02-22,2025-02-22,A,RFT,F,1.0,16CSR4,CSR,WSTMF,122,140,30,2023-10-04,2023-10-04,2025-02-22,,,,S,EG10,PG03,102218.0,Operations
102538,2025-10-04,2025-10-04,A,RFT,F,1.0,17CSR5,CSR,WSTMF,122,140,30,2023-10-04,2023-10-04,2025-10-04,,,,S,EG07,PG03,102218.0,Operations
102539,2023-10-06,2023-10-06,A,RFT,F,1.0,55TRD1,TRD,ALPNC,100,210,20,2023-10-06,2023-10-06,2023-10-06,,,,H,EG04,PG03,101401.0,Operations
102539,2025-10-02,2025-10-02,A,RFT,F,1.0,01ADM1,ADMIN,ALPNC,100,210,20,2023-10-06,2023-10-06,2025-10-02,,,,H,EG05,PG03,101401.0,Operations
102539,2025-11-23,2025-11-23,A,RFT,F,1.0,02ADM2,ADMIN,ALPNC,100,210,20,2023-10-06,2023-10-06,2025-11-23,,,,H,EG04,PG03,101401.0,Operations
102540,2023-10-06,2023-10-06,A,RFT,F,1.0,32IT1,IT,ALPNC,111,210,10,2023-10-06,2023-10-06,2023-10-06,,,,H,EG03,PG03,100142.0,Operations
102541,2023-10-09,2023-10-09,A,RFT,F,1.0,32IT1,IT,PRMRE,123,240,100,2023-10-09,2023-10-09,2023-10-09,,,,S,EG03,PG02,101281.0,Operations
102542,2023-10-10,2023-10-10,A,RFT,F,1.0,72MKT3,MKTG,NRTHP,124,230,100,2023-10-10,2023-10-10,2023-10-10,,,,S,EG09,PG05,,Operations
102543,2023-10-10,2023-10-10,A,RFT,F,1.0,06ACC1,ACCTG,PRMRE,102,240,120,2023-10-10,2023-10-10,2023-10-10,,,,S,EG09,PG02,101786.0,Operations
102543,2023-11-01,2023-11-01,T,RFT,F,1.0,06ACC1,ACCTG,PRMRE,102,240,120,2023-10-10,2023-10-10,2023-10-10,2023-11-01,202,V,S,EG09,PG02,101786.0,Operations
102544,2023-10-10,2023-10-10,A,RFT,F,1.0,08ACC3,ACCTG,ALPNC,100,220,50,2023-10-10,2023-10-10,2023-10-10,,,,S,EG01,PG03,100923.0,Operations
102544,2024-03-06,2024-03-06,A,RFT,F,1.0,09ACC4,ACCTG,ALPNC,100,220,50,2023-10-10,2023-10-10,2024-03-06,,,,S,EG05,PG03,100923.0,Operations
102545,2023-10-11,2023-10-11,A,RFT,F,1.0,79ANL3,ANLYT,WSTMF,102,140,110,2023-10-11,2023-10-11,2023-10-11,,,,S,EG10,PG03,100617.0,Operations
102545,2024-04-02,2024-04-02,L,RFT,F,1.0,79ANL3,ANLYT,WSTMF,102,140,110,2023-10-11,2023-10-11,2023-10-11,,,,S,EG10,PG03,100617.0,Operations
102545,2024-07-13,2024-07-13,A,RFT,F,1.0,79ANL3,ANLYT,WSTMF,102,140,110,2023-10-11,2023-10-11,2023-10-11,,,,S,EG10,PG03,100617.0,Operations
102545,2025-03-01,2025-03-01,T,RFT,F,1.0,79ANL3,ANLYT,WSTMF,102,140,110,2023-10-11,2023-10-11,2023-10-11,2025-03-01,103,V,S,EG10,PG03,100617.0,Operations
102546,2023-10-11,2023-10-11,A,RPT,P,0.64,14CSR2,CSR,WSTMF,118,150,10,2023-10-11,2023-10-11,2023-10-11,,,,H,EG06,PG03,,Operations
102547,2023-10-12,2023-10-12,A,RFT,F,1.0,61WHS2,WHSE,WSTMF,106,40,110,2023-10-12,2023-10-12,2023-10-12,,,,S,EG01,PG03,101842.0,Operations
102548,2023-10-12,2023-10-12,A,RFT,F,1.0,14CSR2,CSR,NRTHP,124,110,90,2023-10-12,2023-10-12,2023-10-12,,,,H,EG06,PG05,102338.0,Operations
102549,2023-10-12,2023-10-12,A,TAW,F,1.0,68TEC4,TECH,NRTHP,100,20,40,2023-10-12,2023-10-12,2023-10-12,,,,S,EG06,PG05,,Operations
102550,2023-10-13,2023-10-13,A,RFT,F,1.0,20ENG3,ENGR,WSTMF,108,230,70,2023-10-13,2023-10-13,2023-10-13,,,,S,EG03,PG03,,Operations
102550,2025-04-22,2025-04-22,A,RFT,F,1.0,21ENG4,ENGR,WSTMF,108,230,70,2023-10-13,2023-10-13,2025-04-22,,,,S,EG06,PG03,,Operations
102551,2023-10-13,2023-10-13,A,CON,F,1.0,08ACC3,ACCTG,WSTMF,105,20,70,2023-10-13,2023-10-13,2023-10-13,,,,S,EG01,PG03,,Operations
102551,2023-12-14,2023-12-14,T,CON,F,1.0,08ACC3,ACCTG,WSTMF,105,20,70,2023-10-13,2023-10-13,2023-10-13,2023-12-14,100,V,S,EG01,PG03,,Operations
102552,2023-10-13,2023-10-13,A,CON,F,1.0,14CSR2,CSR,ALPNC,115,130,90,2023-10-13,2023-10-13,2023-10-13,,,,H,EG06,PG03,101190.0,Operations
102552,2023-11-19,2023-11-19,T,CON,F,1.0,14CSR2,CSR,ALPNC,115,130,90,2023-10-13,2023-10-13,2023-10-13,2023-11-19,100,V,H,EG06,PG03,101190.0,Operations
102553,2023-10-13,2023-10-13,A,RFT,F,1.0,65TEC1,TECH,NRTHP,111,70,50,2023-10-13,2023-10-13,2023-10-13,,,,S,EG08,PG05,100206.0,Operations
102553,2023-12-15,2023-12-15,T,RFT,F,1.0,65TEC1,TECH,NRTHP,111,70,50,2023-10-13,2023-10-13,2023-10-13,2023-12-15,100,V,S,EG08,PG05,100206.0,Operations
102554,2023-10-13,2023-10-13,A,RFT,F,1.0,80ANL4,ANLYT,NRTHP,123,140,60,2023-10-13,2023-10-13,2023-10-13,,,,S,EG05,PG05,,Operations
102555,2023-10-13,2023-10-13,A,RFT,F,1.0,55TRD1,TRD,NRTHP,114,60,20,2023-10-13,2023-10-13,2023-10-13,,,,H,EG04,PG05,101378.0,Operations
102555,2024-10-02,2024-10-02,T,RFT,F,1.0,55TRD1,TRD,NRTHP,114,60,20,2023-10-13,2023-10-13,2023-10-13,2024-10-02,100,V,H,EG04,PG05,101378.0,Operations
102556,2023-10-13,2023-10-13,A,RFT,F,1.0,21ENG4,ENGR,NRTHP,112,100,120,2023-10-13,2023-10-13,2023-10-13,,,,S,EG06,PG05,,Operations
102557,2023-10-13,2023-10-13,A,RFT,F,1.0,72MKT3,MKTG,NRTHP,124,80,110,2023-10-13,2023-10-13,2023-10-13,,,,S,EG09,PG05,101078.0,Operations
102557,2024-01-31,2024-01-31,A,RFT,F,1.0,73MKT4,MKTG,NRTHP,124,80,110,2023-10-13,2023-10-13,2024-01-31,,,,S,EG01,PG05,101078.0,Operations
102558,2023-10-17,2023-10-17,A,RFT,F,1.0,42SAL2,SALES,ALPNC,124,230,110,2023-10-17,2023-10-17,2023-10-17,,,,H,EG10,PG03,102542.0,Operations
102558,2024-11-05,2024-11-05,T,RFT,F,1.0,42SAL2,SALES,ALPNC,124,230,110,2023-10-17,2023-10-17,2023-10-17,2024-11-05,200,I,H,EG10,PG03,102542.0,Operations
102559,2023-10-18,2023-10-18,A,RFT,F,1.0,37IT4,IT,PRMRE,116,250,50,2023-10-18,2023-10-18,2023-10-18,,,,S,EG04,PG02,,Operations
102559,2025-05-28,2025-05-28,L,RFT,F,1.0,37IT4,IT,PRMRE,116,250,50,2023-10-18,2023-10-18,2023-10-18,,,,S,EG04,PG02,,Operations
102559,2025-06-22,2025-06-22,A,RFT,F,1.0,37IT4,IT,PRMRE,116,250,50,2023-10-18,2023-10-18,2023-10-18,,,,S,EG04,PG02,,Operations
102559,2025-10-18,2025-10-18,T,RFT,F,1.0,37IT4,IT,PRMRE,116,250,50,2023-10-18,2023-10-18,2023-10-18,2025-10-18,100,V,S,EG04,PG02,,Operations
102560,2023-10-20,2023-10-20,A,CON,F,1.0,07ACC2,ACCTG,NRTHP,115,180,90,2023-10-20,2023-10-20,2023-10-20,,,,H,EG03,PG05,100860.0,Operations
102561,2023-10-20,2023-10-20,A,RFT,F,1.0,77ANL1,ANLYT,PRMRE,102,90,50,2023-10-20,2023-10-20,2023-10-20,,,,H,EG04,PG02,102610.0,Operations
102561,2025-05-20,2025-05-20,T,RFT,F,1.0,77ANL1,ANLYT,PRMRE,102,90,50,2023-10-20,2023-10-20,2023-10-20,2025-05-20,207,I,H,EG04,PG02,102610.0,Operations
102562,2023-10-20,2023-10-20,A,RFT,F,1.0,19ENG2,ENGR,WSTMF,124,200,10,2023-10-20,2023-10-20,2023-10-20,,,,S,EG01,PG03,101983.0,Operations
102563,2023-10-20,2023-10-20,A,RFT,F,1.0,13CSR1,CSR,ALPNC,124,240,10,2023-10-20,2023-10-20,2023-10-20,,,,S,EG01,PG03,100234.0,Operations
102564,2023-10-20,2023-10-20,A,RFT,F,1.0,02ADM2,ADMIN,WSTMF,118,250,70,2023-10-20,2023-10-20,2023-10-20,,,,H,EG04,PG03,102494.0,Operations
102565,2023-10-20,2023-10-20,A,RFT,F,1.0,06ACC1,ACCTG,PRMRE,118,150,10,2023-10-20,2023-10-20,2023-10-20,,,,H,EG09,PG02,102348.0,Operations
102566,2023-10-20,2023-10-20,A,RFT,F,1.0,94LEG2,LEGAL,ALPNC,112,50,40,2023-10-20,2023-10-20,2023-10-20,,,,H,EG02,PG03,,Operations
102566,2023-11-19,2023-11-19,T,RFT,F,1.0,94LEG2,LEGAL,ALPNC,112,50,40,2023-10-20,2023-10-20,2023-10-20,2023-11-19,102,V,H,EG02,PG03,,Operations
102567,2023-10-23,2023-10-23,A,RFT,F,1.0,21ENG4,ENGR,WSTMF,113,50,40,2023-10-23,2023-10-23,2023-10-23,,,,S,EG06,PG03,,Operations
102567,2024-07-29,2024-07-29,T,RFT,F,1.0,21ENG4,ENGR,WSTMF,113,50,40,2023-10-23,2023-10-23,2023-10-23,2024-07-29,207,I,S,EG06,PG03,,Operations
102568,2023-10-23,2023-10-23,A,CON,F,1.0,01ADM1,ADMIN,NRTHP,111,210,120,2023-10-23,2023-10-23,2023-10-23,,,,H,EG05,PG05,100142.0,Operations
102568,2025-01-25,2025-01-25,T,CON,F,1.0,01ADM1,ADMIN,NRTHP,111,210,120,2023-10-23,2023-10-23,2023-10-23,2025-01-25,100,V,H,EG05,PG05,100142.0,Operations
102569,2023-10-24,2023-10-24,A,RPT,P,0.67,25HR1,HR,PRMRE,100,10,70,2023-10-24,2023-10-24,2023-10-24,,,,H,EG10,PG02,102752.0,Operations
102569,2023-12-15,2023-12-15,T,RPT,P,0.67,25HR1,HR,PRMRE,100,10,70,2023-10-24,2023-10-24,2023-10-24,2023-12-15,100,V,H,EG10,PG02,102752.0,Operations
102570,2023-10-24,2023-10-24,A,RFT,F,1.0,21ENG4,ENGR,PRMRE,116,140,70,2023-10-24,2023-10-24,2023-10-24,,,,S,EG06,PG02,,Operations
102570,2024-10-12,2024-10-12,T,RFT,F,1.0,21ENG4,ENGR,PRMRE,116,140,70,2023-10-24,2023-10-24,2023-10-24,2024-10-12,100,V,S,EG06,PG02,,Operations
102571,2023-10-26,2023-10-26,A,RPT,P,0.69,18ENG1,ENGR,WSTMF,100,120,120,2023-10-26,2023-10-26,2023-10-26,,,,H,EG08,PG03,102980.0,Operations
102572,2023-10-27,2023-10-27,A,RFT,F,1.0,89PRO2,PROJ,PRMRE,115,20,120,2023-10-27,2023-10-27,2023-10-27,,,,H,EG06,PG02,101427.0,Operations
102572,2025-09-06,2025-09-06,T,RFT,F,1.0,89PRO2,PROJ,PRMRE,115,20,120,2023-10-27,2023-10-27,2023-10-27,2025-09-06,101,V,H,EG06,PG02,101427.0,Operations
102573,2023-10-27,2023-10-27,A,RFT,F,1.0,57TRD3,TRD,NRTHP,114,140,120,2023-10-27,2023-10-27,2023-10-27,,,,S,EG02,PG05,,Operations
102573,2025-05-07,2025-05-07,T,RFT,F,1.0,57TRD3,TRD,NRTHP,114,140,120,2023-10-27,2023-10-27,2023-10-27,2025-05-07,102,V,S,EG02,PG05,,Operations
102574,2023-11-01,2023-11-01,A,RFT,F,1.0,29HR5,HR,ALPNC,102,50,50,2023-11-01,2023-11-01,2023-11-01,,,,S,EG07,PG03,,Operations
102574,2026-01-22,2026-01-22,T,RFT,F,1.0,29HR5,HR,ALPNC,102,50,50,2023-11-01,2023-11-01,2023-11-01,2026-01-22,205,I,S,EG07,PG03,,Operations
102575,2023-11-02,2023-11-02,A,RFT,F,1.0,48OPS1,OPS,WSTMF,108,190,60,2023-11-02,2023-11-02,2023-11-02,,,,S,EG03,PG03,100313.0,Operations
102575,2025-11-25,2025-11-25,A,RFT,F,1.0,49OPS2,OPS,WSTMF,108,190,60,2023-11-02,2023-11-02,2025-11-25,,,,S,EG05,PG03,100313.0,Operations
102576,2023-11-02,2023-11-02,A,RFT,F,1.0,01ADM1,ADMIN,PRMRE,121,80,50,2023-11-02,2023-11-02,2023-11-02,,,,S,EG05,PG02,,Operations
102577,2023-11-03,2023-11-03,A,RPT,P,0.54,25HR1,HR,WSTMF,110,200,40,2023-11-03,2023-11-03,2023-11-03,,,,H,EG10,PG03,,Operations
102577,2024-09-02,2024-09-02,L,RPT,P,0.54,25HR1,HR,WSTMF,110,200,40,2023-11-03,2023-11-03,2023-11-03,,,,H,EG10,PG03,,Operations
102577,2024-10-16,2024-10-16,A,RPT,P,0.54,25HR1,HR,WSTMF,110,200,40,2023-11-03,2023-11-03,2023-11-03,,,,H,EG10,PG03,,Operations
102577,2025-01-21,2025-01-21,T,RPT,P,0.54,25HR1,HR,WSTMF,110,200,40,2023-11-03,2023-11-03,2023-11-03,2025-01-21,100,V,H,EG10,PG03,,Operations
102578,2023-11-03,2023-11-03,A,RFT,F,1.0,03ADM3,ADMIN,WSTMF,115,80,120,2023-11-03,2023-11-03,2023-11-03,,,,S,EG07,PG03,101251.0,Operations
102579,2023-11-03,2023-11-03,A,RPT,P,0.7,50OPS3,OPS,WSTMF,108,200,50,2023-11-03,2023-11-03,2023-11-03,,,,S,EG06,PG03,,Operations
102579,2025-05-08,2025-05-08,A,RPT,P,0.7,08ACC3,ACCTG,WSTMF,108,200,50,2023-11-03,2023-11-03,2025-05-08,,,,S,EG01,PG03,,Operations
102580,2023-11-03,2023-11-03,A,RFT,F,1.0,18ENG1,ENGR,PRMRE,122,190,100,2023-11-03,2023-11-03,2023-11-03,,,,H,EG08,PG02,102645.0,Operations
102581,2023-11-03,2023-11-03,A,RFT,F,1.0,13CSR1,CSR,ALPNC,114,10,20,2023-11-03,2023-11-03,2023-11-03,,,,H,EG01,PG03,102027.0,Operations
102582,2023-11-06,2023-11-06,A,RFT,F,1.0,43SAL3,SALES,ALPNC,104,140,80,2023-11-06,2023-11-06,2023-11-06,,,,S,EG10,PG03,,Operations
102582,2024-09-20,2024-09-20,T,RFT,F,1.0,43SAL3,SALES,ALPNC,104,140,80,2023-11-06,2023-11-06,2023-11-06,2024-09-20,100,V,S,EG10,PG03,,Operations
102583,2023-11-08,2023-11-08,A,RFT,F,1.0,71MKT2,MKTG,NRTHP,117,140,70,2023-11-08,2023-11-08,2023-11-08,,,,S,EG10,PG05,102245.0,Operations
102583,2023-12-04,2023-12-04,A,RFT,F,1.0,07ACC2,ACCTG,NRTHP,117,140,70,2023-11-08,2023-11-08,2023-12-04,,,,S,EG03,PG05,102245.0,Operations
102584,2023-11-10,2023-11-10,A,RFT,F,1.0,65TEC1,TECH,PRMRE,124,120,100,2023-11-10,2023-11-10,2023-11-10,,,,H,EG08,PG02,101806.0,Operations
102584,2024-09-29,2024-09-29,T,RFT,F,1.0,65TEC1,TECH,PRMRE,124,120,100,2023-11-10,2023-11-10,2023-11-10,2024-09-29,100,V,H,EG08,PG02,101806.0,Operations
102585,2023-11-10,2023-11-10,A,RFT,F,1.0,96LEG4,LEGAL,ALPNC,100,230,30,2023-11-10,2023-11-10,2023-11-10,,,,S,EG10,PG03,,Operations
102586,2023-11-10,2023-11-10,A,RFT,F,1.0,71MKT2,MKTG,NRTHP,104,90,100,2023-11-10,2023-11-10,2023-11-10,,,,H,EG10,PG05,102432.0,Operations
102587,2023-11-10,2023-11-10,A,RFT,F,1.0,54OPS7,OPS,WSTMF,124,160,40,2023-11-10,2023-11-10,2023-11-10,,,,S,EG02,PG03,,Operations
102587,2024-07-09,2024-07-09,T,RFT,F,1.0,54OPS7,OPS,WSTMF,124,160,40,2023-11-10,2023-11-10,2023-11-10,2024-07-09,100,V,S,EG02,PG03,,Operations
102588,2023-11-13,2023-11-13,A,RPT,P,0.53,80ANL4,ANLYT,NRTHP,103,160,30,2023-11-13,2023-11-13,2023-11-13,,,,S,EG05,PG05,,Operations
102589,2023-11-15,2023-11-15,A,TFT,F,1.0,18ENG1,ENGR,ALPNC,121,20,80,2023-11-15,2023-11-15,2023-11-15,,,,H,EG08,PG03,100758.0,Operations
102590,2023-11-15,2023-11-15,A,RFT,F,1.0,08ACC3,ACCTG,WSTMF,115,100,10,2023-11-15,2023-11-15,2023-11-15,,,,S,EG01,PG03,,Operations
102590,2024-08-19,2024-08-19,L,RFT,F,1.0,08ACC3,ACCTG,WSTMF,115,100,10,2023-11-15,2023-11-15,2023-11-15,,,,S,EG01,PG03,,Operations
102590,2024-10-02,2024-10-02,A,RFT,F,1.0,08ACC3,ACCTG,WSTMF,115,100,10,2023-11-15,2023-11-15,2023-11-15,,,,S,EG01,PG03,,Operations
102590,2024-09-17,2024-09-17,A,RFT,F,1.0,09ACC4,ACCTG,WSTMF,115,100,10,2023-11-15,2023-11-15,2024-09-17,,,,S,EG05,PG03,,Operations
102591,2023-11-15,2023-11-15,A,RFT,F,1.0,78ANL2,ANLYT,PRMRE,124,220,100,2023-11-15,2023-11-15,2023-11-15,,,,S,EG04,PG02,100427.0,Operations
102592,2023-11-17,2023-11-17,A,RFT,F,1.0,68TEC4,TECH,PRMRE,124,120,30,2023-11-17,2023-11-17,2023-11-17,,,,S,EG06,PG02,,Operations
102592,2024-03-13,2024-03-13,T,RFT,F,1.0,68TEC4,TECH,PRMRE,124,120,30,2023-11-17,2023-11-17,2023-11-17,2024-03-13,205,I,S,EG06,PG02,,Operations
102593,2023-11-17,2023-11-17,A,RFT,F,1.0,72MKT3,MKTG,NRTHP,118,180,90,2023-11-17,2023-11-17,2023-11-17,,,,S,EG09,PG05,,Operations
102593,2024-08-30,2024-08-30,T,RFT,F,1.0,72MKT3,MKTG,NRTHP,118,180,90,2023-11-17,2023-11-17,2023-11-17,2024-08-30,207,I,S,EG09,PG05,,Operations
102594,2023-11-20,2023-11-20,A,RFT,F,1.0,48OPS1,OPS,NRTHP,100,80,10,2023-11-20,2023-11-20,2023-11-20,,,,H,EG03,PG05,100205.0,Operations
102595,2023-11-20,2023-11-20,A,RFT,F,1.0,05ACC1,ACCTG,PRMRE,117,10,40,2023-11-20,2023-11-20,2023-11-20,,,,S,EG05,PG02,101488.0,Operations
102595,2024-02-14,2024-02-14,T,RFT,F,1.0,05ACC1,ACCTG,PRMRE,117,10,40,2023-11-20,2023-11-20,2023-11-20,2024-02-14,101,V,S,EG05,PG02,101488.0,Operations
102596,2023-11-21,2023-11-21,A,TAW,F,1.0,33IT2,IT,PRMRE,117,250,90,2023-11-21,2023-11-21,2023-11-21,,,,H,EG09,PG02,,Operations
102597,2023-11-22,2023-11-22,A,RFT,F,1.0,78ANL2,ANLYT,PRMRE,102,30,120,2023-11-22,2023-11-22,2023-11-22,,,,S,EG04,PG02,100967.0,Operations
102597,2024-07-02,2024-07-02,A,RFT,F,1.0,79ANL3,ANLYT,PRMRE,102,30,120,2023-11-22,2023-11-22,2024-07-02,,,,S,EG10,PG02,100967.0,Operations
102597,2025-06-18,2025-06-18,A,RFT,F,1.0,80ANL4,ANLYT,PRMRE,102,30,120,2023-11-22,2023-11-22,2025-06-18,,,,S,EG05,PG02,100967.0,Operations
102598,2023-11-22,2023-11-22,A,RFT,F,1.0,48OPS1,OPS,NRTHP,108,80,50,2023-11-22,2023-11-22,2023-11-22,,,,S,EG03,PG05,102046.0,Operations
102599,2023-11-22,2023-11-22,A,RFT,F,1.0,25HR1,HR,PRMRE,115,120,10,2023-11-22,2023-11-22,2023-11-22,,,,S,EG10,PG02,101288.0,Operations
102599,2025-08-08,2025-08-08,A,RFT,F,1.0,26HR2,HR,PRMRE,115,120,10,2023-11-22,2023-11-22,2025-08-08,,,,S,EG03,PG02,101288.0,Operations
102600,2023-11-24,2023-11-24,A,RFT,F,1.0,43SAL3,SALES,PRMRE,121,40,90,2023-11-24,2023-11-24,2023-11-24,,,,S,EG10,PG02,,Operations
102601,2023-11-24,2023-11-24,A,RPT,P,0.58,06ACC1,ACCTG,ALPNC,100,150,50,2023-11-24,2023-11-24,2023-11-24,,,,S,EG09,PG03,100702.0,Operations
102602,2023-11-24,2023-11-24,A,RFT,F,1.0,71MKT2,MKTG,PRMRE,124,170,30,2023-11-24,2023-11-24,2023-11-24,,,,H,EG10,PG02,102836.0,Operations
102602,2024-04-11,2024-04-11,A,RFT,F,1.0,72MKT3,MKTG,PRMRE,124,170,30,2023-11-24,2023-11-24,2024-04-11,,,,H,EG09,PG02,102836.0,Operations
102603,2023-11-24,2023-11-24,A,RFT,F,1.0,71MKT2,MKTG,NRTHP,108,240,90,2023-11-24,2023-11-24,2023-11-24,,,,H,EG10,PG05,100447.0,Operations
102603,2024-08-16,2024-08-16,L,RFT,F,1.0,71MKT2,MKTG,NRTHP,108,240,90,2023-11-24,2023-11-24,2023-11-24,,,,H,EG10,PG05,100447.0,Operations
102603,2024-09-17,2024-09-17,A,RFT,F,1.0,71MKT2,MKTG,NRTHP,108,240,90,2023-11-24,2023-11-24,2023-11-24,,,,H,EG10,PG05,100447.0,Operations
102604,2023-11-28,2023-11-28,A,RFT,F,1.0,20ENG3,ENGR,ALPNC,112,190,70,2023-11-28,2023-11-28,2023-11-28,,,,S,EG03,PG03,100738.0,Operations
102604,2024-10-29,2024-10-29,T,RFT,F,1.0,20ENG3,ENGR,ALPNC,112,190,70,2023-11-28,2023-11-28,2023-11-28,2024-10-29,100,V,S,EG03,PG03,100738.0,Operations
102605,2023-12-01,2023-12-01,A,RFT,F,1.0,55TRD1,TRD,WSTMF,107,140,110,2023-12-01,2023-12-01,2023-12-01,,,,H,EG04,PG03,,Operations
102605,2024-07-26,2024-07-26,A,RFT,F,1.0,56TRD2,TRD,WSTMF,107,140,110,2023-12-01,2023-12-01,2024-07-26,,,,H,EG02,PG03,,Operations
102606,2023-12-04,2023-12-04,A,RPT,P,0.73,08ACC3,ACCTG,WSTMF,118,40,120,2023-12-04,2023-12-04,2023-12-04,,,,S,EG01,PG03,102377.0,Operations
102607,2023-12-06,2023-12-06,A,RFT,F,1.0,14CSR2,CSR,ALPNC,114,150,50,2023-12-06,2023-12-06,2023-12-06,,,,H,EG06,PG03,100084.0,Operations
102608,2023-12-08,2023-12-08,A,RFT,F,1.0,36IT3,IT,ALPNC,100,10,90,2023-12-08,2023-12-08,2023-12-08,,,,S,EG07,PG03,,Operations
102608,2025-12-21,2025-12-21,T,RFT,F,1.0,36IT3,IT,ALPNC,100,10,90,2023-12-08,2023-12-08,2023-12-08,2025-12-21,101,V,S,EG07,PG03,,Operations
102609,2023-12-08,2023-12-08,A,RFT,F,1.0,34IT2,IT,PRMRE,105,90,70,2023-12-08,2023-12-08,2023-12-08,,,,S,EG08,PG02,101404.0,Operations
102609,2024-12-17,2024-12-17,T,RFT,F,1.0,34IT2,IT,PRMRE,105,90,70,2023-12-08,2023-12-08,2023-12-08,2024-12-17,101,V,S,EG08,PG02,101404.0,Operations
102610,2023-12-11,2023-12-11,A,RPT,P,0.56,72MKT3,MKTG,WSTMF,102,90,60,2023-12-11,2023-12-11,2023-12-11,,,,S,EG09,PG03,,Operations
102611,2023-12-12,2023-12-12,A,RPT,P,0.49,41SAL1,SALES,ALPNC,100,200,10,2023-12-12,2023-12-12,2023-12-12,,,,S,EG08,PG03,100546.0,Operations
102611,2024-12-21,2024-12-21,A,RPT,P,0.49,42SAL2,SALES,ALPNC,100,200,10,2023-12-12,2023-12-12,2024-12-21,,,,S,EG10,PG03,100546.0,Operations
102612,2023-12-13,2023-12-13,A,RPT,P,0.63,66TEC2,TECH,NRTHP,122,70,40,2023-12-13,2023-12-13,2023-12-13,,,,H,EG04,PG05,101370.0,Operations
102613,2023-12-13,2023-12-13,A,RFT,F,1.0,15CSR3,CSR,PRMRE,123,120,70,2023-12-13,2023-12-13,2023-12-13,,,,S,EG10,PG02,,Operations
102613,2024-04-25,2024-04-25,A,RFT,F,1.0,16CSR4,CSR,PRMRE,123,120,70,2023-12-13,2023-12-13,2024-04-25,,,,S,EG10,PG02,,Operations
102613,2024-06-07,2024-06-07,T,RFT,F,1.0,16CSR4,CSR,PRMRE,123,120,70,2023-12-13,2023-12-13,2024-04-25,2024-06-07,103,V,S,EG10,PG02,,Operations
102614,2023-12-15,2023-12-15,A,RFT,F,1.0,20ENG3,ENGR,ALPNC,100,110,20,2023-12-15,2023-12-15,2023-12-15,,,,S,EG03,PG03,101160.0,Operations
102615,2023-12-15,2023-12-15,A,RFT,F,1.0,27HR3,HR,ALPNC,115,210,80,2023-12-15,2023-12-15,2023-12-15,,,,S,EG02,PG03,100349.0,Operations
102616,2023-12-15,2023-12-15,A,RFT,F,1.0,66TEC2,TECH,NRTHP,113,140,10,2023-12-15,2023-12-15,2023-12-15,,,,H,EG04,PG05,,Operations
102616,2024-03-23,2024-03-23,T,RFT,F,1.0,66TEC2,TECH,NRTHP,113,140,10,2023-12-15,2023-12-15,2023-12-15,2024-03-23,206,I,H,EG04,PG05,,Operations
102617,2023-12-21,2023-12-21,A,RFT,F,1.0,70MKT1,MKTG,NRTHP,111,190,90,2023-12-21,2023-12-21,2023-12-21,,,,S,EG04,PG05,101390.0,Operations
102618,2023-12-22,2023-12-22,A,RPT,P,0.71,09ACC4,ACCTG,ALPNC,124,30,50,2023-12-22,2023-12-22,2023-12-22,,,,S,EG05,PG03,101397.0,Operations
102619,2024-01-03,2024-01-03,A,CON,F,1.0,92PRO5,PROJ,NRTHP,109,60,60,2024-01-03,2024-01-03,2024-01-03,,,,S,EG07,PG05,,Operations
102619,2024-02-15,2024-02-15,A,CON,F,1.0,93PRO6,PROJ,NRTHP,109,60,60,2024-01-03,2024-01-03,2024-02-15,,,,S,EG09,PG05,,Operations
102619,2024-09-18,2024-09-18,T,CON,F,1.0,93PRO6,PROJ,NRTHP,109,60,60,2024-01-03,2024-01-03,2024-02-15,2024-09-18,100,V,S,EG09,PG05,,Operations
102620,2024-01-03,2024-01-03,A,RPT,P,0.55,48OPS1,OPS,WSTMF,106,80,90,2024-01-03,2024-01-03,2024-01-03,,,,H,EG03,PG03,101286.0,Operations
102621,2024-01-03,2024-01-03,A,RFT,F,1.0,26HR2,HR,WSTMF,115,250,100,2024-01-03,2024-01-03,2024-01-03,,,,H,EG03,PG03,100992.0,Operations
102621,2024-08-11,2024-08-11,T,RFT,F,1.0,26HR2,HR,WSTMF,115,250,100,2024-01-03,2024-01-03,2024-01-03,2024-08-11,102,V,H,EG03,PG03,100992.0,Operations
102622,2024-01-04,2024-01-04,A,RFT,F,1.0,33IT2,IT,NRTHP,122,100,90,2024-01-04,2024-01-04,2024-01-04,,,,S,EG09,PG05,101678.0,Operations
102622,2024-02-15,2024-02-15,T,RFT,F,1.0,33IT2,IT,NRTHP,122,100,90,2024-01-04,2024-01-04,2024-01-04,2024-02-15,100,V,S,EG09,PG05,101678.0,Operations
102623,2024-01-04,2024-01-04,A,RFT,F,1.0,03ADM3,ADMIN,WSTMF,113,130,70,2024-01-04,2024-01-04,2024-01-04,,,,S,EG07,PG03,,Operations
102623,2024-08-14,2024-08-14,L,RFT,F,1.0,03ADM3,ADMIN,WSTMF,113,130,70,2024-01-04,2024-01-04,2024-01-04,,,,S,EG07,PG03,,Operations
102623,2024-08-29,2024-08-29,A,RFT,F,1.0,03ADM3,ADMIN,WSTMF,113,130,70,2024-01-04,2024-01-04,2024-01-04,,,,S,EG07,PG03,,Operations
102624,2024-01-05,2024-01-05,A,RFT,F,1.0,71MKT2,MKTG,WSTMF,104,130,60,2024-01-05,2024-01-05,2024-01-05,,,,H,EG10,PG03,100843.0,Operations
102625,2024-01-05,2024-01-05,A,RFT,F,1.0,09ACC4,ACCTG,ALPNC,115,170,90,2024-01-05,2024-01-05,2024-01-05,,,,S,EG05,PG03,102467.0,Operations
102625,2024-04-28,2024-04-28,T,RFT,F,1.0,09ACC4,ACCTG,ALPNC,115,170,90,2024-01-05,2024-01-05,2024-01-05,2024-04-28,101,V,S,EG05,PG03,102467.0,Operations
102626,2024-01-05,2024-01-05,A,RFT,F,1.0,51OPS4,OPS,ALPNC,100,160,110,2024-01-05,2024-01-05,2024-01-05,,,,S,EG07,PG03,,Operations
102626,2024-01-31,2024-01-31,A,RFT,F,1.0,52OPS5,OPS,ALPNC,100,160,110,2024-01-05,2024-01-05,2024-01-31,,,,S,EG09,PG03,,Operations
102627,2024-01-05,2024-01-05,A,RFT,F,1.0,71MKT2,MKTG,NRTHP,124,160,20,2024-01-05,2024-01-05,2024-01-05,,,,H,EG10,PG05,100599.0,Operations
102627,2024-06-17,2024-06-17,T,RFT,F,1.0,71MKT2,MKTG,NRTHP,124,160,20,2024-01-05,2024-01-05,2024-01-05,2024-06-17,202,V,H,EG10,PG05,100599.0,Operations
102628,2024-01-09,2024-01-09,A,RFT,F,1.0,79ANL3,ANLYT,PRMRE,102,220,90,2024-01-09,2024-01-09,2024-01-09,,,,S,EG10,PG02,102813.0,Operations
102629,2024-01-09,2024-01-09,A,RFT,F,1.0,01ADM1,ADMIN,NRTHP,109,200,30,2024-01-09,2024-01-09,2024-01-09,,,,S,EG05,PG05,,Operations
102630,2024-01-10,2024-01-10,A,RFT,F,1.0,60WHS1,WHSE,WSTMF,122,190,60,2024-01-10,2024-01-10,2024-01-10,,,,H,EG06,PG03,102645.0,Operations
102630,2024-10-18,2024-10-18,T,RFT,F,1.0,60WHS1,WHSE,WSTMF,122,190,60,2024-01-10,2024-01-10,2024-01-10,2024-10-18,101,V,H,EG06,PG03,102645.0,Operations
102631,2024-01-10,2024-01-10,A,RFT,F,1.0,35IT3,IT,WSTMF,108,110,10,2024-01-10,2024-01-10,2024-01-10,,,,S,EG08,PG03,,Operations
102631,2024-02-02,2024-02-02,T,RFT,F,1.0,35IT3,IT,WSTMF,108,110,10,2024-01-10,2024-01-10,2024-01-10,2024-02-02,205,I,S,EG08,PG03,,Operations
102632,2024-01-10,2024-01-10,A,RFT,F,1.0,35IT3,IT,PRMRE,102,20,30,2024-01-10,2024-01-10,2024-01-10,,,,S,EG08,PG02,102972.0,Operations
102632,2025-03-31,2025-03-31,A,RFT,F,1.0,62WHS3,WHSE,PRMRE,102,20,30,2024-01-10,2024-01-10,2025-03-31,,,,S,EG01,PG02,102972.0,Operations
102633,2024-01-11,2024-01-11,A,RFT,F,1.0,85SUP5,SUPV,PRMRE,121,60,10,2024-01-11,2024-01-11,2024-01-11,,,,S,EG01,PG02,,Operations
102634,2024-01-12,2024-01-12,A,RPT,P,0.55,32IT1,IT,ALPNC,124,160,80,2024-01-12,2024-01-12,2024-01-12,,,,S,EG03,PG03,100599.0,Operations
102634,2025-10-08,2025-10-08,T,RPT,P,0.55,32IT1,IT,ALPNC,124,160,80,2024-01-12,2024-01-12,2024-01-12,2025-10-08,205,I,S,EG03,PG03,100599.0,Operations
102635,2024-01-15,2024-01-15,A,RFT,F,1.0,71MKT2,MKTG,WSTMF,107,220,50,2024-01-15,2024-01-15,2024-01-15,,,,H,EG10,PG03,100089.0,Operations
102636,2024-01-15,2024-01-15,A,RPT,F,0.78,67TEC3,TECH,PRMRE,102,160,50,2024-01-15,2024-01-15,2024-01-15,,,,S,EG10,PG02,101777.0,Operations
102636,2024-11-22,2024-11-22,A,RPT,F,0.78,95LEG3,LEGAL,PRMRE,102,160,50,2024-01-15,2024-01-15,2024-11-22,,,,S,EG05,PG02,101777.0,Operations
102637,2024-01-15,2024-01-15,A,RFT,F,1.0,18ENG1,ENGR,PRMRE,115,30,60,2024-01-15,2024-01-15,2024-01-15,,,,H,EG08,PG02,102360.0,Operations
102637,2024-05-24,2024-05-24,A,RFT,F,1.0,05ACC1,ACCTG,PRMRE,115,30,60,2024-01-15,2024-01-15,2024-05-24,,,,H,EG05,PG02,102360.0,Operations
102638,2024-01-16,2024-01-16,A,RFT,F,1.0,56TRD2,TRD,NRTHP,119,90,70,2024-01-16,2024-01-16,2024-01-16,,,,H,EG02,PG05,101592.0,Operations
102639,2024-01-18,2024-01-18,A,RFT,F,1.0,02ADM2,ADMIN,PRMRE,117,140,10,2024-01-18,2024-01-18,2024-01-18,,,,H,EG04,PG02,102245.0,Operations
102639,2024-05-03,2024-05-03,A,RFT,F,1.0,26HR2,HR,PRMRE,117,140,10,2024-01-18,2024-01-18,2024-05-03,,,,H,EG03,PG02,102245.0,Operations
102639,2024-09-01,2024-09-01,T,RFT,F,1.0,26HR2,HR,PRMRE,117,140,10,2024-01-18,2024-01-18,2024-05-03,2024-09-01,100,V,H,EG03,PG02,102245.0,Operations
102640,2024-01-18,2024-01-18,A,RFT,F,1.0,57TRD3,TRD,NRTHP,124,220,90,2024-01-18,2024-01-18,2024-01-18,,,,S,EG02,PG05,100427.0,Operations
102641,2024-01-19,2024-01-19,A,CON,F,1.0,34IT2,IT,NRTHP,113,60,60,2024-01-19,2024-01-19,2024-01-19,,,,H,EG08,PG05,,Operations
102641,2024-07-10,2024-07-10,T,CON,F,1.0,34IT2,IT,NRTHP,113,60,60,2024-01-19,2024-01-19,2024-01-19,2024-07-10,200,I,H,EG08,PG05,,Operations
102642,2024-01-22,2024-01-22,A,RFT,F,1.0,25HR1,HR,WSTMF,122,110,10,2024-01-22,2024-01-22,2024-01-22,,,,H,EG10,PG03,100644.0,Operations
102643,2024-01-22,2024-01-22,A,RPT,P,0.59,18ENG1,ENGR,ALPNC,121,40,100,2024-01-22,2024-01-22,2024-01-22,,,,H,EG08,PG03,102259.0,Operations
102643,2024-09-15,2024-09-15,T,RPT,P,0.59,18ENG1,ENGR,ALPNC,121,40,100,2024-01-22,2024-01-22,2024-01-22,2024-09-15,205,I,H,EG08,PG03,102259.0,Operations
102644,2024-01-23,2024-01-23,A,RFT,F,1.0,18ENG1,ENGR,NRTHP,122,10,70,2024-01-23,2024-01-23,2024-01-23,,,,H,EG08,PG05,101560.0,Operations
102645,2024-01-23,2024-01-23,A,RFT,F,1.0,79ANL3,ANLYT,WSTMF,122,190,60,2024-01-23,2024-01-23,2024-01-23,,,,S,EG10,PG03,,Operations
102646,2024-01-23,2024-01-23,A,RFT,F,1.0,51OPS4,OPS,ALPNC,100,250,110,2024-01-23,2024-01-23,2024-01-23,,,,S,EG07,PG03,102201.0,Operations
102646,2025-03-17,2025-03-17,T,RFT,F,1.0,51OPS4,OPS,ALPNC,100,250,110,2024-01-23,2024-01-23,2024-01-23,2025-03-17,101,V,S,EG07,PG03,102201.0,Operations
102647,2024-01-23,2024-01-23,A,RFT,F,1.0,03ADM3,ADMIN,PRMRE,123,80,10,2024-01-23,2024-01-23,2024-01-23,,,,S,EG07,PG02,,Operations
102647,2024-04-16,2024-04-16,T,RFT,F,1.0,03ADM3,ADMIN,PRMRE,123,80,10,2024-01-23,2024-01-23,2024-01-23,2024-04-16,207,I,S,EG07,PG02,,Operations
102648,2024-01-25,2024-01-25,A,RFT,F,1.0,27HR3,HR,PRMRE,115,220,40,2024-01-25,2024-01-25,2024-01-25,,,,S,EG02,PG02,,Operations
102649,2024-01-26,2024-01-26,A,RFT,F,1.0,82ANL6,ANLYT,ALPNC,124,100,30,2024-01-26,2024-01-26,2024-01-26,,,,S,EG10,PG03,,Operations
102649,2024-11-24,2024-11-24,T,RFT,F,1.0,82ANL6,ANLYT,ALPNC,124,100,30,2024-01-26,2024-01-26,2024-01-26,2024-11-24,101,V,S,EG10,PG03,,Operations
102650,2024-01-26,2024-01-26,A,RPT,P,0.72,68TEC4,TECH,NRTHP,109,90,100,2024-01-26,2024-01-26,2024-01-26,,,,S,EG06,PG05,,Operations
102650,2024-11-19,2024-11-19,T,RPT,P,0.72,68TEC4,TECH,NRTHP,109,90,100,2024-01-26,2024-01-26,2024-01-26,2024-11-19,200,I,S,EG06,PG05,,Operations
102651,2024-01-26,2024-01-26,A,RFT,F,1.0,02ADM2,ADMIN,ALPNC,116,50,110,2024-01-26,2024-01-26,2024-01-26,,,,H,EG04,PG03,100007.0,Operations
102652,2024-02-01,2024-02-01,A,RFT,F,1.0,60WHS1,WHSE,WSTMF,106,160,100,2024-02-01,2024-02-01,2024-02-01,,,,S,EG06,PG03,,Operations
102652,2024-05-08,2024-05-08,T,RFT,F,1.0,60WHS1,WHSE,WSTMF,106,160,100,2024-02-01,2024-02-01,2024-02-01,2024-05-08,102,V,S,EG06,PG03,,Operations
102653,2024-02-02,2024-02-02,A,RPT,F,0.78,56TRD2,TRD,WSTMF,102,170,30,2024-02-02,2024-02-02,2024-02-02,,,,H,EG02,PG03,101871.0,Operations
102654,2024-02-02,2024-02-02,A,RPT,F,0.76,32IT1,IT,PRMRE,122,10,110,2024-02-02,2024-02-02,2024-02-02,,,,H,EG03,PG02,101560.0,Operations
102654,2025-04-07,2025-04-07,A,RPT,F,0.76,33IT2,IT,PRMRE,122,10,110,2024-02-02,2024-02-02,2025-04-07,,,,H,EG09,PG02,101560.0,Operations
102655,2024-02-02,2024-02-02,A,RFT,F,1.0,61WHS2,WHSE,NRTHP,120,240,50,2024-02-02,2024-02-02,2024-02-02,,,,H,EG01,PG05,,Operations
102656,2024-02-05,2024-02-05,A,RFT,F,1.0,43SAL3,SALES,WSTMF,110,40,40,2024-02-05,2024-02-05,2024-02-05,,,,S,EG10,PG03,,Operations
102656,2024-10-30,2024-10-30,A,RFT,F,1.0,44SAL4,SALES,WSTMF,110,40,40,2024-02-05,2024-02-05,2024-10-30,,,,S,EG09,PG03,,Operations
102657,2024-02-05,2024-02-05,A,RFT,F,1.0,89PRO2,PROJ,WSTMF,102,200,50,2024-02-05,2024-02-05,2024-02-05,,,,H,EG06,PG03,,Operations
102657,2026-01-08,2026-01-08,A,RFT,F,1.0,02ADM2,ADMIN,WSTMF,102,200,50,2024-02-05,2024-02-05,2026-01-08,,,,H,EG04,PG03,,Operations
102658,2024-02-06,2024-02-06,A,RFT,F,1.0,06ACC1,ACCTG,WSTMF,113,140,120,2024-02-06,2024-02-06,2024-02-06,,,,H,EG09,PG03,,Operations
102658,2025-02-17,2025-02-17,T,RFT,F,1.0,06ACC1,ACCTG,WSTMF,113,140,120,2024-02-06,2024-02-06,2024-02-06,2025-02-17,103,V,H,EG09,PG03,,Operations
102659,2024-02-06,2024-02-06,A,RFT,F,1.0,33IT2,IT,ALPNC,119,140,80,2024-02-06,2024-02-06,2024-02-06,,,,H,EG09,PG03,102516.0,Operations
102659,2025-07-05,2025-07-05,A,RFT,F,1.0,61WHS2,WHSE,ALPNC,119,140,80,2024-02-06,2024-02-06,2025-07-05,,,,H,EG01,PG03,102516.0,Operations
102660,2024-02-07,2024-02-07,A,RFT,F,1.0,66TEC2,TECH,WSTMF,107,150,110,2024-02-07,2024-02-07,2024-02-07,,,,H,EG04,PG03,,Operations
102661,2024-02-08,2024-02-08,A,RFT,F,1.0,55TRD1,TRD,PRMRE,102,70,40,2024-02-08,2024-02-08,2024-02-08,,,,H,EG04,PG02,102708.0,Operations
102662,2024-02-08,2024-02-08,A,RFT,F,1.0,13CSR1,CSR,NRTHP,113,40,60,2024-02-08,2024-02-08,2024-02-08,,,,S,EG01,PG05,101772.0,Operations
102662,2025-02-22,2025-02-22,T,RFT,F,1.0,13CSR1,CSR,NRTHP,113,40,60,2024-02-08,2024-02-08,2024-02-08,2025-02-22,100,V,S,EG01,PG05,101772.0,Operations
102663,2024-02-09,2024-02-09,A,RFT,F,1.0,90PRO3,PROJ,ALPNC,124,60,60,2024-02-09,2024-02-09,2024-02-09,,,,S,EG04,PG03,102033.0,Operations
102664,2024-02-12,2024-02-12,A,CON,F,1.0,35IT3,IT,PRMRE,105,190,70,2024-02-12,2024-02-12,2024-02-12,,,,S,EG08,PG02,,Operations
102664,2024-06-13,2024-06-13,A,CON,F,1.0,03ADM3,ADMIN,PRMRE,105,190,70,2024-02-12,2024-02-12,2024-06-13,,,,S,EG07,PG02,,Operations
102665,2024-02-12,2024-02-12,A,RFT,F,1.0,02ADM2,ADMIN,WSTMF,113,40,10,2024-02-12,2024-02-12,2024-02-12,,,,H,EG04,PG03,,Operations
102665,2025-07-01,2025-07-01,T,RFT,F,1.0,02ADM2,ADMIN,WSTMF,113,40,10,2024-02-12,2024-02-12,2024-02-12,2025-07-01,205,I,H,EG04,PG03,,Operations
102666,2024-02-12,2024-02-12,A,RFT,F,1.0,49OPS2,OPS,NRTHP,117,220,100,2024-02-12,2024-02-12,2024-02-12,,,,H,EG05,PG05,101599.0,Operations
102667,2024-02-13,2024-02-13,A,RFT,F,1.0,51OPS4,OPS,ALPNC,124,50,100,2024-02-13,2024-02-13,2024-02-13,,,,S,EG07,PG03,101154.0,Operations
102667,2025-03-10,2025-03-10,T,RFT,F,1.0,51OPS4,OPS,ALPNC,124,50,100,2024-02-13,2024-02-13,2024-02-13,2025-03-10,100,V,S,EG07,PG03,101154.0,Operations
102668,2024-02-15,2024-02-15,A,RPT,P,0.73,16CSR4,CSR,WSTMF,106,60,70,2024-02-15,2024-02-15,2024-02-15,,,,S,EG10,PG03,,Operations
102668,2024-02-27,2024-02-27,T,RPT,P,0.73,16CSR4,CSR,WSTMF,106,60,70,2024-02-15,2024-02-15,2024-02-15,2024-02-27,103,V,S,EG10,PG03,,Operations
102669,2024-02-16,2024-02-16,A,RPT,P,0.74,72MKT3,MKTG,WSTMF,108,200,70,2024-02-16,2024-02-16,2024-02-16,,,,S,EG09,PG03,,Operations
102670,2024-02-16,2024-02-16,A,RFT,F,1.0,33IT2,IT,WSTMF,107,150,70,2024-02-16,2024-02-16,2024-02-16,,,,H,EG09,PG03,,Operations
102670,2024-11-22,2024-11-22,L,RFT,F,1.0,33IT2,IT,WSTMF,107,150,70,2024-02-16,2024-02-16,2024-02-16,,,,H,EG09,PG03,,Operations
102670,2025-03-27,2025-03-27,A,RFT,F,1.0,33IT2,IT,WSTMF,107,150,70,2024-02-16,2024-02-16,2024-02-16,,,,H,EG09,PG03,,Operations
102671,2024-02-16,2024-02-16,A,CON,F,1.0,70MKT1,MKTG,ALPNC,100,150,70,2024-02-16,2024-02-16,2024-02-16,,,,H,EG04,PG03,100702.0,Operations
102671,2024-04-10,2024-04-10,L,CON,F,1.0,70MKT1,MKTG,ALPNC,100,150,70,2024-02-16,2024-02-16,2024-02-16,,,,H,EG04,PG03,100702.0,Operations
102671,2024-06-26,2024-06-26,A,CON,F,1.0,70MKT1,MKTG,ALPNC,100,150,70,2024-02-16,2024-02-16,2024-02-16,,,,H,EG04,PG03,100702.0,Operations
102671,2025-10-02,2025-10-02,T,CON,F,1.0,70MKT1,MKTG,ALPNC,100,150,70,2024-02-16,2024-02-16,2024-02-16,2025-10-02,100,V,H,EG04,PG03,100702.0,Operations
102672,2024-02-16,2024-02-16,A,RFT,F,1.0,60WHS1,WHSE,ALPNC,111,170,120,2024-02-16,2024-02-16,2024-02-16,,,,H,EG06,PG03,100861.0,Operations
102672,2025-12-06,2025-12-06,L,RFT,F,1.0,60WHS1,WHSE,ALPNC,111,170,120,2024-02-16,2024-02-16,2024-02-16,,,,H,EG06,PG03,100861.0,Operations
102673,2024-02-19,2024-02-19,A,RPT,P,0.63,67TEC3,TECH,ALPNC,124,100,50,2024-02-19,2024-02-19,2024-02-19,,,,S,EG10,PG03,102781.0,Operations
102674,2024-02-20,2024-02-20,A,RFT,F,1.0,71MKT2,MKTG,ALPNC,115,20,100,2024-02-20,2024-02-20,2024-02-20,,,,S,EG10,PG03,101427.0,Operations
102674,2024-02-27,2024-02-27,T,RFT,F,1.0,71MKT2,MKTG,ALPNC,115,20,100,2024-02-20,2024-02-20,2024-02-20,2024-02-27,207,I,S,EG10,PG03,101427.0,Operations
102675,2024-02-21,2024-02-21,A,RFT,F,1.0,90PRO3,PROJ,PRMRE,117,30,70,2024-02-21,2024-02-21,2024-02-21,,,,S,EG04,PG02,,Operations
102675,2026-01-16,2026-01-16,T,RFT,F,1.0,90PRO3,PROJ,PRMRE,117,30,70,2024-02-21,2024-02-21,2024-02-21,2026-01-16,206,I,S,EG04,PG02,,Operations
102676,2024-02-23,2024-02-23,A,RFT,F,1.0,89PRO2,PROJ,NRTHP,102,150,60,2024-02-23,2024-02-23,2024-02-23,,,,H,EG06,PG05,100842.0,Operations
102676,2025-04-05,2025-04-05,T,RFT,F,1.0,89PRO2,PROJ,NRTHP,102,150,60,2024-02-23,2024-02-23,2024-02-23,2025-04-05,202,V,H,EG06,PG05,100842.0,Operations
102677,2024-02-23,2024-02-23,A,RFT,F,1.0,15CSR3,CSR,WSTMF,108,230,70,2024-02-23,2024-02-23,2024-02-23,,,,S,EG10,PG03,,Operations
102677,2025-12-05,2025-12-05,T,RFT,F,1.0,15CSR3,CSR,WSTMF,108,230,70,2024-02-23,2024-02-23,2024-02-23,2025-12-05,101,V,S,EG10,PG03,,Operations
102678,2024-02-23,2024-02-23,A,RFT,F,1.0,71MKT2,MKTG,ALPNC,114,180,50,2024-02-23,2024-02-23,2024-02-23,,,,H,EG10,PG03,102185.0,Operations
102679,2024-02-26,2024-02-26,A,RFT,F,1.0,48OPS1,OPS,NRTHP,122,210,30,2024-02-26,2024-02-26,2024-02-26,,,,S,EG03,PG05,101716.0,Operations
102680,2024-02-26,2024-02-26,A,RFT,F,1.0,66TEC2,TECH,ALPNC,104,130,50,2024-02-26,2024-02-26,2024-02-26,,,,H,EG04,PG03,100843.0,Operations
102680,2025-06-07,2025-06-07,A,RFT,F,1.0,67TEC3,TECH,ALPNC,104,130,50,2024-02-26,2024-02-26,2025-06-07,,,,H,EG10,PG03,100843.0,Operations
102681,2024-02-26,2024-02-26,A,RFT,F,1.0,60WHS1,WHSE,NRTHP,109,160,40,2024-02-26,2024-02-26,2024-02-26,,,,H,EG06,PG05,,Operations
102681,2024-03-17,2024-03-17,L,RFT,F,1.0,60WHS1,WHSE,NRTHP,109,160,40,2024-02-26,2024-02-26,2024-02-26,,,,H,EG06,PG05,,Operations
102681,2024-09-12,2024-09-12,A,RFT,F,1.0,60WHS1,WHSE,NRTHP,109,160,40,2024-02-26,2024-02-26,2024-02-26,,,,H,EG06,PG05,,Operations
102682,2024-02-26,2024-02-26,A,RPT,F,0.75,05ACC1,ACCTG,NRTHP,104,70,40,2024-02-26,2024-02-26,2024-02-26,,,,S,EG05,PG05,100847.0,Operations
102683,2024-03-01,2024-03-01,A,RFT,F,1.0,36IT3,IT,WSTMF,124,190,10,2024-03-01,2024-03-01,2024-03-01,,,,S,EG07,PG03,,Operations
102683,2024-06-10,2024-06-10,T,RFT,F,1.0,36IT3,IT,WSTMF,124,190,10,2024-03-01,2024-03-01,2024-03-01,2024-06-10,202,V,S,EG07,PG03,,Operations
102684,2024-03-01,2024-03-01,A,TAW,F,1.0,14CSR2,CSR,WSTMF,111,150,80,2024-03-01,2024-03-01,2024-03-01,,,,H,EG06,PG03,,Operations
102684,2026-01-23,2026-01-23,T,TAW,F,1.0,14CSR2,CSR,WSTMF,111,150,80,2024-03-01,2024-03-01,2024-03-01,2026-01-23,201,I,H,EG06,PG03,,Operations
102685,2024-03-01,2024-03-01,A,RFT,F,1.0,49OPS2,OPS,PRMRE,117,140,90,2024-03-01,2024-03-01,2024-03-01,,,,H,EG05,PG02,102245.0,Operations
102686,2024-03-04,2024-03-04,A,RFT,F,1.0,89PRO2,PROJ,NRTHP,124,10,70,2024-03-04,2024-03-04,2024-03-04,,,,H,EG06,PG05,100895.0,Operations
102686,2024-10-21,2024-10-21,A,RFT,F,1.0,90PRO3,PROJ,NRTHP,124,10,70,2024-03-04,2024-03-04,2024-10-21,,,,H,EG04,PG05,100895.0,Operations
102687,2024-03-05,2024-03-05,A,RPT,P,0.5,18ENG1,ENGR,PRMRE,122,80,120,2024-03-05,2024-03-05,2024-03-05,,,,H,EG08,PG02,101768.0,Operations
102687,2024-11-13,2024-11-13,T,RPT,P,0.5,18ENG1,ENGR,PRMRE,122,80,120,2024-03-05,2024-03-05,2024-03-05,2024-11-13,102,V,H,EG08,PG02,101768.0,Operations
102688,2024-03-05,2024-03-05,A,RFT,F,1.0,14CSR2,CSR,NRTHP,102,170,80,2024-03-05,2024-03-05,2024-03-05,,,,H,EG06,PG05,101871.0,Operations
102688,2024-07-29,2024-07-29,T,RFT,F,1.0,14CSR2,CSR,NRTHP,102,170,80,2024-03-05,2024-03-05,2024-03-05,2024-07-29,201,I,H,EG06,PG05,101871.0,Operations
102689,2024-03-05,2024-03-05,A,RFT,F,1.0,43SAL3,SALES,PRMRE,102,30,60,2024-03-05,2024-03-05,2024-03-05,,,,S,EG10,PG02,,Operations
102690,2024-03-05,2024-03-05,A,TFT,F,1.0,55TRD1,TRD,PRMRE,100,20,110,2024-03-05,2024-03-05,2024-03-05,,,,S,EG04,PG02,102004.0,Operations
102691,2024-03-06,2024-03-06,A,RFT,F,1.0,34IT2,IT,NRTHP,114,80,20,2024-03-06,2024-03-06,2024-03-06,,,,H,EG08,PG05,,Operations
102691,2025-09-25,2025-09-25,T,RFT,F,1.0,34IT2,IT,NRTHP,114,80,20,2024-03-06,2024-03-06,2024-03-06,2025-09-25,207,I,H,EG08,PG05,,Operations
102692,2024-03-06,2024-03-06,A,RFT,F,1.0,65TEC1,TECH,NRTHP,101,100,30,2024-03-06,2024-03-06,2024-03-06,,,,S,EG08,PG05,100126.0,Operations
102692,2025-03-25,2025-03-25,T,RFT,F,1.0,65TEC1,TECH,NRTHP,101,100,30,2024-03-06,2024-03-06,2024-03-06,2025-03-25,102,V,S,EG08,PG05,100126.0,Operations
102693,2024-03-06,2024-03-06,A,RPT,P,0.7,55TRD1,TRD,ALPNC,100,180,120,2024-03-06,2024-03-06,2024-03-06,,,,H,EG04,PG03,102279.0,Operations
102694,2024-03-08,2024-03-08,A,RFT,F,1.0,55TRD1,TRD,WSTMF,111,120,50,2024-03-08,2024-03-08,2024-03-08,,,,H,EG04,PG03,101780.0,Operations
102695,2024-03-08,2024-03-08,A,RFT,F,1.0,79ANL3,ANLYT,NRTHP,115,160,10,2024-03-08,2024-03-08,2024-03-08,,,,S,EG10,PG05,,Operations
102695,2024-10-23,2024-10-23,A,RFT,F,1.0,27HR3,HR,NRTHP,115,160,10,2024-03-08,2024-03-08,2024-10-23,,,,S,EG02,PG05,,Operations
102695,2025-06-29,2025-06-29,L,RFT,F,1.0,27HR3,HR,NRTHP,115,160,10,2024-03-08,2024-03-08,2024-10-23,,,,S,EG02,PG05,,Operations
102695,2025-10-17,2025-10-17,A,RFT,F,1.0,27HR3,HR,NRTHP,115,160,10,2024-03-08,2024-03-08,2024-10-23,,,,S,EG02,PG05,,Operations
102696,2024-03-11,2024-03-11,A,TFT,F,1.0,36IT3,IT,ALPNC,124,50,20,2024-03-11,2024-03-11,2024-03-11,,,,S,EG07,PG03,101154.0,Operations
102696,2024-05-17,2024-05-17,T,TFT,F,1.0,36IT3,IT,ALPNC,124,50,20,2024-03-11,2024-03-11,2024-03-11,2024-05-17,201,I,S,EG07,PG03,101154.0,Operations
102697,2024-03-11,2024-03-11,A,RFT,F,1.0,20ENG3,ENGR,ALPNC,102,230,80,2024-03-11,2024-03-11,2024-03-11,,,,S,EG03,PG03,,Operations
102697,2026-01-22,2026-01-22,T,RFT,F,1.0,20ENG3,ENGR,ALPNC,102,230,80,2024-03-11,2024-03-11,2024-03-11,2026-01-22,100,V,S,EG03,PG03,,Operations
102698,2024-03-12,2024-03-12,A,RFT,F,1.0,58TRD4,TRD,WSTMF,124,210,110,2024-03-12,2024-03-12,2024-03-12,,,,S,EG05,PG03,,Operations
102699,2024-03-12,2024-03-12,A,RFT,F,1.0,74MKT5,MKTG,WSTMF,104,30,90,2024-03-12,2024-03-12,2024-03-12,,,,S,EG01,PG03,,Operations
102699,2024-07-07,2024-07-07,L,RFT,F,1.0,74MKT5,MKTG,WSTMF,104,30,90,2024-03-12,2024-03-12,2024-03-12,,,,S,EG01,PG03,,Operations
102699,2024-10-31,2024-10-31,A,RFT,F,1.0,74MKT5,MKTG,WSTMF,104,30,90,2024-03-12,2024-03-12,2024-03-12,,,,S,EG01,PG03,,Operations
102699,2025-01-26,2025-01-26,A,RFT,F,1.0,75MKT6,MKTG,WSTMF,104,30,90,2024-03-12,2024-03-12,2025-01-26,,,,S,EG02,PG03,,Operations
102700,2024-03-14,2024-03-14,A,TAW,F,1.0,26HR2,HR,ALPNC,102,140,100,2024-03-14,2024-03-14,2024-03-14,,,,H,EG03,PG03,100617.0,Operations
102701,2024-03-14,2024-03-14,A,CON,F,1.0,89PRO2,PROJ,PRMRE,116,60,50,2024-03-14,2024-03-14,2024-03-14,,,,H,EG06,PG02,102529.0,Operations
102701,2025-06-14,2025-06-14,T,CON,F,1.0,89PRO2,PROJ,PRMRE,116,60,50,2024-03-14,2024-03-14,2024-03-14,2025-06-14,100,V,H,EG06,PG02,102529.0,Operations
102702,2024-03-14,2024-03-14,A,RFT,F,1.0,70MKT1,MKTG,PRMRE,123,250,70,2024-03-14,2024-03-14,2024-03-14,,,,H,EG04,PG02,101980.0,Operations
102702,2024-04-24,2024-04-24,T,RFT,F,1.0,70MKT1,MKTG,PRMRE,123,250,70,2024-03-14,2024-03-14,2024-03-14,2024-04-24,201,I,H,EG04,PG02,101980.0,Operations
102703,2024-03-15,2024-03-15,A,RFT,F,1.0,60WHS1,WHSE,ALPNC,111,180,110,2024-03-15,2024-03-15,2024-03-15,,,,S,EG06,PG03,100076.0,Operations
102703,2025-01-14,2025-01-14,T,RFT,F,1.0,60WHS1,WHSE,ALPNC,111,180,110,2024-03-15,2024-03-15,2024-03-15,2025-01-14,102,V,S,EG06,PG03,100076.0,Operations
102704,2024-03-15,2024-03-15,A,RFT,F,1.0,72MKT3,MKTG,PRMRE,118,160,70,2024-03-15,2024-03-15,2024-03-15,,,,S,EG09,PG02,100692.0,Operations
102704,2025-03-15,2025-03-15,A,RFT,F,1.0,73MKT4,MKTG,PRMRE,118,160,70,2024-03-15,2024-03-15,2025-03-15,,,,S,EG01,PG02,100692.0,Operations
102705,2024-03-15,2024-03-15,A,TFT,F,1.0,26HR2,HR,PRMRE,116,40,10,2024-03-15,2024-03-15,2024-03-15,,,,H,EG03,PG02,,Operations
102706,2024-03-15,2024-03-15,A,RFT,F,1.0,63WHS4,WHSE,WSTMF,107,180,90,2024-03-15,2024-03-15,2024-03-15,,,,S,EG10,PG03,,Operations
102706,2025-02-06,2025-02-06,T,RFT,F,1.0,63WHS4,WHSE,WSTMF,107,180,90,2024-03-15,2024-03-15,2024-03-15,2025-02-06,205,I,S,EG10,PG03,,Operations
102707,2024-03-15,2024-03-15,A,CON,F,1.0,43SAL3,SALES,ALPNC,104,250,100,2024-03-15,2024-03-15,2024-03-15,,,,S,EG10,PG03,,Operations
102708,2024-03-15,2024-03-15,A,RFT,F,1.0,03ADM3,ADMIN,WSTMF,102,70,40,2024-03-15,2024-03-15,2024-03-15,,,,S,EG07,PG03,,Operations
102709,2024-03-15,2024-03-15,A,RFT,F,1.0,13CSR1,CSR,WSTMF,113,210,100,2024-03-15,2024-03-15,2024-03-15,,,,H,EG01,PG03,102016.0,Operations
102709,2024-10-31,2024-10-31,T,RFT,F,1.0,13CSR1,CSR,WSTMF,113,210,100,2024-03-15,2024-03-15,2024-03-15,2024-10-31,207,I,H,EG01,PG03,102016.0,Operations
102710,2024-03-18,2024-03-18,A,RPT,P,0.5,18ENG1,ENGR,ALPNC,112,220,20,2024-03-18,2024-03-18,2024-03-18,,,,H,EG08,PG03,102048.0,Operations
102710,2024-09-06,2024-09-06,A,RPT,P,0.5,05ACC1,ACCTG,ALPNC,112,220,20,2024-03-18,2024-03-18,2024-09-06,,,,H,EG05,PG03,102048.0,Operations
102711,2024-03-19,2024-03-19,A,RFT,F,1.0,77ANL1,ANLYT,WSTMF,106,160,90,2024-03-19,2024-03-19,2024-03-19,,,,H,EG04,PG03,,Operations
102711,2026-01-27,2026-01-27,A,RFT,F,1.0,78ANL2,ANLYT,WSTMF,106,160,90,2024-03-19,2024-03-19,2026-01-27,,,,H,EG04,PG03,,Operations
102712,2024-03-19,2024-03-19,A,RFT,F,1.0,50OPS3,OPS,WSTMF,102,70,60,2024-03-19,2024-03-19,2024-03-19,,,,S,EG06,PG03,,Operations
102712,2024-05-03,2024-05-03,T,RFT,F,1.0,50OPS3,OPS,WSTMF,102,70,60,2024-03-19,2024-03-19,2024-03-19,2024-05-03,101,V,S,EG06,PG03,,Operations
102713,2024-03-21,2024-03-21,A,RFT,F,1.0,06ACC1,ACCTG,ALPNC,124,70,60,2024-03-21,2024-03-21,2024-03-21,,,,H,EG09,PG03,102457.0,Operations
102713,2025-01-19,2025-01-19,T,RFT,F,1.0,06ACC1,ACCTG,ALPNC,124,70,60,2024-03-21,2024-03-21,2024-03-21,2025-01-19,102,V,H,EG09,PG03,102457.0,Operations
102714,2024-03-21,2024-03-21,A,RFT,F,1.0,27HR3,HR,ALPNC,102,130,100,2024-03-21,2024-03-21,2024-03-21,,,,S,EG02,PG03,102468.0,Operations
102714,2024-05-05,2024-05-05,T,RFT,F,1.0,27HR3,HR,ALPNC,102,130,100,2024-03-21,2024-03-21,2024-03-21,2024-05-05,101,V,S,EG02,PG03,102468.0,Operations
102715,2024-03-22,2024-03-22,A,RFT,F,1.0,91PRO4,PROJ,ALPNC,102,150,10,2024-03-22,2024-03-22,2024-03-22,,,,S,EG02,PG03,,Operations
102716,2024-03-22,2024-03-22,A,RFT,F,1.0,35IT3,IT,NRTHP,103,80,110,2024-03-22,2024-03-22,2024-03-22,,,,S,EG08,PG05,,Operations
102716,2024-04-24,2024-04-24,A,RFT,F,1.0,37IT4,IT,NRTHP,103,80,110,2024-03-22,2024-03-22,2024-04-24,,,,S,EG04,PG05,,Operations
102716,2025-03-07,2025-03-07,A,RFT,F,1.0,38IT5,IT,NRTHP,103,80,110,2024-03-22,2024-03-22,2025-03-07,,,,S,EG02,PG05,,Operations
102717,2024-03-22,2024-03-22,A,RFT,F,1.0,61WHS2,WHSE,WSTMF,108,250,40,2024-03-22,2024-03-22,2024-03-22,,,,H,EG01,PG03,,Operations
102717,2025-02-28,2025-02-28,A,RFT,F,1.0,62WHS3,WHSE,WSTMF,108,250,40,2024-03-22,2024-03-22,2025-02-28,,,,H,EG01,PG03,,Operations
102717,2025-03-09,2025-03-09,A,RFT,F,1.0,08ACC3,ACCTG,WSTMF,108,250,40,2024-03-22,2024-03-22,2025-03-09,,,,H,EG01,PG03,,Operations
102718,2024-03-25,2024-03-25,A,RFT,F,1.0,13CSR1,CSR,NRTHP,116,110,100,2024-03-25,2024-03-25,2024-03-25,,,,H,EG01,PG05,101478.0,Operations
102719,2024-03-25,2024-03-25,A,RFT,F,1.0,61WHS2,WHSE,WSTMF,102,30,80,2024-03-25,2024-03-25,2024-03-25,,,,H,EG01,PG03,100967.0,Operations
102720,2024-03-25,2024-03-25,A,RPT,P,0.49,36IT3,IT,NRTHP,120,70,70,2024-03-25,2024-03-25,2024-03-25,,,,S,EG07,PG05,,Operations
102721,2024-03-27,2024-03-27,A,RPT,P,0.71,90PRO3,PROJ,WSTMF,102,120,20,2024-03-27,2024-03-27,2024-03-27,,,,S,EG04,PG03,100740.0,Operations
102721,2024-06-20,2024-06-20,T,RPT,P,0.71,90PRO3,PROJ,WSTMF,102,120,20,2024-03-27,2024-03-27,2024-03-27,2024-06-20,101,V,S,EG04,PG03,100740.0,Operations
102722,2024-03-27,2024-03-27,A,RFT,F,1.0,19ENG2,ENGR,WSTMF,124,80,90,2024-03-27,2024-03-27,2024-03-27,,,,S,EG01,PG03,101078.0,Operations
102723,2024-03-27,2024-03-27,A,RPT,P,0.69,60WHS1,WHSE,NRTHP,121,60,50,2024-03-27,2024-03-27,2024-03-27,,,,H,EG06,PG05,102633.0,Operations
102724,2024-03-28,2024-03-28,A,RFT,F,1.0,68TEC4,TECH,PRMRE,115,190,120,2024-03-28,2024-03-28,2024-03-28,,,,S,EG06,PG02,,Operations
102725,2024-04-01,2024-04-01,A,RFT,F,1.0,95LEG3,LEGAL,NRTHP,102,180,100,2024-04-01,2024-04-01,2024-04-01,,,,S,EG05,PG05,,Operations
102725,2025-11-10,2025-11-10,T,RFT,F,1.0,95LEG3,LEGAL,NRTHP,102,180,100,2024-04-01,2024-04-01,2024-04-01,2025-11-10,100,V,S,EG05,PG05,,Operations
102726,2024-04-02,2024-04-02,A,TFT,F,1.0,78ANL2,ANLYT,ALPNC,119,240,80,2024-04-02,2024-04-02,2024-04-02,,,,H,EG04,PG03,100179.0,Operations
102726,2024-11-12,2024-11-12,A,TFT,F,1.0,79ANL3,ANLYT,ALPNC,119,240,80,2024-04-02,2024-04-02,2024-11-12,,,,H,EG10,PG03,100179.0,Operations
102726,2025-12-22,2025-12-22,A,TFT,F,1.0,43SAL3,SALES,ALPNC,119,240,80,2024-04-02,2024-04-02,2025-12-22,,,,H,EG10,PG03,100179.0,Operations
102727,2024-04-02,2024-04-02,A,RFT,F,1.0,94LEG2,LEGAL,NRTHP,121,170,80,2024-04-02,2024-04-02,2024-04-02,,,,H,EG02,PG05,,Operations
102728,2024-04-03,2024-04-03,A,RFT,F,1.0,26HR2,HR,PRMRE,102,70,40,2024-04-03,2024-04-03,2024-04-03,,,,H,EG03,PG02,102708.0,Operations
102728,2025-05-11,2025-05-11,A,RFT,F,1.0,71MKT2,MKTG,PRMRE,102,70,40,2024-04-03,2024-04-03,2025-05-11,,,,H,EG10,PG02,102708.0,Operations
102729,2024-04-03,2024-04-03,A,TAW,F,1.0,70MKT1,MKTG,ALPNC,112,70,120,2024-04-03,2024-04-03,2024-04-03,,,,H,EG04,PG03,,Operations
102729,2024-10-16,2024-10-16,T,TAW,F,1.0,70MKT1,MKTG,ALPNC,112,70,120,2024-04-03,2024-04-03,2024-04-03,2024-10-16,201,I,H,EG04,PG03,,Operations
102730,2024-04-03,2024-04-03,A,RFT,F,1.0,61WHS2,WHSE,PRMRE,105,20,40,2024-04-03,2024-04-03,2024-04-03,,,,H,EG01,PG02,,Operations
102731,2024-04-05,2024-04-05,A,RFT,F,1.0,26HR2,HR,NRTHP,102,50,10,2024-04-05,2024-04-05,2024-04-05,,,,H,EG03,PG05,102746.0,Operations
102732,2024-04-05,2024-04-05,A,RFT,F,1.0,71MKT2,MKTG,ALPNC,112,180,70,2024-04-05,2024-04-05,2024-04-05,,,,H,EG10,PG03,,Operations
102733,2024-04-05,2024-04-05,A,TFT,F,1.0,01ADM1,ADMIN,ALPNC,116,230,50,2024-04-05,2024-04-05,2024-04-05,,,,S,EG05,PG03,100181.0,Operations
102733,2024-05-02,2024-05-02,A,TFT,F,1.0,13CSR1,CSR,ALPNC,116,230,50,2024-04-05,2024-04-05,2024-05-02,,,,S,EG01,PG03,100181.0,Operations
102733,2024-07-05,2024-07-05,A,TFT,F,1.0,14CSR2,CSR,ALPNC,116,230,50,2024-04-05,2024-04-05,2024-07-05,,,,S,EG06,PG03,100181.0,Operations
102734,2024-04-05,2024-04-05,A,CON,F,1.0,41SAL1,SALES,PRMRE,121,110,30,2024-04-05,2024-04-05,2024-04-05,,,,H,EG08,PG02,100624.0,Operations
102734,2025-05-14,2025-05-14,T,CON,F,1.0,41SAL1,SALES,PRMRE,121,110,30,2024-04-05,2024-04-05,2024-04-05,2025-05-14,100,V,H,EG08,PG02,100624.0,Operations
102735,2024-04-05,2024-04-05,A,RFT,F,1.0,34IT2,IT,NRTHP,102,60,20,2024-04-05,2024-04-05,2024-04-05,,,,S,EG08,PG05,101520.0,Operations
102736,2024-04-05,2024-04-05,A,RPT,P,0.74,89PRO2,PROJ,NRTHP,108,60,50,2024-04-05,2024-04-05,2024-04-05,,,,S,EG06,PG05,101866.0,Operations
102736,2025-07-20,2025-07-20,A,RPT,P,0.74,90PRO3,PROJ,NRTHP,108,60,50,2024-04-05,2024-04-05,2025-07-20,,,,S,EG04,PG05,101866.0,Operations
102736,2025-08-16,2025-08-16,A,RPT,P,0.74,91PRO4,PROJ,NRTHP,108,60,50,2024-04-05,2024-04-05,2025-08-16,,,,S,EG02,PG05,101866.0,Operations
102737,2024-04-09,2024-04-09,A,RPT,P,0.6,77ANL1,ANLYT,WSTMF,105,40,90,2024-04-09,2024-04-09,2024-04-09,,,,H,EG04,PG03,101888.0,Operations
102737,2024-11-02,2024-11-02,A,RPT,P,0.6,78ANL2,ANLYT,WSTMF,105,40,90,2024-04-09,2024-04-09,2024-11-02,,,,H,EG04,PG03,101888.0,Operations
102737,2025-03-16,2025-03-16,A,RPT,P,0.6,79ANL3,ANLYT,WSTMF,105,40,90,2024-04-09,2024-04-09,2025-03-16,,,,H,EG10,PG03,101888.0,Operations
102737,2025-06-24,2025-06-24,T,RPT,P,0.6,79ANL3,ANLYT,WSTMF,105,40,90,2024-04-09,2024-04-09,2025-03-16,2025-06-24,100,V,H,EG10,PG03,101888.0,Operations
102738,2024-04-09,2024-04-09,A,RPT,P,0.53,49OPS2,OPS,NRTHP,123,90,90,2024-04-09,2024-04-09,2024-04-09,,,,H,EG05,PG05,,Operations
102738,2025-06-19,2025-06-19,T,RPT,P,0.53,49OPS2,OPS,NRTHP,123,90,90,2024-04-09,2024-04-09,2024-04-09,2025-06-19,100,V,H,EG05,PG05,,Operations
102739,2024-04-09,2024-04-09,A,RPT,P,0.7,33IT2,IT,WSTMF,106,130,10,2024-04-09,2024-04-09,2024-04-09,,,,H,EG09,PG03,,Operations
102739,2025-02-19,2025-02-19,T,RPT,P,0.7,33IT2,IT,WSTMF,106,130,10,2024-04-09,2024-04-09,2024-04-09,2025-02-19,207,I,H,EG09,PG03,,Operations
102740,2024-04-10,2024-04-10,A,RPT,P,0.59,06ACC1,ACCTG,PRMRE,115,140,10,2024-04-10,2024-04-10,2024-04-10,,,,S,EG09,PG02,102983.0,Operations
102741,2024-04-10,2024-04-10,A,RFT,F,1.0,51OPS4,OPS,NRTHP,102,40,60,2024-04-10,2024-04-10,2024-04-10,,,,S,EG07,PG05,,Operations
102741,2025-04-19,2025-04-19,T,RFT,F,1.0,51OPS4,OPS,NRTHP,102,40,60,2024-04-10,2024-04-10,2024-04-10,2025-04-19,101,V,S,EG07,PG05,,Operations
102742,2024-04-11,2024-04-11,A,RPT,P,0.58,07ACC2,ACCTG,PRMRE,118,190,100,2024-04-11,2024-04-11,2024-04-11,,,,H,EG03,PG02,,Operations
102743,2024-04-12,2024-04-12,A,CON,F,1.0,61WHS2,WHSE,PRMRE,117,200,50,2024-04-12,2024-04-12,2024-04-12,,,,H,EG01,PG02,101375.0,Operations
102744,2024-04-17,2024-04-17,A,RFT,F,1.0,15CSR3,CSR,PRMRE,123,60,10,2024-04-17,2024-04-17,2024-04-17,,,,S,EG10,PG02,101098.0,Operations
102745,2024-04-18,2024-04-18,A,RFT,F,1.0,15CSR3,CSR,NRTHP,114,250,70,2024-04-18,2024-04-18,2024-04-18,,,,S,EG10,PG05,,Operations
102745,2025-02-20,2025-02-20,T,RFT,F,1.0,15CSR3,CSR,NRTHP,114,250,70,2024-04-18,2024-04-18,2024-04-18,2025-02-20,102,V,S,EG10,PG05,,Operations
102746,2024-04-18,2024-04-18,A,RPT,F,0.76,63WHS4,WHSE,ALPNC,102,50,40,2024-04-18,2024-04-18,2024-04-18,,,,S,EG10,PG03,,Operations
102747,2024-04-19,2024-04-19,A,TFT,F,1.0,16CSR4,CSR,PRMRE,100,140,20,2024-04-19,2024-04-19,2024-04-19,,,,S,EG10,PG02,,Operations
102747,2025-01-04,2025-01-04,T,TFT,F,1.0,16CSR4,CSR,PRMRE,100,140,20,2024-04-19,2024-04-19,2024-04-19,2025-01-04,100,V,S,EG10,PG02,,Operations
102748,2024-04-19,2024-04-19,A,RFT,F,1.0,90PRO3,PROJ,PRMRE,124,220,60,2024-04-19,2024-04-19,2024-04-19,,,,S,EG04,PG02,100427.0,Operations
102748,2025-10-12,2025-10-12,A,RFT,F,1.0,91PRO4,PROJ,PRMRE,124,220,60,2024-04-19,2024-04-19,2025-10-12,,,,S,EG02,PG02,100427.0,Operations
102749,2024-04-19,2024-04-19,A,RFT,F,1.0,25HR1,HR,WSTMF,122,50,100,2024-04-19,2024-04-19,2024-04-19,,,,H,EG10,PG03,101619.0,Operations
102749,2024-12-30,2024-12-30,T,RFT,F,1.0,25HR1,HR,WSTMF,122,50,100,2024-04-19,2024-04-19,2024-04-19,2024-12-30,100,V,H,EG10,PG03,101619.0,Operations
102750,2024-04-19,2024-04-19,A,RFT,F,1.0,94LEG2,LEGAL,NRTHP,112,30,100,2024-04-19,2024-04-19,2024-04-19,,,,H,EG02,PG05,,Operations
102750,2024-06-30,2024-06-30,T,RFT,F,1.0,94LEG2,LEGAL,NRTHP,112,30,100,2024-04-19,2024-04-19,2024-04-19,2024-06-30,103,V,H,EG02,PG05,,Operations
102751,2024-04-19,2024-04-19,A,RFT,F,1.0,07ACC2,ACCTG,NRTHP,121,20,110,2024-04-19,2024-04-19,2024-04-19,,,,H,EG03,PG05,100758.0,Operations
102751,2024-07-06,2024-07-06,A,RFT,F,1.0,08ACC3,ACCTG,NRTHP,121,20,110,2024-04-19,2024-04-19,2024-07-06,,,,H,EG01,PG05,100758.0,Operations
102751,2024-10-17,2024-10-17,A,RFT,F,1.0,09ACC4,ACCTG,NRTHP,121,20,110,2024-04-19,2024-04-19,2024-10-17,,,,H,EG05,PG05,100758.0,Operations
102751,2025-12-21,2025-12-21,A,RFT,F,1.0,10ACC5,ACCTG,NRTHP,121,20,110,2024-04-19,2024-04-19,2025-12-21,,,,H,EG09,PG05,100758.0,Operations
102752,2024-04-19,2024-04-19,A,RPT,P,0.45,36IT3,IT,ALPNC,100,10,40,2024-04-19,2024-04-19,2024-04-19,,,,S,EG07,PG03,,Operations
102753,2024-04-19,2024-04-19,A,RPT,P,0.55,34IT2,IT,NRTHP,116,60,20,2024-04-19,2024-04-19,2024-04-19,,,,H,EG08,PG05,102529.0,Operations
102754,2024-04-19,2024-04-19,A,RFT,F,1.0,06ACC1,ACCTG,NRTHP,101,80,80,2024-04-19,2024-04-19,2024-04-19,,,,H,EG09,PG05,,Operations
102755,2024-04-19,2024-04-19,A,RFT,F,1.0,42SAL2,SALES,ALPNC,102,210,50,2024-04-19,2024-04-19,2024-04-19,,,,H,EG10,PG03,101824.0,Operations
102755,2024-06-16,2024-06-16,T,RFT,F,1.0,42SAL2,SALES,ALPNC,102,210,50,2024-04-19,2024-04-19,2024-04-19,2024-06-16,100,V,H,EG10,PG03,101824.0,Operations
102756,2024-04-19,2024-04-19,A,RPT,P,0.66,55TRD1,TRD,PRMRE,100,200,10,2024-04-19,2024-04-19,2024-04-19,,,,H,EG04,PG02,100546.0,Operations
102757,2024-04-19,2024-04-19,A,RFT,F,1.0,48OPS1,OPS,PRMRE,116,220,80,2024-04-19,2024-04-19,2024-04-19,,,,S,EG03,PG02,101724.0,Operations
102758,2024-04-19,2024-04-19,A,RFT,F,1.0,61WHS2,WHSE,PRMRE,100,40,10,2024-04-19,2024-04-19,2024-04-19,,,,H,EG01,PG02,102372.0,Operations
102758,2024-06-10,2024-06-10,T,RFT,F,1.0,61WHS2,WHSE,PRMRE,100,40,10,2024-04-19,2024-04-19,2024-04-19,2024-06-10,205,I,H,EG01,PG02,102372.0,Operations
102759,2024-04-19,2024-04-19,A,RFT,F,1.0,36IT3,IT,ALPNC,100,90,10,2024-04-19,2024-04-19,2024-04-19,,,,S,EG07,PG03,100821.0,Operations
102759,2025-01-30,2025-01-30,T,RFT,F,1.0,36IT3,IT,ALPNC,100,90,10,2024-04-19,2024-04-19,2024-04-19,2025-01-30,101,V,S,EG07,PG03,100821.0,Operations
102760,2024-04-19,2024-04-19,A,RFT,F,1.0,34IT2,IT,WSTMF,102,140,70,2024-04-19,2024-04-19,2024-04-19,,,,S,EG08,PG03,100617.0,Operations
102761,2024-04-19,2024-04-19,A,RFT,F,1.0,41SAL1,SALES,PRMRE,123,200,20,2024-04-19,2024-04-19,2024-04-19,,,,H,EG08,PG02,101298.0,Operations
102762,2024-04-22,2024-04-22,A,RFT,F,1.0,78ANL2,ANLYT,ALPNC,119,80,80,2024-04-22,2024-04-22,2024-04-22,,,,H,EG04,PG03,,Operations
102763,2024-04-24,2024-04-24,A,RFT,F,1.0,05ACC1,ACCTG,PRMRE,102,50,50,2024-04-24,2024-04-24,2024-04-24,,,,H,EG05,PG02,102746.0,Operations
102763,2024-11-26,2024-11-26,A,RFT,F,1.0,07ACC2,ACCTG,PRMRE,102,50,50,2024-04-24,2024-04-24,2024-11-26,,,,H,EG03,PG02,102746.0,Operations
102763,2026-01-04,2026-01-04,A,RFT,F,1.0,08ACC3,ACCTG,PRMRE,102,50,50,2024-04-24,2024-04-24,2026-01-04,,,,H,EG01,PG02,102746.0,Operations
102764,2024-04-25,2024-04-25,A,RPT,P,0.54,94LEG2,LEGAL,NRTHP,114,180,50,2024-04-25,2024-04-25,2024-04-25,,,,H,EG02,PG05,102185.0,Operations
102764,2025-04-24,2025-04-24,T,RPT,P,0.54,94LEG2,LEGAL,NRTHP,114,180,50,2024-04-25,2024-04-25,2024-04-25,2025-04-24,202,V,H,EG02,PG05,102185.0,Operations
102765,2024-04-25,2024-04-25,A,TFT,F,1.0,65TEC1,TECH,WSTMF,115,70,30,2024-04-25,2024-04-25,2024-04-25,,,,H,EG08,PG03,,Operations
102765,2025-01-10,2025-01-10,T,TFT,F,1.0,65TEC1,TECH,WSTMF,115,70,30,2024-04-25,2024-04-25,2024-04-25,2025-01-10,201,I,H,EG08,PG03,,Operations
102766,2024-04-26,2024-04-26,A,RFT,F,1.0,20ENG3,ENGR,PRMRE,116,100,10,2024-04-26,2024-04-26,2024-04-26,,,,S,EG03,PG02,,Operations
102767,2024-04-26,2024-04-26,A,RFT,F,1.0,61WHS2,WHSE,PRMRE,123,190,70,2024-04-26,2024-04-26,2024-04-26,,,,H,EG01,PG02,,Operations
102767,2024-11-25,2024-11-25,A,RFT,F,1.0,62WHS3,WHSE,PRMRE,123,190,70,2024-04-26,2024-04-26,2024-11-25,,,,H,EG01,PG02,,Operations
102768,2024-04-26,2024-04-26,A,RFT,F,1.0,14CSR2,CSR,WSTMF,110,220,20,2024-04-26,2024-04-26,2024-04-26,,,,H,EG06,PG03,,Operations
102768,2025-10-31,2025-10-31,A,RFT,F,1.0,15CSR3,CSR,WSTMF,110,220,20,2024-04-26,2024-04-26,2025-10-31,,,,H,EG10,PG03,,Operations
102769,2024-04-26,2024-04-26,A,RPT,P,0.65,36IT3,IT,NRTHP,113,60,100,2024-04-26,2024-04-26,2024-04-26,,,,S,EG07,PG05,,Operations
102769,2024-05-29,2024-05-29,A,RPT,P,0.65,37IT4,IT,NRTHP,113,60,100,2024-04-26,2024-04-26,2024-05-29,,,,S,EG04,PG05,,Operations
102769,2024-07-29,2024-07-29,T,RPT,P,0.65,37IT4,IT,NRTHP,113,60,100,2024-04-26,2024-04-26,2024-05-29,2024-07-29,101,V,S,EG04,PG05,,Operations
102770,2024-05-02,2024-05-02,A,RFT,F,1.0,80ANL4,ANLYT,ALPNC,111,140,20,2024-05-02,2024-05-02,2024-05-02,,,,S,EG05,PG03,,Operations
102770,2024-06-10,2024-06-10,T,RFT,F,1.0,80ANL4,ANLYT,ALPNC,111,140,20,2024-05-02,2024-05-02,2024-05-02,2024-06-10,101,V,S,EG05,PG03,,Operations
102771,2024-05-03,2024-05-03,A,RPT,F,0.75,25HR1,HR,WSTMF,113,170,70,2024-05-03,2024-05-03,2024-05-03,,,,S,EG10,PG03,100750.0,Operations
102771,2026-01-16,2026-01-16,T,RPT,F,0.75,25HR1,HR,WSTMF,113,170,70,2024-05-03,2024-05-03,2024-05-03,2026-01-16,100,V,S,EG10,PG03,100750.0,Operations
102772,2024-05-03,2024-05-03,A,CON,F,1.0,90PRO3,PROJ,WSTMF,118,30,50,2024-05-03,2024-05-03,2024-05-03,,,,S,EG04,PG03,,Operations
102772,2025-09-13,2025-09-13,T,CON,F,1.0,90PRO3,PROJ,WSTMF,118,30,50,2024-05-03,2024-05-03,2024-05-03,2025-09-13,100,V,S,EG04,PG03,,Operations
102773,2024-05-03,2024-05-03,A,RFT,F,1.0,32IT1,IT,NRTHP,115,40,20,2024-05-03,2024-05-03,2024-05-03,,,,H,EG03,PG05,102391.0,Operations
102774,2024-05-03,2024-05-03,A,RFT,F,1.0,01ADM1,ADMIN,ALPNC,102,80,110,2024-05-03,2024-05-03,2024-05-03,,,,S,EG05,PG03,100620.0,Operations
102774,2024-11-15,2024-11-15,T,RFT,F,1.0,01ADM1,ADMIN,ALPNC,102,80,110,2024-05-03,2024-05-03,2024-05-03,2024-11-15,202,V,S,EG05,PG03,100620.0,Operations
102775,2024-05-03,2024-05-03,A,RFT,F,1.0,33IT2,IT,NRTHP,120,130,80,2024-05-03,2024-05-03,2024-05-03,,,,H,EG09,PG05,,Operations
102775,2024-06-22,2024-06-22,T,RFT,F,1.0,33IT2,IT,NRTHP,120,130,80,2024-05-03,2024-05-03,2024-05-03,2024-06-22,206,I,H,EG09,PG05,,Operations
102776,2024-05-06,2024-05-06,A,RFT,F,1.0,36IT3,IT,PRMRE,102,30,50,2024-05-06,2024-05-06,2024-05-06,,,,S,EG07,PG02,,Operations
102776,2025-08-29,2025-08-29,T,RFT,F,1.0,36IT3,IT,PRMRE,102,30,50,2024-05-06,2024-05-06,2024-05-06,2025-08-29,202,V,S,EG07,PG02,,Operations
102777,2024-05-07,2024-05-07,A,RFT,F,1.0,18ENG1,ENGR,NRTHP,118,150,40,2024-05-07,2024-05-07,2024-05-07,,,,S,EG08,PG05,102348.0,Operations
102777,2024-08-21,2024-08-21,L,RFT,F,1.0,18ENG1,ENGR,NRTHP,118,150,40,2024-05-07,2024-05-07,2024-05-07,,,,S,EG08,PG05,102348.0,Operations
102777,2024-12-24,2024-12-24,A,RFT,F,1.0,18ENG1,ENGR,NRTHP,118,150,40,2024-05-07,2024-05-07,2024-05-07,,,,S,EG08,PG05,102348.0,Operations
102777,2024-12-30,2024-12-30,A,RFT,F,1.0,19ENG2,ENGR,NRTHP,118,150,40,2024-05-07,2024-05-07,2024-12-30,,,,S,EG01,PG05,102348.0,Operations
102778,2024-05-08,2024-05-08,A,RFT,F,1.0,71MKT2,MKTG,ALPNC,114,180,100,2024-05-08,2024-05-08,2024-05-08,,,,S,EG10,PG03,102185.0,Operations
102779,2024-05-08,2024-05-08,A,RPT,P,0.49,03ADM3,ADMIN,WSTMF,111,90,100,2024-05-08,2024-05-08,2024-05-08,,,,S,EG07,PG03,,Operations
102780,2024-05-09,2024-05-09,A,RFT,F,1.0,01ADM1,ADMIN,PRMRE,102,210,40,2024-05-09,2024-05-09,2024-05-09,,,,S,EG05,PG02,101824.0,Operations
102780,2025-05-27,2025-05-27,T,RFT,F,1.0,01ADM1,ADMIN,PRMRE,102,210,40,2024-05-09,2024-05-09,2024-05-09,2025-05-27,101,V,S,EG05,PG02,101824.0,Operations
102781,2024-05-10,2024-05-10,A,RFT,F,1.0,51OPS4,OPS,NRTHP,124,100,120,2024-05-10,2024-05-10,2024-05-10,,,,S,EG07,PG05,,Operations
102781,2024-05-22,2024-05-22,A,RFT,F,1.0,09ACC4,ACCTG,NRTHP,124,100,120,2024-05-10,2024-05-10,2024-05-22,,,,S,EG05,PG05,,Operations
102782,2024-05-10,2024-05-10,A,RFT,F,1.0,65TEC1,TECH,NRTHP,100,60,60,2024-05-10,2024-05-10,2024-05-10,,,,H,EG08,PG05,,Operations
102783,2024-05-10,2024-05-10,A,RFT,F,1.0,67TEC3,TECH,PRMRE,115,240,10,2024-05-10,2024-05-10,2024-05-10,,,,S,EG10,PG02,102901.0,Operations
102783,2025-04-30,2025-04-30,T,RFT,F,1.0,67TEC3,TECH,PRMRE,115,240,10,2024-05-10,2024-05-10,2024-05-10,2025-04-30,200,I,S,EG10,PG02,102901.0,Operations
102784,2024-05-10,2024-05-10,A,CON,F,1.0,20ENG3,ENGR,NRTHP,115,10,40,2024-05-10,2024-05-10,2024-05-10,,,,S,EG03,PG05,,Operations
102785,2024-05-10,2024-05-10,A,RFT,F,1.0,94LEG2,LEGAL,NRTHP,116,120,30,2024-05-10,2024-05-10,2024-05-10,,,,S,EG02,PG05,101531.0,Operations
102786,2024-05-10,2024-05-10,A,RFT,F,1.0,05ACC1,ACCTG,PRMRE,105,30,90,2024-05-10,2024-05-10,2024-05-10,,,,S,EG05,PG02,101914.0,Operations
102787,2024-05-10,2024-05-10,A,CON,F,1.0,84SUP5,SUPV,NRTHP,118,20,120,2024-05-10,2024-05-10,2024-05-10,,,,S,EG07,PG05,,Operations
102787,2024-10-18,2024-10-18,T,CON,F,1.0,84SUP5,SUPV,NRTHP,118,20,120,2024-05-10,2024-05-10,2024-05-10,2024-10-18,100,V,S,EG07,PG05,,Operations
102788,2024-05-10,2024-05-10,A,RFT,F,1.0,06ACC1,ACCTG,PRMRE,122,120,70,2024-05-10,2024-05-10,2024-05-10,,,,H,EG09,PG02,100170.0,Operations
102789,2024-05-10,2024-05-10,A,RFT,F,1.0,72MKT3,MKTG,ALPNC,119,200,90,2024-05-10,2024-05-10,2024-05-10,,,,S,EG09,PG03,,Operations
102789,2026-01-26,2026-01-26,A,RFT,F,1.0,73MKT4,MKTG,ALPNC,119,200,90,2024-05-10,2024-05-10,2026-01-26,,,,S,EG01,PG03,,Operations
102790,2024-05-13,2024-05-13,A,RFT,F,1.0,57TRD3,TRD,NRTHP,103,250,60,2024-05-13,2024-05-13,2024-05-13,,,,S,EG02,PG05,,Operations
102791,2024-05-13,2024-05-13,A,RFT,F,1.0,26HR2,HR,NRTHP,115,110,20,2024-05-13,2024-05-13,2024-05-13,,,,H,EG03,PG05,102872.0,Operations
102791,2024-06-30,2024-06-30,T,RFT,F,1.0,26HR2,HR,NRTHP,115,110,20,2024-05-13,2024-05-13,2024-05-13,2024-06-30,100,V,H,EG03,PG05,102872.0,Operations
102792,2024-05-14,2024-05-14,A,RFT,F,1.0,18ENG1,ENGR,PRMRE,118,130,50,2024-05-14,2024-05-14,2024-05-14,,,,H,EG08,PG02,100080.0,Operations
102793,2024-05-15,2024-05-15,A,RFT,F,1.0,06ACC1,ACCTG,PRMRE,118,110,90,2024-05-15,2024-05-15,2024-05-15,,,,H,EG09,PG02,,Operations
102793,2025-03-29,2025-03-29,T,RFT,F,1.0,06ACC1,ACCTG,PRMRE,118,110,90,2024-05-15,2024-05-15,2024-05-15,2025-03-29,101,V,H,EG09,PG02,,Operations
102794,2024-05-15,2024-05-15,A,RFT,F,1.0,61WHS2,WHSE,ALPNC,100,70,100,2024-05-15,2024-05-15,2024-05-15,,,,H,EG01,PG03,,Operations
102794,2025-01-02,2025-01-02,A,RFT,F,1.0,62WHS3,WHSE,ALPNC,100,70,100,2024-05-15,2024-05-15,2025-01-02,,,,H,EG01,PG03,,Operations
102794,2025-03-31,2025-03-31,T,RFT,F,1.0,62WHS3,WHSE,ALPNC,100,70,100,2024-05-15,2024-05-15,2025-01-02,2025-03-31,101,V,H,EG01,PG03,,Operations
102795,2024-05-15,2024-05-15,A,CON,F,1.0,06ACC1,ACCTG,PRMRE,102,110,70,2024-05-15,2024-05-15,2024-05-15,,,,H,EG09,PG02,100283.0,Operations
102796,2024-05-15,2024-05-15,A,RPT,P,0.51,68TEC4,TECH,PRMRE,123,150,110,2024-05-15,2024-05-15,2024-05-15,,,,S,EG06,PG02,,Operations
102796,2024-10-15,2024-10-15,A,RPT,P,0.51,69TEC5,TECH,PRMRE,123,150,110,2024-05-15,2024-05-15,2024-10-15,,,,S,EG02,PG02,,Operations
102796,2025-08-15,2025-08-15,T,RPT,P,0.51,69TEC5,TECH,PRMRE,123,150,110,2024-05-15,2024-05-15,2024-10-15,2025-08-15,101,V,S,EG02,PG02,,Operations
102797,2024-05-16,2024-05-16,A,RFT,F,1.0,73MKT4,MKTG,ALPNC,100,150,40,2024-05-16,2024-05-16,2024-05-16,,,,S,EG01,PG03,,Operations
102797,2025-06-05,2025-06-05,T,RFT,F,1.0,73MKT4,MKTG,ALPNC,100,150,40,2024-05-16,2024-05-16,2024-05-16,2025-06-05,205,I,S,EG01,PG03,,Operations
102798,2024-05-16,2024-05-16,A,RFT,F,1.0,25HR1,HR,PRMRE,121,160,90,2024-05-16,2024-05-16,2024-05-16,,,,H,EG10,PG02,101494.0,Operations
102799,2024-05-16,2024-05-16,A,RPT,P,0.71,65TEC1,TECH,ALPNC,121,180,110,2024-05-16,2024-05-16,2024-05-16,,,,H,EG08,PG03,,Operations
102799,2024-12-05,2024-12-05,T,RPT,P,0.71,65TEC1,TECH,ALPNC,121,180,110,2024-05-16,2024-05-16,2024-05-16,2024-12-05,202,V,H,EG08,PG03,,Operations
102800,2024-05-17,2024-05-17,A,RFT,F,1.0,33IT2,IT,WSTMF,104,250,60,2024-05-17,2024-05-17,2024-05-17,,,,H,EG09,PG03,102707.0,Operations
102801,2024-05-17,2024-05-17,A,RFT,F,1.0,43SAL3,SALES,ALPNC,104,250,40,2024-05-17,2024-05-17,2024-05-17,,,,S,EG10,PG03,,Operations
102801,2024-05-21,2024-05-21,T,RFT,F,1.0,43SAL3,SALES,ALPNC,104,250,40,2024-05-17,2024-05-17,2024-05-17,2024-05-21,100,V,S,EG10,PG03,,Operations
102802,2024-05-17,2024-05-17,A,CON,F,1.0,62WHS3,WHSE,ALPNC,116,90,40,2024-05-17,2024-05-17,2024-05-17,,,,S,EG01,PG03,102267.0,Operations
102802,2024-11-10,2024-11-10,T,CON,F,1.0,62WHS3,WHSE,ALPNC,116,90,40,2024-05-17,2024-05-17,2024-05-17,2024-11-10,100,V,S,EG01,PG03,102267.0,Operations
102803,2024-05-20,2024-05-20,A,CON,F,1.0,77ANL1,ANLYT,NRTHP,103,40,10,2024-05-20,2024-05-20,2024-05-20,,,,H,EG04,PG05,100952.0,Operations
102803,2024-06-13,2024-06-13,A,CON,F,1.0,65TEC1,TECH,NRTHP,103,40,10,2024-05-20,2024-05-20,2024-06-13,,,,H,EG08,PG05,100952.0,Operations
102804,2024-05-21,2024-05-21,A,RPT,P,0.61,66TEC2,TECH,NRTHP,120,110,110,2024-05-21,2024-05-21,2024-05-21,,,,S,EG04,PG05,,Operations
102805,2024-05-21,2024-05-21,A,RPT,P,0.45,89PRO2,PROJ,PRMRE,115,120,70,2024-05-21,2024-05-21,2024-05-21,,,,H,EG06,PG02,101288.0,Operations
102806,2024-05-22,2024-05-22,A,RFT,F,1.0,61WHS2,WHSE,PRMRE,122,160,30,2024-05-22,2024-05-22,2024-05-22,,,,H,EG01,PG02,100003.0,Operations
102807,2024-05-23,2024-05-23,A,TAW,F,1.0,16CSR4,CSR,NRTHP,119,50,30,2024-05-23,2024-05-23,2024-05-23,,,,S,EG10,PG05,,Operations
102807,2024-08-04,2024-08-04,T,TAW,F,1.0,16CSR4,CSR,NRTHP,119,50,30,2024-05-23,2024-05-23,2024-05-23,2024-08-04,201,I,S,EG10,PG05,,Operations
102808,2024-05-23,2024-05-23,A,RFT,F,1.0,42SAL2,SALES,ALPNC,116,150,120,2024-05-23,2024-05-23,2024-05-23,,,,S,EG10,PG03,100258.0,Operations
102809,2024-05-24,2024-05-24,A,RFT,F,1.0,61WHS2,WHSE,ALPNC,100,200,80,2024-05-24,2024-05-24,2024-05-24,,,,H,EG01,PG03,100546.0,Operations
102810,2024-05-24,2024-05-24,A,RFT,F,1.0,02ADM2,ADMIN,WSTMF,102,60,120,2024-05-24,2024-05-24,2024-05-24,,,,H,EG04,PG03,101520.0,Operations
102811,2024-05-24,2024-05-24,A,RFT,F,1.0,36IT3,IT,PRMRE,105,110,40,2024-05-24,2024-05-24,2024-05-24,,,,S,EG07,PG02,,Operations
102812,2024-05-24,2024-05-24,A,RFT,F,1.0,79ANL3,ANLYT,PRMRE,102,210,50,2024-05-24,2024-05-24,2024-05-24,,,,S,EG10,PG02,,Operations
102813,2024-05-28,2024-05-28,A,RFT,F,1.0,92PRO5,PROJ,ALPNC,102,220,70,2024-05-28,2024-05-28,2024-05-28,,,,S,EG07,PG03,,Operations
102814,2024-05-28,2024-05-28,A,RFT,F,1.0,32IT1,IT,NRTHP,109,10,120,2024-05-28,2024-05-28,2024-05-28,,,,H,EG03,PG05,,Operations
102815,2024-05-31,2024-05-31,A,RPT,P,0.69,74MKT5,MKTG,WSTMF,108,220,110,2024-05-31,2024-05-31,2024-05-31,,,,S,EG01,PG03,,Operations
102815,2024-10-14,2024-10-14,T,RPT,P,0.69,74MKT5,MKTG,WSTMF,108,220,110,2024-05-31,2024-05-31,2024-05-31,2024-10-14,100,V,S,EG01,PG03,,Operations
102816,2024-05-31,2024-05-31,A,RFT,F,1.0,78ANL2,ANLYT,PRMRE,121,170,60,2024-05-31,2024-05-31,2024-05-31,,,,S,EG04,PG02,,Operations
102816,2024-06-30,2024-06-30,A,RFT,F,1.0,79ANL3,ANLYT,PRMRE,121,170,60,2024-05-31,2024-05-31,2024-06-30,,,,S,EG10,PG02,,Operations
102816,2025-07-03,2025-07-03,T,RFT,F,1.0,79ANL3,ANLYT,PRMRE,121,170,60,2024-05-31,2024-05-31,2024-06-30,2025-07-03,102,V,S,EG10,PG02,,Operations
102817,2024-05-31,2024-05-31,A,RFT,F,1.0,48OPS1,OPS,PRMRE,102,90,80,2024-05-31,2024-05-31,2024-05-31,,,,H,EG03,PG02,102610.0,Operations
102818,2024-05-31,2024-05-31,A,RFT,F,1.0,27HR3,HR,NRTHP,102,110,50,2024-05-31,2024-05-31,2024-05-31,,,,S,EG02,PG05,100283.0,Operations
102818,2025-09-14,2025-09-14,T,RFT,F,1.0,27HR3,HR,NRTHP,102,110,50,2024-05-31,2024-05-31,2024-05-31,2025-09-14,102,V,S,EG02,PG05,100283.0,Operations
102819,2024-06-03,2024-06-03,A,CON,F,1.0,42SAL2,SALES,NRTHP,100,130,10,2024-06-03,2024-06-03,2024-06-03,,,,H,EG10,PG05,101590.0,Operations
102820,2024-06-04,2024-06-04,A,CON,F,1.0,32IT1,IT,PRMRE,122,220,70,2024-06-04,2024-06-04,2024-06-04,,,,H,EG03,PG02,,Operations
102820,2024-07-05,2024-07-05,T,CON,F,1.0,32IT1,IT,PRMRE,122,220,70,2024-06-04,2024-06-04,2024-06-04,2024-07-05,100,V,H,EG03,PG02,,Operations
102821,2024-06-05,2024-06-05,A,TFT,F,1.0,15CSR3,CSR,ALPNC,114,120,50,2024-06-05,2024-06-05,2024-06-05,,,,S,EG10,PG03,,Operations
102821,2024-11-04,2024-11-04,T,TFT,F,1.0,15CSR3,CSR,ALPNC,114,120,50,2024-06-05,2024-06-05,2024-06-05,2024-11-04,205,I,S,EG10,PG03,,Operations
102822,2024-06-06,2024-06-06,A,RFT,F,1.0,55TRD1,TRD,NRTHP,120,20,90,2024-06-06,2024-06-06,2024-06-06,,,,S,EG04,PG05,,Operations
102822,2024-06-15,2024-06-15,T,RFT,F,1.0,55TRD1,TRD,NRTHP,120,20,90,2024-06-06,2024-06-06,2024-06-06,2024-06-15,100,V,S,EG04,PG05,,Operations
102823,2024-06-06,2024-06-06,A,RPT,P,0.7,56TRD2,TRD,ALPNC,111,120,100,2024-06-06,2024-06-06,2024-06-06,,,,H,EG02,PG03,101780.0,Operations
102823,2024-09-26,2024-09-26,T,RPT,P,0.7,56TRD2,TRD,ALPNC,111,120,100,2024-06-06,2024-06-06,2024-06-06,2024-09-26,100,V,H,EG02,PG03,101780.0,Operations
102824,2024-06-07,2024-06-07,A,TFT,F,1.0,57TRD3,TRD,NRTHP,123,190,80,2024-06-07,2024-06-07,2024-06-07,,,,S,EG02,PG05,,Operations
102824,2025-01-18,2025-01-18,T,TFT,F,1.0,57TRD3,TRD,NRTHP,123,190,80,2024-06-07,2024-06-07,2024-06-07,2025-01-18,201,I,S,EG02,PG05,,Operations
102825,2024-06-07,2024-06-07,A,RFT,F,1.0,01ADM1,ADMIN,ALPNC,121,40,110,2024-06-07,2024-06-07,2024-06-07,,,,H,EG05,PG03,102259.0,Operations
102825,2024-12-15,2024-12-15,T,RFT,F,1.0,01ADM1,ADMIN,ALPNC,121,40,110,2024-06-07,2024-06-07,2024-06-07,2024-12-15,202,V,H,EG05,PG03,102259.0,Operations
102826,2024-06-07,2024-06-07,A,RFT,F,1.0,94LEG2,LEGAL,PRMRE,123,160,100,2024-06-07,2024-06-07,2024-06-07,,,,H,EG02,PG02,100953.0,Operations
102827,2024-06-07,2024-06-07,A,RFT,F,1.0,65TEC1,TECH,NRTHP,117,80,110,2024-06-07,2024-06-07,2024-06-07,,,,H,EG08,PG05,,Operations
102827,2025-11-05,2025-11-05,T,RFT,F,1.0,65TEC1,TECH,NRTHP,117,80,110,2024-06-07,2024-06-07,2024-06-07,2025-11-05,100,V,H,EG08,PG05,,Operations
102828,2024-06-07,2024-06-07,A,RFT,F,1.0,36IT3,IT,WSTMF,107,240,40,2024-06-07,2024-06-07,2024-06-07,,,,S,EG07,PG03,,Operations
102829,2024-06-10,2024-06-10,A,CON,F,1.0,01ADM1,ADMIN,WSTMF,108,100,70,2024-06-10,2024-06-10,2024-06-10,,,,H,EG05,PG03,100625.0,Operations
102829,2024-07-04,2024-07-04,L,CON,F,1.0,01ADM1,ADMIN,WSTMF,108,100,70,2024-06-10,2024-06-10,2024-06-10,,,,H,EG05,PG03,100625.0,Operations
102829,2024-08-14,2024-08-14,A,CON,F,1.0,01ADM1,ADMIN,WSTMF,108,100,70,2024-06-10,2024-06-10,2024-06-10,,,,H,EG05,PG03,100625.0,Operations
102829,2025-04-20,2025-04-20,T,CON,F,1.0,01ADM1,ADMIN,WSTMF,108,100,70,2024-06-10,2024-06-10,2024-06-10,2025-04-20,100,V,H,EG05,PG03,100625.0,Operations
102830,2024-06-10,2024-06-10,A,RFT,F,1.0,06ACC1,ACCTG,NRTHP,124,110,20,2024-06-10,2024-06-10,2024-06-10,,,,S,EG09,PG05,102338.0,Operations
102831,2024-06-10,2024-06-10,A,RPT,P,0.54,65TEC1,TECH,PRMRE,100,140,10,2024-06-10,2024-06-10,2024-06-10,,,,H,EG08,PG02,101268.0,Operations
102831,2024-11-22,2024-11-22,A,RPT,P,0.54,66TEC2,TECH,PRMRE,100,140,10,2024-06-10,2024-06-10,2024-11-22,,,,H,EG04,PG02,101268.0,Operations
102832,2024-06-11,2024-06-11,A,RFT,F,1.0,14CSR2,CSR,PRMRE,122,100,50,2024-06-11,2024-06-11,2024-06-11,,,,H,EG06,PG02,101678.0,Operations
102832,2025-07-31,2025-07-31,T,RFT,F,1.0,14CSR2,CSR,PRMRE,122,100,50,2024-06-11,2024-06-11,2024-06-11,2025-07-31,101,V,H,EG06,PG02,101678.0,Operations
102833,2024-06-11,2024-06-11,A,RFT,F,1.0,38IT5,IT,WSTMF,113,70,50,2024-06-11,2024-06-11,2024-06-11,,,,S,EG02,PG03,,Operations
102833,2024-07-02,2024-07-02,A,RFT,F,1.0,39IT6,IT,WSTMF,113,70,50,2024-06-11,2024-06-11,2024-07-02,,,,S,EG03,PG03,,Operations
102833,2024-08-15,2024-08-15,T,RFT,F,1.0,39IT6,IT,WSTMF,113,70,50,2024-06-11,2024-06-11,2024-07-02,2024-08-15,101,V,S,EG03,PG03,,Operations
102834,2024-06-12,2024-06-12,A,CON,F,1.0,19ENG2,ENGR,WSTMF,102,250,20,2024-06-12,2024-06-12,2024-06-12,,,,S,EG01,PG03,,Operations
102834,2024-12-21,2024-12-21,T,CON,F,1.0,19ENG2,ENGR,WSTMF,102,250,20,2024-06-12,2024-06-12,2024-06-12,2024-12-21,100,V,S,EG01,PG03,,Operations
102835,2024-06-13,2024-06-13,A,RFT,F,1.0,89PRO2,PROJ,WSTMF,100,50,60,2024-06-13,2024-06-13,2024-06-13,,,,H,EG06,PG03,101996.0,Operations
102835,2024-10-06,2024-10-06,T,RFT,F,1.0,89PRO2,PROJ,WSTMF,100,50,60,2024-06-13,2024-06-13,2024-06-13,2024-10-06,100,V,H,EG06,PG03,101996.0,Operations
102836,2024-06-13,2024-06-13,A,RFT,F,1.0,80ANL4,ANLYT,WSTMF,124,170,80,2024-06-13,2024-06-13,2024-06-13,,,,S,EG05,PG03,,Operations
102837,2024-06-14,2024-06-14,A,CON,F,1.0,49OPS2,OPS,WSTMF,100,160,50,2024-06-14,2024-06-14,2024-06-14,,,,H,EG05,PG03,102626.0,Operations
102838,2024-06-14,2024-06-14,A,TAW,F,1.0,89PRO2,PROJ,NRTHP,104,100,70,2024-06-14,2024-06-14,2024-06-14,,,,H,EG06,PG05,100066.0,Operations
102838,2024-08-16,2024-08-16,T,TAW,F,1.0,89PRO2,PROJ,NRTHP,104,100,70,2024-06-14,2024-06-14,2024-06-14,2024-08-16,201,I,H,EG06,PG05,100066.0,Operations
102839,2024-06-14,2024-06-14,A,RFT,F,1.0,16CSR4,CSR,PRMRE,118,90,10,2024-06-14,2024-06-14,2024-06-14,,,,S,EG10,PG02,,Operations
102840,2024-06-14,2024-06-14,A,RFT,F,1.0,57TRD3,TRD,WSTMF,122,180,50,2024-06-14,2024-06-14,2024-06-14,,,,S,EG02,PG03,,Operations
102840,2025-06-30,2025-06-30,T,RFT,F,1.0,57TRD3,TRD,WSTMF,122,180,50,2024-06-14,2024-06-14,2024-06-14,2025-06-30,206,I,S,EG02,PG03,,Operations
102841,2024-06-14,2024-06-14,A,RFT,F,1.0,90PRO3,PROJ,ALPNC,104,180,20,2024-06-14,2024-06-14,2024-06-14,,,,S,EG04,PG03,102929.0,Operations
102841,2025-05-02,2025-05-02,A,RFT,F,1.0,36IT3,IT,ALPNC,104,180,20,2024-06-14,2024-06-14,2025-05-02,,,,S,EG07,PG03,102929.0,Operations
102842,2024-06-14,2024-06-14,A,RFT,F,1.0,21ENG4,ENGR,NRTHP,103,100,90,2024-06-14,2024-06-14,2024-06-14,,,,S,EG06,PG05,,Operations
102843,2024-06-14,2024-06-14,A,RFT,F,1.0,18ENG1,ENGR,NRTHP,124,30,70,2024-06-14,2024-06-14,2024-06-14,,,,H,EG08,PG05,101397.0,Operations
102844,2024-06-17,2024-06-17,A,RPT,F,0.77,96LEG4,LEGAL,NRTHP,118,60,110,2024-06-17,2024-06-17,2024-06-17,,,,S,EG10,PG05,,Operations
102845,2024-06-17,2024-06-17,A,RFT,F,1.0,48OPS1,OPS,PRMRE,121,80,80,2024-06-17,2024-06-17,2024-06-17,,,,H,EG03,PG02,,Operations
102846,2024-06-19,2024-06-19,A,RPT,F,0.75,79ANL3,ANLYT,WSTMF,104,180,40,2024-06-19,2024-06-19,2024-06-19,,,,S,EG10,PG03,102929.0,Operations
102846,2024-09-11,2024-09-11,T,RPT,F,0.75,79ANL3,ANLYT,WSTMF,104,180,40,2024-06-19,2024-06-19,2024-06-19,2024-09-11,101,V,S,EG10,PG03,102929.0,Operations
102847,2024-06-19,2024-06-19,A,RFT,F,1.0,33IT2,IT,PRMRE,118,140,20,2024-06-19,2024-06-19,2024-06-19,,,,S,EG09,PG02,101731.0,Operations
102847,2024-12-04,2024-12-04,T,RFT,F,1.0,33IT2,IT,PRMRE,118,140,20,2024-06-19,2024-06-19,2024-06-19,2024-12-04,101,V,S,EG09,PG02,101731.0,Operations
102848,2024-06-20,2024-06-20,A,RFT,F,1.0,06ACC1,ACCTG,NRTHP,109,120,10,2024-06-20,2024-06-20,2024-06-20,,,,S,EG09,PG05,,Operations
102848,2024-11-11,2024-11-11,L,RFT,F,1.0,06ACC1,ACCTG,NRTHP,109,120,10,2024-06-20,2024-06-20,2024-06-20,,,,S,EG09,PG05,,Operations
102848,2025-04-04,2025-04-04,A,RFT,F,1.0,06ACC1,ACCTG,NRTHP,109,120,10,2024-06-20,2024-06-20,2024-06-20,,,,S,EG09,PG05,,Operations
102849,2024-06-20,2024-06-20,A,RFT,F,1.0,68TEC4,TECH,ALPNC,119,170,40,2024-06-20,2024-06-20,2024-06-20,,,,S,EG06,PG03,,Operations
102850,2024-06-24,2024-06-24,A,RPT,F,0.78,19ENG2,ENGR,WSTMF,102,50,60,2024-06-24,2024-06-24,2024-06-24,,,,H,EG01,PG03,102746.0,Operations
102851,2024-06-25,2024-06-25,A,RFT,F,1.0,14CSR2,CSR,NRTHP,114,100,10,2024-06-25,2024-06-25,2024-06-25,,,,H,EG06,PG05,,Operations
102852,2024-06-27,2024-06-27,A,RFT,F,1.0,43SAL3,SALES,WSTMF,104,190,100,2024-06-27,2024-06-27,2024-06-27,,,,S,EG10,PG03,,Operations
102852,2025-07-10,2025-07-10,T,RFT,F,1.0,43SAL3,SALES,WSTMF,104,190,100,2024-06-27,2024-06-27,2024-06-27,2025-07-10,200,I,S,EG10,PG03,,Operations
102853,2024-06-28,2024-06-28,A,RFT,F,1.0,66TEC2,TECH,PRMRE,121,100,40,2024-06-28,2024-06-28,2024-06-28,,,,H,EG04,PG02,,Operations
102853,2025-03-14,2025-03-14,T,RFT,F,1.0,66TEC2,TECH,PRMRE,121,100,40,2024-06-28,2024-06-28,2024-06-28,2025-03-14,205,I,H,EG04,PG02,,Operations
102854,2024-06-28,2024-06-28,A,RFT,F,1.0,94LEG2,LEGAL,NRTHP,120,100,80,2024-06-28,2024-06-28,2024-06-28,,,,H,EG02,PG05,,Operations
102855,2024-07-01,2024-07-01,A,RFT,F,1.0,25HR1,HR,PRMRE,102,240,30,2024-07-01,2024-07-01,2024-07-01,,,,S,EG10,PG02,101786.0,Operations
102855,2025-03-13,2025-03-13,A,RFT,F,1.0,70MKT1,MKTG,PRMRE,102,240,30,2024-07-01,2024-07-01,2025-03-13,,,,S,EG04,PG02,101786.0,Operations
102856,2024-07-02,2024-07-02,A,RPT,P,0.51,55TRD1,TRD,WSTMF,115,50,60,2024-07-02,2024-07-02,2024-07-02,,,,S,EG04,PG03,100721.0,Operations
102856,2025-12-29,2025-12-29,L,RPT,P,0.51,55TRD1,TRD,WSTMF,115,50,60,2024-07-02,2024-07-02,2024-07-02,,,,S,EG04,PG03,100721.0,Operations
102857,2024-07-02,2024-07-02,A,RFT,F,1.0,01ADM1,ADMIN,ALPNC,104,130,120,2024-07-02,2024-07-02,2024-07-02,,,,H,EG05,PG03,100843.0,Operations
102857,2025-06-20,2025-06-20,A,RFT,F,1.0,02ADM2,ADMIN,ALPNC,104,130,120,2024-07-02,2024-07-02,2025-06-20,,,,H,EG04,PG03,100843.0,Operations
102857,2026-01-02,2026-01-02,T,RFT,F,1.0,02ADM2,ADMIN,ALPNC,104,130,120,2024-07-02,2024-07-02,2025-06-20,2026-01-02,101,V,H,EG04,PG03,100843.0,Operations
102858,2024-07-03,2024-07-03,A,RFT,F,1.0,26HR2,HR,ALPNC,115,230,70,2024-07-03,2024-07-03,2024-07-03,,,,S,EG03,PG03,101987.0,Operations
102859,2024-07-04,2024-07-04,A,RFT,F,1.0,34IT2,IT,PRMRE,124,90,30,2024-07-04,2024-07-04,2024-07-04,,,,H,EG08,PG02,100652.0,Operations
102860,2024-07-04,2024-07-04,A,RFT,F,1.0,70MKT1,MKTG,NRTHP,111,200,80,2024-07-04,2024-07-04,2024-07-04,,,,H,EG04,PG05,101844.0,Operations
102860,2024-12-26,2024-12-26,A,RFT,F,1.0,71MKT2,MKTG,NRTHP,111,200,80,2024-07-04,2024-07-04,2024-12-26,,,,H,EG10,PG05,101844.0,Operations
102860,2025-05-09,2025-05-09,A,RFT,F,1.0,49OPS2,OPS,NRTHP,111,200,80,2024-07-04,2024-07-04,2025-05-09,,,,H,EG05,PG05,101844.0,Operations
102861,2024-07-04,2024-07-04,A,RFT,F,1.0,05ACC1,ACCTG,NRTHP,124,120,80,2024-07-04,2024-07-04,2024-07-04,,,,H,EG05,PG05,101806.0,Operations
102862,2024-07-05,2024-07-05,A,RPT,P,0.72,57TRD3,TRD,NRTHP,118,80,40,2024-07-05,2024-07-05,2024-07-05,,,,S,EG02,PG05,,Operations
102862,2024-09-19,2024-09-19,T,RPT,P,0.72,57TRD3,TRD,NRTHP,118,80,40,2024-07-05,2024-07-05,2024-07-05,2024-09-19,210,I,S,EG02,PG05,,Operations
102863,2024-07-05,2024-07-05,A,TAW,F,1.0,16CSR4,CSR,ALPNC,116,190,80,2024-07-05,2024-07-05,2024-07-05,,,,S,EG10,PG03,,Operations
102864,2024-07-05,2024-07-05,A,RFT,F,1.0,62WHS3,WHSE,ALPNC,114,150,70,2024-07-05,2024-07-05,2024-07-05,,,,S,EG01,PG03,100084.0,Operations
102864,2025-07-11,2025-07-11,T,RFT,F,1.0,62WHS3,WHSE,ALPNC,114,150,70,2024-07-05,2024-07-05,2024-07-05,2025-07-11,100,V,S,EG01,PG03,100084.0,Operations
102865,2024-07-09,2024-07-09,A,RFT,F,1.0,60WHS1,WHSE,PRMRE,122,140,20,2024-07-09,2024-07-09,2024-07-09,,,,S,EG06,PG02,102218.0,Operations
102865,2025-12-31,2025-12-31,A,RFT,F,1.0,61WHS2,WHSE,PRMRE,122,140,20,2024-07-09,2024-07-09,2025-12-31,,,,S,EG01,PG02,102218.0,Operations
102866,2024-07-09,2024-07-09,A,RFT,F,1.0,62WHS3,WHSE,ALPNC,102,250,80,2024-07-09,2024-07-09,2024-07-09,,,,S,EG01,PG03,,Operations
102866,2024-09-13,2024-09-13,T,RFT,F,1.0,62WHS3,WHSE,ALPNC,102,250,80,2024-07-09,2024-07-09,2024-07-09,2024-09-13,207,I,S,EG01,PG03,,Operations
102867,2024-07-10,2024-07-10,A,RPT,P,0.61,14CSR2,CSR,NRTHP,116,50,90,2024-07-10,2024-07-10,2024-07-10,,,,H,EG06,PG05,100007.0,Operations
102868,2024-07-10,2024-07-10,A,RFT,F,1.0,13CSR1,CSR,ALPNC,116,70,70,2024-07-10,2024-07-10,2024-07-10,,,,S,EG01,PG03,101496.0,Operations
102868,2024-11-05,2024-11-05,A,RFT,F,1.0,01ADM1,ADMIN,ALPNC,116,70,70,2024-07-10,2024-07-10,2024-11-05,,,,S,EG05,PG03,101496.0,Operations
102868,2025-08-16,2025-08-16,T,RFT,F,1.0,01ADM1,ADMIN,ALPNC,116,70,70,2024-07-10,2024-07-10,2024-11-05,2025-08-16,103,V,S,EG05,PG03,101496.0,Operations
102869,2024-07-12,2024-07-12,A,RFT,F,1.0,56TRD2,TRD,WSTMF,124,10,120,2024-07-12,2024-07-12,2024-07-12,,,,H,EG02,PG03,100895.0,Operations
102870,2024-07-12,2024-07-12,A,RFT,F,1.0,01ADM1,ADMIN,WSTMF,102,200,20,2024-07-12,2024-07-12,2024-07-12,,,,H,EG05,PG03,102657.0,Operations
102871,2024-07-12,2024-07-12,A,RFT,F,1.0,02ADM2,ADMIN,ALPNC,112,230,30,2024-07-12,2024-07-12,2024-07-12,,,,H,EG04,PG03,,Operations
102872,2024-07-12,2024-07-12,A,RPT,F,0.76,44SAL4,SALES,PRMRE,115,110,90,2024-07-12,2024-07-12,2024-07-12,,,,S,EG09,PG02,,Operations
102873,2024-07-12,2024-07-12,A,RFT,F,1.0,34IT2,IT,NRTHP,121,160,20,2024-07-12,2024-07-12,2024-07-12,,,,H,EG08,PG05,,Operations
102873,2024-12-05,2024-12-05,L,RFT,F,1.0,34IT2,IT,NRTHP,121,160,20,2024-07-12,2024-07-12,2024-07-12,,,,H,EG08,PG05,,Operations
102873,2025-03-20,2025-03-20,A,RFT,F,1.0,34IT2,IT,NRTHP,121,160,20,2024-07-12,2024-07-12,2024-07-12,,,,H,EG08,PG05,,Operations
102873,2025-01-13,2025-01-13,A,RFT,F,1.0,36IT3,IT,NRTHP,121,160,20,2024-07-12,2024-07-12,2025-01-13,,,,H,EG07,PG05,,Operations
102874,2024-07-12,2024-07-12,A,RFT,F,1.0,56TRD2,TRD,PRMRE,116,140,40,2024-07-12,2024-07-12,2024-07-12,,,,S,EG02,PG02,101433.0,Operations
102874,2025-11-07,2025-11-07,A,RFT,F,1.0,02ADM2,ADMIN,PRMRE,116,140,40,2024-07-12,2024-07-12,2025-11-07,,,,S,EG04,PG02,101433.0,Operations
102875,2024-07-12,2024-07-12,A,RPT,P,0.74,01ADM1,ADMIN,WSTMF,104,130,110,2024-07-12,2024-07-12,2024-07-12,,,,H,EG05,PG03,100843.0,Operations
102876,2024-07-15,2024-07-15,A,RFT,F,1.0,61WHS2,WHSE,WSTMF,111,40,70,2024-07-15,2024-07-15,2024-07-15,,,,H,EG01,PG03,101448.0,Operations
102877,2024-07-16,2024-07-16,A,RFT,F,1.0,62WHS3,WHSE,PRMRE,102,190,60,2024-07-16,2024-07-16,2024-07-16,,,,S,EG01,PG02,,Operations
102878,2024-07-17,2024-07-17,A,RFT,F,1.0,26HR2,HR,PRMRE,102,110,120,2024-07-17,2024-07-17,2024-07-17,,,,S,EG03,PG02,100283.0,Operations
102878,2024-09-03,2024-09-03,T,RFT,F,1.0,26HR2,HR,PRMRE,102,110,120,2024-07-17,2024-07-17,2024-07-17,2024-09-03,200,I,S,EG03,PG02,100283.0,Operations
102879,2024-07-18,2024-07-18,A,RFT,F,1.0,91PRO4,PROJ,NRTHP,122,20,70,2024-07-18,2024-07-18,2024-07-18,,,,S,EG02,PG05,,Operations
102880,2024-07-18,2024-07-18,A,RFT,F,1.0,32IT1,IT,NRTHP,124,50,60,2024-07-18,2024-07-18,2024-07-18,,,,H,EG03,PG05,101154.0,Operations
102881,2024-07-18,2024-07-18,A,RFT,F,1.0,26HR2,HR,WSTMF,108,250,120,2024-07-18,2024-07-18,2024-07-18,,,,S,EG03,PG03,,Operations
102881,2025-02-19,2025-02-19,A,RFT,F,1.0,02ADM2,ADMIN,WSTMF,108,250,120,2024-07-18,2024-07-18,2025-02-19,,,,S,EG04,PG03,,Operations
102881,2025-06-07,2025-06-07,T,RFT,F,1.0,02ADM2,ADMIN,WSTMF,108,250,120,2024-07-18,2024-07-18,2025-02-19,2025-06-07,100,V,S,EG04,PG03,,Operations
102882,2024-07-18,2024-07-18,A,RFT,F,1.0,11ACC6,ACCTG,ALPNC,114,130,40,2024-07-18,2024-07-18,2024-07-18,,,,S,EG08,PG03,,Operations
102883,2024-07-19,2024-07-19,A,RFT,F,1.0,08ACC3,ACCTG,PRMRE,116,50,40,2024-07-19,2024-07-19,2024-07-19,,,,S,EG01,PG02,,Operations
102883,2026-01-19,2026-01-19,A,RFT,F,1.0,03ADM3,ADMIN,PRMRE,116,50,40,2024-07-19,2024-07-19,2026-01-19,,,,S,EG07,PG02,,Operations
102884,2024-07-19,2024-07-19,A,RFT,F,1.0,90PRO3,PROJ,NRTHP,122,190,50,2024-07-19,2024-07-19,2024-07-19,,,,S,EG04,PG05,,Operations
102885,2024-07-19,2024-07-19,A,RFT,F,1.0,03ADM3,ADMIN,PRMRE,116,210,40,2024-07-19,2024-07-19,2024-07-19,,,,S,EG07,PG02,,Operations
102885,2025-01-20,2025-01-20,T,RFT,F,1.0,03ADM3,ADMIN,PRMRE,116,210,40,2024-07-19,2024-07-19,2024-07-19,2025-01-20,103,V,S,EG07,PG02,,Operations
102886,2024-07-19,2024-07-19,A,RFT,F,1.0,42SAL2,SALES,PRMRE,117,240,50,2024-07-19,2024-07-19,2024-07-19,,,,H,EG10,PG02,,Operations
102887,2024-07-22,2024-07-22,A,RFT,F,1.0,25HR1,HR,NRTHP,104,110,80,2024-07-22,2024-07-22,2024-07-22,,,,S,EG10,PG05,102499.0,Operations
102888,2024-07-22,2024-07-22,A,RFT,F,1.0,13CSR1,CSR,WSTMF,115,150,40,2024-07-22,2024-07-22,2024-07-22,,,,H,EG01,PG03,102289.0,Operations
102888,2025-04-19,2025-04-19,T,RFT,F,1.0,13CSR1,CSR,WSTMF,115,150,40,2024-07-22,2024-07-22,2024-07-22,2025-04-19,101,V,H,EG01,PG03,102289.0,Operations
102889,2024-07-24,2024-07-24,A,RFT,F,1.0,33IT2,IT,ALPNC,119,150,110,2024-07-24,2024-07-24,2024-07-24,,,,H,EG09,PG03,101181.0,Operations
102889,2025-01-25,2025-01-25,T,RFT,F,1.0,33IT2,IT,ALPNC,119,150,110,2024-07-24,2024-07-24,2024-07-24,2025-01-25,202,V,H,EG09,PG03,101181.0,Operations
102890,2024-07-25,2024-07-25,A,RPT,P,0.53,56TRD2,TRD,NRTHP,119,20,50,2024-07-25,2024-07-25,2024-07-25,,,,H,EG02,PG05,101102.0,Operations
102891,2024-07-25,2024-07-25,A,RFT,F,1.0,06ACC1,ACCTG,ALPNC,104,160,70,2024-07-25,2024-07-25,2024-07-25,,,,H,EG09,PG03,102299.0,Operations
102892,2024-07-26,2024-07-26,A,RFT,F,1.0,80ANL4,ANLYT,ALPNC,102,230,60,2024-07-26,2024-07-26,2024-07-26,,,,S,EG05,PG03,,Operations
102892,2025-03-11,2025-03-11,T,RFT,F,1.0,80ANL4,ANLYT,ALPNC,102,230,60,2024-07-26,2024-07-26,2024-07-26,2025-03-11,102,V,S,EG05,PG03,,Operations
102893,2024-07-26,2024-07-26,A,RFT,F,1.0,90PRO3,PROJ,NRTHP,119,220,90,2024-07-26,2024-07-26,2024-07-26,,,,S,EG04,PG05,,Operations
102893,2024-08-20,2024-08-20,A,RFT,F,1.0,91PRO4,PROJ,NRTHP,119,220,90,2024-07-26,2024-07-26,2024-08-20,,,,S,EG02,PG05,,Operations
102893,2024-12-13,2024-12-13,L,RFT,F,1.0,91PRO4,PROJ,NRTHP,119,220,90,2024-07-26,2024-07-26,2024-08-20,,,,S,EG02,PG05,,Operations
102893,2025-05-31,2025-05-31,A,RFT,F,1.0,91PRO4,PROJ,NRTHP,119,220,90,2024-07-26,2024-07-26,2024-08-20,,,,S,EG02,PG05,,Operations
102894,2024-08-02,2024-08-02,A,RFT,F,1.0,96LEG4,LEGAL,ALPNC,102,60,90,2024-08-02,2024-08-02,2024-08-02,,,,S,EG10,PG03,,Operations
102894,2025-04-15,2025-04-15,T,RFT,F,1.0,96LEG4,LEGAL,ALPNC,102,60,90,2024-08-02,2024-08-02,2024-08-02,2025-04-15,100,V,S,EG10,PG03,,Operations
102895,2024-08-02,2024-08-02,A,RFT,F,1.0,04ADM4,ADMIN,NRTHP,114,200,100,2024-08-02,2024-08-02,2024-08-02,,,,S,EG06,PG05,,Operations
102895,2025-10-10,2025-10-10,T,RFT,F,1.0,04ADM4,ADMIN,NRTHP,114,200,100,2024-08-02,2024-08-02,2024-08-02,2025-10-10,102,V,S,EG06,PG05,,Operations
102896,2024-08-02,2024-08-02,A,RFT,F,1.0,13CSR1,CSR,PRMRE,117,70,90,2024-08-02,2024-08-02,2024-08-02,,,,H,EG01,PG02,,Operations
102897,2024-08-05,2024-08-05,A,RPT,P,0.64,15CSR3,CSR,PRMRE,118,130,30,2024-08-05,2024-08-05,2024-08-05,,,,S,EG10,PG02,,Operations
102898,2024-08-05,2024-08-05,A,RPT,P,0.6,37IT4,IT,PRMRE,124,110,70,2024-08-05,2024-08-05,2024-08-05,,,,S,EG04,PG02,,Operations
102899,2024-08-05,2024-08-05,A,RFT,F,1.0,18ENG1,ENGR,PRMRE,115,20,20,2024-08-05,2024-08-05,2024-08-05,,,,H,EG08,PG02,101427.0,Operations
102900,2024-08-05,2024-08-05,A,RPT,P,0.73,26HR2,HR,WSTMF,122,40,110,2024-08-05,2024-08-05,2024-08-05,,,,H,EG03,PG03,101880.0,Operations
102901,2024-08-06,2024-08-06,A,RFT,F,1.0,85SUP5,SUPV,WSTMF,115,240,60,2024-08-06,2024-08-06,2024-08-06,,,,S,EG01,PG03,,Operations
102902,2024-08-07,2024-08-07,A,RPT,P,0.71,33IT2,IT,NRTHP,102,220,100,2024-08-07,2024-08-07,2024-08-07,,,,H,EG09,PG05,102813.0,Operations
102902,2024-09-24,2024-09-24,T,RPT,P,0.71,33IT2,IT,NRTHP,102,220,100,2024-08-07,2024-08-07,2024-08-07,2024-09-24,200,I,H,EG09,PG05,102813.0,Operations
102903,2024-08-09,2024-08-09,A,RFT,F,1.0,72MKT3,MKTG,PRMRE,105,60,100,2024-08-09,2024-08-09,2024-08-09,,,,S,EG09,PG02,,Operations
102903,2025-06-14,2025-06-14,A,RFT,F,1.0,73MKT4,MKTG,PRMRE,105,60,100,2024-08-09,2024-08-09,2025-06-14,,,,S,EG01,PG02,,Operations
102904,2024-08-09,2024-08-09,A,RPT,P,0.64,71MKT2,MKTG,WSTMF,122,40,90,2024-08-09,2024-08-09,2024-08-09,,,,H,EG10,PG03,101880.0,Operations
102904,2024-12-25,2024-12-25,A,RPT,P,0.64,72MKT3,MKTG,WSTMF,122,40,90,2024-08-09,2024-08-09,2024-12-25,,,,H,EG09,PG03,101880.0,Operations
102904,2025-01-15,2025-01-15,A,RPT,P,0.64,73MKT4,MKTG,WSTMF,122,40,90,2024-08-09,2024-08-09,2025-01-15,,,,H,EG01,PG03,101880.0,Operations
102905,2024-08-09,2024-08-09,A,RFT,F,1.0,84SUP5,SUPV,NRTHP,124,220,50,2024-08-09,2024-08-09,2024-08-09,,,,S,EG07,PG05,,Operations
102905,2024-10-03,2024-10-03,A,RFT,F,1.0,82ANL6,ANLYT,NRTHP,124,220,50,2024-08-09,2024-08-09,2024-10-03,,,,S,EG10,PG05,,Operations
102906,2024-08-09,2024-08-09,A,CON,F,1.0,13CSR1,CSR,NRTHP,104,90,70,2024-08-09,2024-08-09,2024-08-09,,,,S,EG01,PG05,102432.0,Operations
102906,2024-10-13,2024-10-13,T,CON,F,1.0,13CSR1,CSR,NRTHP,104,90,70,2024-08-09,2024-08-09,2024-08-09,2024-10-13,205,I,S,EG01,PG05,102432.0,Operations
102907,2024-08-12,2024-08-12,A,RFT,F,1.0,27HR3,HR,NRTHP,115,200,10,2024-08-12,2024-08-12,2024-08-12,,,,S,EG02,PG05,102397.0,Operations
102907,2025-03-27,2025-03-27,T,RFT,F,1.0,27HR3,HR,NRTHP,115,200,10,2024-08-12,2024-08-12,2024-08-12,2025-03-27,101,V,S,EG02,PG05,102397.0,Operations
102908,2024-08-12,2024-08-12,A,RFT,F,1.0,02ADM2,ADMIN,WSTMF,111,60,60,2024-08-12,2024-08-12,2024-08-12,,,,H,EG04,PG03,,Operations
102909,2024-08-13,2024-08-13,A,RFT,F,1.0,71MKT2,MKTG,PRMRE,121,80,80,2024-08-13,2024-08-13,2024-08-13,,,,H,EG10,PG02,,Operations
102909,2024-12-06,2024-12-06,T,RFT,F,1.0,71MKT2,MKTG,PRMRE,121,80,80,2024-08-13,2024-08-13,2024-08-13,2024-12-06,102,V,H,EG10,PG02,,Operations
102910,2024-08-13,2024-08-13,A,CON,F,1.0,41SAL1,SALES,PRMRE,123,10,80,2024-08-13,2024-08-13,2024-08-13,,,,H,EG08,PG02,102401.0,Operations
102910,2024-09-30,2024-09-30,T,CON,F,1.0,41SAL1,SALES,PRMRE,123,10,80,2024-08-13,2024-08-13,2024-08-13,2024-09-30,100,V,H,EG08,PG02,102401.0,Operations
102911,2024-08-15,2024-08-15,A,RFT,F,1.0,34IT2,IT,NRTHP,115,100,30,2024-08-15,2024-08-15,2024-08-15,,,,S,EG08,PG05,102590.0,Operations
102912,2024-08-16,2024-08-16,A,RFT,F,1.0,41SAL1,SALES,PRMRE,124,220,20,2024-08-16,2024-08-16,2024-08-16,,,,H,EG08,PG02,100427.0,Operations
102913,2024-08-16,2024-08-16,A,RFT,F,1.0,02ADM2,ADMIN,WSTMF,105,230,80,2024-08-16,2024-08-16,2024-08-16,,,,S,EG04,PG03,100226.0,Operations
102914,2024-08-16,2024-08-16,A,RPT,P,0.74,25HR1,HR,PRMRE,115,40,20,2024-08-16,2024-08-16,2024-08-16,,,,S,EG10,PG02,102391.0,Operations
102914,2024-10-10,2024-10-10,T,RPT,P,0.74,25HR1,HR,PRMRE,115,40,20,2024-08-16,2024-08-16,2024-08-16,2024-10-10,100,V,S,EG10,PG02,102391.0,Operations
102915,2024-08-16,2024-08-16,A,TAW,F,1.0,05ACC1,ACCTG,PRMRE,102,240,50,2024-08-16,2024-08-16,2024-08-16,,,,S,EG05,PG02,101786.0,Operations
102915,2024-10-10,2024-10-10,A,TAW,F,1.0,07ACC2,ACCTG,PRMRE,102,240,50,2024-08-16,2024-08-16,2024-10-10,,,,S,EG03,PG02,101786.0,Operations
102916,2024-08-16,2024-08-16,A,RFT,F,1.0,18ENG1,ENGR,WSTMF,110,250,80,2024-08-16,2024-08-16,2024-08-16,,,,H,EG08,PG03,102925.0,Operations
102916,2025-03-04,2025-03-04,L,RFT,F,1.0,18ENG1,ENGR,WSTMF,110,250,80,2024-08-16,2024-08-16,2024-08-16,,,,H,EG08,PG03,102925.0,Operations
102916,2025-05-26,2025-05-26,A,RFT,F,1.0,18ENG1,ENGR,WSTMF,110,250,80,2024-08-16,2024-08-16,2024-08-16,,,,H,EG08,PG03,102925.0,Operations
102917,2024-08-16,2024-08-16,A,RFT,F,1.0,13CSR1,CSR,WSTMF,100,200,40,2024-08-16,2024-08-16,2024-08-16,,,,S,EG01,PG03,100546.0,Operations
102917,2024-09-21,2024-09-21,T,RFT,F,1.0,13CSR1,CSR,WSTMF,100,200,40,2024-08-16,2024-08-16,2024-08-16,2024-09-21,101,V,S,EG01,PG03,100546.0,Operations
102918,2024-08-20,2024-08-20,A,RPT,P,0.45,51OPS4,OPS,WSTMF,111,240,30,2024-08-20,2024-08-20,2024-08-20,,,,S,EG07,PG03,,Operations
102919,2024-08-20,2024-08-20,A,RFT,F,1.0,60WHS1,WHSE,ALPNC,104,80,120,2024-08-20,2024-08-20,2024-08-20,,,,S,EG06,PG03,100073.0,Operations
102920,2024-08-20,2024-08-20,A,RFT,F,1.0,06ACC1,ACCTG,NRTHP,116,30,110,2024-08-20,2024-08-20,2024-08-20,,,,H,EG09,PG05,102136.0,Operations
102920,2025-05-29,2025-05-29,A,RFT,F,1.0,70MKT1,MKTG,NRTHP,116,30,110,2024-08-20,2024-08-20,2025-05-29,,,,H,EG04,PG05,102136.0,Operations
102921,2024-08-20,2024-08-20,A,RFT,F,1.0,18ENG1,ENGR,ALPNC,104,190,50,2024-08-20,2024-08-20,2024-08-20,,,,S,EG08,PG03,100361.0,Operations
102922,2024-08-23,2024-08-23,A,RFT,F,1.0,05ACC1,ACCTG,ALPNC,114,30,50,2024-08-23,2024-08-23,2024-08-23,,,,H,EG05,PG03,,Operations
102922,2025-05-23,2025-05-23,T,RFT,F,1.0,05ACC1,ACCTG,ALPNC,114,30,50,2024-08-23,2024-08-23,2024-08-23,2025-05-23,101,V,H,EG05,PG03,,Operations
102923,2024-08-23,2024-08-23,A,RPT,F,0.75,36IT3,IT,ALPNC,112,190,60,2024-08-23,2024-08-23,2024-08-23,,,,S,EG07,PG03,100738.0,Operations
102924,2024-08-26,2024-08-26,A,RFT,F,1.0,01ADM1,ADMIN,WSTMF,122,240,30,2024-08-26,2024-08-26,2024-08-26,,,,H,EG05,PG03,102139.0,Operations
102925,2024-08-26,2024-08-26,A,RFT,F,1.0,85SUP5,SUPV,WSTMF,110,250,100,2024-08-26,2024-08-26,2024-08-26,,,,S,EG01,PG03,,Operations
102925,2024-11-03,2024-11-03,A,RFT,F,1.0,11ACC6,ACCTG,WSTMF,110,250,100,2024-08-26,2024-08-26,2024-11-03,,,,S,EG08,PG03,,Operations
102926,2024-08-30,2024-08-30,A,RFT,F,1.0,14CSR2,CSR,WSTMF,106,10,20,2024-08-30,2024-08-30,2024-08-30,,,,S,EG06,PG03,,Operations
102927,2024-08-30,2024-08-30,A,RFT,F,1.0,32IT1,IT,ALPNC,104,110,70,2024-08-30,2024-08-30,2024-08-30,,,,S,EG03,PG03,102499.0,Operations
102927,2025-09-19,2025-09-19,A,RFT,F,1.0,33IT2,IT,ALPNC,104,110,70,2024-08-30,2024-08-30,2025-09-19,,,,S,EG09,PG03,102499.0,Operations
102928,2024-09-02,2024-09-02,A,RPT,P,0.41,32IT1,IT,PRMRE,116,200,90,2024-09-02,2024-09-02,2024-09-02,,,,S,EG03,PG02,102378.0,Operations
102929,2024-09-02,2024-09-02,A,RFT,F,1.0,74MKT5,MKTG,WSTMF,104,180,90,2024-09-02,2024-09-02,2024-09-02,,,,S,EG01,PG03,,Operations
102929,2025-01-26,2025-01-26,A,RFT,F,1.0,75MKT6,MKTG,WSTMF,104,180,90,2024-09-02,2024-09-02,2025-01-26,,,,S,EG02,PG03,,Operations
102930,2024-09-04,2024-09-04,A,CON,F,1.0,45SAL5,SALES,ALPNC,121,40,110,2024-09-04,2024-09-04,2024-09-04,,,,S,EG06,PG03,,Operations
102930,2024-11-26,2024-11-26,T,CON,F,1.0,45SAL5,SALES,ALPNC,121,40,110,2024-09-04,2024-09-04,2024-09-04,2024-11-26,100,V,S,EG06,PG03,,Operations
102931,2024-09-05,2024-09-05,A,RPT,P,0.65,34IT2,IT,WSTMF,110,240,60,2024-09-05,2024-09-05,2024-09-05,,,,H,EG08,PG03,,Operations
102932,2024-09-06,2024-09-06,A,RFT,F,1.0,73MKT4,MKTG,ALPNC,121,110,120,2024-09-06,2024-09-06,2024-09-06,,,,S,EG01,PG03,100624.0,Operations
102933,2024-09-06,2024-09-06,A,RFT,F,1.0,49OPS2,OPS,NRTHP,113,120,100,2024-09-06,2024-09-06,2024-09-06,,,,H,EG05,PG05,,Operations
102933,2025-02-21,2025-02-21,L,RFT,F,1.0,49OPS2,OPS,NRTHP,113,120,100,2024-09-06,2024-09-06,2024-09-06,,,,H,EG05,PG05,,Operations
102933,2025-04-18,2025-04-18,A,RFT,F,1.0,49OPS2,OPS,NRTHP,113,120,100,2024-09-06,2024-09-06,2024-09-06,,,,H,EG05,PG05,,Operations
102933,2025-06-05,2025-06-05,T,RFT,F,1.0,49OPS2,OPS,NRTHP,113,120,100,2024-09-06,2024-09-06,2024-09-06,2025-06-05,200,I,H,EG05,PG05,,Operations
102934,2024-09-06,2024-09-06,A,RFT,F,1.0,49OPS2,OPS,NRTHP,123,120,100,2024-09-06,2024-09-06,2024-09-06,,,,H,EG05,PG05,,Operations
102935,2024-09-09,2024-09-09,A,RPT,P,0.69,14CSR2,CSR,ALPNC,111,110,20,2024-09-09,2024-09-09,2024-09-09,,,,H,EG06,PG03,100019.0,Operations
102936,2024-09-10,2024-09-10,A,RPT,P,0.54,02ADM2,ADMIN,WSTMF,122,20,50,2024-09-10,2024-09-10,2024-09-10,,,,S,EG04,PG03,102879.0,Operations
102936,2025-03-03,2025-03-03,T,RPT,P,0.54,02ADM2,ADMIN,WSTMF,122,20,50,2024-09-10,2024-09-10,2024-09-10,2025-03-03,103,V,S,EG04,PG03,102879.0,Operations
102937,2024-09-10,2024-09-10,A,RFT,F,1.0,56TRD2,TRD,PRMRE,124,80,40,2024-09-10,2024-09-10,2024-09-10,,,,H,EG02,PG02,101078.0,Operations
102937,2025-01-03,2025-01-03,T,RFT,F,1.0,56TRD2,TRD,PRMRE,124,80,40,2024-09-10,2024-09-10,2024-09-10,2025-01-03,205,I,H,EG02,PG02,101078.0,Operations
102938,2024-09-10,2024-09-10,A,TAW,F,1.0,18ENG1,ENGR,PRMRE,123,130,10,2024-09-10,2024-09-10,2024-09-10,,,,H,EG08,PG02,100445.0,Operations
102938,2025-12-28,2025-12-28,T,TAW,F,1.0,18ENG1,ENGR,PRMRE,123,130,10,2024-09-10,2024-09-10,2024-09-10,2025-12-28,201,I,H,EG08,PG02,100445.0,Operations
102939,2024-09-11,2024-09-11,A,RFT,F,1.0,13CSR1,CSR,ALPNC,111,40,80,2024-09-11,2024-09-11,2024-09-11,,,,H,EG01,PG03,101448.0,Operations
102940,2024-09-11,2024-09-11,A,CON,F,1.0,72MKT3,MKTG,PRMRE,123,240,60,2024-09-11,2024-09-11,2024-09-11,,,,S,EG09,PG02,101281.0,Operations
102940,2025-04-15,2025-04-15,T,CON,F,1.0,72MKT3,MKTG,PRMRE,123,240,60,2024-09-11,2024-09-11,2024-09-11,2025-04-15,100,V,S,EG09,PG02,101281.0,Operations
102941,2024-09-12,2024-09-12,A,RPT,P,0.54,25HR1,HR,ALPNC,124,160,120,2024-09-12,2024-09-12,2024-09-12,,,,S,EG10,PG03,100599.0,Operations
102941,2025-08-30,2025-08-30,A,RPT,P,0.54,26HR2,HR,ALPNC,124,160,120,2024-09-12,2024-09-12,2025-08-30,,,,S,EG03,PG03,100599.0,Operations
102942,2024-09-13,2024-09-13,A,TFT,F,1.0,19ENG2,ENGR,PRMRE,118,230,30,2024-09-13,2024-09-13,2024-09-13,,,,S,EG01,PG02,100254.0,Operations
102942,2024-12-12,2024-12-12,T,TFT,F,1.0,19ENG2,ENGR,PRMRE,118,230,30,2024-09-13,2024-09-13,2024-09-13,2024-12-12,201,I,S,EG01,PG02,100254.0,Operations
102943,2024-09-13,2024-09-13,A,RFT,F,1.0,89PRO2,PROJ,PRMRE,116,110,100,2024-09-13,2024-09-13,2024-09-13,,,,H,EG06,PG02,,Operations
102944,2024-09-16,2024-09-16,A,TFT,F,1.0,06ACC1,ACCTG,WSTMF,111,250,50,2024-09-16,2024-09-16,2024-09-16,,,,S,EG09,PG03,102191.0,Operations
102944,2024-12-23,2024-12-23,T,TFT,F,1.0,06ACC1,ACCTG,WSTMF,111,250,50,2024-09-16,2024-09-16,2024-09-16,2024-12-23,201,I,S,EG09,PG03,102191.0,Operations
102945,2024-09-16,2024-09-16,A,RPT,P,0.69,41SAL1,SALES,NRTHP,114,240,80,2024-09-16,2024-09-16,2024-09-16,,,,H,EG08,PG05,100980.0,Operations
102946,2024-09-16,2024-09-16,A,RFT,F,1.0,63WHS4,WHSE,PRMRE,102,50,20,2024-09-16,2024-09-16,2024-09-16,,,,S,EG10,PG02,,Operations
102947,2024-09-16,2024-09-16,A,RFT,F,1.0,72MKT3,MKTG,WSTMF,110,30,10,2024-09-16,2024-09-16,2024-09-16,,,,S,EG09,PG03,,Operations
102948,2024-09-17,2024-09-17,A,RPT,P,0.65,50OPS3,OPS,NRTHP,114,160,80,2024-09-17,2024-09-17,2024-09-17,,,,S,EG06,PG05,,Operations
102948,2024-12-31,2024-12-31,A,RPT,P,0.65,51OPS4,OPS,NRTHP,114,160,80,2024-09-17,2024-09-17,2024-12-31,,,,S,EG07,PG05,,Operations
102949,2024-09-17,2024-09-17,A,RFT,F,1.0,49OPS2,OPS,ALPNC,112,40,80,2024-09-17,2024-09-17,2024-09-17,,,,H,EG05,PG03,,Operations
102950,2024-09-17,2024-09-17,A,CON,F,1.0,26HR2,HR,WSTMF,124,130,10,2024-09-17,2024-09-17,2024-09-17,,,,H,EG03,PG03,102158.0,Operations
102951,2024-09-18,2024-09-18,A,TFT,F,1.0,68TEC4,TECH,NRTHP,102,50,10,2024-09-18,2024-09-18,2024-09-18,,,,S,EG06,PG05,,Operations
102952,2024-09-19,2024-09-19,A,RFT,F,1.0,44SAL4,SALES,ALPNC,100,190,90,2024-09-19,2024-09-19,2024-09-19,,,,S,EG09,PG03,102532.0,Operations
102953,2024-09-19,2024-09-19,A,RFT,F,1.0,02ADM2,ADMIN,PRMRE,115,200,30,2024-09-19,2024-09-19,2024-09-19,,,,H,EG04,PG02,102397.0,Operations
102953,2024-09-21,2024-09-21,A,RFT,F,1.0,03ADM3,ADMIN,PRMRE,115,200,30,2024-09-19,2024-09-19,2024-09-21,,,,H,EG07,PG02,102397.0,Operations
102953,2024-09-25,2024-09-25,L,RFT,F,1.0,03ADM3,ADMIN,PRMRE,115,200,30,2024-09-19,2024-09-19,2024-09-21,,,,H,EG07,PG02,102397.0,Operations
102953,2025-02-23,2025-02-23,A,RFT,F,1.0,03ADM3,ADMIN,PRMRE,115,200,30,2024-09-19,2024-09-19,2024-09-21,,,,H,EG07,PG02,102397.0,Operations
102953,2025-08-27,2025-08-27,A,RFT,F,1.0,04ADM4,ADMIN,PRMRE,115,200,30,2024-09-19,2024-09-19,2025-08-27,,,,H,EG06,PG02,102397.0,Operations
102954,2024-09-19,2024-09-19,A,RFT,F,1.0,08ACC3,ACCTG,WSTMF,104,100,120,2024-09-19,2024-09-19,2024-09-19,,,,S,EG01,PG03,100066.0,Operations
102954,2025-09-27,2025-09-27,T,RFT,F,1.0,08ACC3,ACCTG,WSTMF,104,100,120,2024-09-19,2024-09-19,2024-09-19,2025-09-27,101,V,S,EG01,PG03,100066.0,Operations
102955,2024-09-19,2024-09-19,A,RFT,F,1.0,48OPS1,OPS,WSTMF,124,120,90,2024-09-19,2024-09-19,2024-09-19,,,,H,EG03,PG03,101806.0,Operations
102955,2024-10-06,2024-10-06,A,RFT,F,1.0,18ENG1,ENGR,WSTMF,124,120,90,2024-09-19,2024-09-19,2024-10-06,,,,H,EG08,PG03,101806.0,Operations
102956,2024-09-19,2024-09-19,A,RFT,F,1.0,18ENG1,ENGR,WSTMF,118,160,80,2024-09-19,2024-09-19,2024-09-19,,,,H,EG08,PG03,100692.0,Operations
102956,2024-12-10,2024-12-10,A,RFT,F,1.0,19ENG2,ENGR,WSTMF,118,160,80,2024-09-19,2024-09-19,2024-12-10,,,,H,EG01,PG03,100692.0,Operations
102956,2026-01-02,2026-01-02,A,RFT,F,1.0,20ENG3,ENGR,WSTMF,118,160,80,2024-09-19,2024-09-19,2026-01-02,,,,H,EG03,PG03,100692.0,Operations
102957,2024-09-19,2024-09-19,A,RPT,P,0.64,60WHS1,WHSE,NRTHP,115,120,30,2024-09-19,2024-09-19,2024-09-19,,,,S,EG06,PG05,101288.0,Operations
102957,2025-04-22,2025-04-22,A,RPT,P,0.64,61WHS2,WHSE,NRTHP,115,120,30,2024-09-19,2024-09-19,2025-04-22,,,,S,EG01,PG05,101288.0,Operations
102958,2024-09-20,2024-09-20,A,RFT,F,1.0,70MKT1,MKTG,NRTHP,112,80,90,2024-09-20,2024-09-20,2024-09-20,,,,H,EG04,PG05,100948.0,Operations
102958,2025-11-09,2025-11-09,T,RFT,F,1.0,70MKT1,MKTG,NRTHP,112,80,90,2024-09-20,2024-09-20,2024-09-20,2025-11-09,103,V,H,EG04,PG05,100948.0,Operations
102959,2024-09-20,2024-09-20,A,RPT,P,0.55,77ANL1,ANLYT,WSTMF,115,140,90,2024-09-20,2024-09-20,2024-09-20,,,,H,EG04,PG03,102983.0,Operations
102959,2024-12-03,2024-12-03,A,RPT,P,0.55,78ANL2,ANLYT,WSTMF,115,140,90,2024-09-20,2024-09-20,2024-12-03,,,,H,EG04,PG03,102983.0,Operations
102960,2024-09-20,2024-09-20,A,RFT,F,1.0,94LEG2,LEGAL,ALPNC,114,120,90,2024-09-20,2024-09-20,2024-09-20,,,,H,EG02,PG03,,Operations
102961,2024-09-20,2024-09-20,A,CON,F,1.0,32IT1,IT,WSTMF,122,160,20,2024-09-20,2024-09-20,2024-09-20,,,,H,EG03,PG03,100003.0,Operations
102962,2024-09-20,2024-09-20,A,RFT,F,1.0,66TEC2,TECH,PRMRE,122,50,50,2024-09-20,2024-09-20,2024-09-20,,,,S,EG04,PG02,101619.0,Operations
102963,2024-09-20,2024-09-20,A,RFT,F,1.0,07ACC2,ACCTG,WSTMF,122,40,50,2024-09-20,2024-09-20,2024-09-20,,,,H,EG03,PG03,101880.0,Operations
102964,2024-09-20,2024-09-20,A,RFT,F,1.0,88EXE6,EXEC,PRMRE,102,190,80,2024-09-20,2024-09-20,2024-09-20,,,,S,EG08,PG02,,Operations
102964,2024-09-29,2024-09-29,T,RFT,F,1.0,88EXE6,EXEC,PRMRE,102,190,80,2024-09-20,2024-09-20,2024-09-20,2024-09-29,200,I,S,EG08,PG02,,Operations
102965,2024-09-23,2024-09-23,A,RPT,P,0.74,89PRO2,PROJ,NRTHP,121,40,90,2024-09-23,2024-09-23,2024-09-23,,,,H,EG06,PG05,102259.0,Operations
102965,2025-10-23,2025-10-23,T,RPT,P,0.74,89PRO2,PROJ,NRTHP,121,40,90,2024-09-23,2024-09-23,2024-09-23,2025-10-23,100,V,H,EG06,PG05,102259.0,Operations
102966,2024-09-23,2024-09-23,A,RFT,F,1.0,41SAL1,SALES,ALPNC,114,160,110,2024-09-23,2024-09-23,2024-09-23,,,,H,EG08,PG03,102948.0,Operations
102967,2024-09-24,2024-09-24,A,CON,F,1.0,25HR1,HR,PRMRE,100,210,30,2024-09-24,2024-09-24,2024-09-24,,,,H,EG10,PG02,101401.0,Operations
102968,2024-09-24,2024-09-24,A,RFT,F,1.0,52OPS5,OPS,NRTHP,113,220,50,2024-09-24,2024-09-24,2024-09-24,,,,S,EG09,PG05,,Operations
102969,2024-09-24,2024-09-24,A,RFT,F,1.0,70MKT1,MKTG,ALPNC,111,240,30,2024-09-24,2024-09-24,2024-09-24,,,,H,EG04,PG03,100802.0,Operations
102969,2025-04-19,2025-04-19,T,RFT,F,1.0,70MKT1,MKTG,ALPNC,111,240,30,2024-09-24,2024-09-24,2024-09-24,2025-04-19,102,V,H,EG04,PG03,100802.0,Operations
102970,2024-09-25,2024-09-25,A,RPT,F,0.79,02ADM2,ADMIN,PRMRE,105,30,50,2024-09-25,2024-09-25,2024-09-25,,,,H,EG04,PG02,101914.0,Operations
102970,2025-07-23,2025-07-23,T,RPT,F,0.79,02ADM2,ADMIN,PRMRE,105,30,50,2024-09-25,2024-09-25,2024-09-25,2025-07-23,100,V,H,EG04,PG02,101914.0,Operations
102971,2024-09-25,2024-09-25,A,RPT,P,0.65,78ANL2,ANLYT,ALPNC,111,80,120,2024-09-25,2024-09-25,2024-09-25,,,,H,EG04,PG03,100773.0,Operations
102972,2024-09-26,2024-09-26,A,RFT,F,1.0,21ENG4,ENGR,ALPNC,102,20,80,2024-09-26,2024-09-26,2024-09-26,,,,S,EG06,PG03,,Operations
102973,2024-09-26,2024-09-26,A,RPT,P,0.69,32IT1,IT,ALPNC,124,50,40,2024-09-26,2024-09-26,2024-09-26,,,,H,EG03,PG03,101154.0,Operations
102974,2024-09-27,2024-09-27,A,RFT,F,1.0,62WHS3,WHSE,NRTHP,102,240,30,2024-09-27,2024-09-27,2024-09-27,,,,S,EG01,PG05,101786.0,Operations
102974,2024-10-19,2024-10-19,A,RFT,F,1.0,63WHS4,WHSE,NRTHP,102,240,30,2024-09-27,2024-09-27,2024-10-19,,,,S,EG10,PG05,101786.0,Operations
102975,2024-09-27,2024-09-27,A,RFT,F,1.0,44SAL4,SALES,ALPNC,104,50,120,2024-09-27,2024-09-27,2024-09-27,,,,S,EG09,PG03,,Operations
102975,2025-05-24,2025-05-24,T,RFT,F,1.0,44SAL4,SALES,ALPNC,104,50,120,2024-09-27,2024-09-27,2024-09-27,2025-05-24,101,V,S,EG09,PG03,,Operations
102976,2024-09-27,2024-09-27,A,RPT,P,0.6,49OPS2,OPS,WSTMF,107,40,80,2024-09-27,2024-09-27,2024-09-27,,,,S,EG05,PG03,101830.0,Operations
102976,2025-04-02,2025-04-02,A,RPT,P,0.6,50OPS3,OPS,WSTMF,107,40,80,2024-09-27,2024-09-27,2025-04-02,,,,S,EG06,PG03,101830.0,Operations
102976,2025-08-23,2025-08-23,T,RPT,P,0.6,50OPS3,OPS,WSTMF,107,40,80,2024-09-27,2024-09-27,2025-04-02,2025-08-23,202,V,S,EG06,PG03,101830.0,Operations
102977,2024-09-27,2024-09-27,A,RFT,F,1.0,77ANL1,ANLYT,NRTHP,101,70,30,2024-09-27,2024-09-27,2024-09-27,,,,H,EG04,PG05,102097.0,Operations
102978,2024-09-27,2024-09-27,A,RFT,F,1.0,18ENG1,ENGR,ALPNC,124,10,60,2024-09-27,2024-09-27,2024-09-27,,,,H,EG08,PG03,100895.0,Operations
102978,2026-01-25,2026-01-25,A,RFT,F,1.0,19ENG2,ENGR,ALPNC,124,10,60,2024-09-27,2024-09-27,2026-01-25,,,,H,EG01,PG03,100895.0,Operations
102979,2024-09-27,2024-09-27,A,RFT,F,1.0,77ANL1,ANLYT,WSTMF,105,20,40,2024-09-27,2024-09-27,2024-09-27,,,,H,EG04,PG03,102730.0,Operations
102980,2024-10-01,2024-10-01,A,RPT,P,0.68,81ANL5,ANLYT,WSTMF,100,120,50,2024-10-01,2024-10-01,2024-10-01,,,,S,EG01,PG03,,Operations
102981,2024-10-02,2024-10-02,A,RFT,F,1.0,20ENG3,ENGR,NRTHP,111,180,110,2024-10-02,2024-10-02,2024-10-02,,,,S,EG03,PG05,100076.0,Operations
102981,2025-07-27,2025-07-27,L,RFT,F,1.0,20ENG3,ENGR,NRTHP,111,180,110,2024-10-02,2024-10-02,2024-10-02,,,,S,EG03,PG05,100076.0,Operations
102981,2025-09-09,2025-09-09,A,RFT,F,1.0,20ENG3,ENGR,NRTHP,111,180,110,2024-10-02,2024-10-02,2024-10-02,,,,S,EG03,PG05,100076.0,Operations
102982,2024-10-04,2024-10-04,A,RFT,F,1.0,65TEC1,TECH,WSTMF,106,20,100,2024-10-04,2024-10-04,2024-10-04,,,,H,EG08,PG03,,Operations
102982,2025-04-08,2025-04-08,L,RFT,F,1.0,65TEC1,TECH,WSTMF,106,20,100,2024-10-04,2024-10-04,2024-10-04,,,,H,EG08,PG03,,Operations
102982,2025-07-18,2025-07-18,A,RFT,F,1.0,65TEC1,TECH,WSTMF,106,20,100,2024-10-04,2024-10-04,2024-10-04,,,,H,EG08,PG03,,Operations
102983,2024-10-04,2024-10-04,A,RFT,F,1.0,50OPS3,OPS,NRTHP,115,140,80,2024-10-04,2024-10-04,2024-10-04,,,,S,EG06,PG05,,Operations
102984,2024-10-07,2024-10-07,A,RFT,F,1.0,25HR1,HR,ALPNC,112,210,60,2024-10-07,2024-10-07,2024-10-07,,,,H,EG10,PG03,,Operations
102984,2025-11-17,2025-11-17,T,RFT,F,1.0,25HR1,HR,ALPNC,112,210,60,2024-10-07,2024-10-07,2024-10-07,2025-11-17,100,V,H,EG10,PG03,,Operations
102985,2024-10-07,2024-10-07,A,RPT,P,0.48,71MKT2,MKTG,WSTMF,108,220,40,2024-10-07,2024-10-07,2024-10-07,,,,H,EG10,PG03,101152.0,Operations
102985,2024-11-09,2024-11-09,A,RPT,P,0.48,19ENG2,ENGR,WSTMF,108,220,40,2024-10-07,2024-10-07,2024-11-09,,,,H,EG01,PG03,101152.0,Operations
102986,2024-10-11,2024-10-11,A,RFT,F,1.0,02ADM2,ADMIN,NRTHP,103,40,110,2024-10-11,2024-10-11,2024-10-11,,,,H,EG04,PG05,100952.0,Operations
102986,2025-07-02,2025-07-02,T,RFT,F,1.0,02ADM2,ADMIN,NRTHP,103,40,110,2024-10-11,2024-10-11,2024-10-11,2025-07-02,207,I,H,EG04,PG05,100952.0,Operations
102987,2024-10-14,2024-10-14,A,RFT,F,1.0,66TEC2,TECH,ALPNC,111,100,100,2024-10-14,2024-10-14,2024-10-14,,,,S,EG04,PG03,,Operations
102987,2025-10-02,2025-10-02,A,RFT,F,1.0,67TEC3,TECH,ALPNC,111,100,100,2024-10-14,2024-10-14,2025-10-02,,,,S,EG10,PG03,,Operations
102988,2024-10-14,2024-10-14,A,RFT,F,1.0,94LEG2,LEGAL,WSTMF,111,10,110,2024-10-14,2024-10-14,2024-10-14,,,,S,EG02,PG03,101010.0,Operations
102988,2025-10-10,2025-10-10,T,RFT,F,1.0,94LEG2,LEGAL,WSTMF,111,10,110,2024-10-14,2024-10-14,2024-10-14,2025-10-10,101,V,S,EG02,PG03,101010.0,Operations
102989,2024-10-14,2024-10-14,A,RFT,F,1.0,33IT2,IT,PRMRE,121,120,90,2024-10-14,2024-10-14,2024-10-14,,,,H,EG09,PG02,101473.0,Operations
102990,2024-10-15,2024-10-15,A,RFT,F,1.0,78ANL2,ANLYT,WSTMF,113,10,70,2024-10-15,2024-10-15,2024-10-15,,,,H,EG04,PG03,,Operations
102991,2024-10-16,2024-10-16,A,RFT,F,1.0,72MKT3,MKTG,WSTMF,108,200,90,2024-10-16,2024-10-16,2024-10-16,,,,S,EG09,PG03,,Operations
102992,2024-10-17,2024-10-17,A,RFT,F,1.0,89PRO2,PROJ,NRTHP,118,190,10,2024-10-17,2024-10-17,2024-10-17,,,,H,EG06,PG05,,Operations
102993,2024-10-18,2024-10-18,A,TAW,F,1.0,77ANL1,ANLYT,NRTHP,116,210,90,2024-10-18,2024-10-18,2024-10-18,,,,H,EG04,PG05,101706.0,Operations
102994,2024-10-23,2024-10-23,A,RFT,F,1.0,41SAL1,SALES,ALPNC,111,10,20,2024-10-23,2024-10-23,2024-10-23,,,,H,EG08,PG03,101010.0,Operations
102995,2024-10-23,2024-10-23,A,RFT,F,1.0,77ANL1,ANLYT,WSTMF,108,200,120,2024-10-23,2024-10-23,2024-10-23,,,,S,EG04,PG03,100563.0,Operations
102996,2024-10-24,2024-10-24,A,RFT,F,1.0,65TEC1,TECH,PRMRE,102,60,50,2024-10-24,2024-10-24,2024-10-24,,,,S,EG08,PG02,101520.0,Operations
102996,2025-04-17,2025-04-17,A,RFT,F,1.0,66TEC2,TECH,PRMRE,102,60,50,2024-10-24,2024-10-24,2025-04-17,,,,S,EG04,PG02,101520.0,Operations
102997,2024-10-24,2024-10-24,A,TFT,F,1.0,69TEC5,TECH,WSTMF,106,10,90,2024-10-24,2024-10-24,2024-10-24,,,,S,EG02,PG03,,Operations
102997,2025-01-06,2025-01-06,T,TFT,F,1.0,69TEC5,TECH,WSTMF,106,10,90,2024-10-24,2024-10-24,2024-10-24,2025-01-06,201,I,S,EG02,PG03,,Operations
102998,2024-10-25,2024-10-25,A,RFT,F,1.0,08ACC3,ACCTG,ALPNC,102,10,30,2024-10-25,2024-10-25,2024-10-25,,,,S,EG01,PG03,102485.0,Operations
102999,2024-10-28,2024-10-28,A,RFT,F,1.0,70MKT1,MKTG,NRTHP,121,40,120,2024-10-28,2024-10-28,2024-10-28,,,,H,EG04,PG05,102259.0,Operations
102999,2025-03-05,2025-03-05,A,RFT,F,1.0,48OPS1,OPS,NRTHP,121,40,120,2024-10-28,2024-10-28,2025-03-05,,,,H,EG03,PG05,102259.0,Operations
103000,2024-10-28,2024-10-28,A,RFT,F,1.0,77ANL1,ANLYT,WSTMF,113,30,40,2024-10-28,2024-10-28,2024-10-28,,,,H,EG04,PG03,,Operations
